backend,case_id,edit_id,iteration,policy,order,seed,edit_sha256,model_sha256,input_digest,compiler_identity_sha256,wall_ns,ready_ns,edit_ns,validation_ns,output_digest,correct,error
joggle,densenet-12,node-456-relu,0,rebuild,1,20260921,91ad24d45044e94dee9653a6fd5d6ac4b314358fa6aa013faa3c12814114a337,fc8ef1df17bd32ee4435ca0245be012a275f74e3859f304a11f7a2e7653c106d,13dd350c138f76a092df5ee5a11eab2e396a5492e089a3890f5dcc40559eed21,000ba20c8561d582a1fa4c779858c3965a92b4be76c5fa7f1c9a632fa501c3b9,56052182917,54081765208,38747708,1970417709,1b84aff22667761fbb6026becfcaa2ddccfc26f01eaddabca7e2c5dd9e27c8a5,true,
joggle,densenet-12,node-456-relu,0,update,0,20260921,91ad24d45044e94dee9653a6fd5d6ac4b314358fa6aa013faa3c12814114a337,fc8ef1df17bd32ee4435ca0245be012a275f74e3859f304a11f7a2e7653c106d,13dd350c138f76a092df5ee5a11eab2e396a5492e089a3890f5dcc40559eed21,000ba20c8561d582a1fa4c779858c3965a92b4be76c5fa7f1c9a632fa501c3b9,24173886375,22061981667,43500000,2111904708,1b84aff22667761fbb6026becfcaa2ddccfc26f01eaddabca7e2c5dd9e27c8a5,true,
joggle,densenet-12,node-456-relu,1,rebuild,1,20260921,91ad24d45044e94dee9653a6fd5d6ac4b314358fa6aa013faa3c12814114a337,fc8ef1df17bd32ee4435ca0245be012a275f74e3859f304a11f7a2e7653c106d,13dd350c138f76a092df5ee5a11eab2e396a5492e089a3890f5dcc40559eed21,000ba20c8561d582a1fa4c779858c3965a92b4be76c5fa7f1c9a632fa501c3b9,52051782958,50078929375,41320583,1972853583,1b84aff22667761fbb6026becfcaa2ddccfc26f01eaddabca7e2c5dd9e27c8a5,true,
joggle,densenet-12,node-456-relu,1,update,0,20260921,91ad24d45044e94dee9653a6fd5d6ac4b314358fa6aa013faa3c12814114a337,fc8ef1df17bd32ee4435ca0245be012a275f74e3859f304a11f7a2e7653c106d,13dd350c138f76a092df5ee5a11eab2e396a5492e089a3890f5dcc40559eed21,000ba20c8561d582a1fa4c779858c3965a92b4be76c5fa7f1c9a632fa501c3b9,22254625500,20286896042,40569875,1967729458,1b84aff22667761fbb6026becfcaa2ddccfc26f01eaddabca7e2c5dd9e27c8a5,true,
joggle,densenet-12,node-456-relu,2,rebuild,1,20260921,91ad24d45044e94dee9653a6fd5d6ac4b314358fa6aa013faa3c12814114a337,fc8ef1df17bd32ee4435ca0245be012a275f74e3859f304a11f7a2e7653c106d,13dd350c138f76a092df5ee5a11eab2e396a5492e089a3890f5dcc40559eed21,000ba20c8561d582a1fa4c779858c3965a92b4be76c5fa7f1c9a632fa501c3b9,52688975583,50686125208,37818667,2002850375,1b84aff22667761fbb6026becfcaa2ddccfc26f01eaddabca7e2c5dd9e27c8a5,true,
joggle,densenet-12,node-456-relu,2,update,0,20260921,91ad24d45044e94dee9653a6fd5d6ac4b314358fa6aa013faa3c12814114a337,fc8ef1df17bd32ee4435ca0245be012a275f74e3859f304a11f7a2e7653c106d,13dd350c138f76a092df5ee5a11eab2e396a5492e089a3890f5dcc40559eed21,000ba20c8561d582a1fa4c779858c3965a92b4be76c5fa7f1c9a632fa501c3b9,22784988708,20789765166,40239291,1995223542,1b84aff22667761fbb6026becfcaa2ddccfc26f01eaddabca7e2c5dd9e27c8a5,true,
joggle,densenet-12,node-456-relu,3,rebuild,0,20260921,91ad24d45044e94dee9653a6fd5d6ac4b314358fa6aa013faa3c12814114a337,fc8ef1df17bd32ee4435ca0245be012a275f74e3859f304a11f7a2e7653c106d,13dd350c138f76a092df5ee5a11eab2e396a5492e089a3890f5dcc40559eed21,000ba20c8561d582a1fa4c779858c3965a92b4be76c5fa7f1c9a632fa501c3b9,63322954917,61332833709,40850250,1990121208,1b84aff22667761fbb6026becfcaa2ddccfc26f01eaddabca7e2c5dd9e27c8a5,true,
joggle,densenet-12,node-456-relu,3,update,1,20260921,91ad24d45044e94dee9653a6fd5d6ac4b314358fa6aa013faa3c12814114a337,fc8ef1df17bd32ee4435ca0245be012a275f74e3859f304a11f7a2e7653c106d,13dd350c138f76a092df5ee5a11eab2e396a5492e089a3890f5dcc40559eed21,000ba20c8561d582a1fa4c779858c3965a92b4be76c5fa7f1c9a632fa501c3b9,22394512583,20359481500,48091417,2035031083,1b84aff22667761fbb6026becfcaa2ddccfc26f01eaddabca7e2c5dd9e27c8a5,true,
joggle,densenet-12,node-456-relu,4,rebuild,0,20260921,91ad24d45044e94dee9653a6fd5d6ac4b314358fa6aa013faa3c12814114a337,fc8ef1df17bd32ee4435ca0245be012a275f74e3859f304a11f7a2e7653c106d,13dd350c138f76a092df5ee5a11eab2e396a5492e089a3890f5dcc40559eed21,000ba20c8561d582a1fa4c779858c3965a92b4be76c5fa7f1c9a632fa501c3b9,51203137417,49232635750,40087417,1970501667,1b84aff22667761fbb6026becfcaa2ddccfc26f01eaddabca7e2c5dd9e27c8a5,true,
joggle,densenet-12,node-456-relu,4,update,1,20260921,91ad24d45044e94dee9653a6fd5d6ac4b314358fa6aa013faa3c12814114a337,fc8ef1df17bd32ee4435ca0245be012a275f74e3859f304a11f7a2e7653c106d,13dd350c138f76a092df5ee5a11eab2e396a5492e089a3890f5dcc40559eed21,000ba20c8561d582a1fa4c779858c3965a92b4be76c5fa7f1c9a632fa501c3b9,22154982334,20173737500,37389084,1981244834,1b84aff22667761fbb6026becfcaa2ddccfc26f01eaddabca7e2c5dd9e27c8a5,true,
joggle,densenet-12,node-456-relu,5,rebuild,1,20260921,91ad24d45044e94dee9653a6fd5d6ac4b314358fa6aa013faa3c12814114a337,fc8ef1df17bd32ee4435ca0245be012a275f74e3859f304a11f7a2e7653c106d,13dd350c138f76a092df5ee5a11eab2e396a5492e089a3890f5dcc40559eed21,000ba20c8561d582a1fa4c779858c3965a92b4be76c5fa7f1c9a632fa501c3b9,50812450375,48840992458,39123666,1971457917,1b84aff22667761fbb6026becfcaa2ddccfc26f01eaddabca7e2c5dd9e27c8a5,true,
joggle,densenet-12,node-456-relu,5,update,0,20260921,91ad24d45044e94dee9653a6fd5d6ac4b314358fa6aa013faa3c12814114a337,fc8ef1df17bd32ee4435ca0245be012a275f74e3859f304a11f7a2e7653c106d,13dd350c138f76a092df5ee5a11eab2e396a5492e089a3890f5dcc40559eed21,000ba20c8561d582a1fa4c779858c3965a92b4be76c5fa7f1c9a632fa501c3b9,21868055833,19900120042,41487708,1967935791,1b84aff22667761fbb6026becfcaa2ddccfc26f01eaddabca7e2c5dd9e27c8a5,true,
joggle,densenet-12,node-456-relu,6,rebuild,1,20260921,91ad24d45044e94dee9653a6fd5d6ac4b314358fa6aa013faa3c12814114a337,fc8ef1df17bd32ee4435ca0245be012a275f74e3859f304a11f7a2e7653c106d,13dd350c138f76a092df5ee5a11eab2e396a5492e089a3890f5dcc40559eed21,000ba20c8561d582a1fa4c779858c3965a92b4be76c5fa7f1c9a632fa501c3b9,58717656334,56713866584,40087209,2003789750,1b84aff22667761fbb6026becfcaa2ddccfc26f01eaddabca7e2c5dd9e27c8a5,true,
joggle,densenet-12,node-456-relu,6,update,0,20260921,91ad24d45044e94dee9653a6fd5d6ac4b314358fa6aa013faa3c12814114a337,fc8ef1df17bd32ee4435ca0245be012a275f74e3859f304a11f7a2e7653c106d,13dd350c138f76a092df5ee5a11eab2e396a5492e089a3890f5dcc40559eed21,000ba20c8561d582a1fa4c779858c3965a92b4be76c5fa7f1c9a632fa501c3b9,25614858791,23323024958,42564541,2291833833,1b84aff22667761fbb6026becfcaa2ddccfc26f01eaddabca7e2c5dd9e27c8a5,true,
joggle,densenet-12,node-456-relu,7,rebuild,1,20260921,91ad24d45044e94dee9653a6fd5d6ac4b314358fa6aa013faa3c12814114a337,fc8ef1df17bd32ee4435ca0245be012a275f74e3859f304a11f7a2e7653c106d,13dd350c138f76a092df5ee5a11eab2e396a5492e089a3890f5dcc40559eed21,000ba20c8561d582a1fa4c779858c3965a92b4be76c5fa7f1c9a632fa501c3b9,53167489709,51183070709,41365459,1984419000,1b84aff22667761fbb6026becfcaa2ddccfc26f01eaddabca7e2c5dd9e27c8a5,true,
joggle,densenet-12,node-456-relu,7,update,0,20260921,91ad24d45044e94dee9653a6fd5d6ac4b314358fa6aa013faa3c12814114a337,fc8ef1df17bd32ee4435ca0245be012a275f74e3859f304a11f7a2e7653c106d,13dd350c138f76a092df5ee5a11eab2e396a5492e089a3890f5dcc40559eed21,000ba20c8561d582a1fa4c779858c3965a92b4be76c5fa7f1c9a632fa501c3b9,22303215417,20322442958,37542542,1980772459,1b84aff22667761fbb6026becfcaa2ddccfc26f01eaddabca7e2c5dd9e27c8a5,true,
joggle,densenet-12,node-456-relu,8,rebuild,0,20260921,91ad24d45044e94dee9653a6fd5d6ac4b314358fa6aa013faa3c12814114a337,fc8ef1df17bd32ee4435ca0245be012a275f74e3859f304a11f7a2e7653c106d,13dd350c138f76a092df5ee5a11eab2e396a5492e089a3890f5dcc40559eed21,000ba20c8561d582a1fa4c779858c3965a92b4be76c5fa7f1c9a632fa501c3b9,54570656125,52570535250,44264792,2000120875,1b84aff22667761fbb6026becfcaa2ddccfc26f01eaddabca7e2c5dd9e27c8a5,true,
joggle,densenet-12,node-456-relu,8,update,1,20260921,91ad24d45044e94dee9653a6fd5d6ac4b314358fa6aa013faa3c12814114a337,fc8ef1df17bd32ee4435ca0245be012a275f74e3859f304a11f7a2e7653c106d,13dd350c138f76a092df5ee5a11eab2e396a5492e089a3890f5dcc40559eed21,000ba20c8561d582a1fa4c779858c3965a92b4be76c5fa7f1c9a632fa501c3b9,22811440000,20845314375,38606750,1966125625,1b84aff22667761fbb6026becfcaa2ddccfc26f01eaddabca7e2c5dd9e27c8a5,true,
joggle,densenet-12,node-456-relu,9,rebuild,1,20260921,91ad24d45044e94dee9653a6fd5d6ac4b314358fa6aa013faa3c12814114a337,fc8ef1df17bd32ee4435ca0245be012a275f74e3859f304a11f7a2e7653c106d,13dd350c138f76a092df5ee5a11eab2e396a5492e089a3890f5dcc40559eed21,000ba20c8561d582a1fa4c779858c3965a92b4be76c5fa7f1c9a632fa501c3b9,53434290625,51432181667,42691042,2002108958,1b84aff22667761fbb6026becfcaa2ddccfc26f01eaddabca7e2c5dd9e27c8a5,true,
joggle,densenet-12,node-456-relu,9,update,0,20260921,91ad24d45044e94dee9653a6fd5d6ac4b314358fa6aa013faa3c12814114a337,fc8ef1df17bd32ee4435ca0245be012a275f74e3859f304a11f7a2e7653c106d,13dd350c138f76a092df5ee5a11eab2e396a5492e089a3890f5dcc40559eed21,000ba20c8561d582a1fa4c779858c3965a92b4be76c5fa7f1c9a632fa501c3b9,22636792333,20662469042,39400375,1974323291,1b84aff22667761fbb6026becfcaa2ddccfc26f01eaddabca7e2c5dd9e27c8a5,true,
onnx-mlir,densenet-12,node-456-relu,0,rebuild,1,20260921,91ad24d45044e94dee9653a6fd5d6ac4b314358fa6aa013faa3c12814114a337,fc8ef1df17bd32ee4435ca0245be012a275f74e3859f304a11f7a2e7653c106d,13dd350c138f76a092df5ee5a11eab2e396a5492e089a3890f5dcc40559eed21,9e9e2956405144d8e9553bdabc1b3028bd22db763ddc8f71fab3a485578734b6,11527599875,10728131500,39060917,799468375,6fc73a20762dc75b66ec6103a89acccc2a2c14728e1f5ce40e57c781f0a96000,true,
onnx-mlir,densenet-12,node-456-relu,0,update,0,20260921,91ad24d45044e94dee9653a6fd5d6ac4b314358fa6aa013faa3c12814114a337,fc8ef1df17bd32ee4435ca0245be012a275f74e3859f304a11f7a2e7653c106d,13dd350c138f76a092df5ee5a11eab2e396a5492e089a3890f5dcc40559eed21,9e9e2956405144d8e9553bdabc1b3028bd22db763ddc8f71fab3a485578734b6,11567199666,10761316416,40672541,805883250,6fc73a20762dc75b66ec6103a89acccc2a2c14728e1f5ce40e57c781f0a96000,true,
onnx-mlir,densenet-12,node-456-relu,1,rebuild,1,20260921,91ad24d45044e94dee9653a6fd5d6ac4b314358fa6aa013faa3c12814114a337,fc8ef1df17bd32ee4435ca0245be012a275f74e3859f304a11f7a2e7653c106d,13dd350c138f76a092df5ee5a11eab2e396a5492e089a3890f5dcc40559eed21,9e9e2956405144d8e9553bdabc1b3028bd22db763ddc8f71fab3a485578734b6,11597064875,10791950166,40832166,805114709,6fc73a20762dc75b66ec6103a89acccc2a2c14728e1f5ce40e57c781f0a96000,true,
onnx-mlir,densenet-12,node-456-relu,1,update,0,20260921,91ad24d45044e94dee9653a6fd5d6ac4b314358fa6aa013faa3c12814114a337,fc8ef1df17bd32ee4435ca0245be012a275f74e3859f304a11f7a2e7653c106d,13dd350c138f76a092df5ee5a11eab2e396a5492e089a3890f5dcc40559eed21,9e9e2956405144d8e9553bdabc1b3028bd22db763ddc8f71fab3a485578734b6,11567697875,10758526666,41099833,809171209,6fc73a20762dc75b66ec6103a89acccc2a2c14728e1f5ce40e57c781f0a96000,true,
onnx-mlir,densenet-12,node-456-relu,2,rebuild,1,20260921,91ad24d45044e94dee9653a6fd5d6ac4b314358fa6aa013faa3c12814114a337,fc8ef1df17bd32ee4435ca0245be012a275f74e3859f304a11f7a2e7653c106d,13dd350c138f76a092df5ee5a11eab2e396a5492e089a3890f5dcc40559eed21,9e9e2956405144d8e9553bdabc1b3028bd22db763ddc8f71fab3a485578734b6,11470118375,10661638667,42156792,808479708,6fc73a20762dc75b66ec6103a89acccc2a2c14728e1f5ce40e57c781f0a96000,true,
onnx-mlir,densenet-12,node-456-relu,2,update,0,20260921,91ad24d45044e94dee9653a6fd5d6ac4b314358fa6aa013faa3c12814114a337,fc8ef1df17bd32ee4435ca0245be012a275f74e3859f304a11f7a2e7653c106d,13dd350c138f76a092df5ee5a11eab2e396a5492e089a3890f5dcc40559eed21,9e9e2956405144d8e9553bdabc1b3028bd22db763ddc8f71fab3a485578734b6,11722629417,10911271042,39578709,811358375,6fc73a20762dc75b66ec6103a89acccc2a2c14728e1f5ce40e57c781f0a96000,true,
onnx-mlir,densenet-12,node-456-relu,3,rebuild,0,20260921,91ad24d45044e94dee9653a6fd5d6ac4b314358fa6aa013faa3c12814114a337,fc8ef1df17bd32ee4435ca0245be012a275f74e3859f304a11f7a2e7653c106d,13dd350c138f76a092df5ee5a11eab2e396a5492e089a3890f5dcc40559eed21,9e9e2956405144d8e9553bdabc1b3028bd22db763ddc8f71fab3a485578734b6,11342489333,10538566333,41917833,803923000,6fc73a20762dc75b66ec6103a89acccc2a2c14728e1f5ce40e57c781f0a96000,true,
onnx-mlir,densenet-12,node-456-relu,3,update,1,20260921,91ad24d45044e94dee9653a6fd5d6ac4b314358fa6aa013faa3c12814114a337,fc8ef1df17bd32ee4435ca0245be012a275f74e3859f304a11f7a2e7653c106d,13dd350c138f76a092df5ee5a11eab2e396a5492e089a3890f5dcc40559eed21,9e9e2956405144d8e9553bdabc1b3028bd22db763ddc8f71fab3a485578734b6,11440417833,10625610000,37753375,814807833,6fc73a20762dc75b66ec6103a89acccc2a2c14728e1f5ce40e57c781f0a96000,true,
onnx-mlir,densenet-12,node-456-relu,4,rebuild,0,20260921,91ad24d45044e94dee9653a6fd5d6ac4b314358fa6aa013faa3c12814114a337,fc8ef1df17bd32ee4435ca0245be012a275f74e3859f304a11f7a2e7653c106d,13dd350c138f76a092df5ee5a11eab2e396a5492e089a3890f5dcc40559eed21,9e9e2956405144d8e9553bdabc1b3028bd22db763ddc8f71fab3a485578734b6,11957866209,11144054375,39579625,813811834,6fc73a20762dc75b66ec6103a89acccc2a2c14728e1f5ce40e57c781f0a96000,true,
onnx-mlir,densenet-12,node-456-relu,4,update,1,20260921,91ad24d45044e94dee9653a6fd5d6ac4b314358fa6aa013faa3c12814114a337,fc8ef1df17bd32ee4435ca0245be012a275f74e3859f304a11f7a2e7653c106d,13dd350c138f76a092df5ee5a11eab2e396a5492e089a3890f5dcc40559eed21,9e9e2956405144d8e9553bdabc1b3028bd22db763ddc8f71fab3a485578734b6,11549526667,10721976375,44690500,827550292,6fc73a20762dc75b66ec6103a89acccc2a2c14728e1f5ce40e57c781f0a96000,true,
onnx-mlir,densenet-12,node-456-relu,5,rebuild,1,20260921,91ad24d45044e94dee9653a6fd5d6ac4b314358fa6aa013faa3c12814114a337,fc8ef1df17bd32ee4435ca0245be012a275f74e3859f304a11f7a2e7653c106d,13dd350c138f76a092df5ee5a11eab2e396a5492e089a3890f5dcc40559eed21,9e9e2956405144d8e9553bdabc1b3028bd22db763ddc8f71fab3a485578734b6,11634989292,10827744250,41358250,807245042,6fc73a20762dc75b66ec6103a89acccc2a2c14728e1f5ce40e57c781f0a96000,true,
onnx-mlir,densenet-12,node-456-relu,5,update,0,20260921,91ad24d45044e94dee9653a6fd5d6ac4b314358fa6aa013faa3c12814114a337,fc8ef1df17bd32ee4435ca0245be012a275f74e3859f304a11f7a2e7653c106d,13dd350c138f76a092df5ee5a11eab2e396a5492e089a3890f5dcc40559eed21,9e9e2956405144d8e9553bdabc1b3028bd22db763ddc8f71fab3a485578734b6,11488728667,10683364875,40156959,805363792,6fc73a20762dc75b66ec6103a89acccc2a2c14728e1f5ce40e57c781f0a96000,true,
onnx-mlir,densenet-12,node-456-relu,6,rebuild,1,20260921,91ad24d45044e94dee9653a6fd5d6ac4b314358fa6aa013faa3c12814114a337,fc8ef1df17bd32ee4435ca0245be012a275f74e3859f304a11f7a2e7653c106d,13dd350c138f76a092df5ee5a11eab2e396a5492e089a3890f5dcc40559eed21,9e9e2956405144d8e9553bdabc1b3028bd22db763ddc8f71fab3a485578734b6,11665098250,10854778917,40326417,810319333,6fc73a20762dc75b66ec6103a89acccc2a2c14728e1f5ce40e57c781f0a96000,true,
onnx-mlir,densenet-12,node-456-relu,6,update,0,20260921,91ad24d45044e94dee9653a6fd5d6ac4b314358fa6aa013faa3c12814114a337,fc8ef1df17bd32ee4435ca0245be012a275f74e3859f304a11f7a2e7653c106d,13dd350c138f76a092df5ee5a11eab2e396a5492e089a3890f5dcc40559eed21,9e9e2956405144d8e9553bdabc1b3028bd22db763ddc8f71fab3a485578734b6,11442851333,10634518917,43372833,808332416,6fc73a20762dc75b66ec6103a89acccc2a2c14728e1f5ce40e57c781f0a96000,true,
onnx-mlir,densenet-12,node-456-relu,7,rebuild,1,20260921,91ad24d45044e94dee9653a6fd5d6ac4b314358fa6aa013faa3c12814114a337,fc8ef1df17bd32ee4435ca0245be012a275f74e3859f304a11f7a2e7653c106d,13dd350c138f76a092df5ee5a11eab2e396a5492e089a3890f5dcc40559eed21,9e9e2956405144d8e9553bdabc1b3028bd22db763ddc8f71fab3a485578734b6,11623259417,10814226708,39697958,809032709,6fc73a20762dc75b66ec6103a89acccc2a2c14728e1f5ce40e57c781f0a96000,true,
onnx-mlir,densenet-12,node-456-relu,7,update,0,20260921,91ad24d45044e94dee9653a6fd5d6ac4b314358fa6aa013faa3c12814114a337,fc8ef1df17bd32ee4435ca0245be012a275f74e3859f304a11f7a2e7653c106d,13dd350c138f76a092df5ee5a11eab2e396a5492e089a3890f5dcc40559eed21,9e9e2956405144d8e9553bdabc1b3028bd22db763ddc8f71fab3a485578734b6,11486323083,10679860792,39102708,806462291,6fc73a20762dc75b66ec6103a89acccc2a2c14728e1f5ce40e57c781f0a96000,true,
onnx-mlir,densenet-12,node-456-relu,8,rebuild,0,20260921,91ad24d45044e94dee9653a6fd5d6ac4b314358fa6aa013faa3c12814114a337,fc8ef1df17bd32ee4435ca0245be012a275f74e3859f304a11f7a2e7653c106d,13dd350c138f76a092df5ee5a11eab2e396a5492e089a3890f5dcc40559eed21,9e9e2956405144d8e9553bdabc1b3028bd22db763ddc8f71fab3a485578734b6,11578119834,10768992250,40594375,809127584,6fc73a20762dc75b66ec6103a89acccc2a2c14728e1f5ce40e57c781f0a96000,true,
onnx-mlir,densenet-12,node-456-relu,8,update,1,20260921,91ad24d45044e94dee9653a6fd5d6ac4b314358fa6aa013faa3c12814114a337,fc8ef1df17bd32ee4435ca0245be012a275f74e3859f304a11f7a2e7653c106d,13dd350c138f76a092df5ee5a11eab2e396a5492e089a3890f5dcc40559eed21,9e9e2956405144d8e9553bdabc1b3028bd22db763ddc8f71fab3a485578734b6,11416417292,10599767292,39983958,816650000,6fc73a20762dc75b66ec6103a89acccc2a2c14728e1f5ce40e57c781f0a96000,true,
onnx-mlir,densenet-12,node-456-relu,9,rebuild,1,20260921,91ad24d45044e94dee9653a6fd5d6ac4b314358fa6aa013faa3c12814114a337,fc8ef1df17bd32ee4435ca0245be012a275f74e3859f304a11f7a2e7653c106d,13dd350c138f76a092df5ee5a11eab2e396a5492e089a3890f5dcc40559eed21,9e9e2956405144d8e9553bdabc1b3028bd22db763ddc8f71fab3a485578734b6,11699343791,10894909833,38632541,804433958,6fc73a20762dc75b66ec6103a89acccc2a2c14728e1f5ce40e57c781f0a96000,true,
onnx-mlir,densenet-12,node-456-relu,9,update,0,20260921,91ad24d45044e94dee9653a6fd5d6ac4b314358fa6aa013faa3c12814114a337,fc8ef1df17bd32ee4435ca0245be012a275f74e3859f304a11f7a2e7653c106d,13dd350c138f76a092df5ee5a11eab2e396a5492e089a3890f5dcc40559eed21,9e9e2956405144d8e9553bdabc1b3028bd22db763ddc8f71fab3a485578734b6,11618225208,10805705708,43140291,812519500,6fc73a20762dc75b66ec6103a89acccc2a2c14728e1f5ce40e57c781f0a96000,true,
tvm,densenet-12,node-456-relu,0,rebuild,1,20260921,91ad24d45044e94dee9653a6fd5d6ac4b314358fa6aa013faa3c12814114a337,fc8ef1df17bd32ee4435ca0245be012a275f74e3859f304a11f7a2e7653c106d,13dd350c138f76a092df5ee5a11eab2e396a5492e089a3890f5dcc40559eed21,7e035a3d642ed6af2486f52330d21246afdf548b1419fd96427207e1cacba0f7,12103996458,10292186500,43136250,1811809958,6f32467fcfb2b70674f090c5211f933b4dbf08131167db382e76e62ee59819cd,true,
tvm,densenet-12,node-456-relu,0,update,0,20260921,91ad24d45044e94dee9653a6fd5d6ac4b314358fa6aa013faa3c12814114a337,fc8ef1df17bd32ee4435ca0245be012a275f74e3859f304a11f7a2e7653c106d,13dd350c138f76a092df5ee5a11eab2e396a5492e089a3890f5dcc40559eed21,7e035a3d642ed6af2486f52330d21246afdf548b1419fd96427207e1cacba0f7,12567436000,10755197416,45623208,1812238584,6f32467fcfb2b70674f090c5211f933b4dbf08131167db382e76e62ee59819cd,true,
tvm,densenet-12,node-456-relu,1,rebuild,1,20260921,91ad24d45044e94dee9653a6fd5d6ac4b314358fa6aa013faa3c12814114a337,fc8ef1df17bd32ee4435ca0245be012a275f74e3859f304a11f7a2e7653c106d,13dd350c138f76a092df5ee5a11eab2e396a5492e089a3890f5dcc40559eed21,7e035a3d642ed6af2486f52330d21246afdf548b1419fd96427207e1cacba0f7,12086375458,10274268375,39254958,1812107083,6f32467fcfb2b70674f090c5211f933b4dbf08131167db382e76e62ee59819cd,true,
tvm,densenet-12,node-456-relu,1,update,0,20260921,91ad24d45044e94dee9653a6fd5d6ac4b314358fa6aa013faa3c12814114a337,fc8ef1df17bd32ee4435ca0245be012a275f74e3859f304a11f7a2e7653c106d,13dd350c138f76a092df5ee5a11eab2e396a5492e089a3890f5dcc40559eed21,7e035a3d642ed6af2486f52330d21246afdf548b1419fd96427207e1cacba0f7,12347852417,10534444000,41999083,1813408417,6f32467fcfb2b70674f090c5211f933b4dbf08131167db382e76e62ee59819cd,true,
tvm,densenet-12,node-456-relu,2,rebuild,1,20260921,91ad24d45044e94dee9653a6fd5d6ac4b314358fa6aa013faa3c12814114a337,fc8ef1df17bd32ee4435ca0245be012a275f74e3859f304a11f7a2e7653c106d,13dd350c138f76a092df5ee5a11eab2e396a5492e089a3890f5dcc40559eed21,7e035a3d642ed6af2486f52330d21246afdf548b1419fd96427207e1cacba0f7,12388350208,10570609083,40479708,1817741125,6f32467fcfb2b70674f090c5211f933b4dbf08131167db382e76e62ee59819cd,true,
tvm,densenet-12,node-456-relu,2,update,0,20260921,91ad24d45044e94dee9653a6fd5d6ac4b314358fa6aa013faa3c12814114a337,fc8ef1df17bd32ee4435ca0245be012a275f74e3859f304a11f7a2e7653c106d,13dd350c138f76a092df5ee5a11eab2e396a5492e089a3890f5dcc40559eed21,7e035a3d642ed6af2486f52330d21246afdf548b1419fd96427207e1cacba0f7,12727517208,10901525875,45415333,1825991333,6f32467fcfb2b70674f090c5211f933b4dbf08131167db382e76e62ee59819cd,true,
tvm,densenet-12,node-456-relu,3,rebuild,0,20260921,91ad24d45044e94dee9653a6fd5d6ac4b314358fa6aa013faa3c12814114a337,fc8ef1df17bd32ee4435ca0245be012a275f74e3859f304a11f7a2e7653c106d,13dd350c138f76a092df5ee5a11eab2e396a5492e089a3890f5dcc40559eed21,7e035a3d642ed6af2486f52330d21246afdf548b1419fd96427207e1cacba0f7,12053707083,10239367416,41195958,1814339667,6f32467fcfb2b70674f090c5211f933b4dbf08131167db382e76e62ee59819cd,true,
tvm,densenet-12,node-456-relu,3,update,1,20260921,91ad24d45044e94dee9653a6fd5d6ac4b314358fa6aa013faa3c12814114a337,fc8ef1df17bd32ee4435ca0245be012a275f74e3859f304a11f7a2e7653c106d,13dd350c138f76a092df5ee5a11eab2e396a5492e089a3890f5dcc40559eed21,7e035a3d642ed6af2486f52330d21246afdf548b1419fd96427207e1cacba0f7,12296900625,10487403875,43861000,1809496750,6f32467fcfb2b70674f090c5211f933b4dbf08131167db382e76e62ee59819cd,true,
tvm,densenet-12,node-456-relu,4,rebuild,0,20260921,91ad24d45044e94dee9653a6fd5d6ac4b314358fa6aa013faa3c12814114a337,fc8ef1df17bd32ee4435ca0245be012a275f74e3859f304a11f7a2e7653c106d,13dd350c138f76a092df5ee5a11eab2e396a5492e089a3890f5dcc40559eed21,7e035a3d642ed6af2486f52330d21246afdf548b1419fd96427207e1cacba0f7,12354070750,10542537250,38726833,1811533500,6f32467fcfb2b70674f090c5211f933b4dbf08131167db382e76e62ee59819cd,true,
tvm,densenet-12,node-456-relu,4,update,1,20260921,91ad24d45044e94dee9653a6fd5d6ac4b314358fa6aa013faa3c12814114a337,fc8ef1df17bd32ee4435ca0245be012a275f74e3859f304a11f7a2e7653c106d,13dd350c138f76a092df5ee5a11eab2e396a5492e089a3890f5dcc40559eed21,7e035a3d642ed6af2486f52330d21246afdf548b1419fd96427207e1cacba0f7,12343310750,10490219459,46323084,1853091291,6f32467fcfb2b70674f090c5211f933b4dbf08131167db382e76e62ee59819cd,true,
tvm,densenet-12,node-456-relu,5,rebuild,1,20260921,91ad24d45044e94dee9653a6fd5d6ac4b314358fa6aa013faa3c12814114a337,fc8ef1df17bd32ee4435ca0245be012a275f74e3859f304a11f7a2e7653c106d,13dd350c138f76a092df5ee5a11eab2e396a5492e089a3890f5dcc40559eed21,7e035a3d642ed6af2486f52330d21246afdf548b1419fd96427207e1cacba0f7,12108900041,10298361166,40755166,1810538875,6f32467fcfb2b70674f090c5211f933b4dbf08131167db382e76e62ee59819cd,true,
tvm,densenet-12,node-456-relu,5,update,0,20260921,91ad24d45044e94dee9653a6fd5d6ac4b314358fa6aa013faa3c12814114a337,fc8ef1df17bd32ee4435ca0245be012a275f74e3859f304a11f7a2e7653c106d,13dd350c138f76a092df5ee5a11eab2e396a5492e089a3890f5dcc40559eed21,7e035a3d642ed6af2486f52330d21246afdf548b1419fd96427207e1cacba0f7,12192396667,10378686875,49366375,1813709792,6f32467fcfb2b70674f090c5211f933b4dbf08131167db382e76e62ee59819cd,true,
tvm,densenet-12,node-456-relu,6,rebuild,1,20260921,91ad24d45044e94dee9653a6fd5d6ac4b314358fa6aa013faa3c12814114a337,fc8ef1df17bd32ee4435ca0245be012a275f74e3859f304a11f7a2e7653c106d,13dd350c138f76a092df5ee5a11eab2e396a5492e089a3890f5dcc40559eed21,7e035a3d642ed6af2486f52330d21246afdf548b1419fd96427207e1cacba0f7,12066761084,10256283542,46142125,1810477542,6f32467fcfb2b70674f090c5211f933b4dbf08131167db382e76e62ee59819cd,true,
tvm,densenet-12,node-456-relu,6,update,0,20260921,91ad24d45044e94dee9653a6fd5d6ac4b314358fa6aa013faa3c12814114a337,fc8ef1df17bd32ee4435ca0245be012a275f74e3859f304a11f7a2e7653c106d,13dd350c138f76a092df5ee5a11eab2e396a5492e089a3890f5dcc40559eed21,7e035a3d642ed6af2486f52330d21246afdf548b1419fd96427207e1cacba0f7,12344507042,10528199417,41430708,1816307625,6f32467fcfb2b70674f090c5211f933b4dbf08131167db382e76e62ee59819cd,true,
tvm,densenet-12,node-456-relu,7,rebuild,1,20260921,91ad24d45044e94dee9653a6fd5d6ac4b314358fa6aa013faa3c12814114a337,fc8ef1df17bd32ee4435ca0245be012a275f74e3859f304a11f7a2e7653c106d,13dd350c138f76a092df5ee5a11eab2e396a5492e089a3890f5dcc40559eed21,7e035a3d642ed6af2486f52330d21246afdf548b1419fd96427207e1cacba0f7,12344930916,10520987041,42157708,1823943875,6f32467fcfb2b70674f090c5211f933b4dbf08131167db382e76e62ee59819cd,true,
tvm,densenet-12,node-456-relu,7,update,0,20260921,91ad24d45044e94dee9653a6fd5d6ac4b314358fa6aa013faa3c12814114a337,fc8ef1df17bd32ee4435ca0245be012a275f74e3859f304a11f7a2e7653c106d,13dd350c138f76a092df5ee5a11eab2e396a5492e089a3890f5dcc40559eed21,7e035a3d642ed6af2486f52330d21246afdf548b1419fd96427207e1cacba0f7,12577899167,10757679000,42506792,1820220167,6f32467fcfb2b70674f090c5211f933b4dbf08131167db382e76e62ee59819cd,true,
tvm,densenet-12,node-456-relu,8,rebuild,0,20260921,91ad24d45044e94dee9653a6fd5d6ac4b314358fa6aa013faa3c12814114a337,fc8ef1df17bd32ee4435ca0245be012a275f74e3859f304a11f7a2e7653c106d,13dd350c138f76a092df5ee5a11eab2e396a5492e089a3890f5dcc40559eed21,7e035a3d642ed6af2486f52330d21246afdf548b1419fd96427207e1cacba0f7,12270217916,10460404541,40535083,1809813375,6f32467fcfb2b70674f090c5211f933b4dbf08131167db382e76e62ee59819cd,true,
tvm,densenet-12,node-456-relu,8,update,1,20260921,91ad24d45044e94dee9653a6fd5d6ac4b314358fa6aa013faa3c12814114a337,fc8ef1df17bd32ee4435ca0245be012a275f74e3859f304a11f7a2e7653c106d,13dd350c138f76a092df5ee5a11eab2e396a5492e089a3890f5dcc40559eed21,7e035a3d642ed6af2486f52330d21246afdf548b1419fd96427207e1cacba0f7,12248110458,10430904208,41006458,1817206250,6f32467fcfb2b70674f090c5211f933b4dbf08131167db382e76e62ee59819cd,true,
tvm,densenet-12,node-456-relu,9,rebuild,1,20260921,91ad24d45044e94dee9653a6fd5d6ac4b314358fa6aa013faa3c12814114a337,fc8ef1df17bd32ee4435ca0245be012a275f74e3859f304a11f7a2e7653c106d,13dd350c138f76a092df5ee5a11eab2e396a5492e089a3890f5dcc40559eed21,7e035a3d642ed6af2486f52330d21246afdf548b1419fd96427207e1cacba0f7,12432809250,10615395792,38408250,1817413458,6f32467fcfb2b70674f090c5211f933b4dbf08131167db382e76e62ee59819cd,true,
tvm,densenet-12,node-456-relu,9,update,0,20260921,91ad24d45044e94dee9653a6fd5d6ac4b314358fa6aa013faa3c12814114a337,fc8ef1df17bd32ee4435ca0245be012a275f74e3859f304a11f7a2e7653c106d,13dd350c138f76a092df5ee5a11eab2e396a5492e089a3890f5dcc40559eed21,7e035a3d642ed6af2486f52330d21246afdf548b1419fd96427207e1cacba0f7,12393046875,10574232834,44155084,1818814041,6f32467fcfb2b70674f090c5211f933b4dbf08131167db382e76e62ee59819cd,true,
joggle,densenet-12,node-5-add,0,rebuild,0,20260921,b2d42fe25f842c31585b6d205955b687fd519b33d8afe211ed57bb1f4082cc48,32a915ac32c0cd7744ee4eea65a5035e9dbf0b09b63e47d30b1cec4b5f6b1ecf,13dd350c138f76a092df5ee5a11eab2e396a5492e089a3890f5dcc40559eed21,000ba20c8561d582a1fa4c779858c3965a92b4be76c5fa7f1c9a632fa501c3b9,53463191458,51476466083,41733916,1986725375,13945de64dd27a14ff694aa1ffd7a91dc52ee0b8c25f22cedab3589e71012a76,true,
joggle,densenet-12,node-5-add,0,update,1,20260921,b2d42fe25f842c31585b6d205955b687fd519b33d8afe211ed57bb1f4082cc48,32a915ac32c0cd7744ee4eea65a5035e9dbf0b09b63e47d30b1cec4b5f6b1ecf,13dd350c138f76a092df5ee5a11eab2e396a5492e089a3890f5dcc40559eed21,000ba20c8561d582a1fa4c779858c3965a92b4be76c5fa7f1c9a632fa501c3b9,22691121791,20705278333,41932000,1985843458,13945de64dd27a14ff694aa1ffd7a91dc52ee0b8c25f22cedab3589e71012a76,true,
joggle,densenet-12,node-5-add,1,rebuild,0,20260921,b2d42fe25f842c31585b6d205955b687fd519b33d8afe211ed57bb1f4082cc48,32a915ac32c0cd7744ee4eea65a5035e9dbf0b09b63e47d30b1cec4b5f6b1ecf,13dd350c138f76a092df5ee5a11eab2e396a5492e089a3890f5dcc40559eed21,000ba20c8561d582a1fa4c779858c3965a92b4be76c5fa7f1c9a632fa501c3b9,53091579375,51125692958,43632250,1965886417,13945de64dd27a14ff694aa1ffd7a91dc52ee0b8c25f22cedab3589e71012a76,true,
joggle,densenet-12,node-5-add,1,update,1,20260921,b2d42fe25f842c31585b6d205955b687fd519b33d8afe211ed57bb1f4082cc48,32a915ac32c0cd7744ee4eea65a5035e9dbf0b09b63e47d30b1cec4b5f6b1ecf,13dd350c138f76a092df5ee5a11eab2e396a5492e089a3890f5dcc40559eed21,000ba20c8561d582a1fa4c779858c3965a92b4be76c5fa7f1c9a632fa501c3b9,22537518916,20556518708,43041291,1981000208,13945de64dd27a14ff694aa1ffd7a91dc52ee0b8c25f22cedab3589e71012a76,true,
joggle,densenet-12,node-5-add,2,rebuild,0,20260921,b2d42fe25f842c31585b6d205955b687fd519b33d8afe211ed57bb1f4082cc48,32a915ac32c0cd7744ee4eea65a5035e9dbf0b09b63e47d30b1cec4b5f6b1ecf,13dd350c138f76a092df5ee5a11eab2e396a5492e089a3890f5dcc40559eed21,000ba20c8561d582a1fa4c779858c3965a92b4be76c5fa7f1c9a632fa501c3b9,51454691959,49458554250,39276209,1996137709,13945de64dd27a14ff694aa1ffd7a91dc52ee0b8c25f22cedab3589e71012a76,true,
joggle,densenet-12,node-5-add,2,update,1,20260921,b2d42fe25f842c31585b6d205955b687fd519b33d8afe211ed57bb1f4082cc48,32a915ac32c0cd7744ee4eea65a5035e9dbf0b09b63e47d30b1cec4b5f6b1ecf,13dd350c138f76a092df5ee5a11eab2e396a5492e089a3890f5dcc40559eed21,000ba20c8561d582a1fa4c779858c3965a92b4be76c5fa7f1c9a632fa501c3b9,22114625958,20150408375,41727375,1964217583,13945de64dd27a14ff694aa1ffd7a91dc52ee0b8c25f22cedab3589e71012a76,true,
joggle,densenet-12,node-5-add,3,rebuild,0,20260921,b2d42fe25f842c31585b6d205955b687fd519b33d8afe211ed57bb1f4082cc48,32a915ac32c0cd7744ee4eea65a5035e9dbf0b09b63e47d30b1cec4b5f6b1ecf,13dd350c138f76a092df5ee5a11eab2e396a5492e089a3890f5dcc40559eed21,000ba20c8561d582a1fa4c779858c3965a92b4be76c5fa7f1c9a632fa501c3b9,51384090084,49355911750,38654750,2028178334,13945de64dd27a14ff694aa1ffd7a91dc52ee0b8c25f22cedab3589e71012a76,true,
joggle,densenet-12,node-5-add,3,update,1,20260921,b2d42fe25f842c31585b6d205955b687fd519b33d8afe211ed57bb1f4082cc48,32a915ac32c0cd7744ee4eea65a5035e9dbf0b09b63e47d30b1cec4b5f6b1ecf,13dd350c138f76a092df5ee5a11eab2e396a5492e089a3890f5dcc40559eed21,000ba20c8561d582a1fa4c779858c3965a92b4be76c5fa7f1c9a632fa501c3b9,22058994708,20095481041,37197541,1963513667,13945de64dd27a14ff694aa1ffd7a91dc52ee0b8c25f22cedab3589e71012a76,true,
joggle,densenet-12,node-5-add,4,rebuild,1,20260921,b2d42fe25f842c31585b6d205955b687fd519b33d8afe211ed57bb1f4082cc48,32a915ac32c0cd7744ee4eea65a5035e9dbf0b09b63e47d30b1cec4b5f6b1ecf,13dd350c138f76a092df5ee5a11eab2e396a5492e089a3890f5dcc40559eed21,000ba20c8561d582a1fa4c779858c3965a92b4be76c5fa7f1c9a632fa501c3b9,59372345292,57410059792,41753792,1962285500,13945de64dd27a14ff694aa1ffd7a91dc52ee0b8c25f22cedab3589e71012a76,true,
joggle,densenet-12,node-5-add,4,update,0,20260921,b2d42fe25f842c31585b6d205955b687fd519b33d8afe211ed57bb1f4082cc48,32a915ac32c0cd7744ee4eea65a5035e9dbf0b09b63e47d30b1cec4b5f6b1ecf,13dd350c138f76a092df5ee5a11eab2e396a5492e089a3890f5dcc40559eed21,000ba20c8561d582a1fa4c779858c3965a92b4be76c5fa7f1c9a632fa501c3b9,24735426750,22764756667,72647167,1970670083,13945de64dd27a14ff694aa1ffd7a91dc52ee0b8c25f22cedab3589e71012a76,true,
joggle,densenet-12,node-5-add,5,rebuild,0,20260921,b2d42fe25f842c31585b6d205955b687fd519b33d8afe211ed57bb1f4082cc48,32a915ac32c0cd7744ee4eea65a5035e9dbf0b09b63e47d30b1cec4b5f6b1ecf,13dd350c138f76a092df5ee5a11eab2e396a5492e089a3890f5dcc40559eed21,000ba20c8561d582a1fa4c779858c3965a92b4be76c5fa7f1c9a632fa501c3b9,51674077834,49709203167,42924375,1964874667,13945de64dd27a14ff694aa1ffd7a91dc52ee0b8c25f22cedab3589e71012a76,true,
joggle,densenet-12,node-5-add,5,update,1,20260921,b2d42fe25f842c31585b6d205955b687fd519b33d8afe211ed57bb1f4082cc48,32a915ac32c0cd7744ee4eea65a5035e9dbf0b09b63e47d30b1cec4b5f6b1ecf,13dd350c138f76a092df5ee5a11eab2e396a5492e089a3890f5dcc40559eed21,000ba20c8561d582a1fa4c779858c3965a92b4be76c5fa7f1c9a632fa501c3b9,22303447625,20298363292,43223209,2005084333,13945de64dd27a14ff694aa1ffd7a91dc52ee0b8c25f22cedab3589e71012a76,true,
joggle,densenet-12,node-5-add,6,rebuild,0,20260921,b2d42fe25f842c31585b6d205955b687fd519b33d8afe211ed57bb1f4082cc48,32a915ac32c0cd7744ee4eea65a5035e9dbf0b09b63e47d30b1cec4b5f6b1ecf,13dd350c138f76a092df5ee5a11eab2e396a5492e089a3890f5dcc40559eed21,000ba20c8561d582a1fa4c779858c3965a92b4be76c5fa7f1c9a632fa501c3b9,52887001417,50932701167,40719542,1954300250,13945de64dd27a14ff694aa1ffd7a91dc52ee0b8c25f22cedab3589e71012a76,true,
joggle,densenet-12,node-5-add,6,update,1,20260921,b2d42fe25f842c31585b6d205955b687fd519b33d8afe211ed57bb1f4082cc48,32a915ac32c0cd7744ee4eea65a5035e9dbf0b09b63e47d30b1cec4b5f6b1ecf,13dd350c138f76a092df5ee5a11eab2e396a5492e089a3890f5dcc40559eed21,000ba20c8561d582a1fa4c779858c3965a92b4be76c5fa7f1c9a632fa501c3b9,21964399875,20008921291,41810416,1955478584,13945de64dd27a14ff694aa1ffd7a91dc52ee0b8c25f22cedab3589e71012a76,true,
joggle,densenet-12,node-5-add,7,rebuild,1,20260921,b2d42fe25f842c31585b6d205955b687fd519b33d8afe211ed57bb1f4082cc48,32a915ac32c0cd7744ee4eea65a5035e9dbf0b09b63e47d30b1cec4b5f6b1ecf,13dd350c138f76a092df5ee5a11eab2e396a5492e089a3890f5dcc40559eed21,000ba20c8561d582a1fa4c779858c3965a92b4be76c5fa7f1c9a632fa501c3b9,54395539666,52431936208,38991916,1963603458,13945de64dd27a14ff694aa1ffd7a91dc52ee0b8c25f22cedab3589e71012a76,true,
joggle,densenet-12,node-5-add,7,update,0,20260921,b2d42fe25f842c31585b6d205955b687fd519b33d8afe211ed57bb1f4082cc48,32a915ac32c0cd7744ee4eea65a5035e9dbf0b09b63e47d30b1cec4b5f6b1ecf,13dd350c138f76a092df5ee5a11eab2e396a5492e089a3890f5dcc40559eed21,000ba20c8561d582a1fa4c779858c3965a92b4be76c5fa7f1c9a632fa501c3b9,22519520375,20540713834,39809959,1978806541,13945de64dd27a14ff694aa1ffd7a91dc52ee0b8c25f22cedab3589e71012a76,true,
joggle,densenet-12,node-5-add,8,rebuild,0,20260921,b2d42fe25f842c31585b6d205955b687fd519b33d8afe211ed57bb1f4082cc48,32a915ac32c0cd7744ee4eea65a5035e9dbf0b09b63e47d30b1cec4b5f6b1ecf,13dd350c138f76a092df5ee5a11eab2e396a5492e089a3890f5dcc40559eed21,000ba20c8561d582a1fa4c779858c3965a92b4be76c5fa7f1c9a632fa501c3b9,51170117334,49211779125,38590292,1958338209,13945de64dd27a14ff694aa1ffd7a91dc52ee0b8c25f22cedab3589e71012a76,true,
joggle,densenet-12,node-5-add,8,update,1,20260921,b2d42fe25f842c31585b6d205955b687fd519b33d8afe211ed57bb1f4082cc48,32a915ac32c0cd7744ee4eea65a5035e9dbf0b09b63e47d30b1cec4b5f6b1ecf,13dd350c138f76a092df5ee5a11eab2e396a5492e089a3890f5dcc40559eed21,000ba20c8561d582a1fa4c779858c3965a92b4be76c5fa7f1c9a632fa501c3b9,21721961291,19764470541,38545083,1957490750,13945de64dd27a14ff694aa1ffd7a91dc52ee0b8c25f22cedab3589e71012a76,true,
joggle,densenet-12,node-5-add,9,rebuild,0,20260921,b2d42fe25f842c31585b6d205955b687fd519b33d8afe211ed57bb1f4082cc48,32a915ac32c0cd7744ee4eea65a5035e9dbf0b09b63e47d30b1cec4b5f6b1ecf,13dd350c138f76a092df5ee5a11eab2e396a5492e089a3890f5dcc40559eed21,000ba20c8561d582a1fa4c779858c3965a92b4be76c5fa7f1c9a632fa501c3b9,53893796042,51917273042,39654500,1976523000,13945de64dd27a14ff694aa1ffd7a91dc52ee0b8c25f22cedab3589e71012a76,true,
joggle,densenet-12,node-5-add,9,update,1,20260921,b2d42fe25f842c31585b6d205955b687fd519b33d8afe211ed57bb1f4082cc48,32a915ac32c0cd7744ee4eea65a5035e9dbf0b09b63e47d30b1cec4b5f6b1ecf,13dd350c138f76a092df5ee5a11eab2e396a5492e089a3890f5dcc40559eed21,000ba20c8561d582a1fa4c779858c3965a92b4be76c5fa7f1c9a632fa501c3b9,22559252792,20572036958,43824917,1987215834,13945de64dd27a14ff694aa1ffd7a91dc52ee0b8c25f22cedab3589e71012a76,true,
onnx-mlir,densenet-12,node-5-add,0,rebuild,0,20260921,b2d42fe25f842c31585b6d205955b687fd519b33d8afe211ed57bb1f4082cc48,32a915ac32c0cd7744ee4eea65a5035e9dbf0b09b63e47d30b1cec4b5f6b1ecf,13dd350c138f76a092df5ee5a11eab2e396a5492e089a3890f5dcc40559eed21,9e9e2956405144d8e9553bdabc1b3028bd22db763ddc8f71fab3a485578734b6,11431019000,10620900958,40261791,810118042,6b0f6d453f78adabdfdba4a4f02959e71d379f9f9c26c8cac6cf545c573643ca,true,
onnx-mlir,densenet-12,node-5-add,0,update,1,20260921,b2d42fe25f842c31585b6d205955b687fd519b33d8afe211ed57bb1f4082cc48,32a915ac32c0cd7744ee4eea65a5035e9dbf0b09b63e47d30b1cec4b5f6b1ecf,13dd350c138f76a092df5ee5a11eab2e396a5492e089a3890f5dcc40559eed21,9e9e2956405144d8e9553bdabc1b3028bd22db763ddc8f71fab3a485578734b6,11466489084,10652755292,40252625,813733792,6b0f6d453f78adabdfdba4a4f02959e71d379f9f9c26c8cac6cf545c573643ca,true,
onnx-mlir,densenet-12,node-5-add,1,rebuild,0,20260921,b2d42fe25f842c31585b6d205955b687fd519b33d8afe211ed57bb1f4082cc48,32a915ac32c0cd7744ee4eea65a5035e9dbf0b09b63e47d30b1cec4b5f6b1ecf,13dd350c138f76a092df5ee5a11eab2e396a5492e089a3890f5dcc40559eed21,9e9e2956405144d8e9553bdabc1b3028bd22db763ddc8f71fab3a485578734b6,11665621125,10854975458,41207708,810645667,6b0f6d453f78adabdfdba4a4f02959e71d379f9f9c26c8cac6cf545c573643ca,true,
onnx-mlir,densenet-12,node-5-add,1,update,1,20260921,b2d42fe25f842c31585b6d205955b687fd519b33d8afe211ed57bb1f4082cc48,32a915ac32c0cd7744ee4eea65a5035e9dbf0b09b63e47d30b1cec4b5f6b1ecf,13dd350c138f76a092df5ee5a11eab2e396a5492e089a3890f5dcc40559eed21,9e9e2956405144d8e9553bdabc1b3028bd22db763ddc8f71fab3a485578734b6,11700884208,10891890375,42202625,808993833,6b0f6d453f78adabdfdba4a4f02959e71d379f9f9c26c8cac6cf545c573643ca,true,
onnx-mlir,densenet-12,node-5-add,2,rebuild,0,20260921,b2d42fe25f842c31585b6d205955b687fd519b33d8afe211ed57bb1f4082cc48,32a915ac32c0cd7744ee4eea65a5035e9dbf0b09b63e47d30b1cec4b5f6b1ecf,13dd350c138f76a092df5ee5a11eab2e396a5492e089a3890f5dcc40559eed21,9e9e2956405144d8e9553bdabc1b3028bd22db763ddc8f71fab3a485578734b6,11542609208,10739817416,39595375,802791792,6b0f6d453f78adabdfdba4a4f02959e71d379f9f9c26c8cac6cf545c573643ca,true,
onnx-mlir,densenet-12,node-5-add,2,update,1,20260921,b2d42fe25f842c31585b6d205955b687fd519b33d8afe211ed57bb1f4082cc48,32a915ac32c0cd7744ee4eea65a5035e9dbf0b09b63e47d30b1cec4b5f6b1ecf,13dd350c138f76a092df5ee5a11eab2e396a5492e089a3890f5dcc40559eed21,9e9e2956405144d8e9553bdabc1b3028bd22db763ddc8f71fab3a485578734b6,11552645167,10745007334,37430584,807637833,6b0f6d453f78adabdfdba4a4f02959e71d379f9f9c26c8cac6cf545c573643ca,true,
onnx-mlir,densenet-12,node-5-add,3,rebuild,0,20260921,b2d42fe25f842c31585b6d205955b687fd519b33d8afe211ed57bb1f4082cc48,32a915ac32c0cd7744ee4eea65a5035e9dbf0b09b63e47d30b1cec4b5f6b1ecf,13dd350c138f76a092df5ee5a11eab2e396a5492e089a3890f5dcc40559eed21,9e9e2956405144d8e9553bdabc1b3028bd22db763ddc8f71fab3a485578734b6,11765983875,10961253500,41329084,804730375,6b0f6d453f78adabdfdba4a4f02959e71d379f9f9c26c8cac6cf545c573643ca,true,
onnx-mlir,densenet-12,node-5-add,3,update,1,20260921,b2d42fe25f842c31585b6d205955b687fd519b33d8afe211ed57bb1f4082cc48,32a915ac32c0cd7744ee4eea65a5035e9dbf0b09b63e47d30b1cec4b5f6b1ecf,13dd350c138f76a092df5ee5a11eab2e396a5492e089a3890f5dcc40559eed21,9e9e2956405144d8e9553bdabc1b3028bd22db763ddc8f71fab3a485578734b6,11504341167,10697416500,40165958,806924667,6b0f6d453f78adabdfdba4a4f02959e71d379f9f9c26c8cac6cf545c573643ca,true,
onnx-mlir,densenet-12,node-5-add,4,rebuild,1,20260921,b2d42fe25f842c31585b6d205955b687fd519b33d8afe211ed57bb1f4082cc48,32a915ac32c0cd7744ee4eea65a5035e9dbf0b09b63e47d30b1cec4b5f6b1ecf,13dd350c138f76a092df5ee5a11eab2e396a5492e089a3890f5dcc40559eed21,9e9e2956405144d8e9553bdabc1b3028bd22db763ddc8f71fab3a485578734b6,11444516334,10629451834,38530250,815064500,6b0f6d453f78adabdfdba4a4f02959e71d379f9f9c26c8cac6cf545c573643ca,true,
onnx-mlir,densenet-12,node-5-add,4,update,0,20260921,b2d42fe25f842c31585b6d205955b687fd519b33d8afe211ed57bb1f4082cc48,32a915ac32c0cd7744ee4eea65a5035e9dbf0b09b63e47d30b1cec4b5f6b1ecf,13dd350c138f76a092df5ee5a11eab2e396a5492e089a3890f5dcc40559eed21,9e9e2956405144d8e9553bdabc1b3028bd22db763ddc8f71fab3a485578734b6,11666232584,10860870917,42536625,805361667,6b0f6d453f78adabdfdba4a4f02959e71d379f9f9c26c8cac6cf545c573643ca,true,
onnx-mlir,densenet-12,node-5-add,5,rebuild,0,20260921,b2d42fe25f842c31585b6d205955b687fd519b33d8afe211ed57bb1f4082cc48,32a915ac32c0cd7744ee4eea65a5035e9dbf0b09b63e47d30b1cec4b5f6b1ecf,13dd350c138f76a092df5ee5a11eab2e396a5492e089a3890f5dcc40559eed21,9e9e2956405144d8e9553bdabc1b3028bd22db763ddc8f71fab3a485578734b6,11423154417,10603845167,40901000,819309250,6b0f6d453f78adabdfdba4a4f02959e71d379f9f9c26c8cac6cf545c573643ca,true,
onnx-mlir,densenet-12,node-5-add,5,update,1,20260921,b2d42fe25f842c31585b6d205955b687fd519b33d8afe211ed57bb1f4082cc48,32a915ac32c0cd7744ee4eea65a5035e9dbf0b09b63e47d30b1cec4b5f6b1ecf,13dd350c138f76a092df5ee5a11eab2e396a5492e089a3890f5dcc40559eed21,9e9e2956405144d8e9553bdabc1b3028bd22db763ddc8f71fab3a485578734b6,11512297125,10709438250,39131834,802858875,6b0f6d453f78adabdfdba4a4f02959e71d379f9f9c26c8cac6cf545c573643ca,true,
onnx-mlir,densenet-12,node-5-add,6,rebuild,0,20260921,b2d42fe25f842c31585b6d205955b687fd519b33d8afe211ed57bb1f4082cc48,32a915ac32c0cd7744ee4eea65a5035e9dbf0b09b63e47d30b1cec4b5f6b1ecf,13dd350c138f76a092df5ee5a11eab2e396a5492e089a3890f5dcc40559eed21,9e9e2956405144d8e9553bdabc1b3028bd22db763ddc8f71fab3a485578734b6,11446692208,10638624583,38696083,808067625,6b0f6d453f78adabdfdba4a4f02959e71d379f9f9c26c8cac6cf545c573643ca,true,
onnx-mlir,densenet-12,node-5-add,6,update,1,20260921,b2d42fe25f842c31585b6d205955b687fd519b33d8afe211ed57bb1f4082cc48,32a915ac32c0cd7744ee4eea65a5035e9dbf0b09b63e47d30b1cec4b5f6b1ecf,13dd350c138f76a092df5ee5a11eab2e396a5492e089a3890f5dcc40559eed21,9e9e2956405144d8e9553bdabc1b3028bd22db763ddc8f71fab3a485578734b6,11542534625,10733042500,36810542,809492125,6b0f6d453f78adabdfdba4a4f02959e71d379f9f9c26c8cac6cf545c573643ca,true,
onnx-mlir,densenet-12,node-5-add,7,rebuild,1,20260921,b2d42fe25f842c31585b6d205955b687fd519b33d8afe211ed57bb1f4082cc48,32a915ac32c0cd7744ee4eea65a5035e9dbf0b09b63e47d30b1cec4b5f6b1ecf,13dd350c138f76a092df5ee5a11eab2e396a5492e089a3890f5dcc40559eed21,9e9e2956405144d8e9553bdabc1b3028bd22db763ddc8f71fab3a485578734b6,11410958625,10610350209,39406584,800608416,6b0f6d453f78adabdfdba4a4f02959e71d379f9f9c26c8cac6cf545c573643ca,true,
onnx-mlir,densenet-12,node-5-add,7,update,0,20260921,b2d42fe25f842c31585b6d205955b687fd519b33d8afe211ed57bb1f4082cc48,32a915ac32c0cd7744ee4eea65a5035e9dbf0b09b63e47d30b1cec4b5f6b1ecf,13dd350c138f76a092df5ee5a11eab2e396a5492e089a3890f5dcc40559eed21,9e9e2956405144d8e9553bdabc1b3028bd22db763ddc8f71fab3a485578734b6,11734088375,10923139125,45898750,810949250,6b0f6d453f78adabdfdba4a4f02959e71d379f9f9c26c8cac6cf545c573643ca,true,
onnx-mlir,densenet-12,node-5-add,8,rebuild,0,20260921,b2d42fe25f842c31585b6d205955b687fd519b33d8afe211ed57bb1f4082cc48,32a915ac32c0cd7744ee4eea65a5035e9dbf0b09b63e47d30b1cec4b5f6b1ecf,13dd350c138f76a092df5ee5a11eab2e396a5492e089a3890f5dcc40559eed21,9e9e2956405144d8e9553bdabc1b3028bd22db763ddc8f71fab3a485578734b6,11638405417,10835465833,40629917,802939584,6b0f6d453f78adabdfdba4a4f02959e71d379f9f9c26c8cac6cf545c573643ca,true,
onnx-mlir,densenet-12,node-5-add,8,update,1,20260921,b2d42fe25f842c31585b6d205955b687fd519b33d8afe211ed57bb1f4082cc48,32a915ac32c0cd7744ee4eea65a5035e9dbf0b09b63e47d30b1cec4b5f6b1ecf,13dd350c138f76a092df5ee5a11eab2e396a5492e089a3890f5dcc40559eed21,9e9e2956405144d8e9553bdabc1b3028bd22db763ddc8f71fab3a485578734b6,11539306375,10724316458,39884000,814989917,6b0f6d453f78adabdfdba4a4f02959e71d379f9f9c26c8cac6cf545c573643ca,true,
onnx-mlir,densenet-12,node-5-add,9,rebuild,0,20260921,b2d42fe25f842c31585b6d205955b687fd519b33d8afe211ed57bb1f4082cc48,32a915ac32c0cd7744ee4eea65a5035e9dbf0b09b63e47d30b1cec4b5f6b1ecf,13dd350c138f76a092df5ee5a11eab2e396a5492e089a3890f5dcc40559eed21,9e9e2956405144d8e9553bdabc1b3028bd22db763ddc8f71fab3a485578734b6,11463747792,10663111459,44971042,800636333,6b0f6d453f78adabdfdba4a4f02959e71d379f9f9c26c8cac6cf545c573643ca,true,
onnx-mlir,densenet-12,node-5-add,9,update,1,20260921,b2d42fe25f842c31585b6d205955b687fd519b33d8afe211ed57bb1f4082cc48,32a915ac32c0cd7744ee4eea65a5035e9dbf0b09b63e47d30b1cec4b5f6b1ecf,13dd350c138f76a092df5ee5a11eab2e396a5492e089a3890f5dcc40559eed21,9e9e2956405144d8e9553bdabc1b3028bd22db763ddc8f71fab3a485578734b6,11354223083,10543140208,39686208,811082875,6b0f6d453f78adabdfdba4a4f02959e71d379f9f9c26c8cac6cf545c573643ca,true,
tvm,densenet-12,node-5-add,0,rebuild,0,20260921,b2d42fe25f842c31585b6d205955b687fd519b33d8afe211ed57bb1f4082cc48,32a915ac32c0cd7744ee4eea65a5035e9dbf0b09b63e47d30b1cec4b5f6b1ecf,13dd350c138f76a092df5ee5a11eab2e396a5492e089a3890f5dcc40559eed21,7e035a3d642ed6af2486f52330d21246afdf548b1419fd96427207e1cacba0f7,12276381208,10457058042,43947167,1819323166,1fdb234ffbe12100090f1b36771e7f10dbc166e25c84f73828feadce0242eb7d,true,
tvm,densenet-12,node-5-add,0,update,1,20260921,b2d42fe25f842c31585b6d205955b687fd519b33d8afe211ed57bb1f4082cc48,32a915ac32c0cd7744ee4eea65a5035e9dbf0b09b63e47d30b1cec4b5f6b1ecf,13dd350c138f76a092df5ee5a11eab2e396a5492e089a3890f5dcc40559eed21,7e035a3d642ed6af2486f52330d21246afdf548b1419fd96427207e1cacba0f7,12497883167,10635766417,42170417,1862116750,1fdb234ffbe12100090f1b36771e7f10dbc166e25c84f73828feadce0242eb7d,true,
tvm,densenet-12,node-5-add,1,rebuild,0,20260921,b2d42fe25f842c31585b6d205955b687fd519b33d8afe211ed57bb1f4082cc48,32a915ac32c0cd7744ee4eea65a5035e9dbf0b09b63e47d30b1cec4b5f6b1ecf,13dd350c138f76a092df5ee5a11eab2e396a5492e089a3890f5dcc40559eed21,7e035a3d642ed6af2486f52330d21246afdf548b1419fd96427207e1cacba0f7,12155284583,10340647666,40431041,1814636917,1fdb234ffbe12100090f1b36771e7f10dbc166e25c84f73828feadce0242eb7d,true,
tvm,densenet-12,node-5-add,1,update,1,20260921,b2d42fe25f842c31585b6d205955b687fd519b33d8afe211ed57bb1f4082cc48,32a915ac32c0cd7744ee4eea65a5035e9dbf0b09b63e47d30b1cec4b5f6b1ecf,13dd350c138f76a092df5ee5a11eab2e396a5492e089a3890f5dcc40559eed21,7e035a3d642ed6af2486f52330d21246afdf548b1419fd96427207e1cacba0f7,12437542000,10603020333,40828792,1834521667,1fdb234ffbe12100090f1b36771e7f10dbc166e25c84f73828feadce0242eb7d,true,
tvm,densenet-12,node-5-add,2,rebuild,0,20260921,b2d42fe25f842c31585b6d205955b687fd519b33d8afe211ed57bb1f4082cc48,32a915ac32c0cd7744ee4eea65a5035e9dbf0b09b63e47d30b1cec4b5f6b1ecf,13dd350c138f76a092df5ee5a11eab2e396a5492e089a3890f5dcc40559eed21,7e035a3d642ed6af2486f52330d21246afdf548b1419fd96427207e1cacba0f7,12183130708,10369392167,41583042,1813738541,1fdb234ffbe12100090f1b36771e7f10dbc166e25c84f73828feadce0242eb7d,true,
tvm,densenet-12,node-5-add,2,update,1,20260921,b2d42fe25f842c31585b6d205955b687fd519b33d8afe211ed57bb1f4082cc48,32a915ac32c0cd7744ee4eea65a5035e9dbf0b09b63e47d30b1cec4b5f6b1ecf,13dd350c138f76a092df5ee5a11eab2e396a5492e089a3890f5dcc40559eed21,7e035a3d642ed6af2486f52330d21246afdf548b1419fd96427207e1cacba0f7,12282041291,10467791083,41143541,1814250208,1fdb234ffbe12100090f1b36771e7f10dbc166e25c84f73828feadce0242eb7d,true,
tvm,densenet-12,node-5-add,3,rebuild,0,20260921,b2d42fe25f842c31585b6d205955b687fd519b33d8afe211ed57bb1f4082cc48,32a915ac32c0cd7744ee4eea65a5035e9dbf0b09b63e47d30b1cec4b5f6b1ecf,13dd350c138f76a092df5ee5a11eab2e396a5492e089a3890f5dcc40559eed21,7e035a3d642ed6af2486f52330d21246afdf548b1419fd96427207e1cacba0f7,12092783458,10277126708,40636000,1815656750,1fdb234ffbe12100090f1b36771e7f10dbc166e25c84f73828feadce0242eb7d,true,
tvm,densenet-12,node-5-add,3,update,1,20260921,b2d42fe25f842c31585b6d205955b687fd519b33d8afe211ed57bb1f4082cc48,32a915ac32c0cd7744ee4eea65a5035e9dbf0b09b63e47d30b1cec4b5f6b1ecf,13dd350c138f76a092df5ee5a11eab2e396a5492e089a3890f5dcc40559eed21,7e035a3d642ed6af2486f52330d21246afdf548b1419fd96427207e1cacba0f7,12509016583,10688710041,57959166,1820306542,1fdb234ffbe12100090f1b36771e7f10dbc166e25c84f73828feadce0242eb7d,true,
tvm,densenet-12,node-5-add,4,rebuild,1,20260921,b2d42fe25f842c31585b6d205955b687fd519b33d8afe211ed57bb1f4082cc48,32a915ac32c0cd7744ee4eea65a5035e9dbf0b09b63e47d30b1cec4b5f6b1ecf,13dd350c138f76a092df5ee5a11eab2e396a5492e089a3890f5dcc40559eed21,7e035a3d642ed6af2486f52330d21246afdf548b1419fd96427207e1cacba0f7,12358119000,10543126000,39858250,1814993000,1fdb234ffbe12100090f1b36771e7f10dbc166e25c84f73828feadce0242eb7d,true,
tvm,densenet-12,node-5-add,4,update,0,20260921,b2d42fe25f842c31585b6d205955b687fd519b33d8afe211ed57bb1f4082cc48,32a915ac32c0cd7744ee4eea65a5035e9dbf0b09b63e47d30b1cec4b5f6b1ecf,13dd350c138f76a092df5ee5a11eab2e396a5492e089a3890f5dcc40559eed21,7e035a3d642ed6af2486f52330d21246afdf548b1419fd96427207e1cacba0f7,12225030667,10371768875,42059875,1853261792,1fdb234ffbe12100090f1b36771e7f10dbc166e25c84f73828feadce0242eb7d,true,
tvm,densenet-12,node-5-add,5,rebuild,0,20260921,b2d42fe25f842c31585b6d205955b687fd519b33d8afe211ed57bb1f4082cc48,32a915ac32c0cd7744ee4eea65a5035e9dbf0b09b63e47d30b1cec4b5f6b1ecf,13dd350c138f76a092df5ee5a11eab2e396a5492e089a3890f5dcc40559eed21,7e035a3d642ed6af2486f52330d21246afdf548b1419fd96427207e1cacba0f7,12085931792,10269004417,39704375,1816927375,1fdb234ffbe12100090f1b36771e7f10dbc166e25c84f73828feadce0242eb7d,true,
tvm,densenet-12,node-5-add,5,update,1,20260921,b2d42fe25f842c31585b6d205955b687fd519b33d8afe211ed57bb1f4082cc48,32a915ac32c0cd7744ee4eea65a5035e9dbf0b09b63e47d30b1cec4b5f6b1ecf,13dd350c138f76a092df5ee5a11eab2e396a5492e089a3890f5dcc40559eed21,7e035a3d642ed6af2486f52330d21246afdf548b1419fd96427207e1cacba0f7,12292069666,10474095958,46150041,1817973708,1fdb234ffbe12100090f1b36771e7f10dbc166e25c84f73828feadce0242eb7d,true,
tvm,densenet-12,node-5-add,6,rebuild,0,20260921,b2d42fe25f842c31585b6d205955b687fd519b33d8afe211ed57bb1f4082cc48,32a915ac32c0cd7744ee4eea65a5035e9dbf0b09b63e47d30b1cec4b5f6b1ecf,13dd350c138f76a092df5ee5a11eab2e396a5492e089a3890f5dcc40559eed21,7e035a3d642ed6af2486f52330d21246afdf548b1419fd96427207e1cacba0f7,12143569125,10331981459,41150750,1811587666,1fdb234ffbe12100090f1b36771e7f10dbc166e25c84f73828feadce0242eb7d,true,
tvm,densenet-12,node-5-add,6,update,1,20260921,b2d42fe25f842c31585b6d205955b687fd519b33d8afe211ed57bb1f4082cc48,32a915ac32c0cd7744ee4eea65a5035e9dbf0b09b63e47d30b1cec4b5f6b1ecf,13dd350c138f76a092df5ee5a11eab2e396a5492e089a3890f5dcc40559eed21,7e035a3d642ed6af2486f52330d21246afdf548b1419fd96427207e1cacba0f7,12178933584,10374207792,45068709,1804725792,1fdb234ffbe12100090f1b36771e7f10dbc166e25c84f73828feadce0242eb7d,true,
tvm,densenet-12,node-5-add,7,rebuild,1,20260921,b2d42fe25f842c31585b6d205955b687fd519b33d8afe211ed57bb1f4082cc48,32a915ac32c0cd7744ee4eea65a5035e9dbf0b09b63e47d30b1cec4b5f6b1ecf,13dd350c138f76a092df5ee5a11eab2e396a5492e089a3890f5dcc40559eed21,7e035a3d642ed6af2486f52330d21246afdf548b1419fd96427207e1cacba0f7,12313319875,10496058375,37297041,1817261500,1fdb234ffbe12100090f1b36771e7f10dbc166e25c84f73828feadce0242eb7d,true,
tvm,densenet-12,node-5-add,7,update,0,20260921,b2d42fe25f842c31585b6d205955b687fd519b33d8afe211ed57bb1f4082cc48,32a915ac32c0cd7744ee4eea65a5035e9dbf0b09b63e47d30b1cec4b5f6b1ecf,13dd350c138f76a092df5ee5a11eab2e396a5492e089a3890f5dcc40559eed21,7e035a3d642ed6af2486f52330d21246afdf548b1419fd96427207e1cacba0f7,12472354292,10654475917,42101792,1817878375,1fdb234ffbe12100090f1b36771e7f10dbc166e25c84f73828feadce0242eb7d,true,
tvm,densenet-12,node-5-add,8,rebuild,0,20260921,b2d42fe25f842c31585b6d205955b687fd519b33d8afe211ed57bb1f4082cc48,32a915ac32c0cd7744ee4eea65a5035e9dbf0b09b63e47d30b1cec4b5f6b1ecf,13dd350c138f76a092df5ee5a11eab2e396a5492e089a3890f5dcc40559eed21,7e035a3d642ed6af2486f52330d21246afdf548b1419fd96427207e1cacba0f7,12411002250,10580133041,41213375,1830869209,1fdb234ffbe12100090f1b36771e7f10dbc166e25c84f73828feadce0242eb7d,true,
tvm,densenet-12,node-5-add,8,update,1,20260921,b2d42fe25f842c31585b6d205955b687fd519b33d8afe211ed57bb1f4082cc48,32a915ac32c0cd7744ee4eea65a5035e9dbf0b09b63e47d30b1cec4b5f6b1ecf,13dd350c138f76a092df5ee5a11eab2e396a5492e089a3890f5dcc40559eed21,7e035a3d642ed6af2486f52330d21246afdf548b1419fd96427207e1cacba0f7,12334434750,10520618625,71769625,1813816125,1fdb234ffbe12100090f1b36771e7f10dbc166e25c84f73828feadce0242eb7d,true,
tvm,densenet-12,node-5-add,9,rebuild,0,20260921,b2d42fe25f842c31585b6d205955b687fd519b33d8afe211ed57bb1f4082cc48,32a915ac32c0cd7744ee4eea65a5035e9dbf0b09b63e47d30b1cec4b5f6b1ecf,13dd350c138f76a092df5ee5a11eab2e396a5492e089a3890f5dcc40559eed21,7e035a3d642ed6af2486f52330d21246afdf548b1419fd96427207e1cacba0f7,12381890250,10560627667,41554209,1821262583,1fdb234ffbe12100090f1b36771e7f10dbc166e25c84f73828feadce0242eb7d,true,
tvm,densenet-12,node-5-add,9,update,1,20260921,b2d42fe25f842c31585b6d205955b687fd519b33d8afe211ed57bb1f4082cc48,32a915ac32c0cd7744ee4eea65a5035e9dbf0b09b63e47d30b1cec4b5f6b1ecf,13dd350c138f76a092df5ee5a11eab2e396a5492e089a3890f5dcc40559eed21,7e035a3d642ed6af2486f52330d21246afdf548b1419fd96427207e1cacba0f7,12388802458,10541971125,40364083,1846831333,1fdb234ffbe12100090f1b36771e7f10dbc166e25c84f73828feadce0242eb7d,true,
joggle,densenet-12,node-907-relu,0,rebuild,1,20260921,d104c1fae5de5adadd706aced21900f4207635e9092c469150e5fec49e7ccb7a,2d26e911439c67e26013c615d51a122dce873dfef056d225de710de811d2395f,13dd350c138f76a092df5ee5a11eab2e396a5492e089a3890f5dcc40559eed21,000ba20c8561d582a1fa4c779858c3965a92b4be76c5fa7f1c9a632fa501c3b9,52136039291,50165505500,42023000,1970533791,e423d7494ee71c0591c7d5be983942d036c0a2031929a82b4eef57c6c9f2914c,true,
joggle,densenet-12,node-907-relu,0,update,0,20260921,d104c1fae5de5adadd706aced21900f4207635e9092c469150e5fec49e7ccb7a,2d26e911439c67e26013c615d51a122dce873dfef056d225de710de811d2395f,13dd350c138f76a092df5ee5a11eab2e396a5492e089a3890f5dcc40559eed21,000ba20c8561d582a1fa4c779858c3965a92b4be76c5fa7f1c9a632fa501c3b9,21848356333,19876290541,39143333,1972065792,e423d7494ee71c0591c7d5be983942d036c0a2031929a82b4eef57c6c9f2914c,true,
joggle,densenet-12,node-907-relu,1,rebuild,0,20260921,d104c1fae5de5adadd706aced21900f4207635e9092c469150e5fec49e7ccb7a,2d26e911439c67e26013c615d51a122dce873dfef056d225de710de811d2395f,13dd350c138f76a092df5ee5a11eab2e396a5492e089a3890f5dcc40559eed21,000ba20c8561d582a1fa4c779858c3965a92b4be76c5fa7f1c9a632fa501c3b9,51928427583,49960393708,38110250,1968033875,e423d7494ee71c0591c7d5be983942d036c0a2031929a82b4eef57c6c9f2914c,true,
joggle,densenet-12,node-907-relu,1,update,1,20260921,d104c1fae5de5adadd706aced21900f4207635e9092c469150e5fec49e7ccb7a,2d26e911439c67e26013c615d51a122dce873dfef056d225de710de811d2395f,13dd350c138f76a092df5ee5a11eab2e396a5492e089a3890f5dcc40559eed21,000ba20c8561d582a1fa4c779858c3965a92b4be76c5fa7f1c9a632fa501c3b9,21940114000,19854953916,39005916,2085160084,e423d7494ee71c0591c7d5be983942d036c0a2031929a82b4eef57c6c9f2914c,true,
joggle,densenet-12,node-907-relu,2,rebuild,0,20260921,d104c1fae5de5adadd706aced21900f4207635e9092c469150e5fec49e7ccb7a,2d26e911439c67e26013c615d51a122dce873dfef056d225de710de811d2395f,13dd350c138f76a092df5ee5a11eab2e396a5492e089a3890f5dcc40559eed21,000ba20c8561d582a1fa4c779858c3965a92b4be76c5fa7f1c9a632fa501c3b9,53744218500,51771191458,71072417,1973027042,e423d7494ee71c0591c7d5be983942d036c0a2031929a82b4eef57c6c9f2914c,true,
joggle,densenet-12,node-907-relu,2,update,1,20260921,d104c1fae5de5adadd706aced21900f4207635e9092c469150e5fec49e7ccb7a,2d26e911439c67e26013c615d51a122dce873dfef056d225de710de811d2395f,13dd350c138f76a092df5ee5a11eab2e396a5492e089a3890f5dcc40559eed21,000ba20c8561d582a1fa4c779858c3965a92b4be76c5fa7f1c9a632fa501c3b9,22206228292,20241163459,41147459,1965064833,e423d7494ee71c0591c7d5be983942d036c0a2031929a82b4eef57c6c9f2914c,true,
joggle,densenet-12,node-907-relu,3,rebuild,1,20260921,d104c1fae5de5adadd706aced21900f4207635e9092c469150e5fec49e7ccb7a,2d26e911439c67e26013c615d51a122dce873dfef056d225de710de811d2395f,13dd350c138f76a092df5ee5a11eab2e396a5492e089a3890f5dcc40559eed21,000ba20c8561d582a1fa4c779858c3965a92b4be76c5fa7f1c9a632fa501c3b9,51402122417,49437333042,38297084,1964789375,e423d7494ee71c0591c7d5be983942d036c0a2031929a82b4eef57c6c9f2914c,true,
joggle,densenet-12,node-907-relu,3,update,0,20260921,d104c1fae5de5adadd706aced21900f4207635e9092c469150e5fec49e7ccb7a,2d26e911439c67e26013c615d51a122dce873dfef056d225de710de811d2395f,13dd350c138f76a092df5ee5a11eab2e396a5492e089a3890f5dcc40559eed21,000ba20c8561d582a1fa4c779858c3965a92b4be76c5fa7f1c9a632fa501c3b9,21801505625,19839914709,40025417,1961590916,e423d7494ee71c0591c7d5be983942d036c0a2031929a82b4eef57c6c9f2914c,true,
joggle,densenet-12,node-907-relu,4,rebuild,0,20260921,d104c1fae5de5adadd706aced21900f4207635e9092c469150e5fec49e7ccb7a,2d26e911439c67e26013c615d51a122dce873dfef056d225de710de811d2395f,13dd350c138f76a092df5ee5a11eab2e396a5492e089a3890f5dcc40559eed21,000ba20c8561d582a1fa4c779858c3965a92b4be76c5fa7f1c9a632fa501c3b9,50715283000,48747960083,39790416,1967322917,e423d7494ee71c0591c7d5be983942d036c0a2031929a82b4eef57c6c9f2914c,true,
joggle,densenet-12,node-907-relu,4,update,1,20260921,d104c1fae5de5adadd706aced21900f4207635e9092c469150e5fec49e7ccb7a,2d26e911439c67e26013c615d51a122dce873dfef056d225de710de811d2395f,13dd350c138f76a092df5ee5a11eab2e396a5492e089a3890f5dcc40559eed21,000ba20c8561d582a1fa4c779858c3965a92b4be76c5fa7f1c9a632fa501c3b9,22165576709,20193074542,39339875,1972502167,e423d7494ee71c0591c7d5be983942d036c0a2031929a82b4eef57c6c9f2914c,true,
joggle,densenet-12,node-907-relu,5,rebuild,1,20260921,d104c1fae5de5adadd706aced21900f4207635e9092c469150e5fec49e7ccb7a,2d26e911439c67e26013c615d51a122dce873dfef056d225de710de811d2395f,13dd350c138f76a092df5ee5a11eab2e396a5492e089a3890f5dcc40559eed21,000ba20c8561d582a1fa4c779858c3965a92b4be76c5fa7f1c9a632fa501c3b9,52283301167,50306582709,42567375,1976718458,e423d7494ee71c0591c7d5be983942d036c0a2031929a82b4eef57c6c9f2914c,true,
joggle,densenet-12,node-907-relu,5,update,0,20260921,d104c1fae5de5adadd706aced21900f4207635e9092c469150e5fec49e7ccb7a,2d26e911439c67e26013c615d51a122dce873dfef056d225de710de811d2395f,13dd350c138f76a092df5ee5a11eab2e396a5492e089a3890f5dcc40559eed21,000ba20c8561d582a1fa4c779858c3965a92b4be76c5fa7f1c9a632fa501c3b9,22315035208,20350386791,39761500,1964648417,e423d7494ee71c0591c7d5be983942d036c0a2031929a82b4eef57c6c9f2914c,true,
joggle,densenet-12,node-907-relu,6,rebuild,0,20260921,d104c1fae5de5adadd706aced21900f4207635e9092c469150e5fec49e7ccb7a,2d26e911439c67e26013c615d51a122dce873dfef056d225de710de811d2395f,13dd350c138f76a092df5ee5a11eab2e396a5492e089a3890f5dcc40559eed21,000ba20c8561d582a1fa4c779858c3965a92b4be76c5fa7f1c9a632fa501c3b9,50922821667,48956872625,39826334,1965949042,e423d7494ee71c0591c7d5be983942d036c0a2031929a82b4eef57c6c9f2914c,true,
joggle,densenet-12,node-907-relu,6,update,1,20260921,d104c1fae5de5adadd706aced21900f4207635e9092c469150e5fec49e7ccb7a,2d26e911439c67e26013c615d51a122dce873dfef056d225de710de811d2395f,13dd350c138f76a092df5ee5a11eab2e396a5492e089a3890f5dcc40559eed21,000ba20c8561d582a1fa4c779858c3965a92b4be76c5fa7f1c9a632fa501c3b9,22005479709,20029274875,39898834,1976204834,e423d7494ee71c0591c7d5be983942d036c0a2031929a82b4eef57c6c9f2914c,true,
joggle,densenet-12,node-907-relu,7,rebuild,0,20260921,d104c1fae5de5adadd706aced21900f4207635e9092c469150e5fec49e7ccb7a,2d26e911439c67e26013c615d51a122dce873dfef056d225de710de811d2395f,13dd350c138f76a092df5ee5a11eab2e396a5492e089a3890f5dcc40559eed21,000ba20c8561d582a1fa4c779858c3965a92b4be76c5fa7f1c9a632fa501c3b9,53025844792,51058203084,41071500,1967641708,e423d7494ee71c0591c7d5be983942d036c0a2031929a82b4eef57c6c9f2914c,true,
joggle,densenet-12,node-907-relu,7,update,1,20260921,d104c1fae5de5adadd706aced21900f4207635e9092c469150e5fec49e7ccb7a,2d26e911439c67e26013c615d51a122dce873dfef056d225de710de811d2395f,13dd350c138f76a092df5ee5a11eab2e396a5492e089a3890f5dcc40559eed21,000ba20c8561d582a1fa4c779858c3965a92b4be76c5fa7f1c9a632fa501c3b9,24892557333,22921014291,43503208,1971543042,e423d7494ee71c0591c7d5be983942d036c0a2031929a82b4eef57c6c9f2914c,true,
joggle,densenet-12,node-907-relu,8,rebuild,1,20260921,d104c1fae5de5adadd706aced21900f4207635e9092c469150e5fec49e7ccb7a,2d26e911439c67e26013c615d51a122dce873dfef056d225de710de811d2395f,13dd350c138f76a092df5ee5a11eab2e396a5492e089a3890f5dcc40559eed21,000ba20c8561d582a1fa4c779858c3965a92b4be76c5fa7f1c9a632fa501c3b9,61181143250,59063719916,37574583,2117423334,e423d7494ee71c0591c7d5be983942d036c0a2031929a82b4eef57c6c9f2914c,true,
joggle,densenet-12,node-907-relu,8,update,0,20260921,d104c1fae5de5adadd706aced21900f4207635e9092c469150e5fec49e7ccb7a,2d26e911439c67e26013c615d51a122dce873dfef056d225de710de811d2395f,13dd350c138f76a092df5ee5a11eab2e396a5492e089a3890f5dcc40559eed21,000ba20c8561d582a1fa4c779858c3965a92b4be76c5fa7f1c9a632fa501c3b9,23669363250,21678708458,40427083,1990654792,e423d7494ee71c0591c7d5be983942d036c0a2031929a82b4eef57c6c9f2914c,true,
joggle,densenet-12,node-907-relu,9,rebuild,1,20260921,d104c1fae5de5adadd706aced21900f4207635e9092c469150e5fec49e7ccb7a,2d26e911439c67e26013c615d51a122dce873dfef056d225de710de811d2395f,13dd350c138f76a092df5ee5a11eab2e396a5492e089a3890f5dcc40559eed21,000ba20c8561d582a1fa4c779858c3965a92b4be76c5fa7f1c9a632fa501c3b9,53643767209,51656283000,40663084,1987484209,e423d7494ee71c0591c7d5be983942d036c0a2031929a82b4eef57c6c9f2914c,true,
joggle,densenet-12,node-907-relu,9,update,0,20260921,d104c1fae5de5adadd706aced21900f4207635e9092c469150e5fec49e7ccb7a,2d26e911439c67e26013c615d51a122dce873dfef056d225de710de811d2395f,13dd350c138f76a092df5ee5a11eab2e396a5492e089a3890f5dcc40559eed21,000ba20c8561d582a1fa4c779858c3965a92b4be76c5fa7f1c9a632fa501c3b9,22943027792,20952052459,43151667,1990975333,e423d7494ee71c0591c7d5be983942d036c0a2031929a82b4eef57c6c9f2914c,true,
onnx-mlir,densenet-12,node-907-relu,0,rebuild,1,20260921,d104c1fae5de5adadd706aced21900f4207635e9092c469150e5fec49e7ccb7a,2d26e911439c67e26013c615d51a122dce873dfef056d225de710de811d2395f,13dd350c138f76a092df5ee5a11eab2e396a5492e089a3890f5dcc40559eed21,9e9e2956405144d8e9553bdabc1b3028bd22db763ddc8f71fab3a485578734b6,11423023166,10606893541,37262125,816129625,6d1b158dc0d21663a9d147a235fad8109007893a7a2af5fc97c2df1a84aae7ea,true,
onnx-mlir,densenet-12,node-907-relu,0,update,0,20260921,d104c1fae5de5adadd706aced21900f4207635e9092c469150e5fec49e7ccb7a,2d26e911439c67e26013c615d51a122dce873dfef056d225de710de811d2395f,13dd350c138f76a092df5ee5a11eab2e396a5492e089a3890f5dcc40559eed21,9e9e2956405144d8e9553bdabc1b3028bd22db763ddc8f71fab3a485578734b6,11467708791,10666725541,39949625,800983250,6d1b158dc0d21663a9d147a235fad8109007893a7a2af5fc97c2df1a84aae7ea,true,
onnx-mlir,densenet-12,node-907-relu,1,rebuild,0,20260921,d104c1fae5de5adadd706aced21900f4207635e9092c469150e5fec49e7ccb7a,2d26e911439c67e26013c615d51a122dce873dfef056d225de710de811d2395f,13dd350c138f76a092df5ee5a11eab2e396a5492e089a3890f5dcc40559eed21,9e9e2956405144d8e9553bdabc1b3028bd22db763ddc8f71fab3a485578734b6,11564015583,10758821958,42197333,805193625,6d1b158dc0d21663a9d147a235fad8109007893a7a2af5fc97c2df1a84aae7ea,true,
onnx-mlir,densenet-12,node-907-relu,1,update,1,20260921,d104c1fae5de5adadd706aced21900f4207635e9092c469150e5fec49e7ccb7a,2d26e911439c67e26013c615d51a122dce873dfef056d225de710de811d2395f,13dd350c138f76a092df5ee5a11eab2e396a5492e089a3890f5dcc40559eed21,9e9e2956405144d8e9553bdabc1b3028bd22db763ddc8f71fab3a485578734b6,11473829416,10659846208,42456916,813983208,6d1b158dc0d21663a9d147a235fad8109007893a7a2af5fc97c2df1a84aae7ea,true,
onnx-mlir,densenet-12,node-907-relu,2,rebuild,0,20260921,d104c1fae5de5adadd706aced21900f4207635e9092c469150e5fec49e7ccb7a,2d26e911439c67e26013c615d51a122dce873dfef056d225de710de811d2395f,13dd350c138f76a092df5ee5a11eab2e396a5492e089a3890f5dcc40559eed21,9e9e2956405144d8e9553bdabc1b3028bd22db763ddc8f71fab3a485578734b6,11523107541,10717534916,38822125,805572625,6d1b158dc0d21663a9d147a235fad8109007893a7a2af5fc97c2df1a84aae7ea,true,
onnx-mlir,densenet-12,node-907-relu,2,update,1,20260921,d104c1fae5de5adadd706aced21900f4207635e9092c469150e5fec49e7ccb7a,2d26e911439c67e26013c615d51a122dce873dfef056d225de710de811d2395f,13dd350c138f76a092df5ee5a11eab2e396a5492e089a3890f5dcc40559eed21,9e9e2956405144d8e9553bdabc1b3028bd22db763ddc8f71fab3a485578734b6,11504706875,10694399625,41533125,810307250,6d1b158dc0d21663a9d147a235fad8109007893a7a2af5fc97c2df1a84aae7ea,true,
onnx-mlir,densenet-12,node-907-relu,3,rebuild,1,20260921,d104c1fae5de5adadd706aced21900f4207635e9092c469150e5fec49e7ccb7a,2d26e911439c67e26013c615d51a122dce873dfef056d225de710de811d2395f,13dd350c138f76a092df5ee5a11eab2e396a5492e089a3890f5dcc40559eed21,9e9e2956405144d8e9553bdabc1b3028bd22db763ddc8f71fab3a485578734b6,11674638542,10871405292,37878084,803233250,6d1b158dc0d21663a9d147a235fad8109007893a7a2af5fc97c2df1a84aae7ea,true,
onnx-mlir,densenet-12,node-907-relu,3,update,0,20260921,d104c1fae5de5adadd706aced21900f4207635e9092c469150e5fec49e7ccb7a,2d26e911439c67e26013c615d51a122dce873dfef056d225de710de811d2395f,13dd350c138f76a092df5ee5a11eab2e396a5492e089a3890f5dcc40559eed21,9e9e2956405144d8e9553bdabc1b3028bd22db763ddc8f71fab3a485578734b6,11514329209,10710545500,41374834,803783709,6d1b158dc0d21663a9d147a235fad8109007893a7a2af5fc97c2df1a84aae7ea,true,
onnx-mlir,densenet-12,node-907-relu,4,rebuild,0,20260921,d104c1fae5de5adadd706aced21900f4207635e9092c469150e5fec49e7ccb7a,2d26e911439c67e26013c615d51a122dce873dfef056d225de710de811d2395f,13dd350c138f76a092df5ee5a11eab2e396a5492e089a3890f5dcc40559eed21,9e9e2956405144d8e9553bdabc1b3028bd22db763ddc8f71fab3a485578734b6,11482143292,10676011625,39096709,806131667,6d1b158dc0d21663a9d147a235fad8109007893a7a2af5fc97c2df1a84aae7ea,true,
onnx-mlir,densenet-12,node-907-relu,4,update,1,20260921,d104c1fae5de5adadd706aced21900f4207635e9092c469150e5fec49e7ccb7a,2d26e911439c67e26013c615d51a122dce873dfef056d225de710de811d2395f,13dd350c138f76a092df5ee5a11eab2e396a5492e089a3890f5dcc40559eed21,9e9e2956405144d8e9553bdabc1b3028bd22db763ddc8f71fab3a485578734b6,11570166708,10754774333,43008708,815392375,6d1b158dc0d21663a9d147a235fad8109007893a7a2af5fc97c2df1a84aae7ea,true,
onnx-mlir,densenet-12,node-907-relu,5,rebuild,1,20260921,d104c1fae5de5adadd706aced21900f4207635e9092c469150e5fec49e7ccb7a,2d26e911439c67e26013c615d51a122dce873dfef056d225de710de811d2395f,13dd350c138f76a092df5ee5a11eab2e396a5492e089a3890f5dcc40559eed21,9e9e2956405144d8e9553bdabc1b3028bd22db763ddc8f71fab3a485578734b6,11512505458,10702746208,42960791,809759250,6d1b158dc0d21663a9d147a235fad8109007893a7a2af5fc97c2df1a84aae7ea,true,
onnx-mlir,densenet-12,node-907-relu,5,update,0,20260921,d104c1fae5de5adadd706aced21900f4207635e9092c469150e5fec49e7ccb7a,2d26e911439c67e26013c615d51a122dce873dfef056d225de710de811d2395f,13dd350c138f76a092df5ee5a11eab2e396a5492e089a3890f5dcc40559eed21,9e9e2956405144d8e9553bdabc1b3028bd22db763ddc8f71fab3a485578734b6,11501717083,10689531000,37350125,812186083,6d1b158dc0d21663a9d147a235fad8109007893a7a2af5fc97c2df1a84aae7ea,true,
onnx-mlir,densenet-12,node-907-relu,6,rebuild,0,20260921,d104c1fae5de5adadd706aced21900f4207635e9092c469150e5fec49e7ccb7a,2d26e911439c67e26013c615d51a122dce873dfef056d225de710de811d2395f,13dd350c138f76a092df5ee5a11eab2e396a5492e089a3890f5dcc40559eed21,9e9e2956405144d8e9553bdabc1b3028bd22db763ddc8f71fab3a485578734b6,11570561875,10769007250,41285167,801554625,6d1b158dc0d21663a9d147a235fad8109007893a7a2af5fc97c2df1a84aae7ea,true,
onnx-mlir,densenet-12,node-907-relu,6,update,1,20260921,d104c1fae5de5adadd706aced21900f4207635e9092c469150e5fec49e7ccb7a,2d26e911439c67e26013c615d51a122dce873dfef056d225de710de811d2395f,13dd350c138f76a092df5ee5a11eab2e396a5492e089a3890f5dcc40559eed21,9e9e2956405144d8e9553bdabc1b3028bd22db763ddc8f71fab3a485578734b6,11378679583,10579566541,40349541,799113042,6d1b158dc0d21663a9d147a235fad8109007893a7a2af5fc97c2df1a84aae7ea,true,
onnx-mlir,densenet-12,node-907-relu,7,rebuild,0,20260921,d104c1fae5de5adadd706aced21900f4207635e9092c469150e5fec49e7ccb7a,2d26e911439c67e26013c615d51a122dce873dfef056d225de710de811d2395f,13dd350c138f76a092df5ee5a11eab2e396a5492e089a3890f5dcc40559eed21,9e9e2956405144d8e9553bdabc1b3028bd22db763ddc8f71fab3a485578734b6,11535111792,10725793000,38482125,809318792,6d1b158dc0d21663a9d147a235fad8109007893a7a2af5fc97c2df1a84aae7ea,true,
onnx-mlir,densenet-12,node-907-relu,7,update,1,20260921,d104c1fae5de5adadd706aced21900f4207635e9092c469150e5fec49e7ccb7a,2d26e911439c67e26013c615d51a122dce873dfef056d225de710de811d2395f,13dd350c138f76a092df5ee5a11eab2e396a5492e089a3890f5dcc40559eed21,9e9e2956405144d8e9553bdabc1b3028bd22db763ddc8f71fab3a485578734b6,11525221708,10716112958,38673333,809108750,6d1b158dc0d21663a9d147a235fad8109007893a7a2af5fc97c2df1a84aae7ea,true,
onnx-mlir,densenet-12,node-907-relu,8,rebuild,1,20260921,d104c1fae5de5adadd706aced21900f4207635e9092c469150e5fec49e7ccb7a,2d26e911439c67e26013c615d51a122dce873dfef056d225de710de811d2395f,13dd350c138f76a092df5ee5a11eab2e396a5492e089a3890f5dcc40559eed21,9e9e2956405144d8e9553bdabc1b3028bd22db763ddc8f71fab3a485578734b6,11493351459,10682538625,41236542,810812834,6d1b158dc0d21663a9d147a235fad8109007893a7a2af5fc97c2df1a84aae7ea,true,
onnx-mlir,densenet-12,node-907-relu,8,update,0,20260921,d104c1fae5de5adadd706aced21900f4207635e9092c469150e5fec49e7ccb7a,2d26e911439c67e26013c615d51a122dce873dfef056d225de710de811d2395f,13dd350c138f76a092df5ee5a11eab2e396a5492e089a3890f5dcc40559eed21,9e9e2956405144d8e9553bdabc1b3028bd22db763ddc8f71fab3a485578734b6,11643389667,10832486084,45385417,810903583,6d1b158dc0d21663a9d147a235fad8109007893a7a2af5fc97c2df1a84aae7ea,true,
onnx-mlir,densenet-12,node-907-relu,9,rebuild,1,20260921,d104c1fae5de5adadd706aced21900f4207635e9092c469150e5fec49e7ccb7a,2d26e911439c67e26013c615d51a122dce873dfef056d225de710de811d2395f,13dd350c138f76a092df5ee5a11eab2e396a5492e089a3890f5dcc40559eed21,9e9e2956405144d8e9553bdabc1b3028bd22db763ddc8f71fab3a485578734b6,11620529834,10807023792,39199125,813506042,6d1b158dc0d21663a9d147a235fad8109007893a7a2af5fc97c2df1a84aae7ea,true,
onnx-mlir,densenet-12,node-907-relu,9,update,0,20260921,d104c1fae5de5adadd706aced21900f4207635e9092c469150e5fec49e7ccb7a,2d26e911439c67e26013c615d51a122dce873dfef056d225de710de811d2395f,13dd350c138f76a092df5ee5a11eab2e396a5492e089a3890f5dcc40559eed21,9e9e2956405144d8e9553bdabc1b3028bd22db763ddc8f71fab3a485578734b6,11618235541,10805353958,38980458,812881583,6d1b158dc0d21663a9d147a235fad8109007893a7a2af5fc97c2df1a84aae7ea,true,
tvm,densenet-12,node-907-relu,0,rebuild,1,20260921,d104c1fae5de5adadd706aced21900f4207635e9092c469150e5fec49e7ccb7a,2d26e911439c67e26013c615d51a122dce873dfef056d225de710de811d2395f,13dd350c138f76a092df5ee5a11eab2e396a5492e089a3890f5dcc40559eed21,7e035a3d642ed6af2486f52330d21246afdf548b1419fd96427207e1cacba0f7,12364022167,10543644250,38813750,1820377917,67ce547832c60b8f7e15022b9068856c73dd3a44956fb44a7e6adfb85643b723,true,
tvm,densenet-12,node-907-relu,0,update,0,20260921,d104c1fae5de5adadd706aced21900f4207635e9092c469150e5fec49e7ccb7a,2d26e911439c67e26013c615d51a122dce873dfef056d225de710de811d2395f,13dd350c138f76a092df5ee5a11eab2e396a5492e089a3890f5dcc40559eed21,7e035a3d642ed6af2486f52330d21246afdf548b1419fd96427207e1cacba0f7,12489530166,10658716875,36271708,1830813291,67ce547832c60b8f7e15022b9068856c73dd3a44956fb44a7e6adfb85643b723,true,
tvm,densenet-12,node-907-relu,1,rebuild,0,20260921,d104c1fae5de5adadd706aced21900f4207635e9092c469150e5fec49e7ccb7a,2d26e911439c67e26013c615d51a122dce873dfef056d225de710de811d2395f,13dd350c138f76a092df5ee5a11eab2e396a5492e089a3890f5dcc40559eed21,7e035a3d642ed6af2486f52330d21246afdf548b1419fd96427207e1cacba0f7,12590455625,10769378375,38417208,1821077250,67ce547832c60b8f7e15022b9068856c73dd3a44956fb44a7e6adfb85643b723,true,
tvm,densenet-12,node-907-relu,1,update,1,20260921,d104c1fae5de5adadd706aced21900f4207635e9092c469150e5fec49e7ccb7a,2d26e911439c67e26013c615d51a122dce873dfef056d225de710de811d2395f,13dd350c138f76a092df5ee5a11eab2e396a5492e089a3890f5dcc40559eed21,7e035a3d642ed6af2486f52330d21246afdf548b1419fd96427207e1cacba0f7,12258567500,10447815417,40145167,1810752083,67ce547832c60b8f7e15022b9068856c73dd3a44956fb44a7e6adfb85643b723,true,
tvm,densenet-12,node-907-relu,2,rebuild,0,20260921,d104c1fae5de5adadd706aced21900f4207635e9092c469150e5fec49e7ccb7a,2d26e911439c67e26013c615d51a122dce873dfef056d225de710de811d2395f,13dd350c138f76a092df5ee5a11eab2e396a5492e089a3890f5dcc40559eed21,7e035a3d642ed6af2486f52330d21246afdf548b1419fd96427207e1cacba0f7,12348180667,10528629083,39860583,1819551584,67ce547832c60b8f7e15022b9068856c73dd3a44956fb44a7e6adfb85643b723,true,
tvm,densenet-12,node-907-relu,2,update,1,20260921,d104c1fae5de5adadd706aced21900f4207635e9092c469150e5fec49e7ccb7a,2d26e911439c67e26013c615d51a122dce873dfef056d225de710de811d2395f,13dd350c138f76a092df5ee5a11eab2e396a5492e089a3890f5dcc40559eed21,7e035a3d642ed6af2486f52330d21246afdf548b1419fd96427207e1cacba0f7,12405562459,10597528250,41099375,1808034209,67ce547832c60b8f7e15022b9068856c73dd3a44956fb44a7e6adfb85643b723,true,
tvm,densenet-12,node-907-relu,3,rebuild,1,20260921,d104c1fae5de5adadd706aced21900f4207635e9092c469150e5fec49e7ccb7a,2d26e911439c67e26013c615d51a122dce873dfef056d225de710de811d2395f,13dd350c138f76a092df5ee5a11eab2e396a5492e089a3890f5dcc40559eed21,7e035a3d642ed6af2486f52330d21246afdf548b1419fd96427207e1cacba0f7,12223939000,10413776125,40785417,1810162875,67ce547832c60b8f7e15022b9068856c73dd3a44956fb44a7e6adfb85643b723,true,
tvm,densenet-12,node-907-relu,3,update,0,20260921,d104c1fae5de5adadd706aced21900f4207635e9092c469150e5fec49e7ccb7a,2d26e911439c67e26013c615d51a122dce873dfef056d225de710de811d2395f,13dd350c138f76a092df5ee5a11eab2e396a5492e089a3890f5dcc40559eed21,7e035a3d642ed6af2486f52330d21246afdf548b1419fd96427207e1cacba0f7,12281492791,10473575125,42899666,1807917666,67ce547832c60b8f7e15022b9068856c73dd3a44956fb44a7e6adfb85643b723,true,
tvm,densenet-12,node-907-relu,4,rebuild,0,20260921,d104c1fae5de5adadd706aced21900f4207635e9092c469150e5fec49e7ccb7a,2d26e911439c67e26013c615d51a122dce873dfef056d225de710de811d2395f,13dd350c138f76a092df5ee5a11eab2e396a5492e089a3890f5dcc40559eed21,7e035a3d642ed6af2486f52330d21246afdf548b1419fd96427207e1cacba0f7,12373428292,10558146125,40248584,1815282167,67ce547832c60b8f7e15022b9068856c73dd3a44956fb44a7e6adfb85643b723,true,
tvm,densenet-12,node-907-relu,4,update,1,20260921,d104c1fae5de5adadd706aced21900f4207635e9092c469150e5fec49e7ccb7a,2d26e911439c67e26013c615d51a122dce873dfef056d225de710de811d2395f,13dd350c138f76a092df5ee5a11eab2e396a5492e089a3890f5dcc40559eed21,7e035a3d642ed6af2486f52330d21246afdf548b1419fd96427207e1cacba0f7,13172099375,10474320791,43346958,2697778584,67ce547832c60b8f7e15022b9068856c73dd3a44956fb44a7e6adfb85643b723,true,
tvm,densenet-12,node-907-relu,5,rebuild,1,20260921,d104c1fae5de5adadd706aced21900f4207635e9092c469150e5fec49e7ccb7a,2d26e911439c67e26013c615d51a122dce873dfef056d225de710de811d2395f,13dd350c138f76a092df5ee5a11eab2e396a5492e089a3890f5dcc40559eed21,7e035a3d642ed6af2486f52330d21246afdf548b1419fd96427207e1cacba0f7,12090224708,10276959875,40584917,1813264833,67ce547832c60b8f7e15022b9068856c73dd3a44956fb44a7e6adfb85643b723,true,
tvm,densenet-12,node-907-relu,5,update,0,20260921,d104c1fae5de5adadd706aced21900f4207635e9092c469150e5fec49e7ccb7a,2d26e911439c67e26013c615d51a122dce873dfef056d225de710de811d2395f,13dd350c138f76a092df5ee5a11eab2e396a5492e089a3890f5dcc40559eed21,7e035a3d642ed6af2486f52330d21246afdf548b1419fd96427207e1cacba0f7,12824341333,10975669292,39334500,1848672041,67ce547832c60b8f7e15022b9068856c73dd3a44956fb44a7e6adfb85643b723,true,
tvm,densenet-12,node-907-relu,6,rebuild,0,20260921,d104c1fae5de5adadd706aced21900f4207635e9092c469150e5fec49e7ccb7a,2d26e911439c67e26013c615d51a122dce873dfef056d225de710de811d2395f,13dd350c138f76a092df5ee5a11eab2e396a5492e089a3890f5dcc40559eed21,7e035a3d642ed6af2486f52330d21246afdf548b1419fd96427207e1cacba0f7,12337333500,10517747959,41958667,1819585541,67ce547832c60b8f7e15022b9068856c73dd3a44956fb44a7e6adfb85643b723,true,
tvm,densenet-12,node-907-relu,6,update,1,20260921,d104c1fae5de5adadd706aced21900f4207635e9092c469150e5fec49e7ccb7a,2d26e911439c67e26013c615d51a122dce873dfef056d225de710de811d2395f,13dd350c138f76a092df5ee5a11eab2e396a5492e089a3890f5dcc40559eed21,7e035a3d642ed6af2486f52330d21246afdf548b1419fd96427207e1cacba0f7,12859780583,11015539458,41401083,1844241125,67ce547832c60b8f7e15022b9068856c73dd3a44956fb44a7e6adfb85643b723,true,
tvm,densenet-12,node-907-relu,7,rebuild,0,20260921,d104c1fae5de5adadd706aced21900f4207635e9092c469150e5fec49e7ccb7a,2d26e911439c67e26013c615d51a122dce873dfef056d225de710de811d2395f,13dd350c138f76a092df5ee5a11eab2e396a5492e089a3890f5dcc40559eed21,7e035a3d642ed6af2486f52330d21246afdf548b1419fd96427207e1cacba0f7,12457024458,10641333667,42426667,1815690791,67ce547832c60b8f7e15022b9068856c73dd3a44956fb44a7e6adfb85643b723,true,
tvm,densenet-12,node-907-relu,7,update,1,20260921,d104c1fae5de5adadd706aced21900f4207635e9092c469150e5fec49e7ccb7a,2d26e911439c67e26013c615d51a122dce873dfef056d225de710de811d2395f,13dd350c138f76a092df5ee5a11eab2e396a5492e089a3890f5dcc40559eed21,7e035a3d642ed6af2486f52330d21246afdf548b1419fd96427207e1cacba0f7,12267227375,10451825500,39725625,1815401875,67ce547832c60b8f7e15022b9068856c73dd3a44956fb44a7e6adfb85643b723,true,
tvm,densenet-12,node-907-relu,8,rebuild,1,20260921,d104c1fae5de5adadd706aced21900f4207635e9092c469150e5fec49e7ccb7a,2d26e911439c67e26013c615d51a122dce873dfef056d225de710de811d2395f,13dd350c138f76a092df5ee5a11eab2e396a5492e089a3890f5dcc40559eed21,7e035a3d642ed6af2486f52330d21246afdf548b1419fd96427207e1cacba0f7,12028032000,10220475459,40879875,1807556541,67ce547832c60b8f7e15022b9068856c73dd3a44956fb44a7e6adfb85643b723,true,
tvm,densenet-12,node-907-relu,8,update,0,20260921,d104c1fae5de5adadd706aced21900f4207635e9092c469150e5fec49e7ccb7a,2d26e911439c67e26013c615d51a122dce873dfef056d225de710de811d2395f,13dd350c138f76a092df5ee5a11eab2e396a5492e089a3890f5dcc40559eed21,7e035a3d642ed6af2486f52330d21246afdf548b1419fd96427207e1cacba0f7,12119641750,10305040250,40808167,1814601500,67ce547832c60b8f7e15022b9068856c73dd3a44956fb44a7e6adfb85643b723,true,
tvm,densenet-12,node-907-relu,9,rebuild,1,20260921,d104c1fae5de5adadd706aced21900f4207635e9092c469150e5fec49e7ccb7a,2d26e911439c67e26013c615d51a122dce873dfef056d225de710de811d2395f,13dd350c138f76a092df5ee5a11eab2e396a5492e089a3890f5dcc40559eed21,7e035a3d642ed6af2486f52330d21246afdf548b1419fd96427207e1cacba0f7,12389937333,10567020208,39679708,1822917125,67ce547832c60b8f7e15022b9068856c73dd3a44956fb44a7e6adfb85643b723,true,
tvm,densenet-12,node-907-relu,9,update,0,20260921,d104c1fae5de5adadd706aced21900f4207635e9092c469150e5fec49e7ccb7a,2d26e911439c67e26013c615d51a122dce873dfef056d225de710de811d2395f,13dd350c138f76a092df5ee5a11eab2e396a5492e089a3890f5dcc40559eed21,7e035a3d642ed6af2486f52330d21246afdf548b1419fd96427207e1cacba0f7,12422526667,10597491875,39036750,1825034792,67ce547832c60b8f7e15022b9068856c73dd3a44956fb44a7e6adfb85643b723,true,
joggle,squeezenet1.1-7,node-1-relu,0,rebuild,0,20260921,0e568ca06afbf1918168a859b255dc7991ba52407acf06392b1ff1817269f4ce,67e7ea56edd54471c720d0e48c12701b69fd51625baf29b063eb888aef5803cb,fa81db02c2505e6e07bc2e8bbb1b65f121861cb1f884c8763cb2e936a7bebf7b,000ba20c8561d582a1fa4c779858c3965a92b4be76c5fa7f1c9a632fa501c3b9,2913967917,2695802708,5458708,218165209,9b7a3b07c1771d7a589fd2322c48b14bb69acf16b83c5645aaa441d09b73418e,true,
joggle,squeezenet1.1-7,node-1-relu,0,update,1,20260921,0e568ca06afbf1918168a859b255dc7991ba52407acf06392b1ff1817269f4ce,67e7ea56edd54471c720d0e48c12701b69fd51625baf29b063eb888aef5803cb,fa81db02c2505e6e07bc2e8bbb1b65f121861cb1f884c8763cb2e936a7bebf7b,000ba20c8561d582a1fa4c779858c3965a92b4be76c5fa7f1c9a632fa501c3b9,2114675083,1896249542,5528083,218425541,9b7a3b07c1771d7a589fd2322c48b14bb69acf16b83c5645aaa441d09b73418e,true,
joggle,squeezenet1.1-7,node-1-relu,1,rebuild,1,20260921,0e568ca06afbf1918168a859b255dc7991ba52407acf06392b1ff1817269f4ce,67e7ea56edd54471c720d0e48c12701b69fd51625baf29b063eb888aef5803cb,fa81db02c2505e6e07bc2e8bbb1b65f121861cb1f884c8763cb2e936a7bebf7b,000ba20c8561d582a1fa4c779858c3965a92b4be76c5fa7f1c9a632fa501c3b9,2862277833,2646512958,5516833,215764875,9b7a3b07c1771d7a589fd2322c48b14bb69acf16b83c5645aaa441d09b73418e,true,
joggle,squeezenet1.1-7,node-1-relu,1,update,0,20260921,0e568ca06afbf1918168a859b255dc7991ba52407acf06392b1ff1817269f4ce,67e7ea56edd54471c720d0e48c12701b69fd51625baf29b063eb888aef5803cb,fa81db02c2505e6e07bc2e8bbb1b65f121861cb1f884c8763cb2e936a7bebf7b,000ba20c8561d582a1fa4c779858c3965a92b4be76c5fa7f1c9a632fa501c3b9,2042142625,1826602250,5980625,215540375,9b7a3b07c1771d7a589fd2322c48b14bb69acf16b83c5645aaa441d09b73418e,true,
joggle,squeezenet1.1-7,node-1-relu,2,rebuild,0,20260921,0e568ca06afbf1918168a859b255dc7991ba52407acf06392b1ff1817269f4ce,67e7ea56edd54471c720d0e48c12701b69fd51625baf29b063eb888aef5803cb,fa81db02c2505e6e07bc2e8bbb1b65f121861cb1f884c8763cb2e936a7bebf7b,000ba20c8561d582a1fa4c779858c3965a92b4be76c5fa7f1c9a632fa501c3b9,2888992875,2670356083,5495208,218636792,9b7a3b07c1771d7a589fd2322c48b14bb69acf16b83c5645aaa441d09b73418e,true,
joggle,squeezenet1.1-7,node-1-relu,2,update,1,20260921,0e568ca06afbf1918168a859b255dc7991ba52407acf06392b1ff1817269f4ce,67e7ea56edd54471c720d0e48c12701b69fd51625baf29b063eb888aef5803cb,fa81db02c2505e6e07bc2e8bbb1b65f121861cb1f884c8763cb2e936a7bebf7b,000ba20c8561d582a1fa4c779858c3965a92b4be76c5fa7f1c9a632fa501c3b9,2046035084,1825646917,5168250,220388167,9b7a3b07c1771d7a589fd2322c48b14bb69acf16b83c5645aaa441d09b73418e,true,
joggle,squeezenet1.1-7,node-1-relu,3,rebuild,0,20260921,0e568ca06afbf1918168a859b255dc7991ba52407acf06392b1ff1817269f4ce,67e7ea56edd54471c720d0e48c12701b69fd51625baf29b063eb888aef5803cb,fa81db02c2505e6e07bc2e8bbb1b65f121861cb1f884c8763cb2e936a7bebf7b,000ba20c8561d582a1fa4c779858c3965a92b4be76c5fa7f1c9a632fa501c3b9,2875617333,2659894042,5595417,215723291,9b7a3b07c1771d7a589fd2322c48b14bb69acf16b83c5645aaa441d09b73418e,true,
joggle,squeezenet1.1-7,node-1-relu,3,update,1,20260921,0e568ca06afbf1918168a859b255dc7991ba52407acf06392b1ff1817269f4ce,67e7ea56edd54471c720d0e48c12701b69fd51625baf29b063eb888aef5803cb,fa81db02c2505e6e07bc2e8bbb1b65f121861cb1f884c8763cb2e936a7bebf7b,000ba20c8561d582a1fa4c779858c3965a92b4be76c5fa7f1c9a632fa501c3b9,2028428375,1813177375,5460250,215251000,9b7a3b07c1771d7a589fd2322c48b14bb69acf16b83c5645aaa441d09b73418e,true,
joggle,squeezenet1.1-7,node-1-relu,4,rebuild,0,20260921,0e568ca06afbf1918168a859b255dc7991ba52407acf06392b1ff1817269f4ce,67e7ea56edd54471c720d0e48c12701b69fd51625baf29b063eb888aef5803cb,fa81db02c2505e6e07bc2e8bbb1b65f121861cb1f884c8763cb2e936a7bebf7b,000ba20c8561d582a1fa4c779858c3965a92b4be76c5fa7f1c9a632fa501c3b9,3051628042,2842141458,5661625,209486584,9b7a3b07c1771d7a589fd2322c48b14bb69acf16b83c5645aaa441d09b73418e,true,
joggle,squeezenet1.1-7,node-1-relu,4,update,1,20260921,0e568ca06afbf1918168a859b255dc7991ba52407acf06392b1ff1817269f4ce,67e7ea56edd54471c720d0e48c12701b69fd51625baf29b063eb888aef5803cb,fa81db02c2505e6e07bc2e8bbb1b65f121861cb1f884c8763cb2e936a7bebf7b,000ba20c8561d582a1fa4c779858c3965a92b4be76c5fa7f1c9a632fa501c3b9,2076971625,1859890209,6269084,217081416,9b7a3b07c1771d7a589fd2322c48b14bb69acf16b83c5645aaa441d09b73418e,true,
joggle,squeezenet1.1-7,node-1-relu,5,rebuild,0,20260921,0e568ca06afbf1918168a859b255dc7991ba52407acf06392b1ff1817269f4ce,67e7ea56edd54471c720d0e48c12701b69fd51625baf29b063eb888aef5803cb,fa81db02c2505e6e07bc2e8bbb1b65f121861cb1f884c8763cb2e936a7bebf7b,000ba20c8561d582a1fa4c779858c3965a92b4be76c5fa7f1c9a632fa501c3b9,2920262375,2703092666,6250750,217169709,9b7a3b07c1771d7a589fd2322c48b14bb69acf16b83c5645aaa441d09b73418e,true,
joggle,squeezenet1.1-7,node-1-relu,5,update,1,20260921,0e568ca06afbf1918168a859b255dc7991ba52407acf06392b1ff1817269f4ce,67e7ea56edd54471c720d0e48c12701b69fd51625baf29b063eb888aef5803cb,fa81db02c2505e6e07bc2e8bbb1b65f121861cb1f884c8763cb2e936a7bebf7b,000ba20c8561d582a1fa4c779858c3965a92b4be76c5fa7f1c9a632fa501c3b9,2069417208,1854119583,6581875,215297625,9b7a3b07c1771d7a589fd2322c48b14bb69acf16b83c5645aaa441d09b73418e,true,
joggle,squeezenet1.1-7,node-1-relu,6,rebuild,1,20260921,0e568ca06afbf1918168a859b255dc7991ba52407acf06392b1ff1817269f4ce,67e7ea56edd54471c720d0e48c12701b69fd51625baf29b063eb888aef5803cb,fa81db02c2505e6e07bc2e8bbb1b65f121861cb1f884c8763cb2e936a7bebf7b,000ba20c8561d582a1fa4c779858c3965a92b4be76c5fa7f1c9a632fa501c3b9,2872511542,2652353958,5566333,220157584,9b7a3b07c1771d7a589fd2322c48b14bb69acf16b83c5645aaa441d09b73418e,true,
joggle,squeezenet1.1-7,node-1-relu,6,update,0,20260921,0e568ca06afbf1918168a859b255dc7991ba52407acf06392b1ff1817269f4ce,67e7ea56edd54471c720d0e48c12701b69fd51625baf29b063eb888aef5803cb,fa81db02c2505e6e07bc2e8bbb1b65f121861cb1f884c8763cb2e936a7bebf7b,000ba20c8561d582a1fa4c779858c3965a92b4be76c5fa7f1c9a632fa501c3b9,2033390834,1818201625,5273375,215189209,9b7a3b07c1771d7a589fd2322c48b14bb69acf16b83c5645aaa441d09b73418e,true,
joggle,squeezenet1.1-7,node-1-relu,7,rebuild,1,20260921,0e568ca06afbf1918168a859b255dc7991ba52407acf06392b1ff1817269f4ce,67e7ea56edd54471c720d0e48c12701b69fd51625baf29b063eb888aef5803cb,fa81db02c2505e6e07bc2e8bbb1b65f121861cb1f884c8763cb2e936a7bebf7b,000ba20c8561d582a1fa4c779858c3965a92b4be76c5fa7f1c9a632fa501c3b9,2922431208,2705475875,5251667,216955333,9b7a3b07c1771d7a589fd2322c48b14bb69acf16b83c5645aaa441d09b73418e,true,
joggle,squeezenet1.1-7,node-1-relu,7,update,0,20260921,0e568ca06afbf1918168a859b255dc7991ba52407acf06392b1ff1817269f4ce,67e7ea56edd54471c720d0e48c12701b69fd51625baf29b063eb888aef5803cb,fa81db02c2505e6e07bc2e8bbb1b65f121861cb1f884c8763cb2e936a7bebf7b,000ba20c8561d582a1fa4c779858c3965a92b4be76c5fa7f1c9a632fa501c3b9,2024356791,1810866333,5266666,213490458,9b7a3b07c1771d7a589fd2322c48b14bb69acf16b83c5645aaa441d09b73418e,true,
joggle,squeezenet1.1-7,node-1-relu,8,rebuild,1,20260921,0e568ca06afbf1918168a859b255dc7991ba52407acf06392b1ff1817269f4ce,67e7ea56edd54471c720d0e48c12701b69fd51625baf29b063eb888aef5803cb,fa81db02c2505e6e07bc2e8bbb1b65f121861cb1f884c8763cb2e936a7bebf7b,000ba20c8561d582a1fa4c779858c3965a92b4be76c5fa7f1c9a632fa501c3b9,2890222625,2672674541,5553041,217548084,9b7a3b07c1771d7a589fd2322c48b14bb69acf16b83c5645aaa441d09b73418e,true,
joggle,squeezenet1.1-7,node-1-relu,8,update,0,20260921,0e568ca06afbf1918168a859b255dc7991ba52407acf06392b1ff1817269f4ce,67e7ea56edd54471c720d0e48c12701b69fd51625baf29b063eb888aef5803cb,fa81db02c2505e6e07bc2e8bbb1b65f121861cb1f884c8763cb2e936a7bebf7b,000ba20c8561d582a1fa4c779858c3965a92b4be76c5fa7f1c9a632fa501c3b9,2046358208,1831525500,6130041,214832708,9b7a3b07c1771d7a589fd2322c48b14bb69acf16b83c5645aaa441d09b73418e,true,
joggle,squeezenet1.1-7,node-1-relu,9,rebuild,0,20260921,0e568ca06afbf1918168a859b255dc7991ba52407acf06392b1ff1817269f4ce,67e7ea56edd54471c720d0e48c12701b69fd51625baf29b063eb888aef5803cb,fa81db02c2505e6e07bc2e8bbb1b65f121861cb1f884c8763cb2e936a7bebf7b,000ba20c8561d582a1fa4c779858c3965a92b4be76c5fa7f1c9a632fa501c3b9,3019256916,2800705291,6200250,218551625,9b7a3b07c1771d7a589fd2322c48b14bb69acf16b83c5645aaa441d09b73418e,true,
joggle,squeezenet1.1-7,node-1-relu,9,update,1,20260921,0e568ca06afbf1918168a859b255dc7991ba52407acf06392b1ff1817269f4ce,67e7ea56edd54471c720d0e48c12701b69fd51625baf29b063eb888aef5803cb,fa81db02c2505e6e07bc2e8bbb1b65f121861cb1f884c8763cb2e936a7bebf7b,000ba20c8561d582a1fa4c779858c3965a92b4be76c5fa7f1c9a632fa501c3b9,2125531416,1907673250,5972583,217858166,9b7a3b07c1771d7a589fd2322c48b14bb69acf16b83c5645aaa441d09b73418e,true,
onnx-mlir,squeezenet1.1-7,node-1-relu,0,rebuild,0,20260921,0e568ca06afbf1918168a859b255dc7991ba52407acf06392b1ff1817269f4ce,67e7ea56edd54471c720d0e48c12701b69fd51625baf29b063eb888aef5803cb,fa81db02c2505e6e07bc2e8bbb1b65f121861cb1f884c8763cb2e936a7bebf7b,9e9e2956405144d8e9553bdabc1b3028bd22db763ddc8f71fab3a485578734b6,2192749833,2083237333,5632333,109512500,83720e594f3bff9ef0e57883a91df5f2c9d5cf68d375fbc93c76048917ef7778,true,
onnx-mlir,squeezenet1.1-7,node-1-relu,0,update,1,20260921,0e568ca06afbf1918168a859b255dc7991ba52407acf06392b1ff1817269f4ce,67e7ea56edd54471c720d0e48c12701b69fd51625baf29b063eb888aef5803cb,fa81db02c2505e6e07bc2e8bbb1b65f121861cb1f884c8763cb2e936a7bebf7b,9e9e2956405144d8e9553bdabc1b3028bd22db763ddc8f71fab3a485578734b6,2189501125,2079272125,5531542,110229000,83720e594f3bff9ef0e57883a91df5f2c9d5cf68d375fbc93c76048917ef7778,true,
onnx-mlir,squeezenet1.1-7,node-1-relu,1,rebuild,1,20260921,0e568ca06afbf1918168a859b255dc7991ba52407acf06392b1ff1817269f4ce,67e7ea56edd54471c720d0e48c12701b69fd51625baf29b063eb888aef5803cb,fa81db02c2505e6e07bc2e8bbb1b65f121861cb1f884c8763cb2e936a7bebf7b,9e9e2956405144d8e9553bdabc1b3028bd22db763ddc8f71fab3a485578734b6,2325977125,2216199167,5716542,109777958,83720e594f3bff9ef0e57883a91df5f2c9d5cf68d375fbc93c76048917ef7778,true,
onnx-mlir,squeezenet1.1-7,node-1-relu,1,update,0,20260921,0e568ca06afbf1918168a859b255dc7991ba52407acf06392b1ff1817269f4ce,67e7ea56edd54471c720d0e48c12701b69fd51625baf29b063eb888aef5803cb,fa81db02c2505e6e07bc2e8bbb1b65f121861cb1f884c8763cb2e936a7bebf7b,9e9e2956405144d8e9553bdabc1b3028bd22db763ddc8f71fab3a485578734b6,2181703583,2071865208,5360125,109838375,83720e594f3bff9ef0e57883a91df5f2c9d5cf68d375fbc93c76048917ef7778,true,
onnx-mlir,squeezenet1.1-7,node-1-relu,2,rebuild,0,20260921,0e568ca06afbf1918168a859b255dc7991ba52407acf06392b1ff1817269f4ce,67e7ea56edd54471c720d0e48c12701b69fd51625baf29b063eb888aef5803cb,fa81db02c2505e6e07bc2e8bbb1b65f121861cb1f884c8763cb2e936a7bebf7b,9e9e2956405144d8e9553bdabc1b3028bd22db763ddc8f71fab3a485578734b6,2182498709,2071098250,5779584,111400459,83720e594f3bff9ef0e57883a91df5f2c9d5cf68d375fbc93c76048917ef7778,true,
onnx-mlir,squeezenet1.1-7,node-1-relu,2,update,1,20260921,0e568ca06afbf1918168a859b255dc7991ba52407acf06392b1ff1817269f4ce,67e7ea56edd54471c720d0e48c12701b69fd51625baf29b063eb888aef5803cb,fa81db02c2505e6e07bc2e8bbb1b65f121861cb1f884c8763cb2e936a7bebf7b,9e9e2956405144d8e9553bdabc1b3028bd22db763ddc8f71fab3a485578734b6,2207461583,2097773750,5316625,109687833,83720e594f3bff9ef0e57883a91df5f2c9d5cf68d375fbc93c76048917ef7778,true,
onnx-mlir,squeezenet1.1-7,node-1-relu,3,rebuild,0,20260921,0e568ca06afbf1918168a859b255dc7991ba52407acf06392b1ff1817269f4ce,67e7ea56edd54471c720d0e48c12701b69fd51625baf29b063eb888aef5803cb,fa81db02c2505e6e07bc2e8bbb1b65f121861cb1f884c8763cb2e936a7bebf7b,9e9e2956405144d8e9553bdabc1b3028bd22db763ddc8f71fab3a485578734b6,2208559875,2096841542,5377750,111718333,83720e594f3bff9ef0e57883a91df5f2c9d5cf68d375fbc93c76048917ef7778,true,
onnx-mlir,squeezenet1.1-7,node-1-relu,3,update,1,20260921,0e568ca06afbf1918168a859b255dc7991ba52407acf06392b1ff1817269f4ce,67e7ea56edd54471c720d0e48c12701b69fd51625baf29b063eb888aef5803cb,fa81db02c2505e6e07bc2e8bbb1b65f121861cb1f884c8763cb2e936a7bebf7b,9e9e2956405144d8e9553bdabc1b3028bd22db763ddc8f71fab3a485578734b6,2283070750,2173702583,5835916,109368167,83720e594f3bff9ef0e57883a91df5f2c9d5cf68d375fbc93c76048917ef7778,true,
onnx-mlir,squeezenet1.1-7,node-1-relu,4,rebuild,0,20260921,0e568ca06afbf1918168a859b255dc7991ba52407acf06392b1ff1817269f4ce,67e7ea56edd54471c720d0e48c12701b69fd51625baf29b063eb888aef5803cb,fa81db02c2505e6e07bc2e8bbb1b65f121861cb1f884c8763cb2e936a7bebf7b,9e9e2956405144d8e9553bdabc1b3028bd22db763ddc8f71fab3a485578734b6,2311773000,2216213667,5651542,95559333,83720e594f3bff9ef0e57883a91df5f2c9d5cf68d375fbc93c76048917ef7778,true,
onnx-mlir,squeezenet1.1-7,node-1-relu,4,update,1,20260921,0e568ca06afbf1918168a859b255dc7991ba52407acf06392b1ff1817269f4ce,67e7ea56edd54471c720d0e48c12701b69fd51625baf29b063eb888aef5803cb,fa81db02c2505e6e07bc2e8bbb1b65f121861cb1f884c8763cb2e936a7bebf7b,9e9e2956405144d8e9553bdabc1b3028bd22db763ddc8f71fab3a485578734b6,2246245875,2137901542,5342792,108344333,83720e594f3bff9ef0e57883a91df5f2c9d5cf68d375fbc93c76048917ef7778,true,
onnx-mlir,squeezenet1.1-7,node-1-relu,5,rebuild,0,20260921,0e568ca06afbf1918168a859b255dc7991ba52407acf06392b1ff1817269f4ce,67e7ea56edd54471c720d0e48c12701b69fd51625baf29b063eb888aef5803cb,fa81db02c2505e6e07bc2e8bbb1b65f121861cb1f884c8763cb2e936a7bebf7b,9e9e2956405144d8e9553bdabc1b3028bd22db763ddc8f71fab3a485578734b6,2187885291,2077599250,5871791,110286041,83720e594f3bff9ef0e57883a91df5f2c9d5cf68d375fbc93c76048917ef7778,true,
onnx-mlir,squeezenet1.1-7,node-1-relu,5,update,1,20260921,0e568ca06afbf1918168a859b255dc7991ba52407acf06392b1ff1817269f4ce,67e7ea56edd54471c720d0e48c12701b69fd51625baf29b063eb888aef5803cb,fa81db02c2505e6e07bc2e8bbb1b65f121861cb1f884c8763cb2e936a7bebf7b,9e9e2956405144d8e9553bdabc1b3028bd22db763ddc8f71fab3a485578734b6,2214892583,2105749166,5746666,109143417,83720e594f3bff9ef0e57883a91df5f2c9d5cf68d375fbc93c76048917ef7778,true,
onnx-mlir,squeezenet1.1-7,node-1-relu,6,rebuild,1,20260921,0e568ca06afbf1918168a859b255dc7991ba52407acf06392b1ff1817269f4ce,67e7ea56edd54471c720d0e48c12701b69fd51625baf29b063eb888aef5803cb,fa81db02c2505e6e07bc2e8bbb1b65f121861cb1f884c8763cb2e936a7bebf7b,9e9e2956405144d8e9553bdabc1b3028bd22db763ddc8f71fab3a485578734b6,2289672208,2179615125,6035125,110057083,83720e594f3bff9ef0e57883a91df5f2c9d5cf68d375fbc93c76048917ef7778,true,
onnx-mlir,squeezenet1.1-7,node-1-relu,6,update,0,20260921,0e568ca06afbf1918168a859b255dc7991ba52407acf06392b1ff1817269f4ce,67e7ea56edd54471c720d0e48c12701b69fd51625baf29b063eb888aef5803cb,fa81db02c2505e6e07bc2e8bbb1b65f121861cb1f884c8763cb2e936a7bebf7b,9e9e2956405144d8e9553bdabc1b3028bd22db763ddc8f71fab3a485578734b6,2188939917,2080589375,5747750,108350542,83720e594f3bff9ef0e57883a91df5f2c9d5cf68d375fbc93c76048917ef7778,true,
onnx-mlir,squeezenet1.1-7,node-1-relu,7,rebuild,1,20260921,0e568ca06afbf1918168a859b255dc7991ba52407acf06392b1ff1817269f4ce,67e7ea56edd54471c720d0e48c12701b69fd51625baf29b063eb888aef5803cb,fa81db02c2505e6e07bc2e8bbb1b65f121861cb1f884c8763cb2e936a7bebf7b,9e9e2956405144d8e9553bdabc1b3028bd22db763ddc8f71fab3a485578734b6,2393287041,2297405541,8711583,95881500,83720e594f3bff9ef0e57883a91df5f2c9d5cf68d375fbc93c76048917ef7778,true,
onnx-mlir,squeezenet1.1-7,node-1-relu,7,update,0,20260921,0e568ca06afbf1918168a859b255dc7991ba52407acf06392b1ff1817269f4ce,67e7ea56edd54471c720d0e48c12701b69fd51625baf29b063eb888aef5803cb,fa81db02c2505e6e07bc2e8bbb1b65f121861cb1f884c8763cb2e936a7bebf7b,9e9e2956405144d8e9553bdabc1b3028bd22db763ddc8f71fab3a485578734b6,2323635458,2215086500,5381167,108548958,83720e594f3bff9ef0e57883a91df5f2c9d5cf68d375fbc93c76048917ef7778,true,
onnx-mlir,squeezenet1.1-7,node-1-relu,8,rebuild,1,20260921,0e568ca06afbf1918168a859b255dc7991ba52407acf06392b1ff1817269f4ce,67e7ea56edd54471c720d0e48c12701b69fd51625baf29b063eb888aef5803cb,fa81db02c2505e6e07bc2e8bbb1b65f121861cb1f884c8763cb2e936a7bebf7b,9e9e2956405144d8e9553bdabc1b3028bd22db763ddc8f71fab3a485578734b6,2330683500,2221894959,5725292,108788541,83720e594f3bff9ef0e57883a91df5f2c9d5cf68d375fbc93c76048917ef7778,true,
onnx-mlir,squeezenet1.1-7,node-1-relu,8,update,0,20260921,0e568ca06afbf1918168a859b255dc7991ba52407acf06392b1ff1817269f4ce,67e7ea56edd54471c720d0e48c12701b69fd51625baf29b063eb888aef5803cb,fa81db02c2505e6e07bc2e8bbb1b65f121861cb1f884c8763cb2e936a7bebf7b,9e9e2956405144d8e9553bdabc1b3028bd22db763ddc8f71fab3a485578734b6,2319257625,2209539125,5419917,109718500,83720e594f3bff9ef0e57883a91df5f2c9d5cf68d375fbc93c76048917ef7778,true,
onnx-mlir,squeezenet1.1-7,node-1-relu,9,rebuild,0,20260921,0e568ca06afbf1918168a859b255dc7991ba52407acf06392b1ff1817269f4ce,67e7ea56edd54471c720d0e48c12701b69fd51625baf29b063eb888aef5803cb,fa81db02c2505e6e07bc2e8bbb1b65f121861cb1f884c8763cb2e936a7bebf7b,9e9e2956405144d8e9553bdabc1b3028bd22db763ddc8f71fab3a485578734b6,2205701875,2093518708,5608375,112183167,83720e594f3bff9ef0e57883a91df5f2c9d5cf68d375fbc93c76048917ef7778,true,
onnx-mlir,squeezenet1.1-7,node-1-relu,9,update,1,20260921,0e568ca06afbf1918168a859b255dc7991ba52407acf06392b1ff1817269f4ce,67e7ea56edd54471c720d0e48c12701b69fd51625baf29b063eb888aef5803cb,fa81db02c2505e6e07bc2e8bbb1b65f121861cb1f884c8763cb2e936a7bebf7b,9e9e2956405144d8e9553bdabc1b3028bd22db763ddc8f71fab3a485578734b6,2194410458,2083499542,5749417,110910916,83720e594f3bff9ef0e57883a91df5f2c9d5cf68d375fbc93c76048917ef7778,true,
tvm,squeezenet1.1-7,node-1-relu,0,rebuild,0,20260921,0e568ca06afbf1918168a859b255dc7991ba52407acf06392b1ff1817269f4ce,67e7ea56edd54471c720d0e48c12701b69fd51625baf29b063eb888aef5803cb,fa81db02c2505e6e07bc2e8bbb1b65f121861cb1f884c8763cb2e936a7bebf7b,7e035a3d642ed6af2486f52330d21246afdf548b1419fd96427207e1cacba0f7,1308491625,1140786375,5521083,167705250,9b7a3b07c1771d7a589fd2322c48b14bb69acf16b83c5645aaa441d09b73418e,true,
tvm,squeezenet1.1-7,node-1-relu,0,update,1,20260921,0e568ca06afbf1918168a859b255dc7991ba52407acf06392b1ff1817269f4ce,67e7ea56edd54471c720d0e48c12701b69fd51625baf29b063eb888aef5803cb,fa81db02c2505e6e07bc2e8bbb1b65f121861cb1f884c8763cb2e936a7bebf7b,7e035a3d642ed6af2486f52330d21246afdf548b1419fd96427207e1cacba0f7,1370367167,1198093875,5415084,172273292,9b7a3b07c1771d7a589fd2322c48b14bb69acf16b83c5645aaa441d09b73418e,true,
tvm,squeezenet1.1-7,node-1-relu,1,rebuild,1,20260921,0e568ca06afbf1918168a859b255dc7991ba52407acf06392b1ff1817269f4ce,67e7ea56edd54471c720d0e48c12701b69fd51625baf29b063eb888aef5803cb,fa81db02c2505e6e07bc2e8bbb1b65f121861cb1f884c8763cb2e936a7bebf7b,7e035a3d642ed6af2486f52330d21246afdf548b1419fd96427207e1cacba0f7,1241660667,1077316792,5236958,164343875,9b7a3b07c1771d7a589fd2322c48b14bb69acf16b83c5645aaa441d09b73418e,true,
tvm,squeezenet1.1-7,node-1-relu,1,update,0,20260921,0e568ca06afbf1918168a859b255dc7991ba52407acf06392b1ff1817269f4ce,67e7ea56edd54471c720d0e48c12701b69fd51625baf29b063eb888aef5803cb,fa81db02c2505e6e07bc2e8bbb1b65f121861cb1f884c8763cb2e936a7bebf7b,7e035a3d642ed6af2486f52330d21246afdf548b1419fd96427207e1cacba0f7,1275667542,1110287542,5309834,165380000,9b7a3b07c1771d7a589fd2322c48b14bb69acf16b83c5645aaa441d09b73418e,true,
tvm,squeezenet1.1-7,node-1-relu,2,rebuild,0,20260921,0e568ca06afbf1918168a859b255dc7991ba52407acf06392b1ff1817269f4ce,67e7ea56edd54471c720d0e48c12701b69fd51625baf29b063eb888aef5803cb,fa81db02c2505e6e07bc2e8bbb1b65f121861cb1f884c8763cb2e936a7bebf7b,7e035a3d642ed6af2486f52330d21246afdf548b1419fd96427207e1cacba0f7,1250048625,1084506750,5544667,165541875,9b7a3b07c1771d7a589fd2322c48b14bb69acf16b83c5645aaa441d09b73418e,true,
tvm,squeezenet1.1-7,node-1-relu,2,update,1,20260921,0e568ca06afbf1918168a859b255dc7991ba52407acf06392b1ff1817269f4ce,67e7ea56edd54471c720d0e48c12701b69fd51625baf29b063eb888aef5803cb,fa81db02c2505e6e07bc2e8bbb1b65f121861cb1f884c8763cb2e936a7bebf7b,7e035a3d642ed6af2486f52330d21246afdf548b1419fd96427207e1cacba0f7,1249667166,1084703166,5600958,164964000,9b7a3b07c1771d7a589fd2322c48b14bb69acf16b83c5645aaa441d09b73418e,true,
tvm,squeezenet1.1-7,node-1-relu,3,rebuild,0,20260921,0e568ca06afbf1918168a859b255dc7991ba52407acf06392b1ff1817269f4ce,67e7ea56edd54471c720d0e48c12701b69fd51625baf29b063eb888aef5803cb,fa81db02c2505e6e07bc2e8bbb1b65f121861cb1f884c8763cb2e936a7bebf7b,7e035a3d642ed6af2486f52330d21246afdf548b1419fd96427207e1cacba0f7,1231246750,1067155834,5994709,164090916,9b7a3b07c1771d7a589fd2322c48b14bb69acf16b83c5645aaa441d09b73418e,true,
tvm,squeezenet1.1-7,node-1-relu,3,update,1,20260921,0e568ca06afbf1918168a859b255dc7991ba52407acf06392b1ff1817269f4ce,67e7ea56edd54471c720d0e48c12701b69fd51625baf29b063eb888aef5803cb,fa81db02c2505e6e07bc2e8bbb1b65f121861cb1f884c8763cb2e936a7bebf7b,7e035a3d642ed6af2486f52330d21246afdf548b1419fd96427207e1cacba0f7,1234963708,1070266833,5789041,164696875,9b7a3b07c1771d7a589fd2322c48b14bb69acf16b83c5645aaa441d09b73418e,true,
tvm,squeezenet1.1-7,node-1-relu,4,rebuild,0,20260921,0e568ca06afbf1918168a859b255dc7991ba52407acf06392b1ff1817269f4ce,67e7ea56edd54471c720d0e48c12701b69fd51625baf29b063eb888aef5803cb,fa81db02c2505e6e07bc2e8bbb1b65f121861cb1f884c8763cb2e936a7bebf7b,7e035a3d642ed6af2486f52330d21246afdf548b1419fd96427207e1cacba0f7,1229876042,1065289000,6643250,164587042,9b7a3b07c1771d7a589fd2322c48b14bb69acf16b83c5645aaa441d09b73418e,true,
tvm,squeezenet1.1-7,node-1-relu,4,update,1,20260921,0e568ca06afbf1918168a859b255dc7991ba52407acf06392b1ff1817269f4ce,67e7ea56edd54471c720d0e48c12701b69fd51625baf29b063eb888aef5803cb,fa81db02c2505e6e07bc2e8bbb1b65f121861cb1f884c8763cb2e936a7bebf7b,7e035a3d642ed6af2486f52330d21246afdf548b1419fd96427207e1cacba0f7,1231436250,1067334583,5795250,164101667,9b7a3b07c1771d7a589fd2322c48b14bb69acf16b83c5645aaa441d09b73418e,true,
tvm,squeezenet1.1-7,node-1-relu,5,rebuild,0,20260921,0e568ca06afbf1918168a859b255dc7991ba52407acf06392b1ff1817269f4ce,67e7ea56edd54471c720d0e48c12701b69fd51625baf29b063eb888aef5803cb,fa81db02c2505e6e07bc2e8bbb1b65f121861cb1f884c8763cb2e936a7bebf7b,7e035a3d642ed6af2486f52330d21246afdf548b1419fd96427207e1cacba0f7,1226438625,1061613458,6269375,164825167,9b7a3b07c1771d7a589fd2322c48b14bb69acf16b83c5645aaa441d09b73418e,true,
tvm,squeezenet1.1-7,node-1-relu,5,update,1,20260921,0e568ca06afbf1918168a859b255dc7991ba52407acf06392b1ff1817269f4ce,67e7ea56edd54471c720d0e48c12701b69fd51625baf29b063eb888aef5803cb,fa81db02c2505e6e07bc2e8bbb1b65f121861cb1f884c8763cb2e936a7bebf7b,7e035a3d642ed6af2486f52330d21246afdf548b1419fd96427207e1cacba0f7,1239302458,1074059000,6309625,165243458,9b7a3b07c1771d7a589fd2322c48b14bb69acf16b83c5645aaa441d09b73418e,true,
tvm,squeezenet1.1-7,node-1-relu,6,rebuild,1,20260921,0e568ca06afbf1918168a859b255dc7991ba52407acf06392b1ff1817269f4ce,67e7ea56edd54471c720d0e48c12701b69fd51625baf29b063eb888aef5803cb,fa81db02c2505e6e07bc2e8bbb1b65f121861cb1f884c8763cb2e936a7bebf7b,7e035a3d642ed6af2486f52330d21246afdf548b1419fd96427207e1cacba0f7,1234266125,1068997166,5590125,165268959,9b7a3b07c1771d7a589fd2322c48b14bb69acf16b83c5645aaa441d09b73418e,true,
tvm,squeezenet1.1-7,node-1-relu,6,update,0,20260921,0e568ca06afbf1918168a859b255dc7991ba52407acf06392b1ff1817269f4ce,67e7ea56edd54471c720d0e48c12701b69fd51625baf29b063eb888aef5803cb,fa81db02c2505e6e07bc2e8bbb1b65f121861cb1f884c8763cb2e936a7bebf7b,7e035a3d642ed6af2486f52330d21246afdf548b1419fd96427207e1cacba0f7,1229705458,1065421125,5907333,164284333,9b7a3b07c1771d7a589fd2322c48b14bb69acf16b83c5645aaa441d09b73418e,true,
tvm,squeezenet1.1-7,node-1-relu,7,rebuild,1,20260921,0e568ca06afbf1918168a859b255dc7991ba52407acf06392b1ff1817269f4ce,67e7ea56edd54471c720d0e48c12701b69fd51625baf29b063eb888aef5803cb,fa81db02c2505e6e07bc2e8bbb1b65f121861cb1f884c8763cb2e936a7bebf7b,7e035a3d642ed6af2486f52330d21246afdf548b1419fd96427207e1cacba0f7,1232023125,1067615958,5597000,164407167,9b7a3b07c1771d7a589fd2322c48b14bb69acf16b83c5645aaa441d09b73418e,true,
tvm,squeezenet1.1-7,node-1-relu,7,update,0,20260921,0e568ca06afbf1918168a859b255dc7991ba52407acf06392b1ff1817269f4ce,67e7ea56edd54471c720d0e48c12701b69fd51625baf29b063eb888aef5803cb,fa81db02c2505e6e07bc2e8bbb1b65f121861cb1f884c8763cb2e936a7bebf7b,7e035a3d642ed6af2486f52330d21246afdf548b1419fd96427207e1cacba0f7,1235253041,1071185875,6190458,164067166,9b7a3b07c1771d7a589fd2322c48b14bb69acf16b83c5645aaa441d09b73418e,true,
tvm,squeezenet1.1-7,node-1-relu,8,rebuild,1,20260921,0e568ca06afbf1918168a859b255dc7991ba52407acf06392b1ff1817269f4ce,67e7ea56edd54471c720d0e48c12701b69fd51625baf29b063eb888aef5803cb,fa81db02c2505e6e07bc2e8bbb1b65f121861cb1f884c8763cb2e936a7bebf7b,7e035a3d642ed6af2486f52330d21246afdf548b1419fd96427207e1cacba0f7,1295274208,1130250000,5460500,165024208,9b7a3b07c1771d7a589fd2322c48b14bb69acf16b83c5645aaa441d09b73418e,true,
tvm,squeezenet1.1-7,node-1-relu,8,update,0,20260921,0e568ca06afbf1918168a859b255dc7991ba52407acf06392b1ff1817269f4ce,67e7ea56edd54471c720d0e48c12701b69fd51625baf29b063eb888aef5803cb,fa81db02c2505e6e07bc2e8bbb1b65f121861cb1f884c8763cb2e936a7bebf7b,7e035a3d642ed6af2486f52330d21246afdf548b1419fd96427207e1cacba0f7,1258031375,1092732583,5663750,165298792,9b7a3b07c1771d7a589fd2322c48b14bb69acf16b83c5645aaa441d09b73418e,true,
tvm,squeezenet1.1-7,node-1-relu,9,rebuild,0,20260921,0e568ca06afbf1918168a859b255dc7991ba52407acf06392b1ff1817269f4ce,67e7ea56edd54471c720d0e48c12701b69fd51625baf29b063eb888aef5803cb,fa81db02c2505e6e07bc2e8bbb1b65f121861cb1f884c8763cb2e936a7bebf7b,7e035a3d642ed6af2486f52330d21246afdf548b1419fd96427207e1cacba0f7,1221986958,1057255125,5584458,164731833,9b7a3b07c1771d7a589fd2322c48b14bb69acf16b83c5645aaa441d09b73418e,true,
tvm,squeezenet1.1-7,node-1-relu,9,update,1,20260921,0e568ca06afbf1918168a859b255dc7991ba52407acf06392b1ff1817269f4ce,67e7ea56edd54471c720d0e48c12701b69fd51625baf29b063eb888aef5803cb,fa81db02c2505e6e07bc2e8bbb1b65f121861cb1f884c8763cb2e936a7bebf7b,7e035a3d642ed6af2486f52330d21246afdf548b1419fd96427207e1cacba0f7,1225662708,1061481000,5564042,164181708,9b7a3b07c1771d7a589fd2322c48b14bb69acf16b83c5645aaa441d09b73418e,true,
joggle,squeezenet1.1-7,node-34-relu,0,rebuild,1,20260921,fac3bc8ea04b4e7126fcbe99a77bac2f5c7a94e46c28e25ed4564dfbb69b0aba,8d6ce8499d7f9bdfc6c1eb25ff8554147992d73de0c7e2fc9b287b88766c36b9,fa81db02c2505e6e07bc2e8bbb1b65f121861cb1f884c8763cb2e936a7bebf7b,000ba20c8561d582a1fa4c779858c3965a92b4be76c5fa7f1c9a632fa501c3b9,2979988041,2761782250,6303541,218205791,4704b510c4f9092038ed6e519693eb17f9b4c54d1c7ada13ac2c3c87680e7f33,true,
joggle,squeezenet1.1-7,node-34-relu,0,update,0,20260921,fac3bc8ea04b4e7126fcbe99a77bac2f5c7a94e46c28e25ed4564dfbb69b0aba,8d6ce8499d7f9bdfc6c1eb25ff8554147992d73de0c7e2fc9b287b88766c36b9,fa81db02c2505e6e07bc2e8bbb1b65f121861cb1f884c8763cb2e936a7bebf7b,000ba20c8561d582a1fa4c779858c3965a92b4be76c5fa7f1c9a632fa501c3b9,2055240083,1840487083,5353792,214753000,4704b510c4f9092038ed6e519693eb17f9b4c54d1c7ada13ac2c3c87680e7f33,true,
joggle,squeezenet1.1-7,node-34-relu,1,rebuild,1,20260921,fac3bc8ea04b4e7126fcbe99a77bac2f5c7a94e46c28e25ed4564dfbb69b0aba,8d6ce8499d7f9bdfc6c1eb25ff8554147992d73de0c7e2fc9b287b88766c36b9,fa81db02c2505e6e07bc2e8bbb1b65f121861cb1f884c8763cb2e936a7bebf7b,000ba20c8561d582a1fa4c779858c3965a92b4be76c5fa7f1c9a632fa501c3b9,2852944417,2636389500,5386417,216554917,4704b510c4f9092038ed6e519693eb17f9b4c54d1c7ada13ac2c3c87680e7f33,true,
joggle,squeezenet1.1-7,node-34-relu,1,update,0,20260921,fac3bc8ea04b4e7126fcbe99a77bac2f5c7a94e46c28e25ed4564dfbb69b0aba,8d6ce8499d7f9bdfc6c1eb25ff8554147992d73de0c7e2fc9b287b88766c36b9,fa81db02c2505e6e07bc2e8bbb1b65f121861cb1f884c8763cb2e936a7bebf7b,000ba20c8561d582a1fa4c779858c3965a92b4be76c5fa7f1c9a632fa501c3b9,2091682583,1877170833,5374583,214511750,4704b510c4f9092038ed6e519693eb17f9b4c54d1c7ada13ac2c3c87680e7f33,true,
joggle,squeezenet1.1-7,node-34-relu,2,rebuild,0,20260921,fac3bc8ea04b4e7126fcbe99a77bac2f5c7a94e46c28e25ed4564dfbb69b0aba,8d6ce8499d7f9bdfc6c1eb25ff8554147992d73de0c7e2fc9b287b88766c36b9,fa81db02c2505e6e07bc2e8bbb1b65f121861cb1f884c8763cb2e936a7bebf7b,000ba20c8561d582a1fa4c779858c3965a92b4be76c5fa7f1c9a632fa501c3b9,2866646500,2648771417,5777084,217875083,4704b510c4f9092038ed6e519693eb17f9b4c54d1c7ada13ac2c3c87680e7f33,true,
joggle,squeezenet1.1-7,node-34-relu,2,update,1,20260921,fac3bc8ea04b4e7126fcbe99a77bac2f5c7a94e46c28e25ed4564dfbb69b0aba,8d6ce8499d7f9bdfc6c1eb25ff8554147992d73de0c7e2fc9b287b88766c36b9,fa81db02c2505e6e07bc2e8bbb1b65f121861cb1f884c8763cb2e936a7bebf7b,000ba20c8561d582a1fa4c779858c3965a92b4be76c5fa7f1c9a632fa501c3b9,2048243458,1832514792,5459875,215728666,4704b510c4f9092038ed6e519693eb17f9b4c54d1c7ada13ac2c3c87680e7f33,true,
joggle,squeezenet1.1-7,node-34-relu,3,rebuild,0,20260921,fac3bc8ea04b4e7126fcbe99a77bac2f5c7a94e46c28e25ed4564dfbb69b0aba,8d6ce8499d7f9bdfc6c1eb25ff8554147992d73de0c7e2fc9b287b88766c36b9,fa81db02c2505e6e07bc2e8bbb1b65f121861cb1f884c8763cb2e936a7bebf7b,000ba20c8561d582a1fa4c779858c3965a92b4be76c5fa7f1c9a632fa501c3b9,2992590166,2776823208,5806583,215766958,4704b510c4f9092038ed6e519693eb17f9b4c54d1c7ada13ac2c3c87680e7f33,true,
joggle,squeezenet1.1-7,node-34-relu,3,update,1,20260921,fac3bc8ea04b4e7126fcbe99a77bac2f5c7a94e46c28e25ed4564dfbb69b0aba,8d6ce8499d7f9bdfc6c1eb25ff8554147992d73de0c7e2fc9b287b88766c36b9,fa81db02c2505e6e07bc2e8bbb1b65f121861cb1f884c8763cb2e936a7bebf7b,000ba20c8561d582a1fa4c779858c3965a92b4be76c5fa7f1c9a632fa501c3b9,2028759666,1815840375,5624125,212919291,4704b510c4f9092038ed6e519693eb17f9b4c54d1c7ada13ac2c3c87680e7f33,true,
joggle,squeezenet1.1-7,node-34-relu,4,rebuild,0,20260921,fac3bc8ea04b4e7126fcbe99a77bac2f5c7a94e46c28e25ed4564dfbb69b0aba,8d6ce8499d7f9bdfc6c1eb25ff8554147992d73de0c7e2fc9b287b88766c36b9,fa81db02c2505e6e07bc2e8bbb1b65f121861cb1f884c8763cb2e936a7bebf7b,000ba20c8561d582a1fa4c779858c3965a92b4be76c5fa7f1c9a632fa501c3b9,2989412459,2773004709,6817792,216407750,4704b510c4f9092038ed6e519693eb17f9b4c54d1c7ada13ac2c3c87680e7f33,true,
joggle,squeezenet1.1-7,node-34-relu,4,update,1,20260921,fac3bc8ea04b4e7126fcbe99a77bac2f5c7a94e46c28e25ed4564dfbb69b0aba,8d6ce8499d7f9bdfc6c1eb25ff8554147992d73de0c7e2fc9b287b88766c36b9,fa81db02c2505e6e07bc2e8bbb1b65f121861cb1f884c8763cb2e936a7bebf7b,000ba20c8561d582a1fa4c779858c3965a92b4be76c5fa7f1c9a632fa501c3b9,2101223209,1883084959,5543667,218138250,4704b510c4f9092038ed6e519693eb17f9b4c54d1c7ada13ac2c3c87680e7f33,true,
joggle,squeezenet1.1-7,node-34-relu,5,rebuild,1,20260921,fac3bc8ea04b4e7126fcbe99a77bac2f5c7a94e46c28e25ed4564dfbb69b0aba,8d6ce8499d7f9bdfc6c1eb25ff8554147992d73de0c7e2fc9b287b88766c36b9,fa81db02c2505e6e07bc2e8bbb1b65f121861cb1f884c8763cb2e936a7bebf7b,000ba20c8561d582a1fa4c779858c3965a92b4be76c5fa7f1c9a632fa501c3b9,2866255500,2648390292,5903750,217865208,4704b510c4f9092038ed6e519693eb17f9b4c54d1c7ada13ac2c3c87680e7f33,true,
joggle,squeezenet1.1-7,node-34-relu,5,update,0,20260921,fac3bc8ea04b4e7126fcbe99a77bac2f5c7a94e46c28e25ed4564dfbb69b0aba,8d6ce8499d7f9bdfc6c1eb25ff8554147992d73de0c7e2fc9b287b88766c36b9,fa81db02c2505e6e07bc2e8bbb1b65f121861cb1f884c8763cb2e936a7bebf7b,000ba20c8561d582a1fa4c779858c3965a92b4be76c5fa7f1c9a632fa501c3b9,2043671500,1825609708,5634042,218061792,4704b510c4f9092038ed6e519693eb17f9b4c54d1c7ada13ac2c3c87680e7f33,true,
joggle,squeezenet1.1-7,node-34-relu,6,rebuild,1,20260921,fac3bc8ea04b4e7126fcbe99a77bac2f5c7a94e46c28e25ed4564dfbb69b0aba,8d6ce8499d7f9bdfc6c1eb25ff8554147992d73de0c7e2fc9b287b88766c36b9,fa81db02c2505e6e07bc2e8bbb1b65f121861cb1f884c8763cb2e936a7bebf7b,000ba20c8561d582a1fa4c779858c3965a92b4be76c5fa7f1c9a632fa501c3b9,2916965958,2701326375,5474416,215639583,4704b510c4f9092038ed6e519693eb17f9b4c54d1c7ada13ac2c3c87680e7f33,true,
joggle,squeezenet1.1-7,node-34-relu,6,update,0,20260921,fac3bc8ea04b4e7126fcbe99a77bac2f5c7a94e46c28e25ed4564dfbb69b0aba,8d6ce8499d7f9bdfc6c1eb25ff8554147992d73de0c7e2fc9b287b88766c36b9,fa81db02c2505e6e07bc2e8bbb1b65f121861cb1f884c8763cb2e936a7bebf7b,000ba20c8561d582a1fa4c779858c3965a92b4be76c5fa7f1c9a632fa501c3b9,2275831584,2058379625,7514459,217451959,4704b510c4f9092038ed6e519693eb17f9b4c54d1c7ada13ac2c3c87680e7f33,true,
joggle,squeezenet1.1-7,node-34-relu,7,rebuild,1,20260921,fac3bc8ea04b4e7126fcbe99a77bac2f5c7a94e46c28e25ed4564dfbb69b0aba,8d6ce8499d7f9bdfc6c1eb25ff8554147992d73de0c7e2fc9b287b88766c36b9,fa81db02c2505e6e07bc2e8bbb1b65f121861cb1f884c8763cb2e936a7bebf7b,000ba20c8561d582a1fa4c779858c3965a92b4be76c5fa7f1c9a632fa501c3b9,2966785042,2747459917,6030542,219325125,4704b510c4f9092038ed6e519693eb17f9b4c54d1c7ada13ac2c3c87680e7f33,true,
joggle,squeezenet1.1-7,node-34-relu,7,update,0,20260921,fac3bc8ea04b4e7126fcbe99a77bac2f5c7a94e46c28e25ed4564dfbb69b0aba,8d6ce8499d7f9bdfc6c1eb25ff8554147992d73de0c7e2fc9b287b88766c36b9,fa81db02c2505e6e07bc2e8bbb1b65f121861cb1f884c8763cb2e936a7bebf7b,000ba20c8561d582a1fa4c779858c3965a92b4be76c5fa7f1c9a632fa501c3b9,2035095708,1818517666,5282333,216578042,4704b510c4f9092038ed6e519693eb17f9b4c54d1c7ada13ac2c3c87680e7f33,true,
joggle,squeezenet1.1-7,node-34-relu,8,rebuild,1,20260921,fac3bc8ea04b4e7126fcbe99a77bac2f5c7a94e46c28e25ed4564dfbb69b0aba,8d6ce8499d7f9bdfc6c1eb25ff8554147992d73de0c7e2fc9b287b88766c36b9,fa81db02c2505e6e07bc2e8bbb1b65f121861cb1f884c8763cb2e936a7bebf7b,000ba20c8561d582a1fa4c779858c3965a92b4be76c5fa7f1c9a632fa501c3b9,2863263917,2648154667,5577250,215109250,4704b510c4f9092038ed6e519693eb17f9b4c54d1c7ada13ac2c3c87680e7f33,true,
joggle,squeezenet1.1-7,node-34-relu,8,update,0,20260921,fac3bc8ea04b4e7126fcbe99a77bac2f5c7a94e46c28e25ed4564dfbb69b0aba,8d6ce8499d7f9bdfc6c1eb25ff8554147992d73de0c7e2fc9b287b88766c36b9,fa81db02c2505e6e07bc2e8bbb1b65f121861cb1f884c8763cb2e936a7bebf7b,000ba20c8561d582a1fa4c779858c3965a92b4be76c5fa7f1c9a632fa501c3b9,2040378583,1825179333,5581000,215199250,4704b510c4f9092038ed6e519693eb17f9b4c54d1c7ada13ac2c3c87680e7f33,true,
joggle,squeezenet1.1-7,node-34-relu,9,rebuild,0,20260921,fac3bc8ea04b4e7126fcbe99a77bac2f5c7a94e46c28e25ed4564dfbb69b0aba,8d6ce8499d7f9bdfc6c1eb25ff8554147992d73de0c7e2fc9b287b88766c36b9,fa81db02c2505e6e07bc2e8bbb1b65f121861cb1f884c8763cb2e936a7bebf7b,000ba20c8561d582a1fa4c779858c3965a92b4be76c5fa7f1c9a632fa501c3b9,2863736834,2646941375,5219167,216795459,4704b510c4f9092038ed6e519693eb17f9b4c54d1c7ada13ac2c3c87680e7f33,true,
joggle,squeezenet1.1-7,node-34-relu,9,update,1,20260921,fac3bc8ea04b4e7126fcbe99a77bac2f5c7a94e46c28e25ed4564dfbb69b0aba,8d6ce8499d7f9bdfc6c1eb25ff8554147992d73de0c7e2fc9b287b88766c36b9,fa81db02c2505e6e07bc2e8bbb1b65f121861cb1f884c8763cb2e936a7bebf7b,000ba20c8561d582a1fa4c779858c3965a92b4be76c5fa7f1c9a632fa501c3b9,2077974708,1861608583,5353083,216366125,4704b510c4f9092038ed6e519693eb17f9b4c54d1c7ada13ac2c3c87680e7f33,true,
onnx-mlir,squeezenet1.1-7,node-34-relu,0,rebuild,1,20260921,fac3bc8ea04b4e7126fcbe99a77bac2f5c7a94e46c28e25ed4564dfbb69b0aba,8d6ce8499d7f9bdfc6c1eb25ff8554147992d73de0c7e2fc9b287b88766c36b9,fa81db02c2505e6e07bc2e8bbb1b65f121861cb1f884c8763cb2e936a7bebf7b,9e9e2956405144d8e9553bdabc1b3028bd22db763ddc8f71fab3a485578734b6,2296455875,2186179917,5626125,110275958,c6382ac4d08af0c34e02c192d81f9bd9f97e3724cf5ddf68ce661ae484a813db,true,
onnx-mlir,squeezenet1.1-7,node-34-relu,0,update,0,20260921,fac3bc8ea04b4e7126fcbe99a77bac2f5c7a94e46c28e25ed4564dfbb69b0aba,8d6ce8499d7f9bdfc6c1eb25ff8554147992d73de0c7e2fc9b287b88766c36b9,fa81db02c2505e6e07bc2e8bbb1b65f121861cb1f884c8763cb2e936a7bebf7b,9e9e2956405144d8e9553bdabc1b3028bd22db763ddc8f71fab3a485578734b6,2283344625,2172000542,5677208,111344083,c6382ac4d08af0c34e02c192d81f9bd9f97e3724cf5ddf68ce661ae484a813db,true,
onnx-mlir,squeezenet1.1-7,node-34-relu,1,rebuild,1,20260921,fac3bc8ea04b4e7126fcbe99a77bac2f5c7a94e46c28e25ed4564dfbb69b0aba,8d6ce8499d7f9bdfc6c1eb25ff8554147992d73de0c7e2fc9b287b88766c36b9,fa81db02c2505e6e07bc2e8bbb1b65f121861cb1f884c8763cb2e936a7bebf7b,9e9e2956405144d8e9553bdabc1b3028bd22db763ddc8f71fab3a485578734b6,2276713834,2166305167,5834209,110408667,c6382ac4d08af0c34e02c192d81f9bd9f97e3724cf5ddf68ce661ae484a813db,true,
onnx-mlir,squeezenet1.1-7,node-34-relu,1,update,0,20260921,fac3bc8ea04b4e7126fcbe99a77bac2f5c7a94e46c28e25ed4564dfbb69b0aba,8d6ce8499d7f9bdfc6c1eb25ff8554147992d73de0c7e2fc9b287b88766c36b9,fa81db02c2505e6e07bc2e8bbb1b65f121861cb1f884c8763cb2e936a7bebf7b,9e9e2956405144d8e9553bdabc1b3028bd22db763ddc8f71fab3a485578734b6,2268202291,2172525583,5847541,95676708,c6382ac4d08af0c34e02c192d81f9bd9f97e3724cf5ddf68ce661ae484a813db,true,
onnx-mlir,squeezenet1.1-7,node-34-relu,2,rebuild,0,20260921,fac3bc8ea04b4e7126fcbe99a77bac2f5c7a94e46c28e25ed4564dfbb69b0aba,8d6ce8499d7f9bdfc6c1eb25ff8554147992d73de0c7e2fc9b287b88766c36b9,fa81db02c2505e6e07bc2e8bbb1b65f121861cb1f884c8763cb2e936a7bebf7b,9e9e2956405144d8e9553bdabc1b3028bd22db763ddc8f71fab3a485578734b6,2308897500,2197742209,5223167,111155291,c6382ac4d08af0c34e02c192d81f9bd9f97e3724cf5ddf68ce661ae484a813db,true,
onnx-mlir,squeezenet1.1-7,node-34-relu,2,update,1,20260921,fac3bc8ea04b4e7126fcbe99a77bac2f5c7a94e46c28e25ed4564dfbb69b0aba,8d6ce8499d7f9bdfc6c1eb25ff8554147992d73de0c7e2fc9b287b88766c36b9,fa81db02c2505e6e07bc2e8bbb1b65f121861cb1f884c8763cb2e936a7bebf7b,9e9e2956405144d8e9553bdabc1b3028bd22db763ddc8f71fab3a485578734b6,2302745833,2191748041,5595916,110997792,c6382ac4d08af0c34e02c192d81f9bd9f97e3724cf5ddf68ce661ae484a813db,true,
onnx-mlir,squeezenet1.1-7,node-34-relu,3,rebuild,0,20260921,fac3bc8ea04b4e7126fcbe99a77bac2f5c7a94e46c28e25ed4564dfbb69b0aba,8d6ce8499d7f9bdfc6c1eb25ff8554147992d73de0c7e2fc9b287b88766c36b9,fa81db02c2505e6e07bc2e8bbb1b65f121861cb1f884c8763cb2e936a7bebf7b,9e9e2956405144d8e9553bdabc1b3028bd22db763ddc8f71fab3a485578734b6,2198938750,2086117208,5671625,112821542,c6382ac4d08af0c34e02c192d81f9bd9f97e3724cf5ddf68ce661ae484a813db,true,
onnx-mlir,squeezenet1.1-7,node-34-relu,3,update,1,20260921,fac3bc8ea04b4e7126fcbe99a77bac2f5c7a94e46c28e25ed4564dfbb69b0aba,8d6ce8499d7f9bdfc6c1eb25ff8554147992d73de0c7e2fc9b287b88766c36b9,fa81db02c2505e6e07bc2e8bbb1b65f121861cb1f884c8763cb2e936a7bebf7b,9e9e2956405144d8e9553bdabc1b3028bd22db763ddc8f71fab3a485578734b6,2223991958,2112958708,5765792,111033250,c6382ac4d08af0c34e02c192d81f9bd9f97e3724cf5ddf68ce661ae484a813db,true,
onnx-mlir,squeezenet1.1-7,node-34-relu,4,rebuild,0,20260921,fac3bc8ea04b4e7126fcbe99a77bac2f5c7a94e46c28e25ed4564dfbb69b0aba,8d6ce8499d7f9bdfc6c1eb25ff8554147992d73de0c7e2fc9b287b88766c36b9,fa81db02c2505e6e07bc2e8bbb1b65f121861cb1f884c8763cb2e936a7bebf7b,9e9e2956405144d8e9553bdabc1b3028bd22db763ddc8f71fab3a485578734b6,2228392000,2118765250,5708833,109626750,c6382ac4d08af0c34e02c192d81f9bd9f97e3724cf5ddf68ce661ae484a813db,true,
onnx-mlir,squeezenet1.1-7,node-34-relu,4,update,1,20260921,fac3bc8ea04b4e7126fcbe99a77bac2f5c7a94e46c28e25ed4564dfbb69b0aba,8d6ce8499d7f9bdfc6c1eb25ff8554147992d73de0c7e2fc9b287b88766c36b9,fa81db02c2505e6e07bc2e8bbb1b65f121861cb1f884c8763cb2e936a7bebf7b,9e9e2956405144d8e9553bdabc1b3028bd22db763ddc8f71fab3a485578734b6,2207389500,2096897250,6166542,110492250,c6382ac4d08af0c34e02c192d81f9bd9f97e3724cf5ddf68ce661ae484a813db,true,
onnx-mlir,squeezenet1.1-7,node-34-relu,5,rebuild,1,20260921,fac3bc8ea04b4e7126fcbe99a77bac2f5c7a94e46c28e25ed4564dfbb69b0aba,8d6ce8499d7f9bdfc6c1eb25ff8554147992d73de0c7e2fc9b287b88766c36b9,fa81db02c2505e6e07bc2e8bbb1b65f121861cb1f884c8763cb2e936a7bebf7b,9e9e2956405144d8e9553bdabc1b3028bd22db763ddc8f71fab3a485578734b6,2234865125,2122278917,6230125,112586208,c6382ac4d08af0c34e02c192d81f9bd9f97e3724cf5ddf68ce661ae484a813db,true,
onnx-mlir,squeezenet1.1-7,node-34-relu,5,update,0,20260921,fac3bc8ea04b4e7126fcbe99a77bac2f5c7a94e46c28e25ed4564dfbb69b0aba,8d6ce8499d7f9bdfc6c1eb25ff8554147992d73de0c7e2fc9b287b88766c36b9,fa81db02c2505e6e07bc2e8bbb1b65f121861cb1f884c8763cb2e936a7bebf7b,9e9e2956405144d8e9553bdabc1b3028bd22db763ddc8f71fab3a485578734b6,2292390875,2180860459,5627584,111530416,c6382ac4d08af0c34e02c192d81f9bd9f97e3724cf5ddf68ce661ae484a813db,true,
onnx-mlir,squeezenet1.1-7,node-34-relu,6,rebuild,1,20260921,fac3bc8ea04b4e7126fcbe99a77bac2f5c7a94e46c28e25ed4564dfbb69b0aba,8d6ce8499d7f9bdfc6c1eb25ff8554147992d73de0c7e2fc9b287b88766c36b9,fa81db02c2505e6e07bc2e8bbb1b65f121861cb1f884c8763cb2e936a7bebf7b,9e9e2956405144d8e9553bdabc1b3028bd22db763ddc8f71fab3a485578734b6,2216521167,2107072458,5312167,109448709,c6382ac4d08af0c34e02c192d81f9bd9f97e3724cf5ddf68ce661ae484a813db,true,
onnx-mlir,squeezenet1.1-7,node-34-relu,6,update,0,20260921,fac3bc8ea04b4e7126fcbe99a77bac2f5c7a94e46c28e25ed4564dfbb69b0aba,8d6ce8499d7f9bdfc6c1eb25ff8554147992d73de0c7e2fc9b287b88766c36b9,fa81db02c2505e6e07bc2e8bbb1b65f121861cb1f884c8763cb2e936a7bebf7b,9e9e2956405144d8e9553bdabc1b3028bd22db763ddc8f71fab3a485578734b6,2252402375,2143391750,5389666,109010625,c6382ac4d08af0c34e02c192d81f9bd9f97e3724cf5ddf68ce661ae484a813db,true,
onnx-mlir,squeezenet1.1-7,node-34-relu,7,rebuild,1,20260921,fac3bc8ea04b4e7126fcbe99a77bac2f5c7a94e46c28e25ed4564dfbb69b0aba,8d6ce8499d7f9bdfc6c1eb25ff8554147992d73de0c7e2fc9b287b88766c36b9,fa81db02c2505e6e07bc2e8bbb1b65f121861cb1f884c8763cb2e936a7bebf7b,9e9e2956405144d8e9553bdabc1b3028bd22db763ddc8f71fab3a485578734b6,2232753458,2122332500,5293583,110420958,c6382ac4d08af0c34e02c192d81f9bd9f97e3724cf5ddf68ce661ae484a813db,true,
onnx-mlir,squeezenet1.1-7,node-34-relu,7,update,0,20260921,fac3bc8ea04b4e7126fcbe99a77bac2f5c7a94e46c28e25ed4564dfbb69b0aba,8d6ce8499d7f9bdfc6c1eb25ff8554147992d73de0c7e2fc9b287b88766c36b9,fa81db02c2505e6e07bc2e8bbb1b65f121861cb1f884c8763cb2e936a7bebf7b,9e9e2956405144d8e9553bdabc1b3028bd22db763ddc8f71fab3a485578734b6,2178671375,2067958125,5300833,110713250,c6382ac4d08af0c34e02c192d81f9bd9f97e3724cf5ddf68ce661ae484a813db,true,
onnx-mlir,squeezenet1.1-7,node-34-relu,8,rebuild,1,20260921,fac3bc8ea04b4e7126fcbe99a77bac2f5c7a94e46c28e25ed4564dfbb69b0aba,8d6ce8499d7f9bdfc6c1eb25ff8554147992d73de0c7e2fc9b287b88766c36b9,fa81db02c2505e6e07bc2e8bbb1b65f121861cb1f884c8763cb2e936a7bebf7b,9e9e2956405144d8e9553bdabc1b3028bd22db763ddc8f71fab3a485578734b6,2189929875,2078603250,5319167,111326625,c6382ac4d08af0c34e02c192d81f9bd9f97e3724cf5ddf68ce661ae484a813db,true,
onnx-mlir,squeezenet1.1-7,node-34-relu,8,update,0,20260921,fac3bc8ea04b4e7126fcbe99a77bac2f5c7a94e46c28e25ed4564dfbb69b0aba,8d6ce8499d7f9bdfc6c1eb25ff8554147992d73de0c7e2fc9b287b88766c36b9,fa81db02c2505e6e07bc2e8bbb1b65f121861cb1f884c8763cb2e936a7bebf7b,9e9e2956405144d8e9553bdabc1b3028bd22db763ddc8f71fab3a485578734b6,2344214208,2234582292,5796208,109631916,c6382ac4d08af0c34e02c192d81f9bd9f97e3724cf5ddf68ce661ae484a813db,true,
onnx-mlir,squeezenet1.1-7,node-34-relu,9,rebuild,0,20260921,fac3bc8ea04b4e7126fcbe99a77bac2f5c7a94e46c28e25ed4564dfbb69b0aba,8d6ce8499d7f9bdfc6c1eb25ff8554147992d73de0c7e2fc9b287b88766c36b9,fa81db02c2505e6e07bc2e8bbb1b65f121861cb1f884c8763cb2e936a7bebf7b,9e9e2956405144d8e9553bdabc1b3028bd22db763ddc8f71fab3a485578734b6,2218260375,2107241041,6752791,111019334,c6382ac4d08af0c34e02c192d81f9bd9f97e3724cf5ddf68ce661ae484a813db,true,
onnx-mlir,squeezenet1.1-7,node-34-relu,9,update,1,20260921,fac3bc8ea04b4e7126fcbe99a77bac2f5c7a94e46c28e25ed4564dfbb69b0aba,8d6ce8499d7f9bdfc6c1eb25ff8554147992d73de0c7e2fc9b287b88766c36b9,fa81db02c2505e6e07bc2e8bbb1b65f121861cb1f884c8763cb2e936a7bebf7b,9e9e2956405144d8e9553bdabc1b3028bd22db763ddc8f71fab3a485578734b6,2226463292,2110871334,5368834,115591958,c6382ac4d08af0c34e02c192d81f9bd9f97e3724cf5ddf68ce661ae484a813db,true,
tvm,squeezenet1.1-7,node-34-relu,0,rebuild,1,20260921,fac3bc8ea04b4e7126fcbe99a77bac2f5c7a94e46c28e25ed4564dfbb69b0aba,8d6ce8499d7f9bdfc6c1eb25ff8554147992d73de0c7e2fc9b287b88766c36b9,fa81db02c2505e6e07bc2e8bbb1b65f121861cb1f884c8763cb2e936a7bebf7b,7e035a3d642ed6af2486f52330d21246afdf548b1419fd96427207e1cacba0f7,1239861667,1074879834,5994500,164981833,4704b510c4f9092038ed6e519693eb17f9b4c54d1c7ada13ac2c3c87680e7f33,true,
tvm,squeezenet1.1-7,node-34-relu,0,update,0,20260921,fac3bc8ea04b4e7126fcbe99a77bac2f5c7a94e46c28e25ed4564dfbb69b0aba,8d6ce8499d7f9bdfc6c1eb25ff8554147992d73de0c7e2fc9b287b88766c36b9,fa81db02c2505e6e07bc2e8bbb1b65f121861cb1f884c8763cb2e936a7bebf7b,7e035a3d642ed6af2486f52330d21246afdf548b1419fd96427207e1cacba0f7,1235523458,1066310042,6521958,169213416,4704b510c4f9092038ed6e519693eb17f9b4c54d1c7ada13ac2c3c87680e7f33,true,
tvm,squeezenet1.1-7,node-34-relu,1,rebuild,1,20260921,fac3bc8ea04b4e7126fcbe99a77bac2f5c7a94e46c28e25ed4564dfbb69b0aba,8d6ce8499d7f9bdfc6c1eb25ff8554147992d73de0c7e2fc9b287b88766c36b9,fa81db02c2505e6e07bc2e8bbb1b65f121861cb1f884c8763cb2e936a7bebf7b,7e035a3d642ed6af2486f52330d21246afdf548b1419fd96427207e1cacba0f7,1230180042,1065855875,5612625,164324167,4704b510c4f9092038ed6e519693eb17f9b4c54d1c7ada13ac2c3c87680e7f33,true,
tvm,squeezenet1.1-7,node-34-relu,1,update,0,20260921,fac3bc8ea04b4e7126fcbe99a77bac2f5c7a94e46c28e25ed4564dfbb69b0aba,8d6ce8499d7f9bdfc6c1eb25ff8554147992d73de0c7e2fc9b287b88766c36b9,fa81db02c2505e6e07bc2e8bbb1b65f121861cb1f884c8763cb2e936a7bebf7b,7e035a3d642ed6af2486f52330d21246afdf548b1419fd96427207e1cacba0f7,1234448000,1070538875,5916625,163909125,4704b510c4f9092038ed6e519693eb17f9b4c54d1c7ada13ac2c3c87680e7f33,true,
tvm,squeezenet1.1-7,node-34-relu,2,rebuild,0,20260921,fac3bc8ea04b4e7126fcbe99a77bac2f5c7a94e46c28e25ed4564dfbb69b0aba,8d6ce8499d7f9bdfc6c1eb25ff8554147992d73de0c7e2fc9b287b88766c36b9,fa81db02c2505e6e07bc2e8bbb1b65f121861cb1f884c8763cb2e936a7bebf7b,7e035a3d642ed6af2486f52330d21246afdf548b1419fd96427207e1cacba0f7,1240113000,1076192958,5245333,163920042,4704b510c4f9092038ed6e519693eb17f9b4c54d1c7ada13ac2c3c87680e7f33,true,
tvm,squeezenet1.1-7,node-34-relu,2,update,1,20260921,fac3bc8ea04b4e7126fcbe99a77bac2f5c7a94e46c28e25ed4564dfbb69b0aba,8d6ce8499d7f9bdfc6c1eb25ff8554147992d73de0c7e2fc9b287b88766c36b9,fa81db02c2505e6e07bc2e8bbb1b65f121861cb1f884c8763cb2e936a7bebf7b,7e035a3d642ed6af2486f52330d21246afdf548b1419fd96427207e1cacba0f7,1233426542,1069318208,5702958,164108334,4704b510c4f9092038ed6e519693eb17f9b4c54d1c7ada13ac2c3c87680e7f33,true,
tvm,squeezenet1.1-7,node-34-relu,3,rebuild,0,20260921,fac3bc8ea04b4e7126fcbe99a77bac2f5c7a94e46c28e25ed4564dfbb69b0aba,8d6ce8499d7f9bdfc6c1eb25ff8554147992d73de0c7e2fc9b287b88766c36b9,fa81db02c2505e6e07bc2e8bbb1b65f121861cb1f884c8763cb2e936a7bebf7b,7e035a3d642ed6af2486f52330d21246afdf548b1419fd96427207e1cacba0f7,1239811500,1074194500,5844459,165617000,4704b510c4f9092038ed6e519693eb17f9b4c54d1c7ada13ac2c3c87680e7f33,true,
tvm,squeezenet1.1-7,node-34-relu,3,update,1,20260921,fac3bc8ea04b4e7126fcbe99a77bac2f5c7a94e46c28e25ed4564dfbb69b0aba,8d6ce8499d7f9bdfc6c1eb25ff8554147992d73de0c7e2fc9b287b88766c36b9,fa81db02c2505e6e07bc2e8bbb1b65f121861cb1f884c8763cb2e936a7bebf7b,7e035a3d642ed6af2486f52330d21246afdf548b1419fd96427207e1cacba0f7,1240074750,1075218792,5485167,164855958,4704b510c4f9092038ed6e519693eb17f9b4c54d1c7ada13ac2c3c87680e7f33,true,
tvm,squeezenet1.1-7,node-34-relu,4,rebuild,0,20260921,fac3bc8ea04b4e7126fcbe99a77bac2f5c7a94e46c28e25ed4564dfbb69b0aba,8d6ce8499d7f9bdfc6c1eb25ff8554147992d73de0c7e2fc9b287b88766c36b9,fa81db02c2505e6e07bc2e8bbb1b65f121861cb1f884c8763cb2e936a7bebf7b,7e035a3d642ed6af2486f52330d21246afdf548b1419fd96427207e1cacba0f7,1265528584,1100082084,5289917,165446500,4704b510c4f9092038ed6e519693eb17f9b4c54d1c7ada13ac2c3c87680e7f33,true,
tvm,squeezenet1.1-7,node-34-relu,4,update,1,20260921,fac3bc8ea04b4e7126fcbe99a77bac2f5c7a94e46c28e25ed4564dfbb69b0aba,8d6ce8499d7f9bdfc6c1eb25ff8554147992d73de0c7e2fc9b287b88766c36b9,fa81db02c2505e6e07bc2e8bbb1b65f121861cb1f884c8763cb2e936a7bebf7b,7e035a3d642ed6af2486f52330d21246afdf548b1419fd96427207e1cacba0f7,1258444875,1093444333,5912708,165000542,4704b510c4f9092038ed6e519693eb17f9b4c54d1c7ada13ac2c3c87680e7f33,true,
tvm,squeezenet1.1-7,node-34-relu,5,rebuild,1,20260921,fac3bc8ea04b4e7126fcbe99a77bac2f5c7a94e46c28e25ed4564dfbb69b0aba,8d6ce8499d7f9bdfc6c1eb25ff8554147992d73de0c7e2fc9b287b88766c36b9,fa81db02c2505e6e07bc2e8bbb1b65f121861cb1f884c8763cb2e936a7bebf7b,7e035a3d642ed6af2486f52330d21246afdf548b1419fd96427207e1cacba0f7,1238864333,1074504500,5694750,164359833,4704b510c4f9092038ed6e519693eb17f9b4c54d1c7ada13ac2c3c87680e7f33,true,
tvm,squeezenet1.1-7,node-34-relu,5,update,0,20260921,fac3bc8ea04b4e7126fcbe99a77bac2f5c7a94e46c28e25ed4564dfbb69b0aba,8d6ce8499d7f9bdfc6c1eb25ff8554147992d73de0c7e2fc9b287b88766c36b9,fa81db02c2505e6e07bc2e8bbb1b65f121861cb1f884c8763cb2e936a7bebf7b,7e035a3d642ed6af2486f52330d21246afdf548b1419fd96427207e1cacba0f7,1264509166,1099848416,6882625,164660750,4704b510c4f9092038ed6e519693eb17f9b4c54d1c7ada13ac2c3c87680e7f33,true,
tvm,squeezenet1.1-7,node-34-relu,6,rebuild,1,20260921,fac3bc8ea04b4e7126fcbe99a77bac2f5c7a94e46c28e25ed4564dfbb69b0aba,8d6ce8499d7f9bdfc6c1eb25ff8554147992d73de0c7e2fc9b287b88766c36b9,fa81db02c2505e6e07bc2e8bbb1b65f121861cb1f884c8763cb2e936a7bebf7b,7e035a3d642ed6af2486f52330d21246afdf548b1419fd96427207e1cacba0f7,1228915917,1064303167,5205167,164612750,4704b510c4f9092038ed6e519693eb17f9b4c54d1c7ada13ac2c3c87680e7f33,true,
tvm,squeezenet1.1-7,node-34-relu,6,update,0,20260921,fac3bc8ea04b4e7126fcbe99a77bac2f5c7a94e46c28e25ed4564dfbb69b0aba,8d6ce8499d7f9bdfc6c1eb25ff8554147992d73de0c7e2fc9b287b88766c36b9,fa81db02c2505e6e07bc2e8bbb1b65f121861cb1f884c8763cb2e936a7bebf7b,7e035a3d642ed6af2486f52330d21246afdf548b1419fd96427207e1cacba0f7,1229541416,1065380166,5413833,164161250,4704b510c4f9092038ed6e519693eb17f9b4c54d1c7ada13ac2c3c87680e7f33,true,
tvm,squeezenet1.1-7,node-34-relu,7,rebuild,1,20260921,fac3bc8ea04b4e7126fcbe99a77bac2f5c7a94e46c28e25ed4564dfbb69b0aba,8d6ce8499d7f9bdfc6c1eb25ff8554147992d73de0c7e2fc9b287b88766c36b9,fa81db02c2505e6e07bc2e8bbb1b65f121861cb1f884c8763cb2e936a7bebf7b,7e035a3d642ed6af2486f52330d21246afdf548b1419fd96427207e1cacba0f7,1249074667,1084680834,5782417,164393833,4704b510c4f9092038ed6e519693eb17f9b4c54d1c7ada13ac2c3c87680e7f33,true,
tvm,squeezenet1.1-7,node-34-relu,7,update,0,20260921,fac3bc8ea04b4e7126fcbe99a77bac2f5c7a94e46c28e25ed4564dfbb69b0aba,8d6ce8499d7f9bdfc6c1eb25ff8554147992d73de0c7e2fc9b287b88766c36b9,fa81db02c2505e6e07bc2e8bbb1b65f121861cb1f884c8763cb2e936a7bebf7b,7e035a3d642ed6af2486f52330d21246afdf548b1419fd96427207e1cacba0f7,1226113500,1061740042,5601959,164373458,4704b510c4f9092038ed6e519693eb17f9b4c54d1c7ada13ac2c3c87680e7f33,true,
tvm,squeezenet1.1-7,node-34-relu,8,rebuild,1,20260921,fac3bc8ea04b4e7126fcbe99a77bac2f5c7a94e46c28e25ed4564dfbb69b0aba,8d6ce8499d7f9bdfc6c1eb25ff8554147992d73de0c7e2fc9b287b88766c36b9,fa81db02c2505e6e07bc2e8bbb1b65f121861cb1f884c8763cb2e936a7bebf7b,7e035a3d642ed6af2486f52330d21246afdf548b1419fd96427207e1cacba0f7,1281986250,1116977125,5287583,165009125,4704b510c4f9092038ed6e519693eb17f9b4c54d1c7ada13ac2c3c87680e7f33,true,
tvm,squeezenet1.1-7,node-34-relu,8,update,0,20260921,fac3bc8ea04b4e7126fcbe99a77bac2f5c7a94e46c28e25ed4564dfbb69b0aba,8d6ce8499d7f9bdfc6c1eb25ff8554147992d73de0c7e2fc9b287b88766c36b9,fa81db02c2505e6e07bc2e8bbb1b65f121861cb1f884c8763cb2e936a7bebf7b,7e035a3d642ed6af2486f52330d21246afdf548b1419fd96427207e1cacba0f7,1301729333,1136574958,6817458,165154375,4704b510c4f9092038ed6e519693eb17f9b4c54d1c7ada13ac2c3c87680e7f33,true,
tvm,squeezenet1.1-7,node-34-relu,9,rebuild,0,20260921,fac3bc8ea04b4e7126fcbe99a77bac2f5c7a94e46c28e25ed4564dfbb69b0aba,8d6ce8499d7f9bdfc6c1eb25ff8554147992d73de0c7e2fc9b287b88766c36b9,fa81db02c2505e6e07bc2e8bbb1b65f121861cb1f884c8763cb2e936a7bebf7b,7e035a3d642ed6af2486f52330d21246afdf548b1419fd96427207e1cacba0f7,1248531667,1084128834,5557750,164402833,4704b510c4f9092038ed6e519693eb17f9b4c54d1c7ada13ac2c3c87680e7f33,true,
tvm,squeezenet1.1-7,node-34-relu,9,update,1,20260921,fac3bc8ea04b4e7126fcbe99a77bac2f5c7a94e46c28e25ed4564dfbb69b0aba,8d6ce8499d7f9bdfc6c1eb25ff8554147992d73de0c7e2fc9b287b88766c36b9,fa81db02c2505e6e07bc2e8bbb1b65f121861cb1f884c8763cb2e936a7bebf7b,7e035a3d642ed6af2486f52330d21246afdf548b1419fd96427207e1cacba0f7,1253143708,1088191958,5231958,164951750,4704b510c4f9092038ed6e519693eb17f9b4c54d1c7ada13ac2c3c87680e7f33,true,
joggle,squeezenet1.1-7,node-63-relu,0,rebuild,0,20260921,a3c1cb127794e8e25037fc3c52edeb8577104b3436d0692af9332f6d05360051,fb3f6644c0a216a1f4fd7829e3da3dfbf28cc10c471eed342ef8baf8c52d20dc,fa81db02c2505e6e07bc2e8bbb1b65f121861cb1f884c8763cb2e936a7bebf7b,000ba20c8561d582a1fa4c779858c3965a92b4be76c5fa7f1c9a632fa501c3b9,2909724542,2690540125,5787792,219184417,62ac67e559dd28a805700cd345cfba388499d473cc0ecbd583246545b96a8072,true,
joggle,squeezenet1.1-7,node-63-relu,0,update,1,20260921,a3c1cb127794e8e25037fc3c52edeb8577104b3436d0692af9332f6d05360051,fb3f6644c0a216a1f4fd7829e3da3dfbf28cc10c471eed342ef8baf8c52d20dc,fa81db02c2505e6e07bc2e8bbb1b65f121861cb1f884c8763cb2e936a7bebf7b,000ba20c8561d582a1fa4c779858c3965a92b4be76c5fa7f1c9a632fa501c3b9,2081754625,1863384625,5455083,218370000,62ac67e559dd28a805700cd345cfba388499d473cc0ecbd583246545b96a8072,true,
joggle,squeezenet1.1-7,node-63-relu,1,rebuild,0,20260921,a3c1cb127794e8e25037fc3c52edeb8577104b3436d0692af9332f6d05360051,fb3f6644c0a216a1f4fd7829e3da3dfbf28cc10c471eed342ef8baf8c52d20dc,fa81db02c2505e6e07bc2e8bbb1b65f121861cb1f884c8763cb2e936a7bebf7b,000ba20c8561d582a1fa4c779858c3965a92b4be76c5fa7f1c9a632fa501c3b9,2870588083,2655046000,5559417,215542083,62ac67e559dd28a805700cd345cfba388499d473cc0ecbd583246545b96a8072,true,
joggle,squeezenet1.1-7,node-63-relu,1,update,1,20260921,a3c1cb127794e8e25037fc3c52edeb8577104b3436d0692af9332f6d05360051,fb3f6644c0a216a1f4fd7829e3da3dfbf28cc10c471eed342ef8baf8c52d20dc,fa81db02c2505e6e07bc2e8bbb1b65f121861cb1f884c8763cb2e936a7bebf7b,000ba20c8561d582a1fa4c779858c3965a92b4be76c5fa7f1c9a632fa501c3b9,2031130334,1815116500,5302625,216013834,62ac67e559dd28a805700cd345cfba388499d473cc0ecbd583246545b96a8072,true,
joggle,squeezenet1.1-7,node-63-relu,2,rebuild,1,20260921,a3c1cb127794e8e25037fc3c52edeb8577104b3436d0692af9332f6d05360051,fb3f6644c0a216a1f4fd7829e3da3dfbf28cc10c471eed342ef8baf8c52d20dc,fa81db02c2505e6e07bc2e8bbb1b65f121861cb1f884c8763cb2e936a7bebf7b,000ba20c8561d582a1fa4c779858c3965a92b4be76c5fa7f1c9a632fa501c3b9,2866646750,2652227584,5633167,214419166,62ac67e559dd28a805700cd345cfba388499d473cc0ecbd583246545b96a8072,true,
joggle,squeezenet1.1-7,node-63-relu,2,update,0,20260921,a3c1cb127794e8e25037fc3c52edeb8577104b3436d0692af9332f6d05360051,fb3f6644c0a216a1f4fd7829e3da3dfbf28cc10c471eed342ef8baf8c52d20dc,fa81db02c2505e6e07bc2e8bbb1b65f121861cb1f884c8763cb2e936a7bebf7b,000ba20c8561d582a1fa4c779858c3965a92b4be76c5fa7f1c9a632fa501c3b9,2027237708,1823821208,5410000,203416500,62ac67e559dd28a805700cd345cfba388499d473cc0ecbd583246545b96a8072,true,
joggle,squeezenet1.1-7,node-63-relu,3,rebuild,1,20260921,a3c1cb127794e8e25037fc3c52edeb8577104b3436d0692af9332f6d05360051,fb3f6644c0a216a1f4fd7829e3da3dfbf28cc10c471eed342ef8baf8c52d20dc,fa81db02c2505e6e07bc2e8bbb1b65f121861cb1f884c8763cb2e936a7bebf7b,000ba20c8561d582a1fa4c779858c3965a92b4be76c5fa7f1c9a632fa501c3b9,2884153083,2668149375,5541917,216003708,62ac67e559dd28a805700cd345cfba388499d473cc0ecbd583246545b96a8072,true,
joggle,squeezenet1.1-7,node-63-relu,3,update,0,20260921,a3c1cb127794e8e25037fc3c52edeb8577104b3436d0692af9332f6d05360051,fb3f6644c0a216a1f4fd7829e3da3dfbf28cc10c471eed342ef8baf8c52d20dc,fa81db02c2505e6e07bc2e8bbb1b65f121861cb1f884c8763cb2e936a7bebf7b,000ba20c8561d582a1fa4c779858c3965a92b4be76c5fa7f1c9a632fa501c3b9,2018464000,1807707041,5378458,210756959,62ac67e559dd28a805700cd345cfba388499d473cc0ecbd583246545b96a8072,true,
joggle,squeezenet1.1-7,node-63-relu,4,rebuild,1,20260921,a3c1cb127794e8e25037fc3c52edeb8577104b3436d0692af9332f6d05360051,fb3f6644c0a216a1f4fd7829e3da3dfbf28cc10c471eed342ef8baf8c52d20dc,fa81db02c2505e6e07bc2e8bbb1b65f121861cb1f884c8763cb2e936a7bebf7b,000ba20c8561d582a1fa4c779858c3965a92b4be76c5fa7f1c9a632fa501c3b9,2912253750,2698299792,5726917,213953958,62ac67e559dd28a805700cd345cfba388499d473cc0ecbd583246545b96a8072,true,
joggle,squeezenet1.1-7,node-63-relu,4,update,0,20260921,a3c1cb127794e8e25037fc3c52edeb8577104b3436d0692af9332f6d05360051,fb3f6644c0a216a1f4fd7829e3da3dfbf28cc10c471eed342ef8baf8c52d20dc,fa81db02c2505e6e07bc2e8bbb1b65f121861cb1f884c8763cb2e936a7bebf7b,000ba20c8561d582a1fa4c779858c3965a92b4be76c5fa7f1c9a632fa501c3b9,2064656250,1856874875,5472250,207781375,62ac67e559dd28a805700cd345cfba388499d473cc0ecbd583246545b96a8072,true,
joggle,squeezenet1.1-7,node-63-relu,5,rebuild,1,20260921,a3c1cb127794e8e25037fc3c52edeb8577104b3436d0692af9332f6d05360051,fb3f6644c0a216a1f4fd7829e3da3dfbf28cc10c471eed342ef8baf8c52d20dc,fa81db02c2505e6e07bc2e8bbb1b65f121861cb1f884c8763cb2e936a7bebf7b,000ba20c8561d582a1fa4c779858c3965a92b4be76c5fa7f1c9a632fa501c3b9,2921380500,2707601500,6466125,213779000,62ac67e559dd28a805700cd345cfba388499d473cc0ecbd583246545b96a8072,true,
joggle,squeezenet1.1-7,node-63-relu,5,update,0,20260921,a3c1cb127794e8e25037fc3c52edeb8577104b3436d0692af9332f6d05360051,fb3f6644c0a216a1f4fd7829e3da3dfbf28cc10c471eed342ef8baf8c52d20dc,fa81db02c2505e6e07bc2e8bbb1b65f121861cb1f884c8763cb2e936a7bebf7b,000ba20c8561d582a1fa4c779858c3965a92b4be76c5fa7f1c9a632fa501c3b9,2029042375,1823338833,5875500,205703542,62ac67e559dd28a805700cd345cfba388499d473cc0ecbd583246545b96a8072,true,
joggle,squeezenet1.1-7,node-63-relu,6,rebuild,0,20260921,a3c1cb127794e8e25037fc3c52edeb8577104b3436d0692af9332f6d05360051,fb3f6644c0a216a1f4fd7829e3da3dfbf28cc10c471eed342ef8baf8c52d20dc,fa81db02c2505e6e07bc2e8bbb1b65f121861cb1f884c8763cb2e936a7bebf7b,000ba20c8561d582a1fa4c779858c3965a92b4be76c5fa7f1c9a632fa501c3b9,2938889375,2726386791,5303916,212502584,62ac67e559dd28a805700cd345cfba388499d473cc0ecbd583246545b96a8072,true,
joggle,squeezenet1.1-7,node-63-relu,6,update,1,20260921,a3c1cb127794e8e25037fc3c52edeb8577104b3436d0692af9332f6d05360051,fb3f6644c0a216a1f4fd7829e3da3dfbf28cc10c471eed342ef8baf8c52d20dc,fa81db02c2505e6e07bc2e8bbb1b65f121861cb1f884c8763cb2e936a7bebf7b,000ba20c8561d582a1fa4c779858c3965a92b4be76c5fa7f1c9a632fa501c3b9,2044575917,1838998125,5582375,205577792,62ac67e559dd28a805700cd345cfba388499d473cc0ecbd583246545b96a8072,true,
joggle,squeezenet1.1-7,node-63-relu,7,rebuild,1,20260921,a3c1cb127794e8e25037fc3c52edeb8577104b3436d0692af9332f6d05360051,fb3f6644c0a216a1f4fd7829e3da3dfbf28cc10c471eed342ef8baf8c52d20dc,fa81db02c2505e6e07bc2e8bbb1b65f121861cb1f884c8763cb2e936a7bebf7b,000ba20c8561d582a1fa4c779858c3965a92b4be76c5fa7f1c9a632fa501c3b9,2966442500,2749589250,5683625,216853250,62ac67e559dd28a805700cd345cfba388499d473cc0ecbd583246545b96a8072,true,
joggle,squeezenet1.1-7,node-63-relu,7,update,0,20260921,a3c1cb127794e8e25037fc3c52edeb8577104b3436d0692af9332f6d05360051,fb3f6644c0a216a1f4fd7829e3da3dfbf28cc10c471eed342ef8baf8c52d20dc,fa81db02c2505e6e07bc2e8bbb1b65f121861cb1f884c8763cb2e936a7bebf7b,000ba20c8561d582a1fa4c779858c3965a92b4be76c5fa7f1c9a632fa501c3b9,2037087000,1822283250,5588375,214803750,62ac67e559dd28a805700cd345cfba388499d473cc0ecbd583246545b96a8072,true,
joggle,squeezenet1.1-7,node-63-relu,8,rebuild,1,20260921,a3c1cb127794e8e25037fc3c52edeb8577104b3436d0692af9332f6d05360051,fb3f6644c0a216a1f4fd7829e3da3dfbf28cc10c471eed342ef8baf8c52d20dc,fa81db02c2505e6e07bc2e8bbb1b65f121861cb1f884c8763cb2e936a7bebf7b,000ba20c8561d582a1fa4c779858c3965a92b4be76c5fa7f1c9a632fa501c3b9,2852364458,2639528416,5717041,212836042,62ac67e559dd28a805700cd345cfba388499d473cc0ecbd583246545b96a8072,true,
joggle,squeezenet1.1-7,node-63-relu,8,update,0,20260921,a3c1cb127794e8e25037fc3c52edeb8577104b3436d0692af9332f6d05360051,fb3f6644c0a216a1f4fd7829e3da3dfbf28cc10c471eed342ef8baf8c52d20dc,fa81db02c2505e6e07bc2e8bbb1b65f121861cb1f884c8763cb2e936a7bebf7b,000ba20c8561d582a1fa4c779858c3965a92b4be76c5fa7f1c9a632fa501c3b9,2049484542,1833156000,5407584,216328542,62ac67e559dd28a805700cd345cfba388499d473cc0ecbd583246545b96a8072,true,
joggle,squeezenet1.1-7,node-63-relu,9,rebuild,1,20260921,a3c1cb127794e8e25037fc3c52edeb8577104b3436d0692af9332f6d05360051,fb3f6644c0a216a1f4fd7829e3da3dfbf28cc10c471eed342ef8baf8c52d20dc,fa81db02c2505e6e07bc2e8bbb1b65f121861cb1f884c8763cb2e936a7bebf7b,000ba20c8561d582a1fa4c779858c3965a92b4be76c5fa7f1c9a632fa501c3b9,2845313667,2629636500,5661667,215677167,62ac67e559dd28a805700cd345cfba388499d473cc0ecbd583246545b96a8072,true,
joggle,squeezenet1.1-7,node-63-relu,9,update,0,20260921,a3c1cb127794e8e25037fc3c52edeb8577104b3436d0692af9332f6d05360051,fb3f6644c0a216a1f4fd7829e3da3dfbf28cc10c471eed342ef8baf8c52d20dc,fa81db02c2505e6e07bc2e8bbb1b65f121861cb1f884c8763cb2e936a7bebf7b,000ba20c8561d582a1fa4c779858c3965a92b4be76c5fa7f1c9a632fa501c3b9,2060178583,1845060666,5440416,215117917,62ac67e559dd28a805700cd345cfba388499d473cc0ecbd583246545b96a8072,true,
onnx-mlir,squeezenet1.1-7,node-63-relu,0,rebuild,0,20260921,a3c1cb127794e8e25037fc3c52edeb8577104b3436d0692af9332f6d05360051,fb3f6644c0a216a1f4fd7829e3da3dfbf28cc10c471eed342ef8baf8c52d20dc,fa81db02c2505e6e07bc2e8bbb1b65f121861cb1f884c8763cb2e936a7bebf7b,9e9e2956405144d8e9553bdabc1b3028bd22db763ddc8f71fab3a485578734b6,2181530458,2070395292,6438500,111135166,4f7f8c35487edfc505cfc74c1e54bfa5f8ab100a2eb60da444f751dff72210db,true,
onnx-mlir,squeezenet1.1-7,node-63-relu,0,update,1,20260921,a3c1cb127794e8e25037fc3c52edeb8577104b3436d0692af9332f6d05360051,fb3f6644c0a216a1f4fd7829e3da3dfbf28cc10c471eed342ef8baf8c52d20dc,fa81db02c2505e6e07bc2e8bbb1b65f121861cb1f884c8763cb2e936a7bebf7b,9e9e2956405144d8e9553bdabc1b3028bd22db763ddc8f71fab3a485578734b6,2224875834,2115004000,5513250,109871834,4f7f8c35487edfc505cfc74c1e54bfa5f8ab100a2eb60da444f751dff72210db,true,
onnx-mlir,squeezenet1.1-7,node-63-relu,1,rebuild,0,20260921,a3c1cb127794e8e25037fc3c52edeb8577104b3436d0692af9332f6d05360051,fb3f6644c0a216a1f4fd7829e3da3dfbf28cc10c471eed342ef8baf8c52d20dc,fa81db02c2505e6e07bc2e8bbb1b65f121861cb1f884c8763cb2e936a7bebf7b,9e9e2956405144d8e9553bdabc1b3028bd22db763ddc8f71fab3a485578734b6,2177949416,2068194958,5690208,109754458,4f7f8c35487edfc505cfc74c1e54bfa5f8ab100a2eb60da444f751dff72210db,true,
onnx-mlir,squeezenet1.1-7,node-63-relu,1,update,1,20260921,a3c1cb127794e8e25037fc3c52edeb8577104b3436d0692af9332f6d05360051,fb3f6644c0a216a1f4fd7829e3da3dfbf28cc10c471eed342ef8baf8c52d20dc,fa81db02c2505e6e07bc2e8bbb1b65f121861cb1f884c8763cb2e936a7bebf7b,9e9e2956405144d8e9553bdabc1b3028bd22db763ddc8f71fab3a485578734b6,2228377875,2117359583,6486833,111018292,4f7f8c35487edfc505cfc74c1e54bfa5f8ab100a2eb60da444f751dff72210db,true,
onnx-mlir,squeezenet1.1-7,node-63-relu,2,rebuild,1,20260921,a3c1cb127794e8e25037fc3c52edeb8577104b3436d0692af9332f6d05360051,fb3f6644c0a216a1f4fd7829e3da3dfbf28cc10c471eed342ef8baf8c52d20dc,fa81db02c2505e6e07bc2e8bbb1b65f121861cb1f884c8763cb2e936a7bebf7b,9e9e2956405144d8e9553bdabc1b3028bd22db763ddc8f71fab3a485578734b6,2257167709,2147300125,5743709,109867584,4f7f8c35487edfc505cfc74c1e54bfa5f8ab100a2eb60da444f751dff72210db,true,
onnx-mlir,squeezenet1.1-7,node-63-relu,2,update,0,20260921,a3c1cb127794e8e25037fc3c52edeb8577104b3436d0692af9332f6d05360051,fb3f6644c0a216a1f4fd7829e3da3dfbf28cc10c471eed342ef8baf8c52d20dc,fa81db02c2505e6e07bc2e8bbb1b65f121861cb1f884c8763cb2e936a7bebf7b,9e9e2956405144d8e9553bdabc1b3028bd22db763ddc8f71fab3a485578734b6,2192595459,2084466042,5705750,108129417,4f7f8c35487edfc505cfc74c1e54bfa5f8ab100a2eb60da444f751dff72210db,true,
onnx-mlir,squeezenet1.1-7,node-63-relu,3,rebuild,1,20260921,a3c1cb127794e8e25037fc3c52edeb8577104b3436d0692af9332f6d05360051,fb3f6644c0a216a1f4fd7829e3da3dfbf28cc10c471eed342ef8baf8c52d20dc,fa81db02c2505e6e07bc2e8bbb1b65f121861cb1f884c8763cb2e936a7bebf7b,9e9e2956405144d8e9553bdabc1b3028bd22db763ddc8f71fab3a485578734b6,2169772250,2060860500,5867791,108911750,4f7f8c35487edfc505cfc74c1e54bfa5f8ab100a2eb60da444f751dff72210db,true,
onnx-mlir,squeezenet1.1-7,node-63-relu,3,update,0,20260921,a3c1cb127794e8e25037fc3c52edeb8577104b3436d0692af9332f6d05360051,fb3f6644c0a216a1f4fd7829e3da3dfbf28cc10c471eed342ef8baf8c52d20dc,fa81db02c2505e6e07bc2e8bbb1b65f121861cb1f884c8763cb2e936a7bebf7b,9e9e2956405144d8e9553bdabc1b3028bd22db763ddc8f71fab3a485578734b6,2191368500,2083328291,5390416,108040209,4f7f8c35487edfc505cfc74c1e54bfa5f8ab100a2eb60da444f751dff72210db,true,
onnx-mlir,squeezenet1.1-7,node-63-relu,4,rebuild,1,20260921,a3c1cb127794e8e25037fc3c52edeb8577104b3436d0692af9332f6d05360051,fb3f6644c0a216a1f4fd7829e3da3dfbf28cc10c471eed342ef8baf8c52d20dc,fa81db02c2505e6e07bc2e8bbb1b65f121861cb1f884c8763cb2e936a7bebf7b,9e9e2956405144d8e9553bdabc1b3028bd22db763ddc8f71fab3a485578734b6,2226558584,2116765417,5808167,109793167,4f7f8c35487edfc505cfc74c1e54bfa5f8ab100a2eb60da444f751dff72210db,true,
onnx-mlir,squeezenet1.1-7,node-63-relu,4,update,0,20260921,a3c1cb127794e8e25037fc3c52edeb8577104b3436d0692af9332f6d05360051,fb3f6644c0a216a1f4fd7829e3da3dfbf28cc10c471eed342ef8baf8c52d20dc,fa81db02c2505e6e07bc2e8bbb1b65f121861cb1f884c8763cb2e936a7bebf7b,9e9e2956405144d8e9553bdabc1b3028bd22db763ddc8f71fab3a485578734b6,2201669334,2091558292,5444500,110111042,4f7f8c35487edfc505cfc74c1e54bfa5f8ab100a2eb60da444f751dff72210db,true,
onnx-mlir,squeezenet1.1-7,node-63-relu,5,rebuild,1,20260921,a3c1cb127794e8e25037fc3c52edeb8577104b3436d0692af9332f6d05360051,fb3f6644c0a216a1f4fd7829e3da3dfbf28cc10c471eed342ef8baf8c52d20dc,fa81db02c2505e6e07bc2e8bbb1b65f121861cb1f884c8763cb2e936a7bebf7b,9e9e2956405144d8e9553bdabc1b3028bd22db763ddc8f71fab3a485578734b6,2182928750,2073218292,6015792,109710458,4f7f8c35487edfc505cfc74c1e54bfa5f8ab100a2eb60da444f751dff72210db,true,
onnx-mlir,squeezenet1.1-7,node-63-relu,5,update,0,20260921,a3c1cb127794e8e25037fc3c52edeb8577104b3436d0692af9332f6d05360051,fb3f6644c0a216a1f4fd7829e3da3dfbf28cc10c471eed342ef8baf8c52d20dc,fa81db02c2505e6e07bc2e8bbb1b65f121861cb1f884c8763cb2e936a7bebf7b,9e9e2956405144d8e9553bdabc1b3028bd22db763ddc8f71fab3a485578734b6,2200394417,2090541834,7014792,109852583,4f7f8c35487edfc505cfc74c1e54bfa5f8ab100a2eb60da444f751dff72210db,true,
onnx-mlir,squeezenet1.1-7,node-63-relu,6,rebuild,0,20260921,a3c1cb127794e8e25037fc3c52edeb8577104b3436d0692af9332f6d05360051,fb3f6644c0a216a1f4fd7829e3da3dfbf28cc10c471eed342ef8baf8c52d20dc,fa81db02c2505e6e07bc2e8bbb1b65f121861cb1f884c8763cb2e936a7bebf7b,9e9e2956405144d8e9553bdabc1b3028bd22db763ddc8f71fab3a485578734b6,2171370417,2061987500,5665792,109382917,4f7f8c35487edfc505cfc74c1e54bfa5f8ab100a2eb60da444f751dff72210db,true,
onnx-mlir,squeezenet1.1-7,node-63-relu,6,update,1,20260921,a3c1cb127794e8e25037fc3c52edeb8577104b3436d0692af9332f6d05360051,fb3f6644c0a216a1f4fd7829e3da3dfbf28cc10c471eed342ef8baf8c52d20dc,fa81db02c2505e6e07bc2e8bbb1b65f121861cb1f884c8763cb2e936a7bebf7b,9e9e2956405144d8e9553bdabc1b3028bd22db763ddc8f71fab3a485578734b6,2171714083,2068908791,5372625,102805292,4f7f8c35487edfc505cfc74c1e54bfa5f8ab100a2eb60da444f751dff72210db,true,
onnx-mlir,squeezenet1.1-7,node-63-relu,7,rebuild,1,20260921,a3c1cb127794e8e25037fc3c52edeb8577104b3436d0692af9332f6d05360051,fb3f6644c0a216a1f4fd7829e3da3dfbf28cc10c471eed342ef8baf8c52d20dc,fa81db02c2505e6e07bc2e8bbb1b65f121861cb1f884c8763cb2e936a7bebf7b,9e9e2956405144d8e9553bdabc1b3028bd22db763ddc8f71fab3a485578734b6,2234451500,2125433709,6040667,109017791,4f7f8c35487edfc505cfc74c1e54bfa5f8ab100a2eb60da444f751dff72210db,true,
onnx-mlir,squeezenet1.1-7,node-63-relu,7,update,0,20260921,a3c1cb127794e8e25037fc3c52edeb8577104b3436d0692af9332f6d05360051,fb3f6644c0a216a1f4fd7829e3da3dfbf28cc10c471eed342ef8baf8c52d20dc,fa81db02c2505e6e07bc2e8bbb1b65f121861cb1f884c8763cb2e936a7bebf7b,9e9e2956405144d8e9553bdabc1b3028bd22db763ddc8f71fab3a485578734b6,2209748875,2114790500,5742750,94958375,4f7f8c35487edfc505cfc74c1e54bfa5f8ab100a2eb60da444f751dff72210db,true,
onnx-mlir,squeezenet1.1-7,node-63-relu,8,rebuild,1,20260921,a3c1cb127794e8e25037fc3c52edeb8577104b3436d0692af9332f6d05360051,fb3f6644c0a216a1f4fd7829e3da3dfbf28cc10c471eed342ef8baf8c52d20dc,fa81db02c2505e6e07bc2e8bbb1b65f121861cb1f884c8763cb2e936a7bebf7b,9e9e2956405144d8e9553bdabc1b3028bd22db763ddc8f71fab3a485578734b6,2323704959,2214252875,6029334,109452084,4f7f8c35487edfc505cfc74c1e54bfa5f8ab100a2eb60da444f751dff72210db,true,
onnx-mlir,squeezenet1.1-7,node-63-relu,8,update,0,20260921,a3c1cb127794e8e25037fc3c52edeb8577104b3436d0692af9332f6d05360051,fb3f6644c0a216a1f4fd7829e3da3dfbf28cc10c471eed342ef8baf8c52d20dc,fa81db02c2505e6e07bc2e8bbb1b65f121861cb1f884c8763cb2e936a7bebf7b,9e9e2956405144d8e9553bdabc1b3028bd22db763ddc8f71fab3a485578734b6,2181050000,2071723500,5364291,109326500,4f7f8c35487edfc505cfc74c1e54bfa5f8ab100a2eb60da444f751dff72210db,true,
onnx-mlir,squeezenet1.1-7,node-63-relu,9,rebuild,1,20260921,a3c1cb127794e8e25037fc3c52edeb8577104b3436d0692af9332f6d05360051,fb3f6644c0a216a1f4fd7829e3da3dfbf28cc10c471eed342ef8baf8c52d20dc,fa81db02c2505e6e07bc2e8bbb1b65f121861cb1f884c8763cb2e936a7bebf7b,9e9e2956405144d8e9553bdabc1b3028bd22db763ddc8f71fab3a485578734b6,2327447625,2217930167,5283708,109517458,4f7f8c35487edfc505cfc74c1e54bfa5f8ab100a2eb60da444f751dff72210db,true,
onnx-mlir,squeezenet1.1-7,node-63-relu,9,update,0,20260921,a3c1cb127794e8e25037fc3c52edeb8577104b3436d0692af9332f6d05360051,fb3f6644c0a216a1f4fd7829e3da3dfbf28cc10c471eed342ef8baf8c52d20dc,fa81db02c2505e6e07bc2e8bbb1b65f121861cb1f884c8763cb2e936a7bebf7b,9e9e2956405144d8e9553bdabc1b3028bd22db763ddc8f71fab3a485578734b6,2257672417,2147348667,5509000,110323750,4f7f8c35487edfc505cfc74c1e54bfa5f8ab100a2eb60da444f751dff72210db,true,
tvm,squeezenet1.1-7,node-63-relu,0,rebuild,0,20260921,a3c1cb127794e8e25037fc3c52edeb8577104b3436d0692af9332f6d05360051,fb3f6644c0a216a1f4fd7829e3da3dfbf28cc10c471eed342ef8baf8c52d20dc,fa81db02c2505e6e07bc2e8bbb1b65f121861cb1f884c8763cb2e936a7bebf7b,7e035a3d642ed6af2486f52330d21246afdf548b1419fd96427207e1cacba0f7,1293787250,1127562500,5489042,166224750,62ac67e559dd28a805700cd345cfba388499d473cc0ecbd583246545b96a8072,true,
tvm,squeezenet1.1-7,node-63-relu,0,update,1,20260921,a3c1cb127794e8e25037fc3c52edeb8577104b3436d0692af9332f6d05360051,fb3f6644c0a216a1f4fd7829e3da3dfbf28cc10c471eed342ef8baf8c52d20dc,fa81db02c2505e6e07bc2e8bbb1b65f121861cb1f884c8763cb2e936a7bebf7b,7e035a3d642ed6af2486f52330d21246afdf548b1419fd96427207e1cacba0f7,1230537417,1065663000,6285042,164874417,62ac67e559dd28a805700cd345cfba388499d473cc0ecbd583246545b96a8072,true,
tvm,squeezenet1.1-7,node-63-relu,1,rebuild,0,20260921,a3c1cb127794e8e25037fc3c52edeb8577104b3436d0692af9332f6d05360051,fb3f6644c0a216a1f4fd7829e3da3dfbf28cc10c471eed342ef8baf8c52d20dc,fa81db02c2505e6e07bc2e8bbb1b65f121861cb1f884c8763cb2e936a7bebf7b,7e035a3d642ed6af2486f52330d21246afdf548b1419fd96427207e1cacba0f7,1233624958,1069097625,5449292,164527333,62ac67e559dd28a805700cd345cfba388499d473cc0ecbd583246545b96a8072,true,
tvm,squeezenet1.1-7,node-63-relu,1,update,1,20260921,a3c1cb127794e8e25037fc3c52edeb8577104b3436d0692af9332f6d05360051,fb3f6644c0a216a1f4fd7829e3da3dfbf28cc10c471eed342ef8baf8c52d20dc,fa81db02c2505e6e07bc2e8bbb1b65f121861cb1f884c8763cb2e936a7bebf7b,7e035a3d642ed6af2486f52330d21246afdf548b1419fd96427207e1cacba0f7,1233890917,1069609375,5608792,164281542,62ac67e559dd28a805700cd345cfba388499d473cc0ecbd583246545b96a8072,true,
tvm,squeezenet1.1-7,node-63-relu,2,rebuild,1,20260921,a3c1cb127794e8e25037fc3c52edeb8577104b3436d0692af9332f6d05360051,fb3f6644c0a216a1f4fd7829e3da3dfbf28cc10c471eed342ef8baf8c52d20dc,fa81db02c2505e6e07bc2e8bbb1b65f121861cb1f884c8763cb2e936a7bebf7b,7e035a3d642ed6af2486f52330d21246afdf548b1419fd96427207e1cacba0f7,1236100458,1071016167,5699292,165084291,62ac67e559dd28a805700cd345cfba388499d473cc0ecbd583246545b96a8072,true,
tvm,squeezenet1.1-7,node-63-relu,2,update,0,20260921,a3c1cb127794e8e25037fc3c52edeb8577104b3436d0692af9332f6d05360051,fb3f6644c0a216a1f4fd7829e3da3dfbf28cc10c471eed342ef8baf8c52d20dc,fa81db02c2505e6e07bc2e8bbb1b65f121861cb1f884c8763cb2e936a7bebf7b,7e035a3d642ed6af2486f52330d21246afdf548b1419fd96427207e1cacba0f7,1234655708,1070052583,5769750,164603125,62ac67e559dd28a805700cd345cfba388499d473cc0ecbd583246545b96a8072,true,
tvm,squeezenet1.1-7,node-63-relu,3,rebuild,1,20260921,a3c1cb127794e8e25037fc3c52edeb8577104b3436d0692af9332f6d05360051,fb3f6644c0a216a1f4fd7829e3da3dfbf28cc10c471eed342ef8baf8c52d20dc,fa81db02c2505e6e07bc2e8bbb1b65f121861cb1f884c8763cb2e936a7bebf7b,7e035a3d642ed6af2486f52330d21246afdf548b1419fd96427207e1cacba0f7,1246653583,1081352833,5257417,165300750,62ac67e559dd28a805700cd345cfba388499d473cc0ecbd583246545b96a8072,true,
tvm,squeezenet1.1-7,node-63-relu,3,update,0,20260921,a3c1cb127794e8e25037fc3c52edeb8577104b3436d0692af9332f6d05360051,fb3f6644c0a216a1f4fd7829e3da3dfbf28cc10c471eed342ef8baf8c52d20dc,fa81db02c2505e6e07bc2e8bbb1b65f121861cb1f884c8763cb2e936a7bebf7b,7e035a3d642ed6af2486f52330d21246afdf548b1419fd96427207e1cacba0f7,1257361166,1091467416,6146875,165893750,62ac67e559dd28a805700cd345cfba388499d473cc0ecbd583246545b96a8072,true,
tvm,squeezenet1.1-7,node-63-relu,4,rebuild,1,20260921,a3c1cb127794e8e25037fc3c52edeb8577104b3436d0692af9332f6d05360051,fb3f6644c0a216a1f4fd7829e3da3dfbf28cc10c471eed342ef8baf8c52d20dc,fa81db02c2505e6e07bc2e8bbb1b65f121861cb1f884c8763cb2e936a7bebf7b,7e035a3d642ed6af2486f52330d21246afdf548b1419fd96427207e1cacba0f7,1245860917,1081169708,5861833,164691209,62ac67e559dd28a805700cd345cfba388499d473cc0ecbd583246545b96a8072,true,
tvm,squeezenet1.1-7,node-63-relu,4,update,0,20260921,a3c1cb127794e8e25037fc3c52edeb8577104b3436d0692af9332f6d05360051,fb3f6644c0a216a1f4fd7829e3da3dfbf28cc10c471eed342ef8baf8c52d20dc,fa81db02c2505e6e07bc2e8bbb1b65f121861cb1f884c8763cb2e936a7bebf7b,7e035a3d642ed6af2486f52330d21246afdf548b1419fd96427207e1cacba0f7,1228162125,1064084458,5607958,164077667,62ac67e559dd28a805700cd345cfba388499d473cc0ecbd583246545b96a8072,true,
tvm,squeezenet1.1-7,node-63-relu,5,rebuild,1,20260921,a3c1cb127794e8e25037fc3c52edeb8577104b3436d0692af9332f6d05360051,fb3f6644c0a216a1f4fd7829e3da3dfbf28cc10c471eed342ef8baf8c52d20dc,fa81db02c2505e6e07bc2e8bbb1b65f121861cb1f884c8763cb2e936a7bebf7b,7e035a3d642ed6af2486f52330d21246afdf548b1419fd96427207e1cacba0f7,1221117166,1056963125,5659666,164154041,62ac67e559dd28a805700cd345cfba388499d473cc0ecbd583246545b96a8072,true,
tvm,squeezenet1.1-7,node-63-relu,5,update,0,20260921,a3c1cb127794e8e25037fc3c52edeb8577104b3436d0692af9332f6d05360051,fb3f6644c0a216a1f4fd7829e3da3dfbf28cc10c471eed342ef8baf8c52d20dc,fa81db02c2505e6e07bc2e8bbb1b65f121861cb1f884c8763cb2e936a7bebf7b,7e035a3d642ed6af2486f52330d21246afdf548b1419fd96427207e1cacba0f7,1231084208,1066625291,5356416,164458917,62ac67e559dd28a805700cd345cfba388499d473cc0ecbd583246545b96a8072,true,
tvm,squeezenet1.1-7,node-63-relu,6,rebuild,0,20260921,a3c1cb127794e8e25037fc3c52edeb8577104b3436d0692af9332f6d05360051,fb3f6644c0a216a1f4fd7829e3da3dfbf28cc10c471eed342ef8baf8c52d20dc,fa81db02c2505e6e07bc2e8bbb1b65f121861cb1f884c8763cb2e936a7bebf7b,7e035a3d642ed6af2486f52330d21246afdf548b1419fd96427207e1cacba0f7,1246529791,1081655041,6141250,164874750,62ac67e559dd28a805700cd345cfba388499d473cc0ecbd583246545b96a8072,true,
tvm,squeezenet1.1-7,node-63-relu,6,update,1,20260921,a3c1cb127794e8e25037fc3c52edeb8577104b3436d0692af9332f6d05360051,fb3f6644c0a216a1f4fd7829e3da3dfbf28cc10c471eed342ef8baf8c52d20dc,fa81db02c2505e6e07bc2e8bbb1b65f121861cb1f884c8763cb2e936a7bebf7b,7e035a3d642ed6af2486f52330d21246afdf548b1419fd96427207e1cacba0f7,1248968416,1083685791,6751125,165282625,62ac67e559dd28a805700cd345cfba388499d473cc0ecbd583246545b96a8072,true,
tvm,squeezenet1.1-7,node-63-relu,7,rebuild,1,20260921,a3c1cb127794e8e25037fc3c52edeb8577104b3436d0692af9332f6d05360051,fb3f6644c0a216a1f4fd7829e3da3dfbf28cc10c471eed342ef8baf8c52d20dc,fa81db02c2505e6e07bc2e8bbb1b65f121861cb1f884c8763cb2e936a7bebf7b,7e035a3d642ed6af2486f52330d21246afdf548b1419fd96427207e1cacba0f7,1230070916,1066070458,5620333,164000458,62ac67e559dd28a805700cd345cfba388499d473cc0ecbd583246545b96a8072,true,
tvm,squeezenet1.1-7,node-63-relu,7,update,0,20260921,a3c1cb127794e8e25037fc3c52edeb8577104b3436d0692af9332f6d05360051,fb3f6644c0a216a1f4fd7829e3da3dfbf28cc10c471eed342ef8baf8c52d20dc,fa81db02c2505e6e07bc2e8bbb1b65f121861cb1f884c8763cb2e936a7bebf7b,7e035a3d642ed6af2486f52330d21246afdf548b1419fd96427207e1cacba0f7,1227204917,1062858917,6539875,164346000,62ac67e559dd28a805700cd345cfba388499d473cc0ecbd583246545b96a8072,true,
tvm,squeezenet1.1-7,node-63-relu,8,rebuild,1,20260921,a3c1cb127794e8e25037fc3c52edeb8577104b3436d0692af9332f6d05360051,fb3f6644c0a216a1f4fd7829e3da3dfbf28cc10c471eed342ef8baf8c52d20dc,fa81db02c2505e6e07bc2e8bbb1b65f121861cb1f884c8763cb2e936a7bebf7b,7e035a3d642ed6af2486f52330d21246afdf548b1419fd96427207e1cacba0f7,1268597208,1103512750,6865083,165084458,62ac67e559dd28a805700cd345cfba388499d473cc0ecbd583246545b96a8072,true,
tvm,squeezenet1.1-7,node-63-relu,8,update,0,20260921,a3c1cb127794e8e25037fc3c52edeb8577104b3436d0692af9332f6d05360051,fb3f6644c0a216a1f4fd7829e3da3dfbf28cc10c471eed342ef8baf8c52d20dc,fa81db02c2505e6e07bc2e8bbb1b65f121861cb1f884c8763cb2e936a7bebf7b,7e035a3d642ed6af2486f52330d21246afdf548b1419fd96427207e1cacba0f7,1243776500,1076898333,5272333,166878167,62ac67e559dd28a805700cd345cfba388499d473cc0ecbd583246545b96a8072,true,
tvm,squeezenet1.1-7,node-63-relu,9,rebuild,1,20260921,a3c1cb127794e8e25037fc3c52edeb8577104b3436d0692af9332f6d05360051,fb3f6644c0a216a1f4fd7829e3da3dfbf28cc10c471eed342ef8baf8c52d20dc,fa81db02c2505e6e07bc2e8bbb1b65f121861cb1f884c8763cb2e936a7bebf7b,7e035a3d642ed6af2486f52330d21246afdf548b1419fd96427207e1cacba0f7,1231501666,1066669583,5307833,164832083,62ac67e559dd28a805700cd345cfba388499d473cc0ecbd583246545b96a8072,true,
tvm,squeezenet1.1-7,node-63-relu,9,update,0,20260921,a3c1cb127794e8e25037fc3c52edeb8577104b3436d0692af9332f6d05360051,fb3f6644c0a216a1f4fd7829e3da3dfbf28cc10c471eed342ef8baf8c52d20dc,fa81db02c2505e6e07bc2e8bbb1b65f121861cb1f884c8763cb2e936a7bebf7b,7e035a3d642ed6af2486f52330d21246afdf548b1419fd96427207e1cacba0f7,1232897583,1068296875,5859792,164600708,62ac67e559dd28a805700cd345cfba388499d473cc0ecbd583246545b96a8072,true,
joggle,tiny-yolov3-11,node-176-add,0,rebuild,1,20260921,3e9667df0e7956e8c32fda6c7c9d4486aeccf7520c41f4152f57f68e5400a791,01169db1516f0739316c1f5de4734faaa763d311269d8939e1e5f2e503d59413,225440f0409be314605c7f1b705e26bd09036c1098689f0df76da79f7ed362c6,000ba20c8561d582a1fa4c779858c3965a92b4be76c5fa7f1c9a632fa501c3b9,20739298500,18824438000,37916583,1914860500,7552e93424c3fd67736cc26534d83564e10891ac8d4927bae51545823565268f,true,
joggle,tiny-yolov3-11,node-176-add,0,update,0,20260921,3e9667df0e7956e8c32fda6c7c9d4486aeccf7520c41f4152f57f68e5400a791,01169db1516f0739316c1f5de4734faaa763d311269d8939e1e5f2e503d59413,225440f0409be314605c7f1b705e26bd09036c1098689f0df76da79f7ed362c6,000ba20c8561d582a1fa4c779858c3965a92b4be76c5fa7f1c9a632fa501c3b9,12066551791,10133971958,40793833,1932579833,7552e93424c3fd67736cc26534d83564e10891ac8d4927bae51545823565268f,true,
joggle,tiny-yolov3-11,node-176-add,1,rebuild,0,20260921,3e9667df0e7956e8c32fda6c7c9d4486aeccf7520c41f4152f57f68e5400a791,01169db1516f0739316c1f5de4734faaa763d311269d8939e1e5f2e503d59413,225440f0409be314605c7f1b705e26bd09036c1098689f0df76da79f7ed362c6,000ba20c8561d582a1fa4c779858c3965a92b4be76c5fa7f1c9a632fa501c3b9,20490203125,18572763792,38132084,1917439333,7552e93424c3fd67736cc26534d83564e10891ac8d4927bae51545823565268f,true,
joggle,tiny-yolov3-11,node-176-add,1,update,1,20260921,3e9667df0e7956e8c32fda6c7c9d4486aeccf7520c41f4152f57f68e5400a791,01169db1516f0739316c1f5de4734faaa763d311269d8939e1e5f2e503d59413,225440f0409be314605c7f1b705e26bd09036c1098689f0df76da79f7ed362c6,000ba20c8561d582a1fa4c779858c3965a92b4be76c5fa7f1c9a632fa501c3b9,12054622292,10153910459,37541625,1900711833,7552e93424c3fd67736cc26534d83564e10891ac8d4927bae51545823565268f,true,
joggle,tiny-yolov3-11,node-176-add,2,rebuild,1,20260921,3e9667df0e7956e8c32fda6c7c9d4486aeccf7520c41f4152f57f68e5400a791,01169db1516f0739316c1f5de4734faaa763d311269d8939e1e5f2e503d59413,225440f0409be314605c7f1b705e26bd09036c1098689f0df76da79f7ed362c6,000ba20c8561d582a1fa4c779858c3965a92b4be76c5fa7f1c9a632fa501c3b9,20929238125,19037076625,37586166,1892161500,7552e93424c3fd67736cc26534d83564e10891ac8d4927bae51545823565268f,true,
joggle,tiny-yolov3-11,node-176-add,2,update,0,20260921,3e9667df0e7956e8c32fda6c7c9d4486aeccf7520c41f4152f57f68e5400a791,01169db1516f0739316c1f5de4734faaa763d311269d8939e1e5f2e503d59413,225440f0409be314605c7f1b705e26bd09036c1098689f0df76da79f7ed362c6,000ba20c8561d582a1fa4c779858c3965a92b4be76c5fa7f1c9a632fa501c3b9,12178154875,10204712958,44089042,1973441917,7552e93424c3fd67736cc26534d83564e10891ac8d4927bae51545823565268f,true,
joggle,tiny-yolov3-11,node-176-add,3,rebuild,1,20260921,3e9667df0e7956e8c32fda6c7c9d4486aeccf7520c41f4152f57f68e5400a791,01169db1516f0739316c1f5de4734faaa763d311269d8939e1e5f2e503d59413,225440f0409be314605c7f1b705e26bd09036c1098689f0df76da79f7ed362c6,000ba20c8561d582a1fa4c779858c3965a92b4be76c5fa7f1c9a632fa501c3b9,20278024084,18374689209,36982625,1903334875,7552e93424c3fd67736cc26534d83564e10891ac8d4927bae51545823565268f,true,
joggle,tiny-yolov3-11,node-176-add,3,update,0,20260921,3e9667df0e7956e8c32fda6c7c9d4486aeccf7520c41f4152f57f68e5400a791,01169db1516f0739316c1f5de4734faaa763d311269d8939e1e5f2e503d59413,225440f0409be314605c7f1b705e26bd09036c1098689f0df76da79f7ed362c6,000ba20c8561d582a1fa4c779858c3965a92b4be76c5fa7f1c9a632fa501c3b9,11836016334,9936381125,36681000,1899635209,7552e93424c3fd67736cc26534d83564e10891ac8d4927bae51545823565268f,true,
joggle,tiny-yolov3-11,node-176-add,4,rebuild,1,20260921,3e9667df0e7956e8c32fda6c7c9d4486aeccf7520c41f4152f57f68e5400a791,01169db1516f0739316c1f5de4734faaa763d311269d8939e1e5f2e503d59413,225440f0409be314605c7f1b705e26bd09036c1098689f0df76da79f7ed362c6,000ba20c8561d582a1fa4c779858c3965a92b4be76c5fa7f1c9a632fa501c3b9,22362205375,20445242583,38320125,1916962792,7552e93424c3fd67736cc26534d83564e10891ac8d4927bae51545823565268f,true,
joggle,tiny-yolov3-11,node-176-add,4,update,0,20260921,3e9667df0e7956e8c32fda6c7c9d4486aeccf7520c41f4152f57f68e5400a791,01169db1516f0739316c1f5de4734faaa763d311269d8939e1e5f2e503d59413,225440f0409be314605c7f1b705e26bd09036c1098689f0df76da79f7ed362c6,000ba20c8561d582a1fa4c779858c3965a92b4be76c5fa7f1c9a632fa501c3b9,12078597291,10165269041,40860250,1913328250,7552e93424c3fd67736cc26534d83564e10891ac8d4927bae51545823565268f,true,
joggle,tiny-yolov3-11,node-176-add,5,rebuild,1,20260921,3e9667df0e7956e8c32fda6c7c9d4486aeccf7520c41f4152f57f68e5400a791,01169db1516f0739316c1f5de4734faaa763d311269d8939e1e5f2e503d59413,225440f0409be314605c7f1b705e26bd09036c1098689f0df76da79f7ed362c6,000ba20c8561d582a1fa4c779858c3965a92b4be76c5fa7f1c9a632fa501c3b9,20644590125,18719492333,36911125,1925097792,7552e93424c3fd67736cc26534d83564e10891ac8d4927bae51545823565268f,true,
joggle,tiny-yolov3-11,node-176-add,5,update,0,20260921,3e9667df0e7956e8c32fda6c7c9d4486aeccf7520c41f4152f57f68e5400a791,01169db1516f0739316c1f5de4734faaa763d311269d8939e1e5f2e503d59413,225440f0409be314605c7f1b705e26bd09036c1098689f0df76da79f7ed362c6,000ba20c8561d582a1fa4c779858c3965a92b4be76c5fa7f1c9a632fa501c3b9,11684661917,9786831292,39481667,1897830625,7552e93424c3fd67736cc26534d83564e10891ac8d4927bae51545823565268f,true,
joggle,tiny-yolov3-11,node-176-add,6,rebuild,1,20260921,3e9667df0e7956e8c32fda6c7c9d4486aeccf7520c41f4152f57f68e5400a791,01169db1516f0739316c1f5de4734faaa763d311269d8939e1e5f2e503d59413,225440f0409be314605c7f1b705e26bd09036c1098689f0df76da79f7ed362c6,000ba20c8561d582a1fa4c779858c3965a92b4be76c5fa7f1c9a632fa501c3b9,21509794667,19604054667,38038125,1905740000,7552e93424c3fd67736cc26534d83564e10891ac8d4927bae51545823565268f,true,
joggle,tiny-yolov3-11,node-176-add,6,update,0,20260921,3e9667df0e7956e8c32fda6c7c9d4486aeccf7520c41f4152f57f68e5400a791,01169db1516f0739316c1f5de4734faaa763d311269d8939e1e5f2e503d59413,225440f0409be314605c7f1b705e26bd09036c1098689f0df76da79f7ed362c6,000ba20c8561d582a1fa4c779858c3965a92b4be76c5fa7f1c9a632fa501c3b9,11912523750,10009433000,39088916,1903090750,7552e93424c3fd67736cc26534d83564e10891ac8d4927bae51545823565268f,true,
joggle,tiny-yolov3-11,node-176-add,7,rebuild,1,20260921,3e9667df0e7956e8c32fda6c7c9d4486aeccf7520c41f4152f57f68e5400a791,01169db1516f0739316c1f5de4734faaa763d311269d8939e1e5f2e503d59413,225440f0409be314605c7f1b705e26bd09036c1098689f0df76da79f7ed362c6,000ba20c8561d582a1fa4c779858c3965a92b4be76c5fa7f1c9a632fa501c3b9,20625928833,18726833500,39798042,1899095333,7552e93424c3fd67736cc26534d83564e10891ac8d4927bae51545823565268f,true,
joggle,tiny-yolov3-11,node-176-add,7,update,0,20260921,3e9667df0e7956e8c32fda6c7c9d4486aeccf7520c41f4152f57f68e5400a791,01169db1516f0739316c1f5de4734faaa763d311269d8939e1e5f2e503d59413,225440f0409be314605c7f1b705e26bd09036c1098689f0df76da79f7ed362c6,000ba20c8561d582a1fa4c779858c3965a92b4be76c5fa7f1c9a632fa501c3b9,11998997708,10094753833,37293666,1904243875,7552e93424c3fd67736cc26534d83564e10891ac8d4927bae51545823565268f,true,
joggle,tiny-yolov3-11,node-176-add,8,rebuild,1,20260921,3e9667df0e7956e8c32fda6c7c9d4486aeccf7520c41f4152f57f68e5400a791,01169db1516f0739316c1f5de4734faaa763d311269d8939e1e5f2e503d59413,225440f0409be314605c7f1b705e26bd09036c1098689f0df76da79f7ed362c6,000ba20c8561d582a1fa4c779858c3965a92b4be76c5fa7f1c9a632fa501c3b9,20411349459,18509401917,39145792,1901947542,7552e93424c3fd67736cc26534d83564e10891ac8d4927bae51545823565268f,true,
joggle,tiny-yolov3-11,node-176-add,8,update,0,20260921,3e9667df0e7956e8c32fda6c7c9d4486aeccf7520c41f4152f57f68e5400a791,01169db1516f0739316c1f5de4734faaa763d311269d8939e1e5f2e503d59413,225440f0409be314605c7f1b705e26bd09036c1098689f0df76da79f7ed362c6,000ba20c8561d582a1fa4c779858c3965a92b4be76c5fa7f1c9a632fa501c3b9,11831549542,9928944959,37158459,1902604583,7552e93424c3fd67736cc26534d83564e10891ac8d4927bae51545823565268f,true,
joggle,tiny-yolov3-11,node-176-add,9,rebuild,1,20260921,3e9667df0e7956e8c32fda6c7c9d4486aeccf7520c41f4152f57f68e5400a791,01169db1516f0739316c1f5de4734faaa763d311269d8939e1e5f2e503d59413,225440f0409be314605c7f1b705e26bd09036c1098689f0df76da79f7ed362c6,000ba20c8561d582a1fa4c779858c3965a92b4be76c5fa7f1c9a632fa501c3b9,20168081500,18268468042,36897458,1899613458,7552e93424c3fd67736cc26534d83564e10891ac8d4927bae51545823565268f,true,
joggle,tiny-yolov3-11,node-176-add,9,update,0,20260921,3e9667df0e7956e8c32fda6c7c9d4486aeccf7520c41f4152f57f68e5400a791,01169db1516f0739316c1f5de4734faaa763d311269d8939e1e5f2e503d59413,225440f0409be314605c7f1b705e26bd09036c1098689f0df76da79f7ed362c6,000ba20c8561d582a1fa4c779858c3965a92b4be76c5fa7f1c9a632fa501c3b9,11914385583,10016091833,40877417,1898293750,7552e93424c3fd67736cc26534d83564e10891ac8d4927bae51545823565268f,true,
onnx-mlir,tiny-yolov3-11,node-176-add,0,rebuild,1,20260921,3e9667df0e7956e8c32fda6c7c9d4486aeccf7520c41f4152f57f68e5400a791,01169db1516f0739316c1f5de4734faaa763d311269d8939e1e5f2e503d59413,225440f0409be314605c7f1b705e26bd09036c1098689f0df76da79f7ed362c6,9e9e2956405144d8e9553bdabc1b3028bd22db763ddc8f71fab3a485578734b6,4275961708,2839882333,38597500,1436079375,a98c8e6a65c8b89675d6ff9cb590a535d7b1a730e31b69483be4f4491b74be80,true,
onnx-mlir,tiny-yolov3-11,node-176-add,0,update,0,20260921,3e9667df0e7956e8c32fda6c7c9d4486aeccf7520c41f4152f57f68e5400a791,01169db1516f0739316c1f5de4734faaa763d311269d8939e1e5f2e503d59413,225440f0409be314605c7f1b705e26bd09036c1098689f0df76da79f7ed362c6,9e9e2956405144d8e9553bdabc1b3028bd22db763ddc8f71fab3a485578734b6,4246499041,2810866875,39382625,1435632166,a98c8e6a65c8b89675d6ff9cb590a535d7b1a730e31b69483be4f4491b74be80,true,
onnx-mlir,tiny-yolov3-11,node-176-add,1,rebuild,0,20260921,3e9667df0e7956e8c32fda6c7c9d4486aeccf7520c41f4152f57f68e5400a791,01169db1516f0739316c1f5de4734faaa763d311269d8939e1e5f2e503d59413,225440f0409be314605c7f1b705e26bd09036c1098689f0df76da79f7ed362c6,9e9e2956405144d8e9553bdabc1b3028bd22db763ddc8f71fab3a485578734b6,4161930875,2725182584,37227709,1436748291,a98c8e6a65c8b89675d6ff9cb590a535d7b1a730e31b69483be4f4491b74be80,true,
onnx-mlir,tiny-yolov3-11,node-176-add,1,update,1,20260921,3e9667df0e7956e8c32fda6c7c9d4486aeccf7520c41f4152f57f68e5400a791,01169db1516f0739316c1f5de4734faaa763d311269d8939e1e5f2e503d59413,225440f0409be314605c7f1b705e26bd09036c1098689f0df76da79f7ed362c6,9e9e2956405144d8e9553bdabc1b3028bd22db763ddc8f71fab3a485578734b6,4156671083,2717752208,36946042,1438918875,a98c8e6a65c8b89675d6ff9cb590a535d7b1a730e31b69483be4f4491b74be80,true,
onnx-mlir,tiny-yolov3-11,node-176-add,2,rebuild,1,20260921,3e9667df0e7956e8c32fda6c7c9d4486aeccf7520c41f4152f57f68e5400a791,01169db1516f0739316c1f5de4734faaa763d311269d8939e1e5f2e503d59413,225440f0409be314605c7f1b705e26bd09036c1098689f0df76da79f7ed362c6,9e9e2956405144d8e9553bdabc1b3028bd22db763ddc8f71fab3a485578734b6,4174121166,2738649458,39973125,1435471708,a98c8e6a65c8b89675d6ff9cb590a535d7b1a730e31b69483be4f4491b74be80,true,
onnx-mlir,tiny-yolov3-11,node-176-add,2,update,0,20260921,3e9667df0e7956e8c32fda6c7c9d4486aeccf7520c41f4152f57f68e5400a791,01169db1516f0739316c1f5de4734faaa763d311269d8939e1e5f2e503d59413,225440f0409be314605c7f1b705e26bd09036c1098689f0df76da79f7ed362c6,9e9e2956405144d8e9553bdabc1b3028bd22db763ddc8f71fab3a485578734b6,4293409917,2857676958,40562042,1435732959,a98c8e6a65c8b89675d6ff9cb590a535d7b1a730e31b69483be4f4491b74be80,true,
onnx-mlir,tiny-yolov3-11,node-176-add,3,rebuild,1,20260921,3e9667df0e7956e8c32fda6c7c9d4486aeccf7520c41f4152f57f68e5400a791,01169db1516f0739316c1f5de4734faaa763d311269d8939e1e5f2e503d59413,225440f0409be314605c7f1b705e26bd09036c1098689f0df76da79f7ed362c6,9e9e2956405144d8e9553bdabc1b3028bd22db763ddc8f71fab3a485578734b6,4176323209,2748490875,39181459,1427832334,a98c8e6a65c8b89675d6ff9cb590a535d7b1a730e31b69483be4f4491b74be80,true,
onnx-mlir,tiny-yolov3-11,node-176-add,3,update,0,20260921,3e9667df0e7956e8c32fda6c7c9d4486aeccf7520c41f4152f57f68e5400a791,01169db1516f0739316c1f5de4734faaa763d311269d8939e1e5f2e503d59413,225440f0409be314605c7f1b705e26bd09036c1098689f0df76da79f7ed362c6,9e9e2956405144d8e9553bdabc1b3028bd22db763ddc8f71fab3a485578734b6,4164056417,2725234167,38092750,1438822250,a98c8e6a65c8b89675d6ff9cb590a535d7b1a730e31b69483be4f4491b74be80,true,
onnx-mlir,tiny-yolov3-11,node-176-add,4,rebuild,1,20260921,3e9667df0e7956e8c32fda6c7c9d4486aeccf7520c41f4152f57f68e5400a791,01169db1516f0739316c1f5de4734faaa763d311269d8939e1e5f2e503d59413,225440f0409be314605c7f1b705e26bd09036c1098689f0df76da79f7ed362c6,9e9e2956405144d8e9553bdabc1b3028bd22db763ddc8f71fab3a485578734b6,4170761792,2729748292,40722709,1441013500,a98c8e6a65c8b89675d6ff9cb590a535d7b1a730e31b69483be4f4491b74be80,true,
onnx-mlir,tiny-yolov3-11,node-176-add,4,update,0,20260921,3e9667df0e7956e8c32fda6c7c9d4486aeccf7520c41f4152f57f68e5400a791,01169db1516f0739316c1f5de4734faaa763d311269d8939e1e5f2e503d59413,225440f0409be314605c7f1b705e26bd09036c1098689f0df76da79f7ed362c6,9e9e2956405144d8e9553bdabc1b3028bd22db763ddc8f71fab3a485578734b6,4143667958,2691055625,36587667,1452612333,a98c8e6a65c8b89675d6ff9cb590a535d7b1a730e31b69483be4f4491b74be80,true,
onnx-mlir,tiny-yolov3-11,node-176-add,5,rebuild,1,20260921,3e9667df0e7956e8c32fda6c7c9d4486aeccf7520c41f4152f57f68e5400a791,01169db1516f0739316c1f5de4734faaa763d311269d8939e1e5f2e503d59413,225440f0409be314605c7f1b705e26bd09036c1098689f0df76da79f7ed362c6,9e9e2956405144d8e9553bdabc1b3028bd22db763ddc8f71fab3a485578734b6,4170905000,2734910208,37759041,1435994792,a98c8e6a65c8b89675d6ff9cb590a535d7b1a730e31b69483be4f4491b74be80,true,
onnx-mlir,tiny-yolov3-11,node-176-add,5,update,0,20260921,3e9667df0e7956e8c32fda6c7c9d4486aeccf7520c41f4152f57f68e5400a791,01169db1516f0739316c1f5de4734faaa763d311269d8939e1e5f2e503d59413,225440f0409be314605c7f1b705e26bd09036c1098689f0df76da79f7ed362c6,9e9e2956405144d8e9553bdabc1b3028bd22db763ddc8f71fab3a485578734b6,4151658208,2712952583,37623666,1438705625,a98c8e6a65c8b89675d6ff9cb590a535d7b1a730e31b69483be4f4491b74be80,true,
onnx-mlir,tiny-yolov3-11,node-176-add,6,rebuild,1,20260921,3e9667df0e7956e8c32fda6c7c9d4486aeccf7520c41f4152f57f68e5400a791,01169db1516f0739316c1f5de4734faaa763d311269d8939e1e5f2e503d59413,225440f0409be314605c7f1b705e26bd09036c1098689f0df76da79f7ed362c6,9e9e2956405144d8e9553bdabc1b3028bd22db763ddc8f71fab3a485578734b6,4096163792,2675963667,35986542,1420200125,a98c8e6a65c8b89675d6ff9cb590a535d7b1a730e31b69483be4f4491b74be80,true,
onnx-mlir,tiny-yolov3-11,node-176-add,6,update,0,20260921,3e9667df0e7956e8c32fda6c7c9d4486aeccf7520c41f4152f57f68e5400a791,01169db1516f0739316c1f5de4734faaa763d311269d8939e1e5f2e503d59413,225440f0409be314605c7f1b705e26bd09036c1098689f0df76da79f7ed362c6,9e9e2956405144d8e9553bdabc1b3028bd22db763ddc8f71fab3a485578734b6,4196614833,2759267541,36908875,1437347292,a98c8e6a65c8b89675d6ff9cb590a535d7b1a730e31b69483be4f4491b74be80,true,
onnx-mlir,tiny-yolov3-11,node-176-add,7,rebuild,1,20260921,3e9667df0e7956e8c32fda6c7c9d4486aeccf7520c41f4152f57f68e5400a791,01169db1516f0739316c1f5de4734faaa763d311269d8939e1e5f2e503d59413,225440f0409be314605c7f1b705e26bd09036c1098689f0df76da79f7ed362c6,9e9e2956405144d8e9553bdabc1b3028bd22db763ddc8f71fab3a485578734b6,4211857458,2726738916,39573208,1485118542,a98c8e6a65c8b89675d6ff9cb590a535d7b1a730e31b69483be4f4491b74be80,true,
onnx-mlir,tiny-yolov3-11,node-176-add,7,update,0,20260921,3e9667df0e7956e8c32fda6c7c9d4486aeccf7520c41f4152f57f68e5400a791,01169db1516f0739316c1f5de4734faaa763d311269d8939e1e5f2e503d59413,225440f0409be314605c7f1b705e26bd09036c1098689f0df76da79f7ed362c6,9e9e2956405144d8e9553bdabc1b3028bd22db763ddc8f71fab3a485578734b6,4223551125,2782053541,39021750,1441497584,a98c8e6a65c8b89675d6ff9cb590a535d7b1a730e31b69483be4f4491b74be80,true,
onnx-mlir,tiny-yolov3-11,node-176-add,8,rebuild,1,20260921,3e9667df0e7956e8c32fda6c7c9d4486aeccf7520c41f4152f57f68e5400a791,01169db1516f0739316c1f5de4734faaa763d311269d8939e1e5f2e503d59413,225440f0409be314605c7f1b705e26bd09036c1098689f0df76da79f7ed362c6,9e9e2956405144d8e9553bdabc1b3028bd22db763ddc8f71fab3a485578734b6,4184420208,2743431333,38118208,1440988875,a98c8e6a65c8b89675d6ff9cb590a535d7b1a730e31b69483be4f4491b74be80,true,
onnx-mlir,tiny-yolov3-11,node-176-add,8,update,0,20260921,3e9667df0e7956e8c32fda6c7c9d4486aeccf7520c41f4152f57f68e5400a791,01169db1516f0739316c1f5de4734faaa763d311269d8939e1e5f2e503d59413,225440f0409be314605c7f1b705e26bd09036c1098689f0df76da79f7ed362c6,9e9e2956405144d8e9553bdabc1b3028bd22db763ddc8f71fab3a485578734b6,4252637625,2796054459,39676167,1456583166,a98c8e6a65c8b89675d6ff9cb590a535d7b1a730e31b69483be4f4491b74be80,true,
onnx-mlir,tiny-yolov3-11,node-176-add,9,rebuild,1,20260921,3e9667df0e7956e8c32fda6c7c9d4486aeccf7520c41f4152f57f68e5400a791,01169db1516f0739316c1f5de4734faaa763d311269d8939e1e5f2e503d59413,225440f0409be314605c7f1b705e26bd09036c1098689f0df76da79f7ed362c6,9e9e2956405144d8e9553bdabc1b3028bd22db763ddc8f71fab3a485578734b6,4190297667,2745121375,38594000,1445176292,a98c8e6a65c8b89675d6ff9cb590a535d7b1a730e31b69483be4f4491b74be80,true,
onnx-mlir,tiny-yolov3-11,node-176-add,9,update,0,20260921,3e9667df0e7956e8c32fda6c7c9d4486aeccf7520c41f4152f57f68e5400a791,01169db1516f0739316c1f5de4734faaa763d311269d8939e1e5f2e503d59413,225440f0409be314605c7f1b705e26bd09036c1098689f0df76da79f7ed362c6,9e9e2956405144d8e9553bdabc1b3028bd22db763ddc8f71fab3a485578734b6,4298947417,2852954417,37595209,1445993000,a98c8e6a65c8b89675d6ff9cb590a535d7b1a730e31b69483be4f4491b74be80,true,
tvm,tiny-yolov3-11,node-176-add,0,rebuild,1,20260921,3e9667df0e7956e8c32fda6c7c9d4486aeccf7520c41f4152f57f68e5400a791,,,,,,,,,false,"CalledProcessError: Command '['/Users/lancer/Documents/Item/joggle/.cache/artifact/baseline-venv/bin/python', '/Users/lancer/Documents/Item/joggle/artifact/run_baseline_benchmarks.py', '--worker', 'rebuild', '--spec', '/Users/lancer/Documents/Item/joggle/artifact/manifests/benchmark-cases.json', '--inputs', '.cache/artifact/release-data/inputs', '--case-id', 'tiny-yolov3-11', '--model', '.cache/onnx-zoo/tiny-yolov3-11.onnx', '--iterations', '1', '--warmups', '0', '--batch', '1', '--backend', 'tvm', '--target-json', '{""kind"":""llvm"",""num-cores"":1}', '--onnx-mlir', '/Users/lancer/Documents/Item/joggle-study/onnx-mlir-baseline/build/Release/bin/onnx-mlir', '--edit-json', '/var/folders/g7/7bl3yb192mgbxgmwf07z1_zr0000gn/T/production-edits-k0ggrm75/edit.json', '--joggle', 'build-artifact-smoke/joggle', '--joggle-server', 'build-artifact-smoke/artifact/joggle-artifact-reactive', '--joggle-reuse', 'none', '--builtin-mods', 'build-artifact-smoke/modules', '--cc', 'cc', '--case-timeout', '240.0']' returned non-zero exit status 1."
tvm,tiny-yolov3-11,node-176-add,0,update,0,20260921,3e9667df0e7956e8c32fda6c7c9d4486aeccf7520c41f4152f57f68e5400a791,,,,,,,,,false,"CalledProcessError: Command '['/Users/lancer/Documents/Item/joggle/.cache/artifact/baseline-venv/bin/python', '/Users/lancer/Documents/Item/joggle/artifact/run_baseline_benchmarks.py', '--worker', 'update', '--spec', '/Users/lancer/Documents/Item/joggle/artifact/manifests/benchmark-cases.json', '--inputs', '.cache/artifact/release-data/inputs', '--case-id', 'tiny-yolov3-11', '--model', '.cache/onnx-zoo/tiny-yolov3-11.onnx', '--iterations', '1', '--warmups', '0', '--batch', '1', '--backend', 'tvm', '--target-json', '{""kind"":""llvm"",""num-cores"":1}', '--onnx-mlir', '/Users/lancer/Documents/Item/joggle-study/onnx-mlir-baseline/build/Release/bin/onnx-mlir', '--edit-json', '/var/folders/g7/7bl3yb192mgbxgmwf07z1_zr0000gn/T/production-edits-k0ggrm75/edit.json', '--joggle', 'build-artifact-smoke/joggle', '--joggle-server', 'build-artifact-smoke/artifact/joggle-artifact-reactive', '--joggle-reuse', 'none', '--builtin-mods', 'build-artifact-smoke/modules', '--cc', 'cc', '--case-timeout', '240.0']' returned non-zero exit status 1."
tvm,tiny-yolov3-11,node-176-add,1,rebuild,0,20260921,3e9667df0e7956e8c32fda6c7c9d4486aeccf7520c41f4152f57f68e5400a791,,,,,,,,,false,"CalledProcessError: Command '['/Users/lancer/Documents/Item/joggle/.cache/artifact/baseline-venv/bin/python', '/Users/lancer/Documents/Item/joggle/artifact/run_baseline_benchmarks.py', '--worker', 'rebuild', '--spec', '/Users/lancer/Documents/Item/joggle/artifact/manifests/benchmark-cases.json', '--inputs', '.cache/artifact/release-data/inputs', '--case-id', 'tiny-yolov3-11', '--model', '.cache/onnx-zoo/tiny-yolov3-11.onnx', '--iterations', '1', '--warmups', '0', '--batch', '1', '--backend', 'tvm', '--target-json', '{""kind"":""llvm"",""num-cores"":1}', '--onnx-mlir', '/Users/lancer/Documents/Item/joggle-study/onnx-mlir-baseline/build/Release/bin/onnx-mlir', '--edit-json', '/var/folders/g7/7bl3yb192mgbxgmwf07z1_zr0000gn/T/production-edits-k0ggrm75/edit.json', '--joggle', 'build-artifact-smoke/joggle', '--joggle-server', 'build-artifact-smoke/artifact/joggle-artifact-reactive', '--joggle-reuse', 'none', '--builtin-mods', 'build-artifact-smoke/modules', '--cc', 'cc', '--case-timeout', '240.0']' returned non-zero exit status 1."
tvm,tiny-yolov3-11,node-176-add,1,update,1,20260921,3e9667df0e7956e8c32fda6c7c9d4486aeccf7520c41f4152f57f68e5400a791,,,,,,,,,false,"CalledProcessError: Command '['/Users/lancer/Documents/Item/joggle/.cache/artifact/baseline-venv/bin/python', '/Users/lancer/Documents/Item/joggle/artifact/run_baseline_benchmarks.py', '--worker', 'update', '--spec', '/Users/lancer/Documents/Item/joggle/artifact/manifests/benchmark-cases.json', '--inputs', '.cache/artifact/release-data/inputs', '--case-id', 'tiny-yolov3-11', '--model', '.cache/onnx-zoo/tiny-yolov3-11.onnx', '--iterations', '1', '--warmups', '0', '--batch', '1', '--backend', 'tvm', '--target-json', '{""kind"":""llvm"",""num-cores"":1}', '--onnx-mlir', '/Users/lancer/Documents/Item/joggle-study/onnx-mlir-baseline/build/Release/bin/onnx-mlir', '--edit-json', '/var/folders/g7/7bl3yb192mgbxgmwf07z1_zr0000gn/T/production-edits-k0ggrm75/edit.json', '--joggle', 'build-artifact-smoke/joggle', '--joggle-server', 'build-artifact-smoke/artifact/joggle-artifact-reactive', '--joggle-reuse', 'none', '--builtin-mods', 'build-artifact-smoke/modules', '--cc', 'cc', '--case-timeout', '240.0']' returned non-zero exit status 1."
tvm,tiny-yolov3-11,node-176-add,2,rebuild,1,20260921,3e9667df0e7956e8c32fda6c7c9d4486aeccf7520c41f4152f57f68e5400a791,,,,,,,,,false,"CalledProcessError: Command '['/Users/lancer/Documents/Item/joggle/.cache/artifact/baseline-venv/bin/python', '/Users/lancer/Documents/Item/joggle/artifact/run_baseline_benchmarks.py', '--worker', 'rebuild', '--spec', '/Users/lancer/Documents/Item/joggle/artifact/manifests/benchmark-cases.json', '--inputs', '.cache/artifact/release-data/inputs', '--case-id', 'tiny-yolov3-11', '--model', '.cache/onnx-zoo/tiny-yolov3-11.onnx', '--iterations', '1', '--warmups', '0', '--batch', '1', '--backend', 'tvm', '--target-json', '{""kind"":""llvm"",""num-cores"":1}', '--onnx-mlir', '/Users/lancer/Documents/Item/joggle-study/onnx-mlir-baseline/build/Release/bin/onnx-mlir', '--edit-json', '/var/folders/g7/7bl3yb192mgbxgmwf07z1_zr0000gn/T/production-edits-k0ggrm75/edit.json', '--joggle', 'build-artifact-smoke/joggle', '--joggle-server', 'build-artifact-smoke/artifact/joggle-artifact-reactive', '--joggle-reuse', 'none', '--builtin-mods', 'build-artifact-smoke/modules', '--cc', 'cc', '--case-timeout', '240.0']' returned non-zero exit status 1."
tvm,tiny-yolov3-11,node-176-add,2,update,0,20260921,3e9667df0e7956e8c32fda6c7c9d4486aeccf7520c41f4152f57f68e5400a791,,,,,,,,,false,"CalledProcessError: Command '['/Users/lancer/Documents/Item/joggle/.cache/artifact/baseline-venv/bin/python', '/Users/lancer/Documents/Item/joggle/artifact/run_baseline_benchmarks.py', '--worker', 'update', '--spec', '/Users/lancer/Documents/Item/joggle/artifact/manifests/benchmark-cases.json', '--inputs', '.cache/artifact/release-data/inputs', '--case-id', 'tiny-yolov3-11', '--model', '.cache/onnx-zoo/tiny-yolov3-11.onnx', '--iterations', '1', '--warmups', '0', '--batch', '1', '--backend', 'tvm', '--target-json', '{""kind"":""llvm"",""num-cores"":1}', '--onnx-mlir', '/Users/lancer/Documents/Item/joggle-study/onnx-mlir-baseline/build/Release/bin/onnx-mlir', '--edit-json', '/var/folders/g7/7bl3yb192mgbxgmwf07z1_zr0000gn/T/production-edits-k0ggrm75/edit.json', '--joggle', 'build-artifact-smoke/joggle', '--joggle-server', 'build-artifact-smoke/artifact/joggle-artifact-reactive', '--joggle-reuse', 'none', '--builtin-mods', 'build-artifact-smoke/modules', '--cc', 'cc', '--case-timeout', '240.0']' returned non-zero exit status 1."
tvm,tiny-yolov3-11,node-176-add,3,rebuild,1,20260921,3e9667df0e7956e8c32fda6c7c9d4486aeccf7520c41f4152f57f68e5400a791,,,,,,,,,false,"CalledProcessError: Command '['/Users/lancer/Documents/Item/joggle/.cache/artifact/baseline-venv/bin/python', '/Users/lancer/Documents/Item/joggle/artifact/run_baseline_benchmarks.py', '--worker', 'rebuild', '--spec', '/Users/lancer/Documents/Item/joggle/artifact/manifests/benchmark-cases.json', '--inputs', '.cache/artifact/release-data/inputs', '--case-id', 'tiny-yolov3-11', '--model', '.cache/onnx-zoo/tiny-yolov3-11.onnx', '--iterations', '1', '--warmups', '0', '--batch', '1', '--backend', 'tvm', '--target-json', '{""kind"":""llvm"",""num-cores"":1}', '--onnx-mlir', '/Users/lancer/Documents/Item/joggle-study/onnx-mlir-baseline/build/Release/bin/onnx-mlir', '--edit-json', '/var/folders/g7/7bl3yb192mgbxgmwf07z1_zr0000gn/T/production-edits-k0ggrm75/edit.json', '--joggle', 'build-artifact-smoke/joggle', '--joggle-server', 'build-artifact-smoke/artifact/joggle-artifact-reactive', '--joggle-reuse', 'none', '--builtin-mods', 'build-artifact-smoke/modules', '--cc', 'cc', '--case-timeout', '240.0']' returned non-zero exit status 1."
tvm,tiny-yolov3-11,node-176-add,3,update,0,20260921,3e9667df0e7956e8c32fda6c7c9d4486aeccf7520c41f4152f57f68e5400a791,,,,,,,,,false,"CalledProcessError: Command '['/Users/lancer/Documents/Item/joggle/.cache/artifact/baseline-venv/bin/python', '/Users/lancer/Documents/Item/joggle/artifact/run_baseline_benchmarks.py', '--worker', 'update', '--spec', '/Users/lancer/Documents/Item/joggle/artifact/manifests/benchmark-cases.json', '--inputs', '.cache/artifact/release-data/inputs', '--case-id', 'tiny-yolov3-11', '--model', '.cache/onnx-zoo/tiny-yolov3-11.onnx', '--iterations', '1', '--warmups', '0', '--batch', '1', '--backend', 'tvm', '--target-json', '{""kind"":""llvm"",""num-cores"":1}', '--onnx-mlir', '/Users/lancer/Documents/Item/joggle-study/onnx-mlir-baseline/build/Release/bin/onnx-mlir', '--edit-json', '/var/folders/g7/7bl3yb192mgbxgmwf07z1_zr0000gn/T/production-edits-k0ggrm75/edit.json', '--joggle', 'build-artifact-smoke/joggle', '--joggle-server', 'build-artifact-smoke/artifact/joggle-artifact-reactive', '--joggle-reuse', 'none', '--builtin-mods', 'build-artifact-smoke/modules', '--cc', 'cc', '--case-timeout', '240.0']' returned non-zero exit status 1."
tvm,tiny-yolov3-11,node-176-add,4,rebuild,1,20260921,3e9667df0e7956e8c32fda6c7c9d4486aeccf7520c41f4152f57f68e5400a791,,,,,,,,,false,"CalledProcessError: Command '['/Users/lancer/Documents/Item/joggle/.cache/artifact/baseline-venv/bin/python', '/Users/lancer/Documents/Item/joggle/artifact/run_baseline_benchmarks.py', '--worker', 'rebuild', '--spec', '/Users/lancer/Documents/Item/joggle/artifact/manifests/benchmark-cases.json', '--inputs', '.cache/artifact/release-data/inputs', '--case-id', 'tiny-yolov3-11', '--model', '.cache/onnx-zoo/tiny-yolov3-11.onnx', '--iterations', '1', '--warmups', '0', '--batch', '1', '--backend', 'tvm', '--target-json', '{""kind"":""llvm"",""num-cores"":1}', '--onnx-mlir', '/Users/lancer/Documents/Item/joggle-study/onnx-mlir-baseline/build/Release/bin/onnx-mlir', '--edit-json', '/var/folders/g7/7bl3yb192mgbxgmwf07z1_zr0000gn/T/production-edits-k0ggrm75/edit.json', '--joggle', 'build-artifact-smoke/joggle', '--joggle-server', 'build-artifact-smoke/artifact/joggle-artifact-reactive', '--joggle-reuse', 'none', '--builtin-mods', 'build-artifact-smoke/modules', '--cc', 'cc', '--case-timeout', '240.0']' returned non-zero exit status 1."
tvm,tiny-yolov3-11,node-176-add,4,update,0,20260921,3e9667df0e7956e8c32fda6c7c9d4486aeccf7520c41f4152f57f68e5400a791,,,,,,,,,false,"CalledProcessError: Command '['/Users/lancer/Documents/Item/joggle/.cache/artifact/baseline-venv/bin/python', '/Users/lancer/Documents/Item/joggle/artifact/run_baseline_benchmarks.py', '--worker', 'update', '--spec', '/Users/lancer/Documents/Item/joggle/artifact/manifests/benchmark-cases.json', '--inputs', '.cache/artifact/release-data/inputs', '--case-id', 'tiny-yolov3-11', '--model', '.cache/onnx-zoo/tiny-yolov3-11.onnx', '--iterations', '1', '--warmups', '0', '--batch', '1', '--backend', 'tvm', '--target-json', '{""kind"":""llvm"",""num-cores"":1}', '--onnx-mlir', '/Users/lancer/Documents/Item/joggle-study/onnx-mlir-baseline/build/Release/bin/onnx-mlir', '--edit-json', '/var/folders/g7/7bl3yb192mgbxgmwf07z1_zr0000gn/T/production-edits-k0ggrm75/edit.json', '--joggle', 'build-artifact-smoke/joggle', '--joggle-server', 'build-artifact-smoke/artifact/joggle-artifact-reactive', '--joggle-reuse', 'none', '--builtin-mods', 'build-artifact-smoke/modules', '--cc', 'cc', '--case-timeout', '240.0']' returned non-zero exit status 1."
tvm,tiny-yolov3-11,node-176-add,5,rebuild,1,20260921,3e9667df0e7956e8c32fda6c7c9d4486aeccf7520c41f4152f57f68e5400a791,,,,,,,,,false,"CalledProcessError: Command '['/Users/lancer/Documents/Item/joggle/.cache/artifact/baseline-venv/bin/python', '/Users/lancer/Documents/Item/joggle/artifact/run_baseline_benchmarks.py', '--worker', 'rebuild', '--spec', '/Users/lancer/Documents/Item/joggle/artifact/manifests/benchmark-cases.json', '--inputs', '.cache/artifact/release-data/inputs', '--case-id', 'tiny-yolov3-11', '--model', '.cache/onnx-zoo/tiny-yolov3-11.onnx', '--iterations', '1', '--warmups', '0', '--batch', '1', '--backend', 'tvm', '--target-json', '{""kind"":""llvm"",""num-cores"":1}', '--onnx-mlir', '/Users/lancer/Documents/Item/joggle-study/onnx-mlir-baseline/build/Release/bin/onnx-mlir', '--edit-json', '/var/folders/g7/7bl3yb192mgbxgmwf07z1_zr0000gn/T/production-edits-k0ggrm75/edit.json', '--joggle', 'build-artifact-smoke/joggle', '--joggle-server', 'build-artifact-smoke/artifact/joggle-artifact-reactive', '--joggle-reuse', 'none', '--builtin-mods', 'build-artifact-smoke/modules', '--cc', 'cc', '--case-timeout', '240.0']' returned non-zero exit status 1."
tvm,tiny-yolov3-11,node-176-add,5,update,0,20260921,3e9667df0e7956e8c32fda6c7c9d4486aeccf7520c41f4152f57f68e5400a791,,,,,,,,,false,"CalledProcessError: Command '['/Users/lancer/Documents/Item/joggle/.cache/artifact/baseline-venv/bin/python', '/Users/lancer/Documents/Item/joggle/artifact/run_baseline_benchmarks.py', '--worker', 'update', '--spec', '/Users/lancer/Documents/Item/joggle/artifact/manifests/benchmark-cases.json', '--inputs', '.cache/artifact/release-data/inputs', '--case-id', 'tiny-yolov3-11', '--model', '.cache/onnx-zoo/tiny-yolov3-11.onnx', '--iterations', '1', '--warmups', '0', '--batch', '1', '--backend', 'tvm', '--target-json', '{""kind"":""llvm"",""num-cores"":1}', '--onnx-mlir', '/Users/lancer/Documents/Item/joggle-study/onnx-mlir-baseline/build/Release/bin/onnx-mlir', '--edit-json', '/var/folders/g7/7bl3yb192mgbxgmwf07z1_zr0000gn/T/production-edits-k0ggrm75/edit.json', '--joggle', 'build-artifact-smoke/joggle', '--joggle-server', 'build-artifact-smoke/artifact/joggle-artifact-reactive', '--joggle-reuse', 'none', '--builtin-mods', 'build-artifact-smoke/modules', '--cc', 'cc', '--case-timeout', '240.0']' returned non-zero exit status 1."
tvm,tiny-yolov3-11,node-176-add,6,rebuild,1,20260921,3e9667df0e7956e8c32fda6c7c9d4486aeccf7520c41f4152f57f68e5400a791,,,,,,,,,false,"CalledProcessError: Command '['/Users/lancer/Documents/Item/joggle/.cache/artifact/baseline-venv/bin/python', '/Users/lancer/Documents/Item/joggle/artifact/run_baseline_benchmarks.py', '--worker', 'rebuild', '--spec', '/Users/lancer/Documents/Item/joggle/artifact/manifests/benchmark-cases.json', '--inputs', '.cache/artifact/release-data/inputs', '--case-id', 'tiny-yolov3-11', '--model', '.cache/onnx-zoo/tiny-yolov3-11.onnx', '--iterations', '1', '--warmups', '0', '--batch', '1', '--backend', 'tvm', '--target-json', '{""kind"":""llvm"",""num-cores"":1}', '--onnx-mlir', '/Users/lancer/Documents/Item/joggle-study/onnx-mlir-baseline/build/Release/bin/onnx-mlir', '--edit-json', '/var/folders/g7/7bl3yb192mgbxgmwf07z1_zr0000gn/T/production-edits-k0ggrm75/edit.json', '--joggle', 'build-artifact-smoke/joggle', '--joggle-server', 'build-artifact-smoke/artifact/joggle-artifact-reactive', '--joggle-reuse', 'none', '--builtin-mods', 'build-artifact-smoke/modules', '--cc', 'cc', '--case-timeout', '240.0']' returned non-zero exit status 1."
tvm,tiny-yolov3-11,node-176-add,6,update,0,20260921,3e9667df0e7956e8c32fda6c7c9d4486aeccf7520c41f4152f57f68e5400a791,,,,,,,,,false,"CalledProcessError: Command '['/Users/lancer/Documents/Item/joggle/.cache/artifact/baseline-venv/bin/python', '/Users/lancer/Documents/Item/joggle/artifact/run_baseline_benchmarks.py', '--worker', 'update', '--spec', '/Users/lancer/Documents/Item/joggle/artifact/manifests/benchmark-cases.json', '--inputs', '.cache/artifact/release-data/inputs', '--case-id', 'tiny-yolov3-11', '--model', '.cache/onnx-zoo/tiny-yolov3-11.onnx', '--iterations', '1', '--warmups', '0', '--batch', '1', '--backend', 'tvm', '--target-json', '{""kind"":""llvm"",""num-cores"":1}', '--onnx-mlir', '/Users/lancer/Documents/Item/joggle-study/onnx-mlir-baseline/build/Release/bin/onnx-mlir', '--edit-json', '/var/folders/g7/7bl3yb192mgbxgmwf07z1_zr0000gn/T/production-edits-k0ggrm75/edit.json', '--joggle', 'build-artifact-smoke/joggle', '--joggle-server', 'build-artifact-smoke/artifact/joggle-artifact-reactive', '--joggle-reuse', 'none', '--builtin-mods', 'build-artifact-smoke/modules', '--cc', 'cc', '--case-timeout', '240.0']' returned non-zero exit status 1."
tvm,tiny-yolov3-11,node-176-add,7,rebuild,1,20260921,3e9667df0e7956e8c32fda6c7c9d4486aeccf7520c41f4152f57f68e5400a791,,,,,,,,,false,"CalledProcessError: Command '['/Users/lancer/Documents/Item/joggle/.cache/artifact/baseline-venv/bin/python', '/Users/lancer/Documents/Item/joggle/artifact/run_baseline_benchmarks.py', '--worker', 'rebuild', '--spec', '/Users/lancer/Documents/Item/joggle/artifact/manifests/benchmark-cases.json', '--inputs', '.cache/artifact/release-data/inputs', '--case-id', 'tiny-yolov3-11', '--model', '.cache/onnx-zoo/tiny-yolov3-11.onnx', '--iterations', '1', '--warmups', '0', '--batch', '1', '--backend', 'tvm', '--target-json', '{""kind"":""llvm"",""num-cores"":1}', '--onnx-mlir', '/Users/lancer/Documents/Item/joggle-study/onnx-mlir-baseline/build/Release/bin/onnx-mlir', '--edit-json', '/var/folders/g7/7bl3yb192mgbxgmwf07z1_zr0000gn/T/production-edits-k0ggrm75/edit.json', '--joggle', 'build-artifact-smoke/joggle', '--joggle-server', 'build-artifact-smoke/artifact/joggle-artifact-reactive', '--joggle-reuse', 'none', '--builtin-mods', 'build-artifact-smoke/modules', '--cc', 'cc', '--case-timeout', '240.0']' returned non-zero exit status 1."
tvm,tiny-yolov3-11,node-176-add,7,update,0,20260921,3e9667df0e7956e8c32fda6c7c9d4486aeccf7520c41f4152f57f68e5400a791,,,,,,,,,false,"CalledProcessError: Command '['/Users/lancer/Documents/Item/joggle/.cache/artifact/baseline-venv/bin/python', '/Users/lancer/Documents/Item/joggle/artifact/run_baseline_benchmarks.py', '--worker', 'update', '--spec', '/Users/lancer/Documents/Item/joggle/artifact/manifests/benchmark-cases.json', '--inputs', '.cache/artifact/release-data/inputs', '--case-id', 'tiny-yolov3-11', '--model', '.cache/onnx-zoo/tiny-yolov3-11.onnx', '--iterations', '1', '--warmups', '0', '--batch', '1', '--backend', 'tvm', '--target-json', '{""kind"":""llvm"",""num-cores"":1}', '--onnx-mlir', '/Users/lancer/Documents/Item/joggle-study/onnx-mlir-baseline/build/Release/bin/onnx-mlir', '--edit-json', '/var/folders/g7/7bl3yb192mgbxgmwf07z1_zr0000gn/T/production-edits-k0ggrm75/edit.json', '--joggle', 'build-artifact-smoke/joggle', '--joggle-server', 'build-artifact-smoke/artifact/joggle-artifact-reactive', '--joggle-reuse', 'none', '--builtin-mods', 'build-artifact-smoke/modules', '--cc', 'cc', '--case-timeout', '240.0']' returned non-zero exit status 1."
tvm,tiny-yolov3-11,node-176-add,8,rebuild,1,20260921,3e9667df0e7956e8c32fda6c7c9d4486aeccf7520c41f4152f57f68e5400a791,,,,,,,,,false,"CalledProcessError: Command '['/Users/lancer/Documents/Item/joggle/.cache/artifact/baseline-venv/bin/python', '/Users/lancer/Documents/Item/joggle/artifact/run_baseline_benchmarks.py', '--worker', 'rebuild', '--spec', '/Users/lancer/Documents/Item/joggle/artifact/manifests/benchmark-cases.json', '--inputs', '.cache/artifact/release-data/inputs', '--case-id', 'tiny-yolov3-11', '--model', '.cache/onnx-zoo/tiny-yolov3-11.onnx', '--iterations', '1', '--warmups', '0', '--batch', '1', '--backend', 'tvm', '--target-json', '{""kind"":""llvm"",""num-cores"":1}', '--onnx-mlir', '/Users/lancer/Documents/Item/joggle-study/onnx-mlir-baseline/build/Release/bin/onnx-mlir', '--edit-json', '/var/folders/g7/7bl3yb192mgbxgmwf07z1_zr0000gn/T/production-edits-k0ggrm75/edit.json', '--joggle', 'build-artifact-smoke/joggle', '--joggle-server', 'build-artifact-smoke/artifact/joggle-artifact-reactive', '--joggle-reuse', 'none', '--builtin-mods', 'build-artifact-smoke/modules', '--cc', 'cc', '--case-timeout', '240.0']' returned non-zero exit status 1."
tvm,tiny-yolov3-11,node-176-add,8,update,0,20260921,3e9667df0e7956e8c32fda6c7c9d4486aeccf7520c41f4152f57f68e5400a791,,,,,,,,,false,"CalledProcessError: Command '['/Users/lancer/Documents/Item/joggle/.cache/artifact/baseline-venv/bin/python', '/Users/lancer/Documents/Item/joggle/artifact/run_baseline_benchmarks.py', '--worker', 'update', '--spec', '/Users/lancer/Documents/Item/joggle/artifact/manifests/benchmark-cases.json', '--inputs', '.cache/artifact/release-data/inputs', '--case-id', 'tiny-yolov3-11', '--model', '.cache/onnx-zoo/tiny-yolov3-11.onnx', '--iterations', '1', '--warmups', '0', '--batch', '1', '--backend', 'tvm', '--target-json', '{""kind"":""llvm"",""num-cores"":1}', '--onnx-mlir', '/Users/lancer/Documents/Item/joggle-study/onnx-mlir-baseline/build/Release/bin/onnx-mlir', '--edit-json', '/var/folders/g7/7bl3yb192mgbxgmwf07z1_zr0000gn/T/production-edits-k0ggrm75/edit.json', '--joggle', 'build-artifact-smoke/joggle', '--joggle-server', 'build-artifact-smoke/artifact/joggle-artifact-reactive', '--joggle-reuse', 'none', '--builtin-mods', 'build-artifact-smoke/modules', '--cc', 'cc', '--case-timeout', '240.0']' returned non-zero exit status 1."
tvm,tiny-yolov3-11,node-176-add,9,rebuild,1,20260921,3e9667df0e7956e8c32fda6c7c9d4486aeccf7520c41f4152f57f68e5400a791,,,,,,,,,false,"CalledProcessError: Command '['/Users/lancer/Documents/Item/joggle/.cache/artifact/baseline-venv/bin/python', '/Users/lancer/Documents/Item/joggle/artifact/run_baseline_benchmarks.py', '--worker', 'rebuild', '--spec', '/Users/lancer/Documents/Item/joggle/artifact/manifests/benchmark-cases.json', '--inputs', '.cache/artifact/release-data/inputs', '--case-id', 'tiny-yolov3-11', '--model', '.cache/onnx-zoo/tiny-yolov3-11.onnx', '--iterations', '1', '--warmups', '0', '--batch', '1', '--backend', 'tvm', '--target-json', '{""kind"":""llvm"",""num-cores"":1}', '--onnx-mlir', '/Users/lancer/Documents/Item/joggle-study/onnx-mlir-baseline/build/Release/bin/onnx-mlir', '--edit-json', '/var/folders/g7/7bl3yb192mgbxgmwf07z1_zr0000gn/T/production-edits-k0ggrm75/edit.json', '--joggle', 'build-artifact-smoke/joggle', '--joggle-server', 'build-artifact-smoke/artifact/joggle-artifact-reactive', '--joggle-reuse', 'none', '--builtin-mods', 'build-artifact-smoke/modules', '--cc', 'cc', '--case-timeout', '240.0']' returned non-zero exit status 1."
tvm,tiny-yolov3-11,node-176-add,9,update,0,20260921,3e9667df0e7956e8c32fda6c7c9d4486aeccf7520c41f4152f57f68e5400a791,,,,,,,,,false,"CalledProcessError: Command '['/Users/lancer/Documents/Item/joggle/.cache/artifact/baseline-venv/bin/python', '/Users/lancer/Documents/Item/joggle/artifact/run_baseline_benchmarks.py', '--worker', 'update', '--spec', '/Users/lancer/Documents/Item/joggle/artifact/manifests/benchmark-cases.json', '--inputs', '.cache/artifact/release-data/inputs', '--case-id', 'tiny-yolov3-11', '--model', '.cache/onnx-zoo/tiny-yolov3-11.onnx', '--iterations', '1', '--warmups', '0', '--batch', '1', '--backend', 'tvm', '--target-json', '{""kind"":""llvm"",""num-cores"":1}', '--onnx-mlir', '/Users/lancer/Documents/Item/joggle-study/onnx-mlir-baseline/build/Release/bin/onnx-mlir', '--edit-json', '/var/folders/g7/7bl3yb192mgbxgmwf07z1_zr0000gn/T/production-edits-k0ggrm75/edit.json', '--joggle', 'build-artifact-smoke/joggle', '--joggle-server', 'build-artifact-smoke/artifact/joggle-artifact-reactive', '--joggle-reuse', 'none', '--builtin-mods', 'build-artifact-smoke/modules', '--cc', 'cc', '--case-timeout', '240.0']' returned non-zero exit status 1."
joggle,tiny-yolov3-11,node-238-add,0,rebuild,0,20260921,25a5f1e31ba8f407a1e5ce5fcf70bcaaba53ec15a08c88b64034c8f551921516,dcca6cfa8e58b1effe000402cef08f0d7e2cd4a1ef002277852416bea2cc455e,225440f0409be314605c7f1b705e26bd09036c1098689f0df76da79f7ed362c6,000ba20c8561d582a1fa4c779858c3965a92b4be76c5fa7f1c9a632fa501c3b9,20126104250,18224314541,39177333,1901789709,a8034ee034045e1403a2ebcc8f019b43ef8df7c6fcba7dc1a3d195b7ccab964a,true,
joggle,tiny-yolov3-11,node-238-add,0,update,1,20260921,25a5f1e31ba8f407a1e5ce5fcf70bcaaba53ec15a08c88b64034c8f551921516,dcca6cfa8e58b1effe000402cef08f0d7e2cd4a1ef002277852416bea2cc455e,225440f0409be314605c7f1b705e26bd09036c1098689f0df76da79f7ed362c6,000ba20c8561d582a1fa4c779858c3965a92b4be76c5fa7f1c9a632fa501c3b9,11712939292,9829521667,38373667,1883417625,a8034ee034045e1403a2ebcc8f019b43ef8df7c6fcba7dc1a3d195b7ccab964a,true,
joggle,tiny-yolov3-11,node-238-add,1,rebuild,0,20260921,25a5f1e31ba8f407a1e5ce5fcf70bcaaba53ec15a08c88b64034c8f551921516,dcca6cfa8e58b1effe000402cef08f0d7e2cd4a1ef002277852416bea2cc455e,225440f0409be314605c7f1b705e26bd09036c1098689f0df76da79f7ed362c6,000ba20c8561d582a1fa4c779858c3965a92b4be76c5fa7f1c9a632fa501c3b9,20129703583,18224922625,35139875,1904780958,a8034ee034045e1403a2ebcc8f019b43ef8df7c6fcba7dc1a3d195b7ccab964a,true,
joggle,tiny-yolov3-11,node-238-add,1,update,1,20260921,25a5f1e31ba8f407a1e5ce5fcf70bcaaba53ec15a08c88b64034c8f551921516,dcca6cfa8e58b1effe000402cef08f0d7e2cd4a1ef002277852416bea2cc455e,225440f0409be314605c7f1b705e26bd09036c1098689f0df76da79f7ed362c6,000ba20c8561d582a1fa4c779858c3965a92b4be76c5fa7f1c9a632fa501c3b9,11982690416,10081315500,39611666,1901374916,a8034ee034045e1403a2ebcc8f019b43ef8df7c6fcba7dc1a3d195b7ccab964a,true,
joggle,tiny-yolov3-11,node-238-add,2,rebuild,1,20260921,25a5f1e31ba8f407a1e5ce5fcf70bcaaba53ec15a08c88b64034c8f551921516,dcca6cfa8e58b1effe000402cef08f0d7e2cd4a1ef002277852416bea2cc455e,225440f0409be314605c7f1b705e26bd09036c1098689f0df76da79f7ed362c6,000ba20c8561d582a1fa4c779858c3965a92b4be76c5fa7f1c9a632fa501c3b9,20600509459,18699206709,38953084,1901302750,a8034ee034045e1403a2ebcc8f019b43ef8df7c6fcba7dc1a3d195b7ccab964a,true,
joggle,tiny-yolov3-11,node-238-add,2,update,0,20260921,25a5f1e31ba8f407a1e5ce5fcf70bcaaba53ec15a08c88b64034c8f551921516,dcca6cfa8e58b1effe000402cef08f0d7e2cd4a1ef002277852416bea2cc455e,225440f0409be314605c7f1b705e26bd09036c1098689f0df76da79f7ed362c6,000ba20c8561d582a1fa4c779858c3965a92b4be76c5fa7f1c9a632fa501c3b9,12126154708,10231620541,36947166,1894534167,a8034ee034045e1403a2ebcc8f019b43ef8df7c6fcba7dc1a3d195b7ccab964a,true,
joggle,tiny-yolov3-11,node-238-add,3,rebuild,0,20260921,25a5f1e31ba8f407a1e5ce5fcf70bcaaba53ec15a08c88b64034c8f551921516,dcca6cfa8e58b1effe000402cef08f0d7e2cd4a1ef002277852416bea2cc455e,225440f0409be314605c7f1b705e26bd09036c1098689f0df76da79f7ed362c6,000ba20c8561d582a1fa4c779858c3965a92b4be76c5fa7f1c9a632fa501c3b9,20123686542,18229452625,36042209,1894233917,a8034ee034045e1403a2ebcc8f019b43ef8df7c6fcba7dc1a3d195b7ccab964a,true,
joggle,tiny-yolov3-11,node-238-add,3,update,1,20260921,25a5f1e31ba8f407a1e5ce5fcf70bcaaba53ec15a08c88b64034c8f551921516,dcca6cfa8e58b1effe000402cef08f0d7e2cd4a1ef002277852416bea2cc455e,225440f0409be314605c7f1b705e26bd09036c1098689f0df76da79f7ed362c6,000ba20c8561d582a1fa4c779858c3965a92b4be76c5fa7f1c9a632fa501c3b9,12023490416,10115441458,36429791,1908048958,a8034ee034045e1403a2ebcc8f019b43ef8df7c6fcba7dc1a3d195b7ccab964a,true,
joggle,tiny-yolov3-11,node-238-add,4,rebuild,0,20260921,25a5f1e31ba8f407a1e5ce5fcf70bcaaba53ec15a08c88b64034c8f551921516,dcca6cfa8e58b1effe000402cef08f0d7e2cd4a1ef002277852416bea2cc455e,225440f0409be314605c7f1b705e26bd09036c1098689f0df76da79f7ed362c6,000ba20c8561d582a1fa4c779858c3965a92b4be76c5fa7f1c9a632fa501c3b9,20797164292,18887761333,39437000,1909402959,a8034ee034045e1403a2ebcc8f019b43ef8df7c6fcba7dc1a3d195b7ccab964a,true,
joggle,tiny-yolov3-11,node-238-add,4,update,1,20260921,25a5f1e31ba8f407a1e5ce5fcf70bcaaba53ec15a08c88b64034c8f551921516,dcca6cfa8e58b1effe000402cef08f0d7e2cd4a1ef002277852416bea2cc455e,225440f0409be314605c7f1b705e26bd09036c1098689f0df76da79f7ed362c6,000ba20c8561d582a1fa4c779858c3965a92b4be76c5fa7f1c9a632fa501c3b9,12338471750,10429911250,37976292,1908560500,a8034ee034045e1403a2ebcc8f019b43ef8df7c6fcba7dc1a3d195b7ccab964a,true,
joggle,tiny-yolov3-11,node-238-add,5,rebuild,1,20260921,25a5f1e31ba8f407a1e5ce5fcf70bcaaba53ec15a08c88b64034c8f551921516,dcca6cfa8e58b1effe000402cef08f0d7e2cd4a1ef002277852416bea2cc455e,225440f0409be314605c7f1b705e26bd09036c1098689f0df76da79f7ed362c6,000ba20c8561d582a1fa4c779858c3965a92b4be76c5fa7f1c9a632fa501c3b9,20331422584,18432238167,36947167,1899184417,a8034ee034045e1403a2ebcc8f019b43ef8df7c6fcba7dc1a3d195b7ccab964a,true,
joggle,tiny-yolov3-11,node-238-add,5,update,0,20260921,25a5f1e31ba8f407a1e5ce5fcf70bcaaba53ec15a08c88b64034c8f551921516,dcca6cfa8e58b1effe000402cef08f0d7e2cd4a1ef002277852416bea2cc455e,225440f0409be314605c7f1b705e26bd09036c1098689f0df76da79f7ed362c6,000ba20c8561d582a1fa4c779858c3965a92b4be76c5fa7f1c9a632fa501c3b9,11951109500,10046416083,37519833,1904693417,a8034ee034045e1403a2ebcc8f019b43ef8df7c6fcba7dc1a3d195b7ccab964a,true,
joggle,tiny-yolov3-11,node-238-add,6,rebuild,0,20260921,25a5f1e31ba8f407a1e5ce5fcf70bcaaba53ec15a08c88b64034c8f551921516,dcca6cfa8e58b1effe000402cef08f0d7e2cd4a1ef002277852416bea2cc455e,225440f0409be314605c7f1b705e26bd09036c1098689f0df76da79f7ed362c6,000ba20c8561d582a1fa4c779858c3965a92b4be76c5fa7f1c9a632fa501c3b9,20695379791,18785656166,38728666,1909723625,a8034ee034045e1403a2ebcc8f019b43ef8df7c6fcba7dc1a3d195b7ccab964a,true,
joggle,tiny-yolov3-11,node-238-add,6,update,1,20260921,25a5f1e31ba8f407a1e5ce5fcf70bcaaba53ec15a08c88b64034c8f551921516,dcca6cfa8e58b1effe000402cef08f0d7e2cd4a1ef002277852416bea2cc455e,225440f0409be314605c7f1b705e26bd09036c1098689f0df76da79f7ed362c6,000ba20c8561d582a1fa4c779858c3965a92b4be76c5fa7f1c9a632fa501c3b9,11913421834,9986299250,40571292,1927122584,a8034ee034045e1403a2ebcc8f019b43ef8df7c6fcba7dc1a3d195b7ccab964a,true,
joggle,tiny-yolov3-11,node-238-add,7,rebuild,0,20260921,25a5f1e31ba8f407a1e5ce5fcf70bcaaba53ec15a08c88b64034c8f551921516,dcca6cfa8e58b1effe000402cef08f0d7e2cd4a1ef002277852416bea2cc455e,225440f0409be314605c7f1b705e26bd09036c1098689f0df76da79f7ed362c6,000ba20c8561d582a1fa4c779858c3965a92b4be76c5fa7f1c9a632fa501c3b9,20591371542,18652721209,38528209,1938650333,a8034ee034045e1403a2ebcc8f019b43ef8df7c6fcba7dc1a3d195b7ccab964a,true,
joggle,tiny-yolov3-11,node-238-add,7,update,1,20260921,25a5f1e31ba8f407a1e5ce5fcf70bcaaba53ec15a08c88b64034c8f551921516,dcca6cfa8e58b1effe000402cef08f0d7e2cd4a1ef002277852416bea2cc455e,225440f0409be314605c7f1b705e26bd09036c1098689f0df76da79f7ed362c6,000ba20c8561d582a1fa4c779858c3965a92b4be76c5fa7f1c9a632fa501c3b9,11787720125,9888990625,45779333,1898729500,a8034ee034045e1403a2ebcc8f019b43ef8df7c6fcba7dc1a3d195b7ccab964a,true,
joggle,tiny-yolov3-11,node-238-add,8,rebuild,0,20260921,25a5f1e31ba8f407a1e5ce5fcf70bcaaba53ec15a08c88b64034c8f551921516,dcca6cfa8e58b1effe000402cef08f0d7e2cd4a1ef002277852416bea2cc455e,225440f0409be314605c7f1b705e26bd09036c1098689f0df76da79f7ed362c6,000ba20c8561d582a1fa4c779858c3965a92b4be76c5fa7f1c9a632fa501c3b9,20608452042,18674932125,40816208,1933519917,a8034ee034045e1403a2ebcc8f019b43ef8df7c6fcba7dc1a3d195b7ccab964a,true,
joggle,tiny-yolov3-11,node-238-add,8,update,1,20260921,25a5f1e31ba8f407a1e5ce5fcf70bcaaba53ec15a08c88b64034c8f551921516,dcca6cfa8e58b1effe000402cef08f0d7e2cd4a1ef002277852416bea2cc455e,225440f0409be314605c7f1b705e26bd09036c1098689f0df76da79f7ed362c6,000ba20c8561d582a1fa4c779858c3965a92b4be76c5fa7f1c9a632fa501c3b9,12095400792,10188684542,38393584,1906716250,a8034ee034045e1403a2ebcc8f019b43ef8df7c6fcba7dc1a3d195b7ccab964a,true,
joggle,tiny-yolov3-11,node-238-add,9,rebuild,1,20260921,25a5f1e31ba8f407a1e5ce5fcf70bcaaba53ec15a08c88b64034c8f551921516,dcca6cfa8e58b1effe000402cef08f0d7e2cd4a1ef002277852416bea2cc455e,225440f0409be314605c7f1b705e26bd09036c1098689f0df76da79f7ed362c6,000ba20c8561d582a1fa4c779858c3965a92b4be76c5fa7f1c9a632fa501c3b9,20398669708,18493443458,37035416,1905226250,a8034ee034045e1403a2ebcc8f019b43ef8df7c6fcba7dc1a3d195b7ccab964a,true,
joggle,tiny-yolov3-11,node-238-add,9,update,0,20260921,25a5f1e31ba8f407a1e5ce5fcf70bcaaba53ec15a08c88b64034c8f551921516,dcca6cfa8e58b1effe000402cef08f0d7e2cd4a1ef002277852416bea2cc455e,225440f0409be314605c7f1b705e26bd09036c1098689f0df76da79f7ed362c6,000ba20c8561d582a1fa4c779858c3965a92b4be76c5fa7f1c9a632fa501c3b9,11965690417,10074772834,37262459,1890917583,a8034ee034045e1403a2ebcc8f019b43ef8df7c6fcba7dc1a3d195b7ccab964a,true,
onnx-mlir,tiny-yolov3-11,node-238-add,0,rebuild,0,20260921,25a5f1e31ba8f407a1e5ce5fcf70bcaaba53ec15a08c88b64034c8f551921516,dcca6cfa8e58b1effe000402cef08f0d7e2cd4a1ef002277852416bea2cc455e,225440f0409be314605c7f1b705e26bd09036c1098689f0df76da79f7ed362c6,9e9e2956405144d8e9553bdabc1b3028bd22db763ddc8f71fab3a485578734b6,4478572458,3060596667,41105250,1417975791,9279bf487a9326abf4e9c66857f834aff49167976d5957dccfc5e02a0ecc4c27,true,
onnx-mlir,tiny-yolov3-11,node-238-add,0,update,1,20260921,25a5f1e31ba8f407a1e5ce5fcf70bcaaba53ec15a08c88b64034c8f551921516,dcca6cfa8e58b1effe000402cef08f0d7e2cd4a1ef002277852416bea2cc455e,225440f0409be314605c7f1b705e26bd09036c1098689f0df76da79f7ed362c6,9e9e2956405144d8e9553bdabc1b3028bd22db763ddc8f71fab3a485578734b6,4270137084,2826239459,38109709,1443897625,9279bf487a9326abf4e9c66857f834aff49167976d5957dccfc5e02a0ecc4c27,true,
onnx-mlir,tiny-yolov3-11,node-238-add,1,rebuild,0,20260921,25a5f1e31ba8f407a1e5ce5fcf70bcaaba53ec15a08c88b64034c8f551921516,dcca6cfa8e58b1effe000402cef08f0d7e2cd4a1ef002277852416bea2cc455e,225440f0409be314605c7f1b705e26bd09036c1098689f0df76da79f7ed362c6,9e9e2956405144d8e9553bdabc1b3028bd22db763ddc8f71fab3a485578734b6,4151424917,2717950959,38376459,1433473958,9279bf487a9326abf4e9c66857f834aff49167976d5957dccfc5e02a0ecc4c27,true,
onnx-mlir,tiny-yolov3-11,node-238-add,1,update,1,20260921,25a5f1e31ba8f407a1e5ce5fcf70bcaaba53ec15a08c88b64034c8f551921516,dcca6cfa8e58b1effe000402cef08f0d7e2cd4a1ef002277852416bea2cc455e,225440f0409be314605c7f1b705e26bd09036c1098689f0df76da79f7ed362c6,9e9e2956405144d8e9553bdabc1b3028bd22db763ddc8f71fab3a485578734b6,4394015417,2949844125,36813875,1444171292,9279bf487a9326abf4e9c66857f834aff49167976d5957dccfc5e02a0ecc4c27,true,
onnx-mlir,tiny-yolov3-11,node-238-add,2,rebuild,1,20260921,25a5f1e31ba8f407a1e5ce5fcf70bcaaba53ec15a08c88b64034c8f551921516,dcca6cfa8e58b1effe000402cef08f0d7e2cd4a1ef002277852416bea2cc455e,225440f0409be314605c7f1b705e26bd09036c1098689f0df76da79f7ed362c6,9e9e2956405144d8e9553bdabc1b3028bd22db763ddc8f71fab3a485578734b6,4151020000,2710427166,37643000,1440592834,9279bf487a9326abf4e9c66857f834aff49167976d5957dccfc5e02a0ecc4c27,true,
onnx-mlir,tiny-yolov3-11,node-238-add,2,update,0,20260921,25a5f1e31ba8f407a1e5ce5fcf70bcaaba53ec15a08c88b64034c8f551921516,dcca6cfa8e58b1effe000402cef08f0d7e2cd4a1ef002277852416bea2cc455e,225440f0409be314605c7f1b705e26bd09036c1098689f0df76da79f7ed362c6,9e9e2956405144d8e9553bdabc1b3028bd22db763ddc8f71fab3a485578734b6,4167879083,2721962833,37416791,1445916250,9279bf487a9326abf4e9c66857f834aff49167976d5957dccfc5e02a0ecc4c27,true,
onnx-mlir,tiny-yolov3-11,node-238-add,3,rebuild,0,20260921,25a5f1e31ba8f407a1e5ce5fcf70bcaaba53ec15a08c88b64034c8f551921516,dcca6cfa8e58b1effe000402cef08f0d7e2cd4a1ef002277852416bea2cc455e,225440f0409be314605c7f1b705e26bd09036c1098689f0df76da79f7ed362c6,9e9e2956405144d8e9553bdabc1b3028bd22db763ddc8f71fab3a485578734b6,4286222417,2841917167,36224792,1444305250,9279bf487a9326abf4e9c66857f834aff49167976d5957dccfc5e02a0ecc4c27,true,
onnx-mlir,tiny-yolov3-11,node-238-add,3,update,1,20260921,25a5f1e31ba8f407a1e5ce5fcf70bcaaba53ec15a08c88b64034c8f551921516,dcca6cfa8e58b1effe000402cef08f0d7e2cd4a1ef002277852416bea2cc455e,225440f0409be314605c7f1b705e26bd09036c1098689f0df76da79f7ed362c6,9e9e2956405144d8e9553bdabc1b3028bd22db763ddc8f71fab3a485578734b6,4177823875,2740650375,39592459,1437173500,9279bf487a9326abf4e9c66857f834aff49167976d5957dccfc5e02a0ecc4c27,true,
onnx-mlir,tiny-yolov3-11,node-238-add,4,rebuild,0,20260921,25a5f1e31ba8f407a1e5ce5fcf70bcaaba53ec15a08c88b64034c8f551921516,dcca6cfa8e58b1effe000402cef08f0d7e2cd4a1ef002277852416bea2cc455e,225440f0409be314605c7f1b705e26bd09036c1098689f0df76da79f7ed362c6,9e9e2956405144d8e9553bdabc1b3028bd22db763ddc8f71fab3a485578734b6,4405120042,2949777042,40470958,1455343000,9279bf487a9326abf4e9c66857f834aff49167976d5957dccfc5e02a0ecc4c27,true,
onnx-mlir,tiny-yolov3-11,node-238-add,4,update,1,20260921,25a5f1e31ba8f407a1e5ce5fcf70bcaaba53ec15a08c88b64034c8f551921516,dcca6cfa8e58b1effe000402cef08f0d7e2cd4a1ef002277852416bea2cc455e,225440f0409be314605c7f1b705e26bd09036c1098689f0df76da79f7ed362c6,9e9e2956405144d8e9553bdabc1b3028bd22db763ddc8f71fab3a485578734b6,4182128500,2739910500,36267792,1442218000,9279bf487a9326abf4e9c66857f834aff49167976d5957dccfc5e02a0ecc4c27,true,
onnx-mlir,tiny-yolov3-11,node-238-add,5,rebuild,1,20260921,25a5f1e31ba8f407a1e5ce5fcf70bcaaba53ec15a08c88b64034c8f551921516,dcca6cfa8e58b1effe000402cef08f0d7e2cd4a1ef002277852416bea2cc455e,225440f0409be314605c7f1b705e26bd09036c1098689f0df76da79f7ed362c6,9e9e2956405144d8e9553bdabc1b3028bd22db763ddc8f71fab3a485578734b6,4197750500,2756246750,37386459,1441503750,9279bf487a9326abf4e9c66857f834aff49167976d5957dccfc5e02a0ecc4c27,true,
onnx-mlir,tiny-yolov3-11,node-238-add,5,update,0,20260921,25a5f1e31ba8f407a1e5ce5fcf70bcaaba53ec15a08c88b64034c8f551921516,dcca6cfa8e58b1effe000402cef08f0d7e2cd4a1ef002277852416bea2cc455e,225440f0409be314605c7f1b705e26bd09036c1098689f0df76da79f7ed362c6,9e9e2956405144d8e9553bdabc1b3028bd22db763ddc8f71fab3a485578734b6,4211182917,2773625334,38541084,1437557583,9279bf487a9326abf4e9c66857f834aff49167976d5957dccfc5e02a0ecc4c27,true,
onnx-mlir,tiny-yolov3-11,node-238-add,6,rebuild,0,20260921,25a5f1e31ba8f407a1e5ce5fcf70bcaaba53ec15a08c88b64034c8f551921516,dcca6cfa8e58b1effe000402cef08f0d7e2cd4a1ef002277852416bea2cc455e,225440f0409be314605c7f1b705e26bd09036c1098689f0df76da79f7ed362c6,9e9e2956405144d8e9553bdabc1b3028bd22db763ddc8f71fab3a485578734b6,4138088917,2687178709,38321834,1450910208,9279bf487a9326abf4e9c66857f834aff49167976d5957dccfc5e02a0ecc4c27,true,
onnx-mlir,tiny-yolov3-11,node-238-add,6,update,1,20260921,25a5f1e31ba8f407a1e5ce5fcf70bcaaba53ec15a08c88b64034c8f551921516,dcca6cfa8e58b1effe000402cef08f0d7e2cd4a1ef002277852416bea2cc455e,225440f0409be314605c7f1b705e26bd09036c1098689f0df76da79f7ed362c6,9e9e2956405144d8e9553bdabc1b3028bd22db763ddc8f71fab3a485578734b6,4107526458,2670350417,36862667,1437176041,9279bf487a9326abf4e9c66857f834aff49167976d5957dccfc5e02a0ecc4c27,true,
onnx-mlir,tiny-yolov3-11,node-238-add,7,rebuild,0,20260921,25a5f1e31ba8f407a1e5ce5fcf70bcaaba53ec15a08c88b64034c8f551921516,dcca6cfa8e58b1effe000402cef08f0d7e2cd4a1ef002277852416bea2cc455e,225440f0409be314605c7f1b705e26bd09036c1098689f0df76da79f7ed362c6,9e9e2956405144d8e9553bdabc1b3028bd22db763ddc8f71fab3a485578734b6,4191734667,2742453292,36938917,1449281375,9279bf487a9326abf4e9c66857f834aff49167976d5957dccfc5e02a0ecc4c27,true,
onnx-mlir,tiny-yolov3-11,node-238-add,7,update,1,20260921,25a5f1e31ba8f407a1e5ce5fcf70bcaaba53ec15a08c88b64034c8f551921516,dcca6cfa8e58b1effe000402cef08f0d7e2cd4a1ef002277852416bea2cc455e,225440f0409be314605c7f1b705e26bd09036c1098689f0df76da79f7ed362c6,9e9e2956405144d8e9553bdabc1b3028bd22db763ddc8f71fab3a485578734b6,4194478584,2751419875,36811334,1443058709,9279bf487a9326abf4e9c66857f834aff49167976d5957dccfc5e02a0ecc4c27,true,
onnx-mlir,tiny-yolov3-11,node-238-add,8,rebuild,0,20260921,25a5f1e31ba8f407a1e5ce5fcf70bcaaba53ec15a08c88b64034c8f551921516,dcca6cfa8e58b1effe000402cef08f0d7e2cd4a1ef002277852416bea2cc455e,225440f0409be314605c7f1b705e26bd09036c1098689f0df76da79f7ed362c6,9e9e2956405144d8e9553bdabc1b3028bd22db763ddc8f71fab3a485578734b6,4187334708,2741718416,39570750,1445616292,9279bf487a9326abf4e9c66857f834aff49167976d5957dccfc5e02a0ecc4c27,true,
onnx-mlir,tiny-yolov3-11,node-238-add,8,update,1,20260921,25a5f1e31ba8f407a1e5ce5fcf70bcaaba53ec15a08c88b64034c8f551921516,dcca6cfa8e58b1effe000402cef08f0d7e2cd4a1ef002277852416bea2cc455e,225440f0409be314605c7f1b705e26bd09036c1098689f0df76da79f7ed362c6,9e9e2956405144d8e9553bdabc1b3028bd22db763ddc8f71fab3a485578734b6,4242507042,2799819042,38795709,1442688000,9279bf487a9326abf4e9c66857f834aff49167976d5957dccfc5e02a0ecc4c27,true,
onnx-mlir,tiny-yolov3-11,node-238-add,9,rebuild,1,20260921,25a5f1e31ba8f407a1e5ce5fcf70bcaaba53ec15a08c88b64034c8f551921516,dcca6cfa8e58b1effe000402cef08f0d7e2cd4a1ef002277852416bea2cc455e,225440f0409be314605c7f1b705e26bd09036c1098689f0df76da79f7ed362c6,9e9e2956405144d8e9553bdabc1b3028bd22db763ddc8f71fab3a485578734b6,4222771667,2774909375,38919792,1447862292,9279bf487a9326abf4e9c66857f834aff49167976d5957dccfc5e02a0ecc4c27,true,
onnx-mlir,tiny-yolov3-11,node-238-add,9,update,0,20260921,25a5f1e31ba8f407a1e5ce5fcf70bcaaba53ec15a08c88b64034c8f551921516,dcca6cfa8e58b1effe000402cef08f0d7e2cd4a1ef002277852416bea2cc455e,225440f0409be314605c7f1b705e26bd09036c1098689f0df76da79f7ed362c6,9e9e2956405144d8e9553bdabc1b3028bd22db763ddc8f71fab3a485578734b6,4149620375,2713343125,38228292,1436277250,9279bf487a9326abf4e9c66857f834aff49167976d5957dccfc5e02a0ecc4c27,true,
tvm,tiny-yolov3-11,node-238-add,0,rebuild,0,20260921,25a5f1e31ba8f407a1e5ce5fcf70bcaaba53ec15a08c88b64034c8f551921516,,,,,,,,,false,"CalledProcessError: Command '['/Users/lancer/Documents/Item/joggle/.cache/artifact/baseline-venv/bin/python', '/Users/lancer/Documents/Item/joggle/artifact/run_baseline_benchmarks.py', '--worker', 'rebuild', '--spec', '/Users/lancer/Documents/Item/joggle/artifact/manifests/benchmark-cases.json', '--inputs', '.cache/artifact/release-data/inputs', '--case-id', 'tiny-yolov3-11', '--model', '.cache/onnx-zoo/tiny-yolov3-11.onnx', '--iterations', '1', '--warmups', '0', '--batch', '1', '--backend', 'tvm', '--target-json', '{""kind"":""llvm"",""num-cores"":1}', '--onnx-mlir', '/Users/lancer/Documents/Item/joggle-study/onnx-mlir-baseline/build/Release/bin/onnx-mlir', '--edit-json', '/var/folders/g7/7bl3yb192mgbxgmwf07z1_zr0000gn/T/production-edits-k0ggrm75/edit.json', '--joggle', 'build-artifact-smoke/joggle', '--joggle-server', 'build-artifact-smoke/artifact/joggle-artifact-reactive', '--joggle-reuse', 'none', '--builtin-mods', 'build-artifact-smoke/modules', '--cc', 'cc', '--case-timeout', '240.0']' returned non-zero exit status 1."
tvm,tiny-yolov3-11,node-238-add,0,update,1,20260921,25a5f1e31ba8f407a1e5ce5fcf70bcaaba53ec15a08c88b64034c8f551921516,,,,,,,,,false,"CalledProcessError: Command '['/Users/lancer/Documents/Item/joggle/.cache/artifact/baseline-venv/bin/python', '/Users/lancer/Documents/Item/joggle/artifact/run_baseline_benchmarks.py', '--worker', 'update', '--spec', '/Users/lancer/Documents/Item/joggle/artifact/manifests/benchmark-cases.json', '--inputs', '.cache/artifact/release-data/inputs', '--case-id', 'tiny-yolov3-11', '--model', '.cache/onnx-zoo/tiny-yolov3-11.onnx', '--iterations', '1', '--warmups', '0', '--batch', '1', '--backend', 'tvm', '--target-json', '{""kind"":""llvm"",""num-cores"":1}', '--onnx-mlir', '/Users/lancer/Documents/Item/joggle-study/onnx-mlir-baseline/build/Release/bin/onnx-mlir', '--edit-json', '/var/folders/g7/7bl3yb192mgbxgmwf07z1_zr0000gn/T/production-edits-k0ggrm75/edit.json', '--joggle', 'build-artifact-smoke/joggle', '--joggle-server', 'build-artifact-smoke/artifact/joggle-artifact-reactive', '--joggle-reuse', 'none', '--builtin-mods', 'build-artifact-smoke/modules', '--cc', 'cc', '--case-timeout', '240.0']' returned non-zero exit status 1."
tvm,tiny-yolov3-11,node-238-add,1,rebuild,0,20260921,25a5f1e31ba8f407a1e5ce5fcf70bcaaba53ec15a08c88b64034c8f551921516,,,,,,,,,false,"CalledProcessError: Command '['/Users/lancer/Documents/Item/joggle/.cache/artifact/baseline-venv/bin/python', '/Users/lancer/Documents/Item/joggle/artifact/run_baseline_benchmarks.py', '--worker', 'rebuild', '--spec', '/Users/lancer/Documents/Item/joggle/artifact/manifests/benchmark-cases.json', '--inputs', '.cache/artifact/release-data/inputs', '--case-id', 'tiny-yolov3-11', '--model', '.cache/onnx-zoo/tiny-yolov3-11.onnx', '--iterations', '1', '--warmups', '0', '--batch', '1', '--backend', 'tvm', '--target-json', '{""kind"":""llvm"",""num-cores"":1}', '--onnx-mlir', '/Users/lancer/Documents/Item/joggle-study/onnx-mlir-baseline/build/Release/bin/onnx-mlir', '--edit-json', '/var/folders/g7/7bl3yb192mgbxgmwf07z1_zr0000gn/T/production-edits-k0ggrm75/edit.json', '--joggle', 'build-artifact-smoke/joggle', '--joggle-server', 'build-artifact-smoke/artifact/joggle-artifact-reactive', '--joggle-reuse', 'none', '--builtin-mods', 'build-artifact-smoke/modules', '--cc', 'cc', '--case-timeout', '240.0']' returned non-zero exit status 1."
tvm,tiny-yolov3-11,node-238-add,1,update,1,20260921,25a5f1e31ba8f407a1e5ce5fcf70bcaaba53ec15a08c88b64034c8f551921516,,,,,,,,,false,"CalledProcessError: Command '['/Users/lancer/Documents/Item/joggle/.cache/artifact/baseline-venv/bin/python', '/Users/lancer/Documents/Item/joggle/artifact/run_baseline_benchmarks.py', '--worker', 'update', '--spec', '/Users/lancer/Documents/Item/joggle/artifact/manifests/benchmark-cases.json', '--inputs', '.cache/artifact/release-data/inputs', '--case-id', 'tiny-yolov3-11', '--model', '.cache/onnx-zoo/tiny-yolov3-11.onnx', '--iterations', '1', '--warmups', '0', '--batch', '1', '--backend', 'tvm', '--target-json', '{""kind"":""llvm"",""num-cores"":1}', '--onnx-mlir', '/Users/lancer/Documents/Item/joggle-study/onnx-mlir-baseline/build/Release/bin/onnx-mlir', '--edit-json', '/var/folders/g7/7bl3yb192mgbxgmwf07z1_zr0000gn/T/production-edits-k0ggrm75/edit.json', '--joggle', 'build-artifact-smoke/joggle', '--joggle-server', 'build-artifact-smoke/artifact/joggle-artifact-reactive', '--joggle-reuse', 'none', '--builtin-mods', 'build-artifact-smoke/modules', '--cc', 'cc', '--case-timeout', '240.0']' returned non-zero exit status 1."
tvm,tiny-yolov3-11,node-238-add,2,rebuild,1,20260921,25a5f1e31ba8f407a1e5ce5fcf70bcaaba53ec15a08c88b64034c8f551921516,,,,,,,,,false,"CalledProcessError: Command '['/Users/lancer/Documents/Item/joggle/.cache/artifact/baseline-venv/bin/python', '/Users/lancer/Documents/Item/joggle/artifact/run_baseline_benchmarks.py', '--worker', 'rebuild', '--spec', '/Users/lancer/Documents/Item/joggle/artifact/manifests/benchmark-cases.json', '--inputs', '.cache/artifact/release-data/inputs', '--case-id', 'tiny-yolov3-11', '--model', '.cache/onnx-zoo/tiny-yolov3-11.onnx', '--iterations', '1', '--warmups', '0', '--batch', '1', '--backend', 'tvm', '--target-json', '{""kind"":""llvm"",""num-cores"":1}', '--onnx-mlir', '/Users/lancer/Documents/Item/joggle-study/onnx-mlir-baseline/build/Release/bin/onnx-mlir', '--edit-json', '/var/folders/g7/7bl3yb192mgbxgmwf07z1_zr0000gn/T/production-edits-k0ggrm75/edit.json', '--joggle', 'build-artifact-smoke/joggle', '--joggle-server', 'build-artifact-smoke/artifact/joggle-artifact-reactive', '--joggle-reuse', 'none', '--builtin-mods', 'build-artifact-smoke/modules', '--cc', 'cc', '--case-timeout', '240.0']' returned non-zero exit status 1."
tvm,tiny-yolov3-11,node-238-add,2,update,0,20260921,25a5f1e31ba8f407a1e5ce5fcf70bcaaba53ec15a08c88b64034c8f551921516,,,,,,,,,false,"CalledProcessError: Command '['/Users/lancer/Documents/Item/joggle/.cache/artifact/baseline-venv/bin/python', '/Users/lancer/Documents/Item/joggle/artifact/run_baseline_benchmarks.py', '--worker', 'update', '--spec', '/Users/lancer/Documents/Item/joggle/artifact/manifests/benchmark-cases.json', '--inputs', '.cache/artifact/release-data/inputs', '--case-id', 'tiny-yolov3-11', '--model', '.cache/onnx-zoo/tiny-yolov3-11.onnx', '--iterations', '1', '--warmups', '0', '--batch', '1', '--backend', 'tvm', '--target-json', '{""kind"":""llvm"",""num-cores"":1}', '--onnx-mlir', '/Users/lancer/Documents/Item/joggle-study/onnx-mlir-baseline/build/Release/bin/onnx-mlir', '--edit-json', '/var/folders/g7/7bl3yb192mgbxgmwf07z1_zr0000gn/T/production-edits-k0ggrm75/edit.json', '--joggle', 'build-artifact-smoke/joggle', '--joggle-server', 'build-artifact-smoke/artifact/joggle-artifact-reactive', '--joggle-reuse', 'none', '--builtin-mods', 'build-artifact-smoke/modules', '--cc', 'cc', '--case-timeout', '240.0']' returned non-zero exit status 1."
tvm,tiny-yolov3-11,node-238-add,3,rebuild,0,20260921,25a5f1e31ba8f407a1e5ce5fcf70bcaaba53ec15a08c88b64034c8f551921516,,,,,,,,,false,"CalledProcessError: Command '['/Users/lancer/Documents/Item/joggle/.cache/artifact/baseline-venv/bin/python', '/Users/lancer/Documents/Item/joggle/artifact/run_baseline_benchmarks.py', '--worker', 'rebuild', '--spec', '/Users/lancer/Documents/Item/joggle/artifact/manifests/benchmark-cases.json', '--inputs', '.cache/artifact/release-data/inputs', '--case-id', 'tiny-yolov3-11', '--model', '.cache/onnx-zoo/tiny-yolov3-11.onnx', '--iterations', '1', '--warmups', '0', '--batch', '1', '--backend', 'tvm', '--target-json', '{""kind"":""llvm"",""num-cores"":1}', '--onnx-mlir', '/Users/lancer/Documents/Item/joggle-study/onnx-mlir-baseline/build/Release/bin/onnx-mlir', '--edit-json', '/var/folders/g7/7bl3yb192mgbxgmwf07z1_zr0000gn/T/production-edits-k0ggrm75/edit.json', '--joggle', 'build-artifact-smoke/joggle', '--joggle-server', 'build-artifact-smoke/artifact/joggle-artifact-reactive', '--joggle-reuse', 'none', '--builtin-mods', 'build-artifact-smoke/modules', '--cc', 'cc', '--case-timeout', '240.0']' returned non-zero exit status 1."
tvm,tiny-yolov3-11,node-238-add,3,update,1,20260921,25a5f1e31ba8f407a1e5ce5fcf70bcaaba53ec15a08c88b64034c8f551921516,,,,,,,,,false,"CalledProcessError: Command '['/Users/lancer/Documents/Item/joggle/.cache/artifact/baseline-venv/bin/python', '/Users/lancer/Documents/Item/joggle/artifact/run_baseline_benchmarks.py', '--worker', 'update', '--spec', '/Users/lancer/Documents/Item/joggle/artifact/manifests/benchmark-cases.json', '--inputs', '.cache/artifact/release-data/inputs', '--case-id', 'tiny-yolov3-11', '--model', '.cache/onnx-zoo/tiny-yolov3-11.onnx', '--iterations', '1', '--warmups', '0', '--batch', '1', '--backend', 'tvm', '--target-json', '{""kind"":""llvm"",""num-cores"":1}', '--onnx-mlir', '/Users/lancer/Documents/Item/joggle-study/onnx-mlir-baseline/build/Release/bin/onnx-mlir', '--edit-json', '/var/folders/g7/7bl3yb192mgbxgmwf07z1_zr0000gn/T/production-edits-k0ggrm75/edit.json', '--joggle', 'build-artifact-smoke/joggle', '--joggle-server', 'build-artifact-smoke/artifact/joggle-artifact-reactive', '--joggle-reuse', 'none', '--builtin-mods', 'build-artifact-smoke/modules', '--cc', 'cc', '--case-timeout', '240.0']' returned non-zero exit status 1."
tvm,tiny-yolov3-11,node-238-add,4,rebuild,0,20260921,25a5f1e31ba8f407a1e5ce5fcf70bcaaba53ec15a08c88b64034c8f551921516,,,,,,,,,false,"CalledProcessError: Command '['/Users/lancer/Documents/Item/joggle/.cache/artifact/baseline-venv/bin/python', '/Users/lancer/Documents/Item/joggle/artifact/run_baseline_benchmarks.py', '--worker', 'rebuild', '--spec', '/Users/lancer/Documents/Item/joggle/artifact/manifests/benchmark-cases.json', '--inputs', '.cache/artifact/release-data/inputs', '--case-id', 'tiny-yolov3-11', '--model', '.cache/onnx-zoo/tiny-yolov3-11.onnx', '--iterations', '1', '--warmups', '0', '--batch', '1', '--backend', 'tvm', '--target-json', '{""kind"":""llvm"",""num-cores"":1}', '--onnx-mlir', '/Users/lancer/Documents/Item/joggle-study/onnx-mlir-baseline/build/Release/bin/onnx-mlir', '--edit-json', '/var/folders/g7/7bl3yb192mgbxgmwf07z1_zr0000gn/T/production-edits-k0ggrm75/edit.json', '--joggle', 'build-artifact-smoke/joggle', '--joggle-server', 'build-artifact-smoke/artifact/joggle-artifact-reactive', '--joggle-reuse', 'none', '--builtin-mods', 'build-artifact-smoke/modules', '--cc', 'cc', '--case-timeout', '240.0']' returned non-zero exit status 1."
tvm,tiny-yolov3-11,node-238-add,4,update,1,20260921,25a5f1e31ba8f407a1e5ce5fcf70bcaaba53ec15a08c88b64034c8f551921516,,,,,,,,,false,"CalledProcessError: Command '['/Users/lancer/Documents/Item/joggle/.cache/artifact/baseline-venv/bin/python', '/Users/lancer/Documents/Item/joggle/artifact/run_baseline_benchmarks.py', '--worker', 'update', '--spec', '/Users/lancer/Documents/Item/joggle/artifact/manifests/benchmark-cases.json', '--inputs', '.cache/artifact/release-data/inputs', '--case-id', 'tiny-yolov3-11', '--model', '.cache/onnx-zoo/tiny-yolov3-11.onnx', '--iterations', '1', '--warmups', '0', '--batch', '1', '--backend', 'tvm', '--target-json', '{""kind"":""llvm"",""num-cores"":1}', '--onnx-mlir', '/Users/lancer/Documents/Item/joggle-study/onnx-mlir-baseline/build/Release/bin/onnx-mlir', '--edit-json', '/var/folders/g7/7bl3yb192mgbxgmwf07z1_zr0000gn/T/production-edits-k0ggrm75/edit.json', '--joggle', 'build-artifact-smoke/joggle', '--joggle-server', 'build-artifact-smoke/artifact/joggle-artifact-reactive', '--joggle-reuse', 'none', '--builtin-mods', 'build-artifact-smoke/modules', '--cc', 'cc', '--case-timeout', '240.0']' returned non-zero exit status 1."
tvm,tiny-yolov3-11,node-238-add,5,rebuild,1,20260921,25a5f1e31ba8f407a1e5ce5fcf70bcaaba53ec15a08c88b64034c8f551921516,,,,,,,,,false,"CalledProcessError: Command '['/Users/lancer/Documents/Item/joggle/.cache/artifact/baseline-venv/bin/python', '/Users/lancer/Documents/Item/joggle/artifact/run_baseline_benchmarks.py', '--worker', 'rebuild', '--spec', '/Users/lancer/Documents/Item/joggle/artifact/manifests/benchmark-cases.json', '--inputs', '.cache/artifact/release-data/inputs', '--case-id', 'tiny-yolov3-11', '--model', '.cache/onnx-zoo/tiny-yolov3-11.onnx', '--iterations', '1', '--warmups', '0', '--batch', '1', '--backend', 'tvm', '--target-json', '{""kind"":""llvm"",""num-cores"":1}', '--onnx-mlir', '/Users/lancer/Documents/Item/joggle-study/onnx-mlir-baseline/build/Release/bin/onnx-mlir', '--edit-json', '/var/folders/g7/7bl3yb192mgbxgmwf07z1_zr0000gn/T/production-edits-k0ggrm75/edit.json', '--joggle', 'build-artifact-smoke/joggle', '--joggle-server', 'build-artifact-smoke/artifact/joggle-artifact-reactive', '--joggle-reuse', 'none', '--builtin-mods', 'build-artifact-smoke/modules', '--cc', 'cc', '--case-timeout', '240.0']' returned non-zero exit status 1."
tvm,tiny-yolov3-11,node-238-add,5,update,0,20260921,25a5f1e31ba8f407a1e5ce5fcf70bcaaba53ec15a08c88b64034c8f551921516,,,,,,,,,false,"CalledProcessError: Command '['/Users/lancer/Documents/Item/joggle/.cache/artifact/baseline-venv/bin/python', '/Users/lancer/Documents/Item/joggle/artifact/run_baseline_benchmarks.py', '--worker', 'update', '--spec', '/Users/lancer/Documents/Item/joggle/artifact/manifests/benchmark-cases.json', '--inputs', '.cache/artifact/release-data/inputs', '--case-id', 'tiny-yolov3-11', '--model', '.cache/onnx-zoo/tiny-yolov3-11.onnx', '--iterations', '1', '--warmups', '0', '--batch', '1', '--backend', 'tvm', '--target-json', '{""kind"":""llvm"",""num-cores"":1}', '--onnx-mlir', '/Users/lancer/Documents/Item/joggle-study/onnx-mlir-baseline/build/Release/bin/onnx-mlir', '--edit-json', '/var/folders/g7/7bl3yb192mgbxgmwf07z1_zr0000gn/T/production-edits-k0ggrm75/edit.json', '--joggle', 'build-artifact-smoke/joggle', '--joggle-server', 'build-artifact-smoke/artifact/joggle-artifact-reactive', '--joggle-reuse', 'none', '--builtin-mods', 'build-artifact-smoke/modules', '--cc', 'cc', '--case-timeout', '240.0']' returned non-zero exit status 1."
tvm,tiny-yolov3-11,node-238-add,6,rebuild,0,20260921,25a5f1e31ba8f407a1e5ce5fcf70bcaaba53ec15a08c88b64034c8f551921516,,,,,,,,,false,"CalledProcessError: Command '['/Users/lancer/Documents/Item/joggle/.cache/artifact/baseline-venv/bin/python', '/Users/lancer/Documents/Item/joggle/artifact/run_baseline_benchmarks.py', '--worker', 'rebuild', '--spec', '/Users/lancer/Documents/Item/joggle/artifact/manifests/benchmark-cases.json', '--inputs', '.cache/artifact/release-data/inputs', '--case-id', 'tiny-yolov3-11', '--model', '.cache/onnx-zoo/tiny-yolov3-11.onnx', '--iterations', '1', '--warmups', '0', '--batch', '1', '--backend', 'tvm', '--target-json', '{""kind"":""llvm"",""num-cores"":1}', '--onnx-mlir', '/Users/lancer/Documents/Item/joggle-study/onnx-mlir-baseline/build/Release/bin/onnx-mlir', '--edit-json', '/var/folders/g7/7bl3yb192mgbxgmwf07z1_zr0000gn/T/production-edits-k0ggrm75/edit.json', '--joggle', 'build-artifact-smoke/joggle', '--joggle-server', 'build-artifact-smoke/artifact/joggle-artifact-reactive', '--joggle-reuse', 'none', '--builtin-mods', 'build-artifact-smoke/modules', '--cc', 'cc', '--case-timeout', '240.0']' returned non-zero exit status 1."
tvm,tiny-yolov3-11,node-238-add,6,update,1,20260921,25a5f1e31ba8f407a1e5ce5fcf70bcaaba53ec15a08c88b64034c8f551921516,,,,,,,,,false,"CalledProcessError: Command '['/Users/lancer/Documents/Item/joggle/.cache/artifact/baseline-venv/bin/python', '/Users/lancer/Documents/Item/joggle/artifact/run_baseline_benchmarks.py', '--worker', 'update', '--spec', '/Users/lancer/Documents/Item/joggle/artifact/manifests/benchmark-cases.json', '--inputs', '.cache/artifact/release-data/inputs', '--case-id', 'tiny-yolov3-11', '--model', '.cache/onnx-zoo/tiny-yolov3-11.onnx', '--iterations', '1', '--warmups', '0', '--batch', '1', '--backend', 'tvm', '--target-json', '{""kind"":""llvm"",""num-cores"":1}', '--onnx-mlir', '/Users/lancer/Documents/Item/joggle-study/onnx-mlir-baseline/build/Release/bin/onnx-mlir', '--edit-json', '/var/folders/g7/7bl3yb192mgbxgmwf07z1_zr0000gn/T/production-edits-k0ggrm75/edit.json', '--joggle', 'build-artifact-smoke/joggle', '--joggle-server', 'build-artifact-smoke/artifact/joggle-artifact-reactive', '--joggle-reuse', 'none', '--builtin-mods', 'build-artifact-smoke/modules', '--cc', 'cc', '--case-timeout', '240.0']' returned non-zero exit status 1."
tvm,tiny-yolov3-11,node-238-add,7,rebuild,0,20260921,25a5f1e31ba8f407a1e5ce5fcf70bcaaba53ec15a08c88b64034c8f551921516,,,,,,,,,false,"CalledProcessError: Command '['/Users/lancer/Documents/Item/joggle/.cache/artifact/baseline-venv/bin/python', '/Users/lancer/Documents/Item/joggle/artifact/run_baseline_benchmarks.py', '--worker', 'rebuild', '--spec', '/Users/lancer/Documents/Item/joggle/artifact/manifests/benchmark-cases.json', '--inputs', '.cache/artifact/release-data/inputs', '--case-id', 'tiny-yolov3-11', '--model', '.cache/onnx-zoo/tiny-yolov3-11.onnx', '--iterations', '1', '--warmups', '0', '--batch', '1', '--backend', 'tvm', '--target-json', '{""kind"":""llvm"",""num-cores"":1}', '--onnx-mlir', '/Users/lancer/Documents/Item/joggle-study/onnx-mlir-baseline/build/Release/bin/onnx-mlir', '--edit-json', '/var/folders/g7/7bl3yb192mgbxgmwf07z1_zr0000gn/T/production-edits-k0ggrm75/edit.json', '--joggle', 'build-artifact-smoke/joggle', '--joggle-server', 'build-artifact-smoke/artifact/joggle-artifact-reactive', '--joggle-reuse', 'none', '--builtin-mods', 'build-artifact-smoke/modules', '--cc', 'cc', '--case-timeout', '240.0']' returned non-zero exit status 1."
tvm,tiny-yolov3-11,node-238-add,7,update,1,20260921,25a5f1e31ba8f407a1e5ce5fcf70bcaaba53ec15a08c88b64034c8f551921516,,,,,,,,,false,"CalledProcessError: Command '['/Users/lancer/Documents/Item/joggle/.cache/artifact/baseline-venv/bin/python', '/Users/lancer/Documents/Item/joggle/artifact/run_baseline_benchmarks.py', '--worker', 'update', '--spec', '/Users/lancer/Documents/Item/joggle/artifact/manifests/benchmark-cases.json', '--inputs', '.cache/artifact/release-data/inputs', '--case-id', 'tiny-yolov3-11', '--model', '.cache/onnx-zoo/tiny-yolov3-11.onnx', '--iterations', '1', '--warmups', '0', '--batch', '1', '--backend', 'tvm', '--target-json', '{""kind"":""llvm"",""num-cores"":1}', '--onnx-mlir', '/Users/lancer/Documents/Item/joggle-study/onnx-mlir-baseline/build/Release/bin/onnx-mlir', '--edit-json', '/var/folders/g7/7bl3yb192mgbxgmwf07z1_zr0000gn/T/production-edits-k0ggrm75/edit.json', '--joggle', 'build-artifact-smoke/joggle', '--joggle-server', 'build-artifact-smoke/artifact/joggle-artifact-reactive', '--joggle-reuse', 'none', '--builtin-mods', 'build-artifact-smoke/modules', '--cc', 'cc', '--case-timeout', '240.0']' returned non-zero exit status 1."
tvm,tiny-yolov3-11,node-238-add,8,rebuild,0,20260921,25a5f1e31ba8f407a1e5ce5fcf70bcaaba53ec15a08c88b64034c8f551921516,,,,,,,,,false,"CalledProcessError: Command '['/Users/lancer/Documents/Item/joggle/.cache/artifact/baseline-venv/bin/python', '/Users/lancer/Documents/Item/joggle/artifact/run_baseline_benchmarks.py', '--worker', 'rebuild', '--spec', '/Users/lancer/Documents/Item/joggle/artifact/manifests/benchmark-cases.json', '--inputs', '.cache/artifact/release-data/inputs', '--case-id', 'tiny-yolov3-11', '--model', '.cache/onnx-zoo/tiny-yolov3-11.onnx', '--iterations', '1', '--warmups', '0', '--batch', '1', '--backend', 'tvm', '--target-json', '{""kind"":""llvm"",""num-cores"":1}', '--onnx-mlir', '/Users/lancer/Documents/Item/joggle-study/onnx-mlir-baseline/build/Release/bin/onnx-mlir', '--edit-json', '/var/folders/g7/7bl3yb192mgbxgmwf07z1_zr0000gn/T/production-edits-k0ggrm75/edit.json', '--joggle', 'build-artifact-smoke/joggle', '--joggle-server', 'build-artifact-smoke/artifact/joggle-artifact-reactive', '--joggle-reuse', 'none', '--builtin-mods', 'build-artifact-smoke/modules', '--cc', 'cc', '--case-timeout', '240.0']' returned non-zero exit status 1."
tvm,tiny-yolov3-11,node-238-add,8,update,1,20260921,25a5f1e31ba8f407a1e5ce5fcf70bcaaba53ec15a08c88b64034c8f551921516,,,,,,,,,false,"CalledProcessError: Command '['/Users/lancer/Documents/Item/joggle/.cache/artifact/baseline-venv/bin/python', '/Users/lancer/Documents/Item/joggle/artifact/run_baseline_benchmarks.py', '--worker', 'update', '--spec', '/Users/lancer/Documents/Item/joggle/artifact/manifests/benchmark-cases.json', '--inputs', '.cache/artifact/release-data/inputs', '--case-id', 'tiny-yolov3-11', '--model', '.cache/onnx-zoo/tiny-yolov3-11.onnx', '--iterations', '1', '--warmups', '0', '--batch', '1', '--backend', 'tvm', '--target-json', '{""kind"":""llvm"",""num-cores"":1}', '--onnx-mlir', '/Users/lancer/Documents/Item/joggle-study/onnx-mlir-baseline/build/Release/bin/onnx-mlir', '--edit-json', '/var/folders/g7/7bl3yb192mgbxgmwf07z1_zr0000gn/T/production-edits-k0ggrm75/edit.json', '--joggle', 'build-artifact-smoke/joggle', '--joggle-server', 'build-artifact-smoke/artifact/joggle-artifact-reactive', '--joggle-reuse', 'none', '--builtin-mods', 'build-artifact-smoke/modules', '--cc', 'cc', '--case-timeout', '240.0']' returned non-zero exit status 1."
tvm,tiny-yolov3-11,node-238-add,9,rebuild,1,20260921,25a5f1e31ba8f407a1e5ce5fcf70bcaaba53ec15a08c88b64034c8f551921516,,,,,,,,,false,"CalledProcessError: Command '['/Users/lancer/Documents/Item/joggle/.cache/artifact/baseline-venv/bin/python', '/Users/lancer/Documents/Item/joggle/artifact/run_baseline_benchmarks.py', '--worker', 'rebuild', '--spec', '/Users/lancer/Documents/Item/joggle/artifact/manifests/benchmark-cases.json', '--inputs', '.cache/artifact/release-data/inputs', '--case-id', 'tiny-yolov3-11', '--model', '.cache/onnx-zoo/tiny-yolov3-11.onnx', '--iterations', '1', '--warmups', '0', '--batch', '1', '--backend', 'tvm', '--target-json', '{""kind"":""llvm"",""num-cores"":1}', '--onnx-mlir', '/Users/lancer/Documents/Item/joggle-study/onnx-mlir-baseline/build/Release/bin/onnx-mlir', '--edit-json', '/var/folders/g7/7bl3yb192mgbxgmwf07z1_zr0000gn/T/production-edits-k0ggrm75/edit.json', '--joggle', 'build-artifact-smoke/joggle', '--joggle-server', 'build-artifact-smoke/artifact/joggle-artifact-reactive', '--joggle-reuse', 'none', '--builtin-mods', 'build-artifact-smoke/modules', '--cc', 'cc', '--case-timeout', '240.0']' returned non-zero exit status 1."
tvm,tiny-yolov3-11,node-238-add,9,update,0,20260921,25a5f1e31ba8f407a1e5ce5fcf70bcaaba53ec15a08c88b64034c8f551921516,,,,,,,,,false,"CalledProcessError: Command '['/Users/lancer/Documents/Item/joggle/.cache/artifact/baseline-venv/bin/python', '/Users/lancer/Documents/Item/joggle/artifact/run_baseline_benchmarks.py', '--worker', 'update', '--spec', '/Users/lancer/Documents/Item/joggle/artifact/manifests/benchmark-cases.json', '--inputs', '.cache/artifact/release-data/inputs', '--case-id', 'tiny-yolov3-11', '--model', '.cache/onnx-zoo/tiny-yolov3-11.onnx', '--iterations', '1', '--warmups', '0', '--batch', '1', '--backend', 'tvm', '--target-json', '{""kind"":""llvm"",""num-cores"":1}', '--onnx-mlir', '/Users/lancer/Documents/Item/joggle-study/onnx-mlir-baseline/build/Release/bin/onnx-mlir', '--edit-json', '/var/folders/g7/7bl3yb192mgbxgmwf07z1_zr0000gn/T/production-edits-k0ggrm75/edit.json', '--joggle', 'build-artifact-smoke/joggle', '--joggle-server', 'build-artifact-smoke/artifact/joggle-artifact-reactive', '--joggle-reuse', 'none', '--builtin-mods', 'build-artifact-smoke/modules', '--cc', 'cc', '--case-timeout', '240.0']' returned non-zero exit status 1."
joggle,tiny-yolov3-11,node-260-add,0,rebuild,0,20260921,81873090597f1e416bca05889a37daada089b7abe6085d37d65f5bdd836161a0,b46108ae32d3fff5604e3f4d51173fb700afa15d3fc163b276a9f2ed61505421,225440f0409be314605c7f1b705e26bd09036c1098689f0df76da79f7ed362c6,000ba20c8561d582a1fa4c779858c3965a92b4be76c5fa7f1c9a632fa501c3b9,20163271833,18270236917,36552417,1893034916,a3cb298ce6c87106056eb2d3199d98f2db88a6708cc4474c1044d21ab7f663e2,true,
joggle,tiny-yolov3-11,node-260-add,0,update,1,20260921,81873090597f1e416bca05889a37daada089b7abe6085d37d65f5bdd836161a0,b46108ae32d3fff5604e3f4d51173fb700afa15d3fc163b276a9f2ed61505421,225440f0409be314605c7f1b705e26bd09036c1098689f0df76da79f7ed362c6,000ba20c8561d582a1fa4c779858c3965a92b4be76c5fa7f1c9a632fa501c3b9,11564427042,9668761917,37772167,1895665125,a3cb298ce6c87106056eb2d3199d98f2db88a6708cc4474c1044d21ab7f663e2,true,
joggle,tiny-yolov3-11,node-260-add,1,rebuild,0,20260921,81873090597f1e416bca05889a37daada089b7abe6085d37d65f5bdd836161a0,b46108ae32d3fff5604e3f4d51173fb700afa15d3fc163b276a9f2ed61505421,225440f0409be314605c7f1b705e26bd09036c1098689f0df76da79f7ed362c6,000ba20c8561d582a1fa4c779858c3965a92b4be76c5fa7f1c9a632fa501c3b9,20480073000,18567679125,39423292,1912393875,a3cb298ce6c87106056eb2d3199d98f2db88a6708cc4474c1044d21ab7f663e2,true,
joggle,tiny-yolov3-11,node-260-add,1,update,1,20260921,81873090597f1e416bca05889a37daada089b7abe6085d37d65f5bdd836161a0,b46108ae32d3fff5604e3f4d51173fb700afa15d3fc163b276a9f2ed61505421,225440f0409be314605c7f1b705e26bd09036c1098689f0df76da79f7ed362c6,000ba20c8561d582a1fa4c779858c3965a92b4be76c5fa7f1c9a632fa501c3b9,11911590792,10002316000,42616667,1909274792,a3cb298ce6c87106056eb2d3199d98f2db88a6708cc4474c1044d21ab7f663e2,true,
joggle,tiny-yolov3-11,node-260-add,2,rebuild,0,20260921,81873090597f1e416bca05889a37daada089b7abe6085d37d65f5bdd836161a0,b46108ae32d3fff5604e3f4d51173fb700afa15d3fc163b276a9f2ed61505421,225440f0409be314605c7f1b705e26bd09036c1098689f0df76da79f7ed362c6,000ba20c8561d582a1fa4c779858c3965a92b4be76c5fa7f1c9a632fa501c3b9,20492737084,18593741000,37347125,1898996084,a3cb298ce6c87106056eb2d3199d98f2db88a6708cc4474c1044d21ab7f663e2,true,
joggle,tiny-yolov3-11,node-260-add,2,update,1,20260921,81873090597f1e416bca05889a37daada089b7abe6085d37d65f5bdd836161a0,b46108ae32d3fff5604e3f4d51173fb700afa15d3fc163b276a9f2ed61505421,225440f0409be314605c7f1b705e26bd09036c1098689f0df76da79f7ed362c6,000ba20c8561d582a1fa4c779858c3965a92b4be76c5fa7f1c9a632fa501c3b9,11756771375,9855796250,37680667,1900975125,a3cb298ce6c87106056eb2d3199d98f2db88a6708cc4474c1044d21ab7f663e2,true,
joggle,tiny-yolov3-11,node-260-add,3,rebuild,0,20260921,81873090597f1e416bca05889a37daada089b7abe6085d37d65f5bdd836161a0,b46108ae32d3fff5604e3f4d51173fb700afa15d3fc163b276a9f2ed61505421,225440f0409be314605c7f1b705e26bd09036c1098689f0df76da79f7ed362c6,000ba20c8561d582a1fa4c779858c3965a92b4be76c5fa7f1c9a632fa501c3b9,20594714333,18671141000,37652625,1923573333,a3cb298ce6c87106056eb2d3199d98f2db88a6708cc4474c1044d21ab7f663e2,true,
joggle,tiny-yolov3-11,node-260-add,3,update,1,20260921,81873090597f1e416bca05889a37daada089b7abe6085d37d65f5bdd836161a0,b46108ae32d3fff5604e3f4d51173fb700afa15d3fc163b276a9f2ed61505421,225440f0409be314605c7f1b705e26bd09036c1098689f0df76da79f7ed362c6,000ba20c8561d582a1fa4c779858c3965a92b4be76c5fa7f1c9a632fa501c3b9,11839458375,9914074500,38773000,1925383875,a3cb298ce6c87106056eb2d3199d98f2db88a6708cc4474c1044d21ab7f663e2,true,
joggle,tiny-yolov3-11,node-260-add,4,rebuild,0,20260921,81873090597f1e416bca05889a37daada089b7abe6085d37d65f5bdd836161a0,b46108ae32d3fff5604e3f4d51173fb700afa15d3fc163b276a9f2ed61505421,225440f0409be314605c7f1b705e26bd09036c1098689f0df76da79f7ed362c6,000ba20c8561d582a1fa4c779858c3965a92b4be76c5fa7f1c9a632fa501c3b9,24618563000,21588941375,38528667,3029621625,a3cb298ce6c87106056eb2d3199d98f2db88a6708cc4474c1044d21ab7f663e2,true,
joggle,tiny-yolov3-11,node-260-add,4,update,1,20260921,81873090597f1e416bca05889a37daada089b7abe6085d37d65f5bdd836161a0,b46108ae32d3fff5604e3f4d51173fb700afa15d3fc163b276a9f2ed61505421,225440f0409be314605c7f1b705e26bd09036c1098689f0df76da79f7ed362c6,000ba20c8561d582a1fa4c779858c3965a92b4be76c5fa7f1c9a632fa501c3b9,14000713000,12034560709,45531542,1966152291,a3cb298ce6c87106056eb2d3199d98f2db88a6708cc4474c1044d21ab7f663e2,true,
joggle,tiny-yolov3-11,node-260-add,5,rebuild,1,20260921,81873090597f1e416bca05889a37daada089b7abe6085d37d65f5bdd836161a0,b46108ae32d3fff5604e3f4d51173fb700afa15d3fc163b276a9f2ed61505421,225440f0409be314605c7f1b705e26bd09036c1098689f0df76da79f7ed362c6,000ba20c8561d582a1fa4c779858c3965a92b4be76c5fa7f1c9a632fa501c3b9,20010329291,18108790625,38218250,1901538666,a3cb298ce6c87106056eb2d3199d98f2db88a6708cc4474c1044d21ab7f663e2,true,
joggle,tiny-yolov3-11,node-260-add,5,update,0,20260921,81873090597f1e416bca05889a37daada089b7abe6085d37d65f5bdd836161a0,b46108ae32d3fff5604e3f4d51173fb700afa15d3fc163b276a9f2ed61505421,225440f0409be314605c7f1b705e26bd09036c1098689f0df76da79f7ed362c6,000ba20c8561d582a1fa4c779858c3965a92b4be76c5fa7f1c9a632fa501c3b9,11639664792,9743942375,36960083,1895722417,a3cb298ce6c87106056eb2d3199d98f2db88a6708cc4474c1044d21ab7f663e2,true,
joggle,tiny-yolov3-11,node-260-add,6,rebuild,0,20260921,81873090597f1e416bca05889a37daada089b7abe6085d37d65f5bdd836161a0,b46108ae32d3fff5604e3f4d51173fb700afa15d3fc163b276a9f2ed61505421,225440f0409be314605c7f1b705e26bd09036c1098689f0df76da79f7ed362c6,000ba20c8561d582a1fa4c779858c3965a92b4be76c5fa7f1c9a632fa501c3b9,20162768334,18271233292,36333209,1891535042,a3cb298ce6c87106056eb2d3199d98f2db88a6708cc4474c1044d21ab7f663e2,true,
joggle,tiny-yolov3-11,node-260-add,6,update,1,20260921,81873090597f1e416bca05889a37daada089b7abe6085d37d65f5bdd836161a0,b46108ae32d3fff5604e3f4d51173fb700afa15d3fc163b276a9f2ed61505421,225440f0409be314605c7f1b705e26bd09036c1098689f0df76da79f7ed362c6,000ba20c8561d582a1fa4c779858c3965a92b4be76c5fa7f1c9a632fa501c3b9,11626697333,9723161667,38599250,1903535666,a3cb298ce6c87106056eb2d3199d98f2db88a6708cc4474c1044d21ab7f663e2,true,
joggle,tiny-yolov3-11,node-260-add,7,rebuild,0,20260921,81873090597f1e416bca05889a37daada089b7abe6085d37d65f5bdd836161a0,b46108ae32d3fff5604e3f4d51173fb700afa15d3fc163b276a9f2ed61505421,225440f0409be314605c7f1b705e26bd09036c1098689f0df76da79f7ed362c6,000ba20c8561d582a1fa4c779858c3965a92b4be76c5fa7f1c9a632fa501c3b9,20411402000,18440625125,37500667,1970776875,a3cb298ce6c87106056eb2d3199d98f2db88a6708cc4474c1044d21ab7f663e2,true,
joggle,tiny-yolov3-11,node-260-add,7,update,1,20260921,81873090597f1e416bca05889a37daada089b7abe6085d37d65f5bdd836161a0,b46108ae32d3fff5604e3f4d51173fb700afa15d3fc163b276a9f2ed61505421,225440f0409be314605c7f1b705e26bd09036c1098689f0df76da79f7ed362c6,000ba20c8561d582a1fa4c779858c3965a92b4be76c5fa7f1c9a632fa501c3b9,11792397709,9887235042,39396792,1905162667,a3cb298ce6c87106056eb2d3199d98f2db88a6708cc4474c1044d21ab7f663e2,true,
joggle,tiny-yolov3-11,node-260-add,8,rebuild,1,20260921,81873090597f1e416bca05889a37daada089b7abe6085d37d65f5bdd836161a0,b46108ae32d3fff5604e3f4d51173fb700afa15d3fc163b276a9f2ed61505421,225440f0409be314605c7f1b705e26bd09036c1098689f0df76da79f7ed362c6,000ba20c8561d582a1fa4c779858c3965a92b4be76c5fa7f1c9a632fa501c3b9,20085088458,18188562541,36960333,1896525917,a3cb298ce6c87106056eb2d3199d98f2db88a6708cc4474c1044d21ab7f663e2,true,
joggle,tiny-yolov3-11,node-260-add,8,update,0,20260921,81873090597f1e416bca05889a37daada089b7abe6085d37d65f5bdd836161a0,b46108ae32d3fff5604e3f4d51173fb700afa15d3fc163b276a9f2ed61505421,225440f0409be314605c7f1b705e26bd09036c1098689f0df76da79f7ed362c6,000ba20c8561d582a1fa4c779858c3965a92b4be76c5fa7f1c9a632fa501c3b9,11888642583,9922421583,36823583,1966221000,a3cb298ce6c87106056eb2d3199d98f2db88a6708cc4474c1044d21ab7f663e2,true,
joggle,tiny-yolov3-11,node-260-add,9,rebuild,1,20260921,81873090597f1e416bca05889a37daada089b7abe6085d37d65f5bdd836161a0,b46108ae32d3fff5604e3f4d51173fb700afa15d3fc163b276a9f2ed61505421,225440f0409be314605c7f1b705e26bd09036c1098689f0df76da79f7ed362c6,000ba20c8561d582a1fa4c779858c3965a92b4be76c5fa7f1c9a632fa501c3b9,22675809708,20697774833,38598208,1978034875,a3cb298ce6c87106056eb2d3199d98f2db88a6708cc4474c1044d21ab7f663e2,true,
joggle,tiny-yolov3-11,node-260-add,9,update,0,20260921,81873090597f1e416bca05889a37daada089b7abe6085d37d65f5bdd836161a0,b46108ae32d3fff5604e3f4d51173fb700afa15d3fc163b276a9f2ed61505421,225440f0409be314605c7f1b705e26bd09036c1098689f0df76da79f7ed362c6,000ba20c8561d582a1fa4c779858c3965a92b4be76c5fa7f1c9a632fa501c3b9,12523296625,10620950334,40327709,1902346291,a3cb298ce6c87106056eb2d3199d98f2db88a6708cc4474c1044d21ab7f663e2,true,
onnx-mlir,tiny-yolov3-11,node-260-add,0,rebuild,0,20260921,81873090597f1e416bca05889a37daada089b7abe6085d37d65f5bdd836161a0,b46108ae32d3fff5604e3f4d51173fb700afa15d3fc163b276a9f2ed61505421,225440f0409be314605c7f1b705e26bd09036c1098689f0df76da79f7ed362c6,9e9e2956405144d8e9553bdabc1b3028bd22db763ddc8f71fab3a485578734b6,4276358750,2830124666,36904833,1446234084,ba69f29be1589fdd87bf6d5f6a78c7c8b8f3b3bbe05fd0dbd9e89c3db78c6267,true,
onnx-mlir,tiny-yolov3-11,node-260-add,0,update,1,20260921,81873090597f1e416bca05889a37daada089b7abe6085d37d65f5bdd836161a0,b46108ae32d3fff5604e3f4d51173fb700afa15d3fc163b276a9f2ed61505421,225440f0409be314605c7f1b705e26bd09036c1098689f0df76da79f7ed362c6,9e9e2956405144d8e9553bdabc1b3028bd22db763ddc8f71fab3a485578734b6,4277783958,2846213666,48842625,1431570292,ba69f29be1589fdd87bf6d5f6a78c7c8b8f3b3bbe05fd0dbd9e89c3db78c6267,true,
onnx-mlir,tiny-yolov3-11,node-260-add,1,rebuild,0,20260921,81873090597f1e416bca05889a37daada089b7abe6085d37d65f5bdd836161a0,b46108ae32d3fff5604e3f4d51173fb700afa15d3fc163b276a9f2ed61505421,225440f0409be314605c7f1b705e26bd09036c1098689f0df76da79f7ed362c6,9e9e2956405144d8e9553bdabc1b3028bd22db763ddc8f71fab3a485578734b6,4212133333,2774336667,38557708,1437796666,ba69f29be1589fdd87bf6d5f6a78c7c8b8f3b3bbe05fd0dbd9e89c3db78c6267,true,
onnx-mlir,tiny-yolov3-11,node-260-add,1,update,1,20260921,81873090597f1e416bca05889a37daada089b7abe6085d37d65f5bdd836161a0,b46108ae32d3fff5604e3f4d51173fb700afa15d3fc163b276a9f2ed61505421,225440f0409be314605c7f1b705e26bd09036c1098689f0df76da79f7ed362c6,9e9e2956405144d8e9553bdabc1b3028bd22db763ddc8f71fab3a485578734b6,4316267167,2870753375,38762042,1445513792,ba69f29be1589fdd87bf6d5f6a78c7c8b8f3b3bbe05fd0dbd9e89c3db78c6267,true,
onnx-mlir,tiny-yolov3-11,node-260-add,2,rebuild,0,20260921,81873090597f1e416bca05889a37daada089b7abe6085d37d65f5bdd836161a0,b46108ae32d3fff5604e3f4d51173fb700afa15d3fc163b276a9f2ed61505421,225440f0409be314605c7f1b705e26bd09036c1098689f0df76da79f7ed362c6,9e9e2956405144d8e9553bdabc1b3028bd22db763ddc8f71fab3a485578734b6,4218627041,2775992708,38131708,1442634333,ba69f29be1589fdd87bf6d5f6a78c7c8b8f3b3bbe05fd0dbd9e89c3db78c6267,true,
onnx-mlir,tiny-yolov3-11,node-260-add,2,update,1,20260921,81873090597f1e416bca05889a37daada089b7abe6085d37d65f5bdd836161a0,b46108ae32d3fff5604e3f4d51173fb700afa15d3fc163b276a9f2ed61505421,225440f0409be314605c7f1b705e26bd09036c1098689f0df76da79f7ed362c6,9e9e2956405144d8e9553bdabc1b3028bd22db763ddc8f71fab3a485578734b6,4352994125,2913214333,36406917,1439779792,ba69f29be1589fdd87bf6d5f6a78c7c8b8f3b3bbe05fd0dbd9e89c3db78c6267,true,
onnx-mlir,tiny-yolov3-11,node-260-add,3,rebuild,0,20260921,81873090597f1e416bca05889a37daada089b7abe6085d37d65f5bdd836161a0,b46108ae32d3fff5604e3f4d51173fb700afa15d3fc163b276a9f2ed61505421,225440f0409be314605c7f1b705e26bd09036c1098689f0df76da79f7ed362c6,9e9e2956405144d8e9553bdabc1b3028bd22db763ddc8f71fab3a485578734b6,4262764958,2716282250,38743625,1546482708,ba69f29be1589fdd87bf6d5f6a78c7c8b8f3b3bbe05fd0dbd9e89c3db78c6267,true,
onnx-mlir,tiny-yolov3-11,node-260-add,3,update,1,20260921,81873090597f1e416bca05889a37daada089b7abe6085d37d65f5bdd836161a0,b46108ae32d3fff5604e3f4d51173fb700afa15d3fc163b276a9f2ed61505421,225440f0409be314605c7f1b705e26bd09036c1098689f0df76da79f7ed362c6,9e9e2956405144d8e9553bdabc1b3028bd22db763ddc8f71fab3a485578734b6,4252723375,2807738958,37965708,1444984417,ba69f29be1589fdd87bf6d5f6a78c7c8b8f3b3bbe05fd0dbd9e89c3db78c6267,true,
onnx-mlir,tiny-yolov3-11,node-260-add,4,rebuild,0,20260921,81873090597f1e416bca05889a37daada089b7abe6085d37d65f5bdd836161a0,b46108ae32d3fff5604e3f4d51173fb700afa15d3fc163b276a9f2ed61505421,225440f0409be314605c7f1b705e26bd09036c1098689f0df76da79f7ed362c6,9e9e2956405144d8e9553bdabc1b3028bd22db763ddc8f71fab3a485578734b6,4263582166,2824081583,38750500,1439500583,ba69f29be1589fdd87bf6d5f6a78c7c8b8f3b3bbe05fd0dbd9e89c3db78c6267,true,
onnx-mlir,tiny-yolov3-11,node-260-add,4,update,1,20260921,81873090597f1e416bca05889a37daada089b7abe6085d37d65f5bdd836161a0,b46108ae32d3fff5604e3f4d51173fb700afa15d3fc163b276a9f2ed61505421,225440f0409be314605c7f1b705e26bd09036c1098689f0df76da79f7ed362c6,9e9e2956405144d8e9553bdabc1b3028bd22db763ddc8f71fab3a485578734b6,4363314875,2874218000,36270750,1489096875,ba69f29be1589fdd87bf6d5f6a78c7c8b8f3b3bbe05fd0dbd9e89c3db78c6267,true,
onnx-mlir,tiny-yolov3-11,node-260-add,5,rebuild,1,20260921,81873090597f1e416bca05889a37daada089b7abe6085d37d65f5bdd836161a0,b46108ae32d3fff5604e3f4d51173fb700afa15d3fc163b276a9f2ed61505421,225440f0409be314605c7f1b705e26bd09036c1098689f0df76da79f7ed362c6,9e9e2956405144d8e9553bdabc1b3028bd22db763ddc8f71fab3a485578734b6,4170836417,2727756917,39120000,1443079500,ba69f29be1589fdd87bf6d5f6a78c7c8b8f3b3bbe05fd0dbd9e89c3db78c6267,true,
onnx-mlir,tiny-yolov3-11,node-260-add,5,update,0,20260921,81873090597f1e416bca05889a37daada089b7abe6085d37d65f5bdd836161a0,b46108ae32d3fff5604e3f4d51173fb700afa15d3fc163b276a9f2ed61505421,225440f0409be314605c7f1b705e26bd09036c1098689f0df76da79f7ed362c6,9e9e2956405144d8e9553bdabc1b3028bd22db763ddc8f71fab3a485578734b6,4351747416,2913559208,38107958,1438188208,ba69f29be1589fdd87bf6d5f6a78c7c8b8f3b3bbe05fd0dbd9e89c3db78c6267,true,
onnx-mlir,tiny-yolov3-11,node-260-add,6,rebuild,0,20260921,81873090597f1e416bca05889a37daada089b7abe6085d37d65f5bdd836161a0,b46108ae32d3fff5604e3f4d51173fb700afa15d3fc163b276a9f2ed61505421,225440f0409be314605c7f1b705e26bd09036c1098689f0df76da79f7ed362c6,9e9e2956405144d8e9553bdabc1b3028bd22db763ddc8f71fab3a485578734b6,4190359833,2754919083,41325291,1435440750,ba69f29be1589fdd87bf6d5f6a78c7c8b8f3b3bbe05fd0dbd9e89c3db78c6267,true,
onnx-mlir,tiny-yolov3-11,node-260-add,6,update,1,20260921,81873090597f1e416bca05889a37daada089b7abe6085d37d65f5bdd836161a0,b46108ae32d3fff5604e3f4d51173fb700afa15d3fc163b276a9f2ed61505421,225440f0409be314605c7f1b705e26bd09036c1098689f0df76da79f7ed362c6,9e9e2956405144d8e9553bdabc1b3028bd22db763ddc8f71fab3a485578734b6,4145489166,2702427833,36852291,1443061333,ba69f29be1589fdd87bf6d5f6a78c7c8b8f3b3bbe05fd0dbd9e89c3db78c6267,true,
onnx-mlir,tiny-yolov3-11,node-260-add,7,rebuild,0,20260921,81873090597f1e416bca05889a37daada089b7abe6085d37d65f5bdd836161a0,b46108ae32d3fff5604e3f4d51173fb700afa15d3fc163b276a9f2ed61505421,225440f0409be314605c7f1b705e26bd09036c1098689f0df76da79f7ed362c6,9e9e2956405144d8e9553bdabc1b3028bd22db763ddc8f71fab3a485578734b6,4185902083,2748483167,43212625,1437418916,ba69f29be1589fdd87bf6d5f6a78c7c8b8f3b3bbe05fd0dbd9e89c3db78c6267,true,
onnx-mlir,tiny-yolov3-11,node-260-add,7,update,1,20260921,81873090597f1e416bca05889a37daada089b7abe6085d37d65f5bdd836161a0,b46108ae32d3fff5604e3f4d51173fb700afa15d3fc163b276a9f2ed61505421,225440f0409be314605c7f1b705e26bd09036c1098689f0df76da79f7ed362c6,9e9e2956405144d8e9553bdabc1b3028bd22db763ddc8f71fab3a485578734b6,4218076125,2765054875,36691042,1453021250,ba69f29be1589fdd87bf6d5f6a78c7c8b8f3b3bbe05fd0dbd9e89c3db78c6267,true,
onnx-mlir,tiny-yolov3-11,node-260-add,8,rebuild,1,20260921,81873090597f1e416bca05889a37daada089b7abe6085d37d65f5bdd836161a0,b46108ae32d3fff5604e3f4d51173fb700afa15d3fc163b276a9f2ed61505421,225440f0409be314605c7f1b705e26bd09036c1098689f0df76da79f7ed362c6,9e9e2956405144d8e9553bdabc1b3028bd22db763ddc8f71fab3a485578734b6,4155304375,2714895417,37981583,1440408958,ba69f29be1589fdd87bf6d5f6a78c7c8b8f3b3bbe05fd0dbd9e89c3db78c6267,true,
onnx-mlir,tiny-yolov3-11,node-260-add,8,update,0,20260921,81873090597f1e416bca05889a37daada089b7abe6085d37d65f5bdd836161a0,b46108ae32d3fff5604e3f4d51173fb700afa15d3fc163b276a9f2ed61505421,225440f0409be314605c7f1b705e26bd09036c1098689f0df76da79f7ed362c6,9e9e2956405144d8e9553bdabc1b3028bd22db763ddc8f71fab3a485578734b6,4184482792,2741813500,37418792,1442669292,ba69f29be1589fdd87bf6d5f6a78c7c8b8f3b3bbe05fd0dbd9e89c3db78c6267,true,
onnx-mlir,tiny-yolov3-11,node-260-add,9,rebuild,1,20260921,81873090597f1e416bca05889a37daada089b7abe6085d37d65f5bdd836161a0,b46108ae32d3fff5604e3f4d51173fb700afa15d3fc163b276a9f2ed61505421,225440f0409be314605c7f1b705e26bd09036c1098689f0df76da79f7ed362c6,9e9e2956405144d8e9553bdabc1b3028bd22db763ddc8f71fab3a485578734b6,4154442042,2722237125,40600500,1432204917,ba69f29be1589fdd87bf6d5f6a78c7c8b8f3b3bbe05fd0dbd9e89c3db78c6267,true,
onnx-mlir,tiny-yolov3-11,node-260-add,9,update,0,20260921,81873090597f1e416bca05889a37daada089b7abe6085d37d65f5bdd836161a0,b46108ae32d3fff5604e3f4d51173fb700afa15d3fc163b276a9f2ed61505421,225440f0409be314605c7f1b705e26bd09036c1098689f0df76da79f7ed362c6,9e9e2956405144d8e9553bdabc1b3028bd22db763ddc8f71fab3a485578734b6,4401979458,2962655083,37579458,1439324375,ba69f29be1589fdd87bf6d5f6a78c7c8b8f3b3bbe05fd0dbd9e89c3db78c6267,true,
tvm,tiny-yolov3-11,node-260-add,0,rebuild,0,20260921,81873090597f1e416bca05889a37daada089b7abe6085d37d65f5bdd836161a0,,,,,,,,,false,"CalledProcessError: Command '['/Users/lancer/Documents/Item/joggle/.cache/artifact/baseline-venv/bin/python', '/Users/lancer/Documents/Item/joggle/artifact/run_baseline_benchmarks.py', '--worker', 'rebuild', '--spec', '/Users/lancer/Documents/Item/joggle/artifact/manifests/benchmark-cases.json', '--inputs', '.cache/artifact/release-data/inputs', '--case-id', 'tiny-yolov3-11', '--model', '.cache/onnx-zoo/tiny-yolov3-11.onnx', '--iterations', '1', '--warmups', '0', '--batch', '1', '--backend', 'tvm', '--target-json', '{""kind"":""llvm"",""num-cores"":1}', '--onnx-mlir', '/Users/lancer/Documents/Item/joggle-study/onnx-mlir-baseline/build/Release/bin/onnx-mlir', '--edit-json', '/var/folders/g7/7bl3yb192mgbxgmwf07z1_zr0000gn/T/production-edits-k0ggrm75/edit.json', '--joggle', 'build-artifact-smoke/joggle', '--joggle-server', 'build-artifact-smoke/artifact/joggle-artifact-reactive', '--joggle-reuse', 'none', '--builtin-mods', 'build-artifact-smoke/modules', '--cc', 'cc', '--case-timeout', '240.0']' returned non-zero exit status 1."
tvm,tiny-yolov3-11,node-260-add,0,update,1,20260921,81873090597f1e416bca05889a37daada089b7abe6085d37d65f5bdd836161a0,,,,,,,,,false,"CalledProcessError: Command '['/Users/lancer/Documents/Item/joggle/.cache/artifact/baseline-venv/bin/python', '/Users/lancer/Documents/Item/joggle/artifact/run_baseline_benchmarks.py', '--worker', 'update', '--spec', '/Users/lancer/Documents/Item/joggle/artifact/manifests/benchmark-cases.json', '--inputs', '.cache/artifact/release-data/inputs', '--case-id', 'tiny-yolov3-11', '--model', '.cache/onnx-zoo/tiny-yolov3-11.onnx', '--iterations', '1', '--warmups', '0', '--batch', '1', '--backend', 'tvm', '--target-json', '{""kind"":""llvm"",""num-cores"":1}', '--onnx-mlir', '/Users/lancer/Documents/Item/joggle-study/onnx-mlir-baseline/build/Release/bin/onnx-mlir', '--edit-json', '/var/folders/g7/7bl3yb192mgbxgmwf07z1_zr0000gn/T/production-edits-k0ggrm75/edit.json', '--joggle', 'build-artifact-smoke/joggle', '--joggle-server', 'build-artifact-smoke/artifact/joggle-artifact-reactive', '--joggle-reuse', 'none', '--builtin-mods', 'build-artifact-smoke/modules', '--cc', 'cc', '--case-timeout', '240.0']' returned non-zero exit status 1."
tvm,tiny-yolov3-11,node-260-add,1,rebuild,0,20260921,81873090597f1e416bca05889a37daada089b7abe6085d37d65f5bdd836161a0,,,,,,,,,false,"CalledProcessError: Command '['/Users/lancer/Documents/Item/joggle/.cache/artifact/baseline-venv/bin/python', '/Users/lancer/Documents/Item/joggle/artifact/run_baseline_benchmarks.py', '--worker', 'rebuild', '--spec', '/Users/lancer/Documents/Item/joggle/artifact/manifests/benchmark-cases.json', '--inputs', '.cache/artifact/release-data/inputs', '--case-id', 'tiny-yolov3-11', '--model', '.cache/onnx-zoo/tiny-yolov3-11.onnx', '--iterations', '1', '--warmups', '0', '--batch', '1', '--backend', 'tvm', '--target-json', '{""kind"":""llvm"",""num-cores"":1}', '--onnx-mlir', '/Users/lancer/Documents/Item/joggle-study/onnx-mlir-baseline/build/Release/bin/onnx-mlir', '--edit-json', '/var/folders/g7/7bl3yb192mgbxgmwf07z1_zr0000gn/T/production-edits-k0ggrm75/edit.json', '--joggle', 'build-artifact-smoke/joggle', '--joggle-server', 'build-artifact-smoke/artifact/joggle-artifact-reactive', '--joggle-reuse', 'none', '--builtin-mods', 'build-artifact-smoke/modules', '--cc', 'cc', '--case-timeout', '240.0']' returned non-zero exit status 1."
tvm,tiny-yolov3-11,node-260-add,1,update,1,20260921,81873090597f1e416bca05889a37daada089b7abe6085d37d65f5bdd836161a0,,,,,,,,,false,"CalledProcessError: Command '['/Users/lancer/Documents/Item/joggle/.cache/artifact/baseline-venv/bin/python', '/Users/lancer/Documents/Item/joggle/artifact/run_baseline_benchmarks.py', '--worker', 'update', '--spec', '/Users/lancer/Documents/Item/joggle/artifact/manifests/benchmark-cases.json', '--inputs', '.cache/artifact/release-data/inputs', '--case-id', 'tiny-yolov3-11', '--model', '.cache/onnx-zoo/tiny-yolov3-11.onnx', '--iterations', '1', '--warmups', '0', '--batch', '1', '--backend', 'tvm', '--target-json', '{""kind"":""llvm"",""num-cores"":1}', '--onnx-mlir', '/Users/lancer/Documents/Item/joggle-study/onnx-mlir-baseline/build/Release/bin/onnx-mlir', '--edit-json', '/var/folders/g7/7bl3yb192mgbxgmwf07z1_zr0000gn/T/production-edits-k0ggrm75/edit.json', '--joggle', 'build-artifact-smoke/joggle', '--joggle-server', 'build-artifact-smoke/artifact/joggle-artifact-reactive', '--joggle-reuse', 'none', '--builtin-mods', 'build-artifact-smoke/modules', '--cc', 'cc', '--case-timeout', '240.0']' returned non-zero exit status 1."
tvm,tiny-yolov3-11,node-260-add,2,rebuild,0,20260921,81873090597f1e416bca05889a37daada089b7abe6085d37d65f5bdd836161a0,,,,,,,,,false,"CalledProcessError: Command '['/Users/lancer/Documents/Item/joggle/.cache/artifact/baseline-venv/bin/python', '/Users/lancer/Documents/Item/joggle/artifact/run_baseline_benchmarks.py', '--worker', 'rebuild', '--spec', '/Users/lancer/Documents/Item/joggle/artifact/manifests/benchmark-cases.json', '--inputs', '.cache/artifact/release-data/inputs', '--case-id', 'tiny-yolov3-11', '--model', '.cache/onnx-zoo/tiny-yolov3-11.onnx', '--iterations', '1', '--warmups', '0', '--batch', '1', '--backend', 'tvm', '--target-json', '{""kind"":""llvm"",""num-cores"":1}', '--onnx-mlir', '/Users/lancer/Documents/Item/joggle-study/onnx-mlir-baseline/build/Release/bin/onnx-mlir', '--edit-json', '/var/folders/g7/7bl3yb192mgbxgmwf07z1_zr0000gn/T/production-edits-k0ggrm75/edit.json', '--joggle', 'build-artifact-smoke/joggle', '--joggle-server', 'build-artifact-smoke/artifact/joggle-artifact-reactive', '--joggle-reuse', 'none', '--builtin-mods', 'build-artifact-smoke/modules', '--cc', 'cc', '--case-timeout', '240.0']' returned non-zero exit status 1."
tvm,tiny-yolov3-11,node-260-add,2,update,1,20260921,81873090597f1e416bca05889a37daada089b7abe6085d37d65f5bdd836161a0,,,,,,,,,false,"CalledProcessError: Command '['/Users/lancer/Documents/Item/joggle/.cache/artifact/baseline-venv/bin/python', '/Users/lancer/Documents/Item/joggle/artifact/run_baseline_benchmarks.py', '--worker', 'update', '--spec', '/Users/lancer/Documents/Item/joggle/artifact/manifests/benchmark-cases.json', '--inputs', '.cache/artifact/release-data/inputs', '--case-id', 'tiny-yolov3-11', '--model', '.cache/onnx-zoo/tiny-yolov3-11.onnx', '--iterations', '1', '--warmups', '0', '--batch', '1', '--backend', 'tvm', '--target-json', '{""kind"":""llvm"",""num-cores"":1}', '--onnx-mlir', '/Users/lancer/Documents/Item/joggle-study/onnx-mlir-baseline/build/Release/bin/onnx-mlir', '--edit-json', '/var/folders/g7/7bl3yb192mgbxgmwf07z1_zr0000gn/T/production-edits-k0ggrm75/edit.json', '--joggle', 'build-artifact-smoke/joggle', '--joggle-server', 'build-artifact-smoke/artifact/joggle-artifact-reactive', '--joggle-reuse', 'none', '--builtin-mods', 'build-artifact-smoke/modules', '--cc', 'cc', '--case-timeout', '240.0']' returned non-zero exit status 1."
tvm,tiny-yolov3-11,node-260-add,3,rebuild,0,20260921,81873090597f1e416bca05889a37daada089b7abe6085d37d65f5bdd836161a0,,,,,,,,,false,"CalledProcessError: Command '['/Users/lancer/Documents/Item/joggle/.cache/artifact/baseline-venv/bin/python', '/Users/lancer/Documents/Item/joggle/artifact/run_baseline_benchmarks.py', '--worker', 'rebuild', '--spec', '/Users/lancer/Documents/Item/joggle/artifact/manifests/benchmark-cases.json', '--inputs', '.cache/artifact/release-data/inputs', '--case-id', 'tiny-yolov3-11', '--model', '.cache/onnx-zoo/tiny-yolov3-11.onnx', '--iterations', '1', '--warmups', '0', '--batch', '1', '--backend', 'tvm', '--target-json', '{""kind"":""llvm"",""num-cores"":1}', '--onnx-mlir', '/Users/lancer/Documents/Item/joggle-study/onnx-mlir-baseline/build/Release/bin/onnx-mlir', '--edit-json', '/var/folders/g7/7bl3yb192mgbxgmwf07z1_zr0000gn/T/production-edits-k0ggrm75/edit.json', '--joggle', 'build-artifact-smoke/joggle', '--joggle-server', 'build-artifact-smoke/artifact/joggle-artifact-reactive', '--joggle-reuse', 'none', '--builtin-mods', 'build-artifact-smoke/modules', '--cc', 'cc', '--case-timeout', '240.0']' returned non-zero exit status 1."
tvm,tiny-yolov3-11,node-260-add,3,update,1,20260921,81873090597f1e416bca05889a37daada089b7abe6085d37d65f5bdd836161a0,,,,,,,,,false,"CalledProcessError: Command '['/Users/lancer/Documents/Item/joggle/.cache/artifact/baseline-venv/bin/python', '/Users/lancer/Documents/Item/joggle/artifact/run_baseline_benchmarks.py', '--worker', 'update', '--spec', '/Users/lancer/Documents/Item/joggle/artifact/manifests/benchmark-cases.json', '--inputs', '.cache/artifact/release-data/inputs', '--case-id', 'tiny-yolov3-11', '--model', '.cache/onnx-zoo/tiny-yolov3-11.onnx', '--iterations', '1', '--warmups', '0', '--batch', '1', '--backend', 'tvm', '--target-json', '{""kind"":""llvm"",""num-cores"":1}', '--onnx-mlir', '/Users/lancer/Documents/Item/joggle-study/onnx-mlir-baseline/build/Release/bin/onnx-mlir', '--edit-json', '/var/folders/g7/7bl3yb192mgbxgmwf07z1_zr0000gn/T/production-edits-k0ggrm75/edit.json', '--joggle', 'build-artifact-smoke/joggle', '--joggle-server', 'build-artifact-smoke/artifact/joggle-artifact-reactive', '--joggle-reuse', 'none', '--builtin-mods', 'build-artifact-smoke/modules', '--cc', 'cc', '--case-timeout', '240.0']' returned non-zero exit status 1."
tvm,tiny-yolov3-11,node-260-add,4,rebuild,0,20260921,81873090597f1e416bca05889a37daada089b7abe6085d37d65f5bdd836161a0,,,,,,,,,false,"CalledProcessError: Command '['/Users/lancer/Documents/Item/joggle/.cache/artifact/baseline-venv/bin/python', '/Users/lancer/Documents/Item/joggle/artifact/run_baseline_benchmarks.py', '--worker', 'rebuild', '--spec', '/Users/lancer/Documents/Item/joggle/artifact/manifests/benchmark-cases.json', '--inputs', '.cache/artifact/release-data/inputs', '--case-id', 'tiny-yolov3-11', '--model', '.cache/onnx-zoo/tiny-yolov3-11.onnx', '--iterations', '1', '--warmups', '0', '--batch', '1', '--backend', 'tvm', '--target-json', '{""kind"":""llvm"",""num-cores"":1}', '--onnx-mlir', '/Users/lancer/Documents/Item/joggle-study/onnx-mlir-baseline/build/Release/bin/onnx-mlir', '--edit-json', '/var/folders/g7/7bl3yb192mgbxgmwf07z1_zr0000gn/T/production-edits-k0ggrm75/edit.json', '--joggle', 'build-artifact-smoke/joggle', '--joggle-server', 'build-artifact-smoke/artifact/joggle-artifact-reactive', '--joggle-reuse', 'none', '--builtin-mods', 'build-artifact-smoke/modules', '--cc', 'cc', '--case-timeout', '240.0']' returned non-zero exit status 1."
tvm,tiny-yolov3-11,node-260-add,4,update,1,20260921,81873090597f1e416bca05889a37daada089b7abe6085d37d65f5bdd836161a0,,,,,,,,,false,"CalledProcessError: Command '['/Users/lancer/Documents/Item/joggle/.cache/artifact/baseline-venv/bin/python', '/Users/lancer/Documents/Item/joggle/artifact/run_baseline_benchmarks.py', '--worker', 'update', '--spec', '/Users/lancer/Documents/Item/joggle/artifact/manifests/benchmark-cases.json', '--inputs', '.cache/artifact/release-data/inputs', '--case-id', 'tiny-yolov3-11', '--model', '.cache/onnx-zoo/tiny-yolov3-11.onnx', '--iterations', '1', '--warmups', '0', '--batch', '1', '--backend', 'tvm', '--target-json', '{""kind"":""llvm"",""num-cores"":1}', '--onnx-mlir', '/Users/lancer/Documents/Item/joggle-study/onnx-mlir-baseline/build/Release/bin/onnx-mlir', '--edit-json', '/var/folders/g7/7bl3yb192mgbxgmwf07z1_zr0000gn/T/production-edits-k0ggrm75/edit.json', '--joggle', 'build-artifact-smoke/joggle', '--joggle-server', 'build-artifact-smoke/artifact/joggle-artifact-reactive', '--joggle-reuse', 'none', '--builtin-mods', 'build-artifact-smoke/modules', '--cc', 'cc', '--case-timeout', '240.0']' returned non-zero exit status 1."
tvm,tiny-yolov3-11,node-260-add,5,rebuild,1,20260921,81873090597f1e416bca05889a37daada089b7abe6085d37d65f5bdd836161a0,,,,,,,,,false,"CalledProcessError: Command '['/Users/lancer/Documents/Item/joggle/.cache/artifact/baseline-venv/bin/python', '/Users/lancer/Documents/Item/joggle/artifact/run_baseline_benchmarks.py', '--worker', 'rebuild', '--spec', '/Users/lancer/Documents/Item/joggle/artifact/manifests/benchmark-cases.json', '--inputs', '.cache/artifact/release-data/inputs', '--case-id', 'tiny-yolov3-11', '--model', '.cache/onnx-zoo/tiny-yolov3-11.onnx', '--iterations', '1', '--warmups', '0', '--batch', '1', '--backend', 'tvm', '--target-json', '{""kind"":""llvm"",""num-cores"":1}', '--onnx-mlir', '/Users/lancer/Documents/Item/joggle-study/onnx-mlir-baseline/build/Release/bin/onnx-mlir', '--edit-json', '/var/folders/g7/7bl3yb192mgbxgmwf07z1_zr0000gn/T/production-edits-k0ggrm75/edit.json', '--joggle', 'build-artifact-smoke/joggle', '--joggle-server', 'build-artifact-smoke/artifact/joggle-artifact-reactive', '--joggle-reuse', 'none', '--builtin-mods', 'build-artifact-smoke/modules', '--cc', 'cc', '--case-timeout', '240.0']' returned non-zero exit status 1."
tvm,tiny-yolov3-11,node-260-add,5,update,0,20260921,81873090597f1e416bca05889a37daada089b7abe6085d37d65f5bdd836161a0,,,,,,,,,false,"CalledProcessError: Command '['/Users/lancer/Documents/Item/joggle/.cache/artifact/baseline-venv/bin/python', '/Users/lancer/Documents/Item/joggle/artifact/run_baseline_benchmarks.py', '--worker', 'update', '--spec', '/Users/lancer/Documents/Item/joggle/artifact/manifests/benchmark-cases.json', '--inputs', '.cache/artifact/release-data/inputs', '--case-id', 'tiny-yolov3-11', '--model', '.cache/onnx-zoo/tiny-yolov3-11.onnx', '--iterations', '1', '--warmups', '0', '--batch', '1', '--backend', 'tvm', '--target-json', '{""kind"":""llvm"",""num-cores"":1}', '--onnx-mlir', '/Users/lancer/Documents/Item/joggle-study/onnx-mlir-baseline/build/Release/bin/onnx-mlir', '--edit-json', '/var/folders/g7/7bl3yb192mgbxgmwf07z1_zr0000gn/T/production-edits-k0ggrm75/edit.json', '--joggle', 'build-artifact-smoke/joggle', '--joggle-server', 'build-artifact-smoke/artifact/joggle-artifact-reactive', '--joggle-reuse', 'none', '--builtin-mods', 'build-artifact-smoke/modules', '--cc', 'cc', '--case-timeout', '240.0']' returned non-zero exit status 1."
tvm,tiny-yolov3-11,node-260-add,6,rebuild,0,20260921,81873090597f1e416bca05889a37daada089b7abe6085d37d65f5bdd836161a0,,,,,,,,,false,"CalledProcessError: Command '['/Users/lancer/Documents/Item/joggle/.cache/artifact/baseline-venv/bin/python', '/Users/lancer/Documents/Item/joggle/artifact/run_baseline_benchmarks.py', '--worker', 'rebuild', '--spec', '/Users/lancer/Documents/Item/joggle/artifact/manifests/benchmark-cases.json', '--inputs', '.cache/artifact/release-data/inputs', '--case-id', 'tiny-yolov3-11', '--model', '.cache/onnx-zoo/tiny-yolov3-11.onnx', '--iterations', '1', '--warmups', '0', '--batch', '1', '--backend', 'tvm', '--target-json', '{""kind"":""llvm"",""num-cores"":1}', '--onnx-mlir', '/Users/lancer/Documents/Item/joggle-study/onnx-mlir-baseline/build/Release/bin/onnx-mlir', '--edit-json', '/var/folders/g7/7bl3yb192mgbxgmwf07z1_zr0000gn/T/production-edits-k0ggrm75/edit.json', '--joggle', 'build-artifact-smoke/joggle', '--joggle-server', 'build-artifact-smoke/artifact/joggle-artifact-reactive', '--joggle-reuse', 'none', '--builtin-mods', 'build-artifact-smoke/modules', '--cc', 'cc', '--case-timeout', '240.0']' returned non-zero exit status 1."
tvm,tiny-yolov3-11,node-260-add,6,update,1,20260921,81873090597f1e416bca05889a37daada089b7abe6085d37d65f5bdd836161a0,,,,,,,,,false,"CalledProcessError: Command '['/Users/lancer/Documents/Item/joggle/.cache/artifact/baseline-venv/bin/python', '/Users/lancer/Documents/Item/joggle/artifact/run_baseline_benchmarks.py', '--worker', 'update', '--spec', '/Users/lancer/Documents/Item/joggle/artifact/manifests/benchmark-cases.json', '--inputs', '.cache/artifact/release-data/inputs', '--case-id', 'tiny-yolov3-11', '--model', '.cache/onnx-zoo/tiny-yolov3-11.onnx', '--iterations', '1', '--warmups', '0', '--batch', '1', '--backend', 'tvm', '--target-json', '{""kind"":""llvm"",""num-cores"":1}', '--onnx-mlir', '/Users/lancer/Documents/Item/joggle-study/onnx-mlir-baseline/build/Release/bin/onnx-mlir', '--edit-json', '/var/folders/g7/7bl3yb192mgbxgmwf07z1_zr0000gn/T/production-edits-k0ggrm75/edit.json', '--joggle', 'build-artifact-smoke/joggle', '--joggle-server', 'build-artifact-smoke/artifact/joggle-artifact-reactive', '--joggle-reuse', 'none', '--builtin-mods', 'build-artifact-smoke/modules', '--cc', 'cc', '--case-timeout', '240.0']' returned non-zero exit status 1."
tvm,tiny-yolov3-11,node-260-add,7,rebuild,0,20260921,81873090597f1e416bca05889a37daada089b7abe6085d37d65f5bdd836161a0,,,,,,,,,false,"CalledProcessError: Command '['/Users/lancer/Documents/Item/joggle/.cache/artifact/baseline-venv/bin/python', '/Users/lancer/Documents/Item/joggle/artifact/run_baseline_benchmarks.py', '--worker', 'rebuild', '--spec', '/Users/lancer/Documents/Item/joggle/artifact/manifests/benchmark-cases.json', '--inputs', '.cache/artifact/release-data/inputs', '--case-id', 'tiny-yolov3-11', '--model', '.cache/onnx-zoo/tiny-yolov3-11.onnx', '--iterations', '1', '--warmups', '0', '--batch', '1', '--backend', 'tvm', '--target-json', '{""kind"":""llvm"",""num-cores"":1}', '--onnx-mlir', '/Users/lancer/Documents/Item/joggle-study/onnx-mlir-baseline/build/Release/bin/onnx-mlir', '--edit-json', '/var/folders/g7/7bl3yb192mgbxgmwf07z1_zr0000gn/T/production-edits-k0ggrm75/edit.json', '--joggle', 'build-artifact-smoke/joggle', '--joggle-server', 'build-artifact-smoke/artifact/joggle-artifact-reactive', '--joggle-reuse', 'none', '--builtin-mods', 'build-artifact-smoke/modules', '--cc', 'cc', '--case-timeout', '240.0']' returned non-zero exit status 1."
tvm,tiny-yolov3-11,node-260-add,7,update,1,20260921,81873090597f1e416bca05889a37daada089b7abe6085d37d65f5bdd836161a0,,,,,,,,,false,"CalledProcessError: Command '['/Users/lancer/Documents/Item/joggle/.cache/artifact/baseline-venv/bin/python', '/Users/lancer/Documents/Item/joggle/artifact/run_baseline_benchmarks.py', '--worker', 'update', '--spec', '/Users/lancer/Documents/Item/joggle/artifact/manifests/benchmark-cases.json', '--inputs', '.cache/artifact/release-data/inputs', '--case-id', 'tiny-yolov3-11', '--model', '.cache/onnx-zoo/tiny-yolov3-11.onnx', '--iterations', '1', '--warmups', '0', '--batch', '1', '--backend', 'tvm', '--target-json', '{""kind"":""llvm"",""num-cores"":1}', '--onnx-mlir', '/Users/lancer/Documents/Item/joggle-study/onnx-mlir-baseline/build/Release/bin/onnx-mlir', '--edit-json', '/var/folders/g7/7bl3yb192mgbxgmwf07z1_zr0000gn/T/production-edits-k0ggrm75/edit.json', '--joggle', 'build-artifact-smoke/joggle', '--joggle-server', 'build-artifact-smoke/artifact/joggle-artifact-reactive', '--joggle-reuse', 'none', '--builtin-mods', 'build-artifact-smoke/modules', '--cc', 'cc', '--case-timeout', '240.0']' returned non-zero exit status 1."
tvm,tiny-yolov3-11,node-260-add,8,rebuild,1,20260921,81873090597f1e416bca05889a37daada089b7abe6085d37d65f5bdd836161a0,,,,,,,,,false,"CalledProcessError: Command '['/Users/lancer/Documents/Item/joggle/.cache/artifact/baseline-venv/bin/python', '/Users/lancer/Documents/Item/joggle/artifact/run_baseline_benchmarks.py', '--worker', 'rebuild', '--spec', '/Users/lancer/Documents/Item/joggle/artifact/manifests/benchmark-cases.json', '--inputs', '.cache/artifact/release-data/inputs', '--case-id', 'tiny-yolov3-11', '--model', '.cache/onnx-zoo/tiny-yolov3-11.onnx', '--iterations', '1', '--warmups', '0', '--batch', '1', '--backend', 'tvm', '--target-json', '{""kind"":""llvm"",""num-cores"":1}', '--onnx-mlir', '/Users/lancer/Documents/Item/joggle-study/onnx-mlir-baseline/build/Release/bin/onnx-mlir', '--edit-json', '/var/folders/g7/7bl3yb192mgbxgmwf07z1_zr0000gn/T/production-edits-k0ggrm75/edit.json', '--joggle', 'build-artifact-smoke/joggle', '--joggle-server', 'build-artifact-smoke/artifact/joggle-artifact-reactive', '--joggle-reuse', 'none', '--builtin-mods', 'build-artifact-smoke/modules', '--cc', 'cc', '--case-timeout', '240.0']' returned non-zero exit status 1."
tvm,tiny-yolov3-11,node-260-add,8,update,0,20260921,81873090597f1e416bca05889a37daada089b7abe6085d37d65f5bdd836161a0,,,,,,,,,false,"CalledProcessError: Command '['/Users/lancer/Documents/Item/joggle/.cache/artifact/baseline-venv/bin/python', '/Users/lancer/Documents/Item/joggle/artifact/run_baseline_benchmarks.py', '--worker', 'update', '--spec', '/Users/lancer/Documents/Item/joggle/artifact/manifests/benchmark-cases.json', '--inputs', '.cache/artifact/release-data/inputs', '--case-id', 'tiny-yolov3-11', '--model', '.cache/onnx-zoo/tiny-yolov3-11.onnx', '--iterations', '1', '--warmups', '0', '--batch', '1', '--backend', 'tvm', '--target-json', '{""kind"":""llvm"",""num-cores"":1}', '--onnx-mlir', '/Users/lancer/Documents/Item/joggle-study/onnx-mlir-baseline/build/Release/bin/onnx-mlir', '--edit-json', '/var/folders/g7/7bl3yb192mgbxgmwf07z1_zr0000gn/T/production-edits-k0ggrm75/edit.json', '--joggle', 'build-artifact-smoke/joggle', '--joggle-server', 'build-artifact-smoke/artifact/joggle-artifact-reactive', '--joggle-reuse', 'none', '--builtin-mods', 'build-artifact-smoke/modules', '--cc', 'cc', '--case-timeout', '240.0']' returned non-zero exit status 1."
tvm,tiny-yolov3-11,node-260-add,9,rebuild,1,20260921,81873090597f1e416bca05889a37daada089b7abe6085d37d65f5bdd836161a0,,,,,,,,,false,"CalledProcessError: Command '['/Users/lancer/Documents/Item/joggle/.cache/artifact/baseline-venv/bin/python', '/Users/lancer/Documents/Item/joggle/artifact/run_baseline_benchmarks.py', '--worker', 'rebuild', '--spec', '/Users/lancer/Documents/Item/joggle/artifact/manifests/benchmark-cases.json', '--inputs', '.cache/artifact/release-data/inputs', '--case-id', 'tiny-yolov3-11', '--model', '.cache/onnx-zoo/tiny-yolov3-11.onnx', '--iterations', '1', '--warmups', '0', '--batch', '1', '--backend', 'tvm', '--target-json', '{""kind"":""llvm"",""num-cores"":1}', '--onnx-mlir', '/Users/lancer/Documents/Item/joggle-study/onnx-mlir-baseline/build/Release/bin/onnx-mlir', '--edit-json', '/var/folders/g7/7bl3yb192mgbxgmwf07z1_zr0000gn/T/production-edits-k0ggrm75/edit.json', '--joggle', 'build-artifact-smoke/joggle', '--joggle-server', 'build-artifact-smoke/artifact/joggle-artifact-reactive', '--joggle-reuse', 'none', '--builtin-mods', 'build-artifact-smoke/modules', '--cc', 'cc', '--case-timeout', '240.0']' returned non-zero exit status 1."
tvm,tiny-yolov3-11,node-260-add,9,update,0,20260921,81873090597f1e416bca05889a37daada089b7abe6085d37d65f5bdd836161a0,,,,,,,,,false,"CalledProcessError: Command '['/Users/lancer/Documents/Item/joggle/.cache/artifact/baseline-venv/bin/python', '/Users/lancer/Documents/Item/joggle/artifact/run_baseline_benchmarks.py', '--worker', 'update', '--spec', '/Users/lancer/Documents/Item/joggle/artifact/manifests/benchmark-cases.json', '--inputs', '.cache/artifact/release-data/inputs', '--case-id', 'tiny-yolov3-11', '--model', '.cache/onnx-zoo/tiny-yolov3-11.onnx', '--iterations', '1', '--warmups', '0', '--batch', '1', '--backend', 'tvm', '--target-json', '{""kind"":""llvm"",""num-cores"":1}', '--onnx-mlir', '/Users/lancer/Documents/Item/joggle-study/onnx-mlir-baseline/build/Release/bin/onnx-mlir', '--edit-json', '/var/folders/g7/7bl3yb192mgbxgmwf07z1_zr0000gn/T/production-edits-k0ggrm75/edit.json', '--joggle', 'build-artifact-smoke/joggle', '--joggle-server', 'build-artifact-smoke/artifact/joggle-artifact-reactive', '--joggle-reuse', 'none', '--builtin-mods', 'build-artifact-smoke/modules', '--cc', 'cc', '--case-timeout', '240.0']' returned non-zero exit status 1."
