model,trial,position,variant,seconds,checksum,validation
mnist-8,0,0,base,0.001343,795987f679bea928,"max_abs_error,1.728535e-06,failed,0,threads,1,pass"
mnist-8,0,1,locality,0.000458542,795987f679bea928,"max_abs_error,1.728535e-06,failed,0,threads,1,pass"
mnist-8,0,2,tvm,0.000382042,795987f679bea928,"max_abs_error,1.728535e-06,failed,0,threads,1,pass"
mnist-8,0,3,onnxmlir,0.000227125,7e9875774716944e,"max_abs_error,2.264977e-06,failed,0,threads,1,pass"
mnist-8,0,4,ort,5.0333e-05,edd99f487235562f,"max_abs_error,0.000000e+00,failed,0,threads,1,pass"
mnist-8,1,0,locality,0.000398125,795987f679bea928,"max_abs_error,1.728535e-06,failed,0,threads,1,pass"
mnist-8,1,1,tvm,0.000543708,795987f679bea928,"max_abs_error,1.728535e-06,failed,0,threads,1,pass"
mnist-8,1,2,onnxmlir,0.000225125,7e9875774716944e,"max_abs_error,2.264977e-06,failed,0,threads,1,pass"
mnist-8,1,3,ort,4.4458e-05,edd99f487235562f,"max_abs_error,0.000000e+00,failed,0,threads,1,pass"
mnist-8,1,4,base,0.001267667,795987f679bea928,"max_abs_error,1.728535e-06,failed,0,threads,1,pass"
mnist-8,2,0,tvm,0.000387875,795987f679bea928,"max_abs_error,1.728535e-06,failed,0,threads,1,pass"
mnist-8,2,1,onnxmlir,0.000220708,7e9875774716944e,"max_abs_error,2.264977e-06,failed,0,threads,1,pass"
mnist-8,2,2,ort,4.5875e-05,edd99f487235562f,"max_abs_error,0.000000e+00,failed,0,threads,1,pass"
mnist-8,2,3,base,0.001318334,795987f679bea928,"max_abs_error,1.728535e-06,failed,0,threads,1,pass"
mnist-8,2,4,locality,0.000377083,795987f679bea928,"max_abs_error,1.728535e-06,failed,0,threads,1,pass"
mnist-8,3,0,onnxmlir,0.000224666,7e9875774716944e,"max_abs_error,2.264977e-06,failed,0,threads,1,pass"
mnist-8,3,1,ort,4.525e-05,edd99f487235562f,"max_abs_error,0.000000e+00,failed,0,threads,1,pass"
mnist-8,3,2,base,0.001326042,795987f679bea928,"max_abs_error,1.728535e-06,failed,0,threads,1,pass"
mnist-8,3,3,locality,0.000376958,795987f679bea928,"max_abs_error,1.728535e-06,failed,0,threads,1,pass"
mnist-8,3,4,tvm,0.000394166,795987f679bea928,"max_abs_error,1.728535e-06,failed,0,threads,1,pass"
mnist-8,4,0,ort,4.4792e-05,edd99f487235562f,"max_abs_error,0.000000e+00,failed,0,threads,1,pass"
mnist-8,4,1,base,0.001326834,795987f679bea928,"max_abs_error,1.728535e-06,failed,0,threads,1,pass"
mnist-8,4,2,locality,0.000402375,795987f679bea928,"max_abs_error,1.728535e-06,failed,0,threads,1,pass"
mnist-8,4,3,tvm,0.000436625,795987f679bea928,"max_abs_error,1.728535e-06,failed,0,threads,1,pass"
mnist-8,4,4,onnxmlir,0.000247333,7e9875774716944e,"max_abs_error,2.264977e-06,failed,0,threads,1,pass"
mnist-8,5,0,ort,4.5917e-05,edd99f487235562f,"max_abs_error,0.000000e+00,failed,0,threads,1,pass"
mnist-8,5,1,onnxmlir,0.000227708,7e9875774716944e,"max_abs_error,2.264977e-06,failed,0,threads,1,pass"
mnist-8,5,2,tvm,0.00039275,795987f679bea928,"max_abs_error,1.728535e-06,failed,0,threads,1,pass"
mnist-8,5,3,locality,0.000392375,795987f679bea928,"max_abs_error,1.728535e-06,failed,0,threads,1,pass"
mnist-8,5,4,base,0.001627166,795987f679bea928,"max_abs_error,1.728535e-06,failed,0,threads,1,pass"
mnist-8,6,0,base,0.001329666,795987f679bea928,"max_abs_error,1.728535e-06,failed,0,threads,1,pass"
mnist-8,6,1,ort,5.0667e-05,edd99f487235562f,"max_abs_error,0.000000e+00,failed,0,threads,1,pass"
mnist-8,6,2,onnxmlir,0.000406042,7e9875774716944e,"max_abs_error,2.264977e-06,failed,0,threads,1,pass"
mnist-8,6,3,tvm,0.000391958,795987f679bea928,"max_abs_error,1.728535e-06,failed,0,threads,1,pass"
mnist-8,6,4,locality,0.000407375,795987f679bea928,"max_abs_error,1.728535e-06,failed,0,threads,1,pass"
mnist-8,7,0,locality,0.0003785,795987f679bea928,"max_abs_error,1.728535e-06,failed,0,threads,1,pass"
mnist-8,7,1,base,0.001307792,795987f679bea928,"max_abs_error,1.728535e-06,failed,0,threads,1,pass"
mnist-8,7,2,ort,4.4667e-05,edd99f487235562f,"max_abs_error,0.000000e+00,failed,0,threads,1,pass"
mnist-8,7,3,onnxmlir,0.000246375,7e9875774716944e,"max_abs_error,2.264977e-06,failed,0,threads,1,pass"
mnist-8,7,4,tvm,0.0004455,795987f679bea928,"max_abs_error,1.728535e-06,failed,0,threads,1,pass"
mnist-8,8,0,tvm,0.000591458,795987f679bea928,"max_abs_error,1.728535e-06,failed,0,threads,1,pass"
mnist-8,8,1,locality,0.000715583,795987f679bea928,"max_abs_error,1.728535e-06,failed,0,threads,1,pass"
mnist-8,8,2,base,0.001684625,795987f679bea928,"max_abs_error,1.728535e-06,failed,0,threads,1,pass"
mnist-8,8,3,ort,5.9333e-05,edd99f487235562f,"max_abs_error,0.000000e+00,failed,0,threads,1,pass"
mnist-8,8,4,onnxmlir,0.000404791,7e9875774716944e,"max_abs_error,2.264977e-06,failed,0,threads,1,pass"
mnist-8,9,0,onnxmlir,0.000411083,7e9875774716944e,"max_abs_error,2.264977e-06,failed,0,threads,1,pass"
mnist-8,9,1,tvm,0.000665833,795987f679bea928,"max_abs_error,1.728535e-06,failed,0,threads,1,pass"
mnist-8,9,2,locality,0.000729125,795987f679bea928,"max_abs_error,1.728535e-06,failed,0,threads,1,pass"
mnist-8,9,3,base,0.002198,795987f679bea928,"max_abs_error,1.728535e-06,failed,0,threads,1,pass"
mnist-8,9,4,ort,8.375e-05,edd99f487235562f,"max_abs_error,0.000000e+00,failed,0,threads,1,pass"
mnist-8,10,0,base,0.002291583,795987f679bea928,"max_abs_error,1.728535e-06,failed,0,threads,1,pass"
mnist-8,10,1,locality,0.000797166,795987f679bea928,"max_abs_error,1.728535e-06,failed,0,threads,1,pass"
mnist-8,10,2,tvm,0.000656708,795987f679bea928,"max_abs_error,1.728535e-06,failed,0,threads,1,pass"
mnist-8,10,3,onnxmlir,0.000379916,7e9875774716944e,"max_abs_error,2.264977e-06,failed,0,threads,1,pass"
mnist-8,10,4,ort,7.6084e-05,edd99f487235562f,"max_abs_error,0.000000e+00,failed,0,threads,1,pass"
mnist-8,11,0,locality,0.00064425,795987f679bea928,"max_abs_error,1.728535e-06,failed,0,threads,1,pass"
mnist-8,11,1,tvm,0.000657791,795987f679bea928,"max_abs_error,1.728535e-06,failed,0,threads,1,pass"
mnist-8,11,2,onnxmlir,0.000343208,7e9875774716944e,"max_abs_error,2.264977e-06,failed,0,threads,1,pass"
mnist-8,11,3,ort,6.725e-05,edd99f487235562f,"max_abs_error,0.000000e+00,failed,0,threads,1,pass"
mnist-8,11,4,base,0.001860833,795987f679bea928,"max_abs_error,1.728535e-06,failed,0,threads,1,pass"
mnist-8,12,0,tvm,0.000709292,795987f679bea928,"max_abs_error,1.728535e-06,failed,0,threads,1,pass"
mnist-8,12,1,onnxmlir,0.000311042,7e9875774716944e,"max_abs_error,2.264977e-06,failed,0,threads,1,pass"
mnist-8,12,2,ort,6.8791e-05,edd99f487235562f,"max_abs_error,0.000000e+00,failed,0,threads,1,pass"
mnist-8,12,3,base,0.002093708,795987f679bea928,"max_abs_error,1.728535e-06,failed,0,threads,1,pass"
mnist-8,12,4,locality,0.00093575,795987f679bea928,"max_abs_error,1.728535e-06,failed,0,threads,1,pass"
mnist-8,13,0,onnxmlir,0.000314708,7e9875774716944e,"max_abs_error,2.264977e-06,failed,0,threads,1,pass"
mnist-8,13,1,ort,6.9208e-05,edd99f487235562f,"max_abs_error,0.000000e+00,failed,0,threads,1,pass"
mnist-8,13,2,base,0.001653458,795987f679bea928,"max_abs_error,1.728535e-06,failed,0,threads,1,pass"
mnist-8,13,3,locality,0.000466416,795987f679bea928,"max_abs_error,1.728535e-06,failed,0,threads,1,pass"
mnist-8,13,4,tvm,0.00050375,795987f679bea928,"max_abs_error,1.728535e-06,failed,0,threads,1,pass"
mnist-8,14,0,ort,7.7167e-05,edd99f487235562f,"max_abs_error,0.000000e+00,failed,0,threads,1,pass"
mnist-8,14,1,base,0.001640459,795987f679bea928,"max_abs_error,1.728535e-06,failed,0,threads,1,pass"
mnist-8,14,2,locality,0.000492,795987f679bea928,"max_abs_error,1.728535e-06,failed,0,threads,1,pass"
mnist-8,14,3,tvm,0.000519958,795987f679bea928,"max_abs_error,1.728535e-06,failed,0,threads,1,pass"
mnist-8,14,4,onnxmlir,0.000341084,7e9875774716944e,"max_abs_error,2.264977e-06,failed,0,threads,1,pass"
mnist-8,15,0,ort,6.5708e-05,edd99f487235562f,"max_abs_error,0.000000e+00,failed,0,threads,1,pass"
mnist-8,15,1,onnxmlir,0.000289292,7e9875774716944e,"max_abs_error,2.264977e-06,failed,0,threads,1,pass"
mnist-8,15,2,tvm,0.000555042,795987f679bea928,"max_abs_error,1.728535e-06,failed,0,threads,1,pass"
mnist-8,15,3,locality,0.000525333,795987f679bea928,"max_abs_error,1.728535e-06,failed,0,threads,1,pass"
mnist-8,15,4,base,0.001628833,795987f679bea928,"max_abs_error,1.728535e-06,failed,0,threads,1,pass"
mnist-8,16,0,base,0.00204675,795987f679bea928,"max_abs_error,1.728535e-06,failed,0,threads,1,pass"
mnist-8,16,1,ort,6.6833e-05,edd99f487235562f,"max_abs_error,0.000000e+00,failed,0,threads,1,pass"
mnist-8,16,2,onnxmlir,0.000313875,7e9875774716944e,"max_abs_error,2.264977e-06,failed,0,threads,1,pass"
mnist-8,16,3,tvm,0.000538167,795987f679bea928,"max_abs_error,1.728535e-06,failed,0,threads,1,pass"
mnist-8,16,4,locality,0.000551,795987f679bea928,"max_abs_error,1.728535e-06,failed,0,threads,1,pass"
mnist-8,17,0,locality,0.000706542,795987f679bea928,"max_abs_error,1.728535e-06,failed,0,threads,1,pass"
mnist-8,17,1,base,0.002026667,795987f679bea928,"max_abs_error,1.728535e-06,failed,0,threads,1,pass"
mnist-8,17,2,ort,8.3542e-05,edd99f487235562f,"max_abs_error,0.000000e+00,failed,0,threads,1,pass"
mnist-8,17,3,onnxmlir,0.000312792,7e9875774716944e,"max_abs_error,2.264977e-06,failed,0,threads,1,pass"
mnist-8,17,4,tvm,0.000650875,795987f679bea928,"max_abs_error,1.728535e-06,failed,0,threads,1,pass"
mnist-8,18,0,tvm,0.000603375,795987f679bea928,"max_abs_error,1.728535e-06,failed,0,threads,1,pass"
mnist-8,18,1,locality,0.00062125,795987f679bea928,"max_abs_error,1.728535e-06,failed,0,threads,1,pass"
mnist-8,18,2,base,0.002325625,795987f679bea928,"max_abs_error,1.728535e-06,failed,0,threads,1,pass"
mnist-8,18,3,ort,7.5917e-05,edd99f487235562f,"max_abs_error,0.000000e+00,failed,0,threads,1,pass"
mnist-8,18,4,onnxmlir,0.000379375,7e9875774716944e,"max_abs_error,2.264977e-06,failed,0,threads,1,pass"
mnist-8,19,0,onnxmlir,0.000381459,7e9875774716944e,"max_abs_error,2.264977e-06,failed,0,threads,1,pass"
mnist-8,19,1,tvm,0.000749959,795987f679bea928,"max_abs_error,1.728535e-06,failed,0,threads,1,pass"
mnist-8,19,2,locality,0.000700125,795987f679bea928,"max_abs_error,1.728535e-06,failed,0,threads,1,pass"
mnist-8,19,3,base,0.002200667,795987f679bea928,"max_abs_error,1.728535e-06,failed,0,threads,1,pass"
mnist-8,19,4,ort,7.8958e-05,edd99f487235562f,"max_abs_error,0.000000e+00,failed,0,threads,1,pass"
mobilenetv2-7,0,0,base,0.392418458,edfc61fe94f718f0,"max_abs_error,1.788139e-05,failed,0,threads,1,pass"
mobilenetv2-7,0,1,locality,0.176775459,edfc61fe94f718f0,"max_abs_error,1.788139e-05,failed,0,threads,1,pass"
mobilenetv2-7,0,2,tvm,0.386892666,7f6fd9b9896553f8,"max_abs_error,1.871586e-05,failed,0,threads,1,pass"
mobilenetv2-7,0,3,onnxmlir,0.038699041,059b76be692fef88,"max_abs_error,1.502037e-05,failed,0,threads,1,pass"
mobilenetv2-7,0,4,ort,0.011585959,f18be26c71b6e310,"max_abs_error,0.000000e+00,failed,0,threads,1,pass"
mobilenetv2-7,1,0,locality,0.1133105,edfc61fe94f718f0,"max_abs_error,1.788139e-05,failed,0,threads,1,pass"
mobilenetv2-7,1,1,tvm,0.377639125,7f6fd9b9896553f8,"max_abs_error,1.871586e-05,failed,0,threads,1,pass"
mobilenetv2-7,1,2,onnxmlir,0.043796833,059b76be692fef88,"max_abs_error,1.502037e-05,failed,0,threads,1,pass"
mobilenetv2-7,1,3,ort,0.009518083,f18be26c71b6e310,"max_abs_error,0.000000e+00,failed,0,threads,1,pass"
mobilenetv2-7,1,4,base,0.363279041,edfc61fe94f718f0,"max_abs_error,1.788139e-05,failed,0,threads,1,pass"
mobilenetv2-7,2,0,tvm,0.337711042,7f6fd9b9896553f8,"max_abs_error,1.871586e-05,failed,0,threads,1,pass"
mobilenetv2-7,2,1,onnxmlir,0.047987584,059b76be692fef88,"max_abs_error,1.502037e-05,failed,0,threads,1,pass"
mobilenetv2-7,2,2,ort,0.009288417,f18be26c71b6e310,"max_abs_error,0.000000e+00,failed,0,threads,1,pass"
mobilenetv2-7,2,3,base,0.338392916,edfc61fe94f718f0,"max_abs_error,1.788139e-05,failed,0,threads,1,pass"
mobilenetv2-7,2,4,locality,0.119683917,edfc61fe94f718f0,"max_abs_error,1.788139e-05,failed,0,threads,1,pass"
mobilenetv2-7,3,0,onnxmlir,0.049414208,059b76be692fef88,"max_abs_error,1.502037e-05,failed,0,threads,1,pass"
mobilenetv2-7,3,1,ort,0.010347584,f18be26c71b6e310,"max_abs_error,0.000000e+00,failed,0,threads,1,pass"
mobilenetv2-7,3,2,base,0.421250959,edfc61fe94f718f0,"max_abs_error,1.788139e-05,failed,0,threads,1,pass"
mobilenetv2-7,3,3,locality,0.167159833,edfc61fe94f718f0,"max_abs_error,1.788139e-05,failed,0,threads,1,pass"
mobilenetv2-7,3,4,tvm,0.4021035,7f6fd9b9896553f8,"max_abs_error,1.871586e-05,failed,0,threads,1,pass"
mobilenetv2-7,4,0,ort,0.0099625,f18be26c71b6e310,"max_abs_error,0.000000e+00,failed,0,threads,1,pass"
mobilenetv2-7,4,1,base,0.330955958,edfc61fe94f718f0,"max_abs_error,1.788139e-05,failed,0,threads,1,pass"
mobilenetv2-7,4,2,locality,0.122927583,edfc61fe94f718f0,"max_abs_error,1.788139e-05,failed,0,threads,1,pass"
mobilenetv2-7,4,3,tvm,0.318742458,7f6fd9b9896553f8,"max_abs_error,1.871586e-05,failed,0,threads,1,pass"
mobilenetv2-7,4,4,onnxmlir,0.041330042,059b76be692fef88,"max_abs_error,1.502037e-05,failed,0,threads,1,pass"
mobilenetv2-7,5,0,ort,0.008953959,f18be26c71b6e310,"max_abs_error,0.000000e+00,failed,0,threads,1,pass"
mobilenetv2-7,5,1,onnxmlir,0.032824542,059b76be692fef88,"max_abs_error,1.502037e-05,failed,0,threads,1,pass"
mobilenetv2-7,5,2,tvm,0.238008791,7f6fd9b9896553f8,"max_abs_error,1.871586e-05,failed,0,threads,1,pass"
mobilenetv2-7,5,3,locality,0.080546958,edfc61fe94f718f0,"max_abs_error,1.788139e-05,failed,0,threads,1,pass"
mobilenetv2-7,5,4,base,0.211347375,edfc61fe94f718f0,"max_abs_error,1.788139e-05,failed,0,threads,1,pass"
mobilenetv2-7,6,0,base,0.2138485,edfc61fe94f718f0,"max_abs_error,1.788139e-05,failed,0,threads,1,pass"
mobilenetv2-7,6,1,ort,0.006866333,f18be26c71b6e310,"max_abs_error,0.000000e+00,failed,0,threads,1,pass"
mobilenetv2-7,6,2,onnxmlir,0.029482792,059b76be692fef88,"max_abs_error,1.502037e-05,failed,0,threads,1,pass"
mobilenetv2-7,6,3,tvm,0.25774,7f6fd9b9896553f8,"max_abs_error,1.871586e-05,failed,0,threads,1,pass"
mobilenetv2-7,6,4,locality,0.104012208,edfc61fe94f718f0,"max_abs_error,1.788139e-05,failed,0,threads,1,pass"
mobilenetv2-7,7,0,locality,0.098827208,edfc61fe94f718f0,"max_abs_error,1.788139e-05,failed,0,threads,1,pass"
mobilenetv2-7,7,1,base,0.235278416,edfc61fe94f718f0,"max_abs_error,1.788139e-05,failed,0,threads,1,pass"
mobilenetv2-7,7,2,ort,0.006386875,f18be26c71b6e310,"max_abs_error,0.000000e+00,failed,0,threads,1,pass"
mobilenetv2-7,7,3,onnxmlir,0.025597542,059b76be692fef88,"max_abs_error,1.502037e-05,failed,0,threads,1,pass"
mobilenetv2-7,7,4,tvm,0.297535792,7f6fd9b9896553f8,"max_abs_error,1.871586e-05,failed,0,threads,1,pass"
mobilenetv2-7,8,0,tvm,0.250910583,7f6fd9b9896553f8,"max_abs_error,1.871586e-05,failed,0,threads,1,pass"
mobilenetv2-7,8,1,locality,0.092780833,edfc61fe94f718f0,"max_abs_error,1.788139e-05,failed,0,threads,1,pass"
mobilenetv2-7,8,2,base,0.238893208,edfc61fe94f718f0,"max_abs_error,1.788139e-05,failed,0,threads,1,pass"
mobilenetv2-7,8,3,ort,0.006560625,f18be26c71b6e310,"max_abs_error,0.000000e+00,failed,0,threads,1,pass"
mobilenetv2-7,8,4,onnxmlir,0.029098292,059b76be692fef88,"max_abs_error,1.502037e-05,failed,0,threads,1,pass"
mobilenetv2-7,9,0,onnxmlir,0.027935709,059b76be692fef88,"max_abs_error,1.502037e-05,failed,0,threads,1,pass"
mobilenetv2-7,9,1,tvm,0.387010584,7f6fd9b9896553f8,"max_abs_error,1.871586e-05,failed,0,threads,1,pass"
mobilenetv2-7,9,2,locality,0.13087375,edfc61fe94f718f0,"max_abs_error,1.788139e-05,failed,0,threads,1,pass"
mobilenetv2-7,9,3,base,0.243006875,edfc61fe94f718f0,"max_abs_error,1.788139e-05,failed,0,threads,1,pass"
mobilenetv2-7,9,4,ort,0.006443417,f18be26c71b6e310,"max_abs_error,0.000000e+00,failed,0,threads,1,pass"
mobilenetv2-7,10,0,base,0.213438458,edfc61fe94f718f0,"max_abs_error,1.788139e-05,failed,0,threads,1,pass"
mobilenetv2-7,10,1,locality,0.074638,edfc61fe94f718f0,"max_abs_error,1.788139e-05,failed,0,threads,1,pass"
mobilenetv2-7,10,2,tvm,0.218243875,7f6fd9b9896553f8,"max_abs_error,1.871586e-05,failed,0,threads,1,pass"
mobilenetv2-7,10,3,onnxmlir,0.023401375,059b76be692fef88,"max_abs_error,1.502037e-05,failed,0,threads,1,pass"
mobilenetv2-7,10,4,ort,0.006242416,f18be26c71b6e310,"max_abs_error,0.000000e+00,failed,0,threads,1,pass"
mobilenetv2-7,11,0,locality,0.078287833,edfc61fe94f718f0,"max_abs_error,1.788139e-05,failed,0,threads,1,pass"
mobilenetv2-7,11,1,tvm,0.2691705,7f6fd9b9896553f8,"max_abs_error,1.871586e-05,failed,0,threads,1,pass"
mobilenetv2-7,11,2,onnxmlir,0.027544875,059b76be692fef88,"max_abs_error,1.502037e-05,failed,0,threads,1,pass"
mobilenetv2-7,11,3,ort,0.007819125,f18be26c71b6e310,"max_abs_error,0.000000e+00,failed,0,threads,1,pass"
mobilenetv2-7,11,4,base,0.300839375,edfc61fe94f718f0,"max_abs_error,1.788139e-05,failed,0,threads,1,pass"
mobilenetv2-7,12,0,tvm,0.286072708,7f6fd9b9896553f8,"max_abs_error,1.871586e-05,failed,0,threads,1,pass"
mobilenetv2-7,12,1,onnxmlir,0.028216666,059b76be692fef88,"max_abs_error,1.502037e-05,failed,0,threads,1,pass"
mobilenetv2-7,12,2,ort,0.006946917,f18be26c71b6e310,"max_abs_error,0.000000e+00,failed,0,threads,1,pass"
mobilenetv2-7,12,3,base,0.233846084,edfc61fe94f718f0,"max_abs_error,1.788139e-05,failed,0,threads,1,pass"
mobilenetv2-7,12,4,locality,0.083808458,edfc61fe94f718f0,"max_abs_error,1.788139e-05,failed,0,threads,1,pass"
mobilenetv2-7,13,0,onnxmlir,0.02538825,059b76be692fef88,"max_abs_error,1.502037e-05,failed,0,threads,1,pass"
mobilenetv2-7,13,1,ort,0.006201625,f18be26c71b6e310,"max_abs_error,0.000000e+00,failed,0,threads,1,pass"
mobilenetv2-7,13,2,base,0.213467583,edfc61fe94f718f0,"max_abs_error,1.788139e-05,failed,0,threads,1,pass"
mobilenetv2-7,13,3,locality,0.088554458,edfc61fe94f718f0,"max_abs_error,1.788139e-05,failed,0,threads,1,pass"
mobilenetv2-7,13,4,tvm,0.248756417,7f6fd9b9896553f8,"max_abs_error,1.871586e-05,failed,0,threads,1,pass"
mobilenetv2-7,14,0,ort,0.006597375,f18be26c71b6e310,"max_abs_error,0.000000e+00,failed,0,threads,1,pass"
mobilenetv2-7,14,1,base,0.242676917,edfc61fe94f718f0,"max_abs_error,1.788139e-05,failed,0,threads,1,pass"
mobilenetv2-7,14,2,locality,0.089516125,edfc61fe94f718f0,"max_abs_error,1.788139e-05,failed,0,threads,1,pass"
mobilenetv2-7,14,3,tvm,0.249392666,7f6fd9b9896553f8,"max_abs_error,1.871586e-05,failed,0,threads,1,pass"
mobilenetv2-7,14,4,onnxmlir,0.026418417,059b76be692fef88,"max_abs_error,1.502037e-05,failed,0,threads,1,pass"
mobilenetv2-7,15,0,ort,0.006895625,f18be26c71b6e310,"max_abs_error,0.000000e+00,failed,0,threads,1,pass"
mobilenetv2-7,15,1,onnxmlir,0.046854167,059b76be692fef88,"max_abs_error,1.502037e-05,failed,0,threads,1,pass"
mobilenetv2-7,15,2,tvm,0.325595125,7f6fd9b9896553f8,"max_abs_error,1.871586e-05,failed,0,threads,1,pass"
mobilenetv2-7,15,3,locality,0.118204167,edfc61fe94f718f0,"max_abs_error,1.788139e-05,failed,0,threads,1,pass"
mobilenetv2-7,15,4,base,0.287598,edfc61fe94f718f0,"max_abs_error,1.788139e-05,failed,0,threads,1,pass"
mobilenetv2-7,16,0,base,0.2882905,edfc61fe94f718f0,"max_abs_error,1.788139e-05,failed,0,threads,1,pass"
mobilenetv2-7,16,1,ort,0.00900975,f18be26c71b6e310,"max_abs_error,0.000000e+00,failed,0,threads,1,pass"
mobilenetv2-7,16,2,onnxmlir,0.036902541,059b76be692fef88,"max_abs_error,1.502037e-05,failed,0,threads,1,pass"
mobilenetv2-7,16,3,tvm,0.300536375,7f6fd9b9896553f8,"max_abs_error,1.871586e-05,failed,0,threads,1,pass"
mobilenetv2-7,16,4,locality,0.09617925,edfc61fe94f718f0,"max_abs_error,1.788139e-05,failed,0,threads,1,pass"
mobilenetv2-7,17,0,locality,0.108867209,edfc61fe94f718f0,"max_abs_error,1.788139e-05,failed,0,threads,1,pass"
mobilenetv2-7,17,1,base,0.27814675,edfc61fe94f718f0,"max_abs_error,1.788139e-05,failed,0,threads,1,pass"
mobilenetv2-7,17,2,ort,0.007313042,f18be26c71b6e310,"max_abs_error,0.000000e+00,failed,0,threads,1,pass"
mobilenetv2-7,17,3,onnxmlir,0.028903459,059b76be692fef88,"max_abs_error,1.502037e-05,failed,0,threads,1,pass"
mobilenetv2-7,17,4,tvm,0.260394833,7f6fd9b9896553f8,"max_abs_error,1.871586e-05,failed,0,threads,1,pass"
mobilenetv2-7,18,0,tvm,0.242018375,7f6fd9b9896553f8,"max_abs_error,1.871586e-05,failed,0,threads,1,pass"
mobilenetv2-7,18,1,locality,0.085031208,edfc61fe94f718f0,"max_abs_error,1.788139e-05,failed,0,threads,1,pass"
mobilenetv2-7,18,2,base,0.2144115,edfc61fe94f718f0,"max_abs_error,1.788139e-05,failed,0,threads,1,pass"
mobilenetv2-7,18,3,ort,0.005918292,f18be26c71b6e310,"max_abs_error,0.000000e+00,failed,0,threads,1,pass"
mobilenetv2-7,18,4,onnxmlir,0.024480958,059b76be692fef88,"max_abs_error,1.502037e-05,failed,0,threads,1,pass"
mobilenetv2-7,19,0,onnxmlir,0.023622125,059b76be692fef88,"max_abs_error,1.502037e-05,failed,0,threads,1,pass"
mobilenetv2-7,19,1,tvm,0.230072209,7f6fd9b9896553f8,"max_abs_error,1.871586e-05,failed,0,threads,1,pass"
mobilenetv2-7,19,2,locality,0.093285708,edfc61fe94f718f0,"max_abs_error,1.788139e-05,failed,0,threads,1,pass"
mobilenetv2-7,19,3,base,0.236358875,edfc61fe94f718f0,"max_abs_error,1.788139e-05,failed,0,threads,1,pass"
mobilenetv2-7,19,4,ort,0.006604125,f18be26c71b6e310,"max_abs_error,0.000000e+00,failed,0,threads,1,pass"
resnet18-v1-7,0,0,base,1.373338583,780c151a334ded26,"max_abs_error,5.185604e-06,failed,0,threads,1,pass"
resnet18-v1-7,0,1,locality,0.838499792,780c151a334ded26,"max_abs_error,5.185604e-06,failed,0,threads,1,pass"
resnet18-v1-7,0,2,tvm,1.341715875,53cb9eac29ec18b6,"max_abs_error,4.529953e-06,failed,0,threads,1,pass"
resnet18-v1-7,0,3,onnxmlir,0.903614291,b9fa9e97542159d9,"max_abs_error,3.755093e-06,failed,0,threads,1,pass"
resnet18-v1-7,0,4,ort,0.0158105,b342716f4bce2d89,"max_abs_error,2.622604e-06,failed,0,threads,1,pass"
resnet18-v1-7,1,0,locality,0.710300791,780c151a334ded26,"max_abs_error,5.185604e-06,failed,0,threads,1,pass"
resnet18-v1-7,1,1,tvm,1.341222,53cb9eac29ec18b6,"max_abs_error,4.529953e-06,failed,0,threads,1,pass"
resnet18-v1-7,1,2,onnxmlir,0.904098583,b9fa9e97542159d9,"max_abs_error,3.755093e-06,failed,0,threads,1,pass"
resnet18-v1-7,1,3,ort,0.015613458,b342716f4bce2d89,"max_abs_error,2.622604e-06,failed,0,threads,1,pass"
resnet18-v1-7,1,4,base,1.267289583,780c151a334ded26,"max_abs_error,5.185604e-06,failed,0,threads,1,pass"
resnet18-v1-7,2,0,tvm,1.342015667,53cb9eac29ec18b6,"max_abs_error,4.529953e-06,failed,0,threads,1,pass"
resnet18-v1-7,2,1,onnxmlir,0.94213,b9fa9e97542159d9,"max_abs_error,3.755093e-06,failed,0,threads,1,pass"
resnet18-v1-7,2,2,ort,0.0174975,b342716f4bce2d89,"max_abs_error,2.622604e-06,failed,0,threads,1,pass"
resnet18-v1-7,2,3,base,1.296451375,780c151a334ded26,"max_abs_error,5.185604e-06,failed,0,threads,1,pass"
resnet18-v1-7,2,4,locality,0.736007709,780c151a334ded26,"max_abs_error,5.185604e-06,failed,0,threads,1,pass"
resnet18-v1-7,3,0,onnxmlir,0.927746792,b9fa9e97542159d9,"max_abs_error,3.755093e-06,failed,0,threads,1,pass"
resnet18-v1-7,3,1,ort,0.017471417,b342716f4bce2d89,"max_abs_error,2.622604e-06,failed,0,threads,1,pass"
resnet18-v1-7,3,2,base,2.303694625,780c151a334ded26,"max_abs_error,5.185604e-06,failed,0,threads,1,pass"
resnet18-v1-7,3,3,locality,1.085600125,780c151a334ded26,"max_abs_error,5.185604e-06,failed,0,threads,1,pass"
resnet18-v1-7,3,4,tvm,1.857748041,53cb9eac29ec18b6,"max_abs_error,4.529953e-06,failed,0,threads,1,pass"
resnet18-v1-7,4,0,ort,0.021713208,b342716f4bce2d89,"max_abs_error,2.622604e-06,failed,0,threads,1,pass"
resnet18-v1-7,4,1,base,1.26687475,780c151a334ded26,"max_abs_error,5.185604e-06,failed,0,threads,1,pass"
resnet18-v1-7,4,2,locality,0.709566667,780c151a334ded26,"max_abs_error,5.185604e-06,failed,0,threads,1,pass"
resnet18-v1-7,4,3,tvm,1.339470291,53cb9eac29ec18b6,"max_abs_error,4.529953e-06,failed,0,threads,1,pass"
resnet18-v1-7,4,4,onnxmlir,0.910819917,b9fa9e97542159d9,"max_abs_error,3.755093e-06,failed,0,threads,1,pass"
resnet18-v1-7,5,0,ort,0.015649375,b342716f4bce2d89,"max_abs_error,2.622604e-06,failed,0,threads,1,pass"
resnet18-v1-7,5,1,onnxmlir,0.909504625,b9fa9e97542159d9,"max_abs_error,3.755093e-06,failed,0,threads,1,pass"
resnet18-v1-7,5,2,tvm,1.340944375,53cb9eac29ec18b6,"max_abs_error,4.529953e-06,failed,0,threads,1,pass"
resnet18-v1-7,5,3,locality,0.709120167,780c151a334ded26,"max_abs_error,5.185604e-06,failed,0,threads,1,pass"
resnet18-v1-7,5,4,base,1.264704125,780c151a334ded26,"max_abs_error,5.185604e-06,failed,0,threads,1,pass"
resnet18-v1-7,6,0,base,1.269295666,780c151a334ded26,"max_abs_error,5.185604e-06,failed,0,threads,1,pass"
resnet18-v1-7,6,1,ort,0.01589,b342716f4bce2d89,"max_abs_error,2.622604e-06,failed,0,threads,1,pass"
resnet18-v1-7,6,2,onnxmlir,0.90328825,b9fa9e97542159d9,"max_abs_error,3.755093e-06,failed,0,threads,1,pass"
resnet18-v1-7,6,3,tvm,1.345782292,53cb9eac29ec18b6,"max_abs_error,4.529953e-06,failed,0,threads,1,pass"
resnet18-v1-7,6,4,locality,0.711995333,780c151a334ded26,"max_abs_error,5.185604e-06,failed,0,threads,1,pass"
resnet18-v1-7,7,0,locality,0.715053125,780c151a334ded26,"max_abs_error,5.185604e-06,failed,0,threads,1,pass"
resnet18-v1-7,7,1,base,1.273655833,780c151a334ded26,"max_abs_error,5.185604e-06,failed,0,threads,1,pass"
resnet18-v1-7,7,2,ort,0.015859708,b342716f4bce2d89,"max_abs_error,2.622604e-06,failed,0,threads,1,pass"
resnet18-v1-7,7,3,onnxmlir,0.927442833,b9fa9e97542159d9,"max_abs_error,3.755093e-06,failed,0,threads,1,pass"
resnet18-v1-7,7,4,tvm,2.072882125,53cb9eac29ec18b6,"max_abs_error,4.529953e-06,failed,0,threads,1,pass"
resnet18-v1-7,8,0,tvm,1.719194166,53cb9eac29ec18b6,"max_abs_error,4.529953e-06,failed,0,threads,1,pass"
resnet18-v1-7,8,1,locality,1.304431584,780c151a334ded26,"max_abs_error,5.185604e-06,failed,0,threads,1,pass"
resnet18-v1-7,8,2,base,1.78902225,780c151a334ded26,"max_abs_error,5.185604e-06,failed,0,threads,1,pass"
resnet18-v1-7,8,3,ort,0.02277575,b342716f4bce2d89,"max_abs_error,2.622604e-06,failed,0,threads,1,pass"
resnet18-v1-7,8,4,onnxmlir,1.193269042,b9fa9e97542159d9,"max_abs_error,3.755093e-06,failed,0,threads,1,pass"
resnet18-v1-7,9,0,onnxmlir,1.214433625,b9fa9e97542159d9,"max_abs_error,3.755093e-06,failed,0,threads,1,pass"
resnet18-v1-7,9,1,tvm,1.664944541,53cb9eac29ec18b6,"max_abs_error,4.529953e-06,failed,0,threads,1,pass"
resnet18-v1-7,9,2,locality,1.483246083,780c151a334ded26,"max_abs_error,5.185604e-06,failed,0,threads,1,pass"
resnet18-v1-7,9,3,base,1.490692375,780c151a334ded26,"max_abs_error,5.185604e-06,failed,0,threads,1,pass"
resnet18-v1-7,9,4,ort,0.019001417,b342716f4bce2d89,"max_abs_error,2.622604e-06,failed,0,threads,1,pass"
resnet18-v1-7,10,0,base,1.282137375,780c151a334ded26,"max_abs_error,5.185604e-06,failed,0,threads,1,pass"
resnet18-v1-7,10,1,locality,0.7138455,780c151a334ded26,"max_abs_error,5.185604e-06,failed,0,threads,1,pass"
resnet18-v1-7,10,2,tvm,1.374840083,53cb9eac29ec18b6,"max_abs_error,4.529953e-06,failed,0,threads,1,pass"
resnet18-v1-7,10,3,onnxmlir,0.944800583,b9fa9e97542159d9,"max_abs_error,3.755093e-06,failed,0,threads,1,pass"
resnet18-v1-7,10,4,ort,0.019158083,b342716f4bce2d89,"max_abs_error,2.622604e-06,failed,0,threads,1,pass"
resnet18-v1-7,11,0,locality,1.056433291,780c151a334ded26,"max_abs_error,5.185604e-06,failed,0,threads,1,pass"
resnet18-v1-7,11,1,tvm,1.345029583,53cb9eac29ec18b6,"max_abs_error,4.529953e-06,failed,0,threads,1,pass"
resnet18-v1-7,11,2,onnxmlir,0.915320792,b9fa9e97542159d9,"max_abs_error,3.755093e-06,failed,0,threads,1,pass"
resnet18-v1-7,11,3,ort,0.016052583,b342716f4bce2d89,"max_abs_error,2.622604e-06,failed,0,threads,1,pass"
resnet18-v1-7,11,4,base,1.265540875,780c151a334ded26,"max_abs_error,5.185604e-06,failed,0,threads,1,pass"
resnet18-v1-7,12,0,tvm,1.345501542,53cb9eac29ec18b6,"max_abs_error,4.529953e-06,failed,0,threads,1,pass"
resnet18-v1-7,12,1,onnxmlir,0.904960459,b9fa9e97542159d9,"max_abs_error,3.755093e-06,failed,0,threads,1,pass"
resnet18-v1-7,12,2,ort,0.015637792,b342716f4bce2d89,"max_abs_error,2.622604e-06,failed,0,threads,1,pass"
resnet18-v1-7,12,3,base,1.270922667,780c151a334ded26,"max_abs_error,5.185604e-06,failed,0,threads,1,pass"
resnet18-v1-7,12,4,locality,0.72055075,780c151a334ded26,"max_abs_error,5.185604e-06,failed,0,threads,1,pass"
resnet18-v1-7,13,0,onnxmlir,0.914214917,b9fa9e97542159d9,"max_abs_error,3.755093e-06,failed,0,threads,1,pass"
resnet18-v1-7,13,1,ort,0.015612625,b342716f4bce2d89,"max_abs_error,2.622604e-06,failed,0,threads,1,pass"
resnet18-v1-7,13,2,base,1.267506208,780c151a334ded26,"max_abs_error,5.185604e-06,failed,0,threads,1,pass"
resnet18-v1-7,13,3,locality,0.718158084,780c151a334ded26,"max_abs_error,5.185604e-06,failed,0,threads,1,pass"
resnet18-v1-7,13,4,tvm,1.355155541,53cb9eac29ec18b6,"max_abs_error,4.529953e-06,failed,0,threads,1,pass"
resnet18-v1-7,14,0,ort,0.015632583,b342716f4bce2d89,"max_abs_error,2.622604e-06,failed,0,threads,1,pass"
resnet18-v1-7,14,1,base,1.268540375,780c151a334ded26,"max_abs_error,5.185604e-06,failed,0,threads,1,pass"
resnet18-v1-7,14,2,locality,0.715238,780c151a334ded26,"max_abs_error,5.185604e-06,failed,0,threads,1,pass"
resnet18-v1-7,14,3,tvm,1.345774209,53cb9eac29ec18b6,"max_abs_error,4.529953e-06,failed,0,threads,1,pass"
resnet18-v1-7,14,4,onnxmlir,0.902494958,b9fa9e97542159d9,"max_abs_error,3.755093e-06,failed,0,threads,1,pass"
resnet18-v1-7,15,0,ort,0.015679625,b342716f4bce2d89,"max_abs_error,2.622604e-06,failed,0,threads,1,pass"
resnet18-v1-7,15,1,onnxmlir,0.90244225,b9fa9e97542159d9,"max_abs_error,3.755093e-06,failed,0,threads,1,pass"
resnet18-v1-7,15,2,tvm,1.33782575,53cb9eac29ec18b6,"max_abs_error,4.529953e-06,failed,0,threads,1,pass"
resnet18-v1-7,15,3,locality,0.721207333,780c151a334ded26,"max_abs_error,5.185604e-06,failed,0,threads,1,pass"
resnet18-v1-7,15,4,base,1.266051583,780c151a334ded26,"max_abs_error,5.185604e-06,failed,0,threads,1,pass"
resnet18-v1-7,16,0,base,1.269683083,780c151a334ded26,"max_abs_error,5.185604e-06,failed,0,threads,1,pass"
resnet18-v1-7,16,1,ort,0.015646333,b342716f4bce2d89,"max_abs_error,2.622604e-06,failed,0,threads,1,pass"
resnet18-v1-7,16,2,onnxmlir,0.903309375,b9fa9e97542159d9,"max_abs_error,3.755093e-06,failed,0,threads,1,pass"
resnet18-v1-7,16,3,tvm,1.337815833,53cb9eac29ec18b6,"max_abs_error,4.529953e-06,failed,0,threads,1,pass"
resnet18-v1-7,16,4,locality,0.710667958,780c151a334ded26,"max_abs_error,5.185604e-06,failed,0,threads,1,pass"
resnet18-v1-7,17,0,locality,0.871513458,780c151a334ded26,"max_abs_error,5.185604e-06,failed,0,threads,1,pass"
resnet18-v1-7,17,1,base,1.343362834,780c151a334ded26,"max_abs_error,5.185604e-06,failed,0,threads,1,pass"
resnet18-v1-7,17,2,ort,0.016012709,b342716f4bce2d89,"max_abs_error,2.622604e-06,failed,0,threads,1,pass"
resnet18-v1-7,17,3,onnxmlir,0.965154791,b9fa9e97542159d9,"max_abs_error,3.755093e-06,failed,0,threads,1,pass"
resnet18-v1-7,17,4,tvm,1.912067708,53cb9eac29ec18b6,"max_abs_error,4.529953e-06,failed,0,threads,1,pass"
resnet18-v1-7,18,0,tvm,1.82341925,53cb9eac29ec18b6,"max_abs_error,4.529953e-06,failed,0,threads,1,pass"
resnet18-v1-7,18,1,locality,0.990100167,780c151a334ded26,"max_abs_error,5.185604e-06,failed,0,threads,1,pass"
resnet18-v1-7,18,2,base,2.203514417,780c151a334ded26,"max_abs_error,5.185604e-06,failed,0,threads,1,pass"
resnet18-v1-7,18,3,ort,0.029817083,b342716f4bce2d89,"max_abs_error,2.622604e-06,failed,0,threads,1,pass"
resnet18-v1-7,18,4,onnxmlir,1.347115,b9fa9e97542159d9,"max_abs_error,3.755093e-06,failed,0,threads,1,pass"
resnet18-v1-7,19,0,onnxmlir,1.176105584,b9fa9e97542159d9,"max_abs_error,3.755093e-06,failed,0,threads,1,pass"
resnet18-v1-7,19,1,tvm,1.910458542,53cb9eac29ec18b6,"max_abs_error,4.529953e-06,failed,0,threads,1,pass"
resnet18-v1-7,19,2,locality,0.737668291,780c151a334ded26,"max_abs_error,5.185604e-06,failed,0,threads,1,pass"
resnet18-v1-7,19,3,base,1.327443083,780c151a334ded26,"max_abs_error,5.185604e-06,failed,0,threads,1,pass"
resnet18-v1-7,19,4,ort,0.015593417,b342716f4bce2d89,"max_abs_error,2.622604e-06,failed,0,threads,1,pass"
squeezenet1.1-7,0,0,base,0.180765209,8eea9aeed4eee365,"max_abs_error,4.291534e-06,failed,0,threads,1,pass"
squeezenet1.1-7,0,1,locality,0.09559575,8eea9aeed4eee365,"max_abs_error,4.291534e-06,failed,0,threads,1,pass"
squeezenet1.1-7,0,2,tvm,0.214318875,8eea9aeed4eee365,"max_abs_error,4.291534e-06,failed,0,threads,1,pass"
squeezenet1.1-7,0,3,onnxmlir,0.088488334,1a69cf2dfd73bc94,"max_abs_error,4.053116e-06,failed,0,threads,1,pass"
squeezenet1.1-7,0,4,ort,0.002620292,efb2abd562d28f83,"max_abs_error,0.000000e+00,failed,0,threads,1,pass"
squeezenet1.1-7,1,0,locality,0.09472275,8eea9aeed4eee365,"max_abs_error,4.291534e-06,failed,0,threads,1,pass"
squeezenet1.1-7,1,1,tvm,0.214355125,8eea9aeed4eee365,"max_abs_error,4.291534e-06,failed,0,threads,1,pass"
squeezenet1.1-7,1,2,onnxmlir,0.08174025,1a69cf2dfd73bc94,"max_abs_error,4.053116e-06,failed,0,threads,1,pass"
squeezenet1.1-7,1,3,ort,0.002022833,efb2abd562d28f83,"max_abs_error,0.000000e+00,failed,0,threads,1,pass"
squeezenet1.1-7,1,4,base,0.181627958,8eea9aeed4eee365,"max_abs_error,4.291534e-06,failed,0,threads,1,pass"
squeezenet1.1-7,2,0,tvm,0.216333041,8eea9aeed4eee365,"max_abs_error,4.291534e-06,failed,0,threads,1,pass"
squeezenet1.1-7,2,1,onnxmlir,0.082877083,1a69cf2dfd73bc94,"max_abs_error,4.053116e-06,failed,0,threads,1,pass"
squeezenet1.1-7,2,2,ort,0.002038125,efb2abd562d28f83,"max_abs_error,0.000000e+00,failed,0,threads,1,pass"
squeezenet1.1-7,2,3,base,0.1808975,8eea9aeed4eee365,"max_abs_error,4.291534e-06,failed,0,threads,1,pass"
squeezenet1.1-7,2,4,locality,0.092207916,8eea9aeed4eee365,"max_abs_error,4.291534e-06,failed,0,threads,1,pass"
squeezenet1.1-7,3,0,onnxmlir,0.084481708,1a69cf2dfd73bc94,"max_abs_error,4.053116e-06,failed,0,threads,1,pass"
squeezenet1.1-7,3,1,ort,0.002510417,efb2abd562d28f83,"max_abs_error,0.000000e+00,failed,0,threads,1,pass"
squeezenet1.1-7,3,2,base,0.181059542,8eea9aeed4eee365,"max_abs_error,4.291534e-06,failed,0,threads,1,pass"
squeezenet1.1-7,3,3,locality,0.093392542,8eea9aeed4eee365,"max_abs_error,4.291534e-06,failed,0,threads,1,pass"
squeezenet1.1-7,3,4,tvm,0.214229958,8eea9aeed4eee365,"max_abs_error,4.291534e-06,failed,0,threads,1,pass"
squeezenet1.1-7,4,0,ort,0.002183709,efb2abd562d28f83,"max_abs_error,0.000000e+00,failed,0,threads,1,pass"
squeezenet1.1-7,4,1,base,0.182088625,8eea9aeed4eee365,"max_abs_error,4.291534e-06,failed,0,threads,1,pass"
squeezenet1.1-7,4,2,locality,0.095106625,8eea9aeed4eee365,"max_abs_error,4.291534e-06,failed,0,threads,1,pass"
squeezenet1.1-7,4,3,tvm,0.215039125,8eea9aeed4eee365,"max_abs_error,4.291534e-06,failed,0,threads,1,pass"
squeezenet1.1-7,4,4,onnxmlir,0.081881667,1a69cf2dfd73bc94,"max_abs_error,4.053116e-06,failed,0,threads,1,pass"
squeezenet1.1-7,5,0,ort,0.002056333,efb2abd562d28f83,"max_abs_error,0.000000e+00,failed,0,threads,1,pass"
squeezenet1.1-7,5,1,onnxmlir,0.081539583,1a69cf2dfd73bc94,"max_abs_error,4.053116e-06,failed,0,threads,1,pass"
squeezenet1.1-7,5,2,tvm,0.213966833,8eea9aeed4eee365,"max_abs_error,4.291534e-06,failed,0,threads,1,pass"
squeezenet1.1-7,5,3,locality,0.093105167,8eea9aeed4eee365,"max_abs_error,4.291534e-06,failed,0,threads,1,pass"
squeezenet1.1-7,5,4,base,0.180719375,8eea9aeed4eee365,"max_abs_error,4.291534e-06,failed,0,threads,1,pass"
squeezenet1.1-7,6,0,base,0.1817545,8eea9aeed4eee365,"max_abs_error,4.291534e-06,failed,0,threads,1,pass"
squeezenet1.1-7,6,1,ort,0.002131125,efb2abd562d28f83,"max_abs_error,0.000000e+00,failed,0,threads,1,pass"
squeezenet1.1-7,6,2,onnxmlir,0.081767625,1a69cf2dfd73bc94,"max_abs_error,4.053116e-06,failed,0,threads,1,pass"
squeezenet1.1-7,6,3,tvm,0.214022042,8eea9aeed4eee365,"max_abs_error,4.291534e-06,failed,0,threads,1,pass"
squeezenet1.1-7,6,4,locality,0.094392791,8eea9aeed4eee365,"max_abs_error,4.291534e-06,failed,0,threads,1,pass"
squeezenet1.1-7,7,0,locality,0.093985625,8eea9aeed4eee365,"max_abs_error,4.291534e-06,failed,0,threads,1,pass"
squeezenet1.1-7,7,1,base,0.18189975,8eea9aeed4eee365,"max_abs_error,4.291534e-06,failed,0,threads,1,pass"
squeezenet1.1-7,7,2,ort,0.002039541,efb2abd562d28f83,"max_abs_error,0.000000e+00,failed,0,threads,1,pass"
squeezenet1.1-7,7,3,onnxmlir,0.081861917,1a69cf2dfd73bc94,"max_abs_error,4.053116e-06,failed,0,threads,1,pass"
squeezenet1.1-7,7,4,tvm,0.214850584,8eea9aeed4eee365,"max_abs_error,4.291534e-06,failed,0,threads,1,pass"
squeezenet1.1-7,8,0,tvm,0.216579708,8eea9aeed4eee365,"max_abs_error,4.291534e-06,failed,0,threads,1,pass"
squeezenet1.1-7,8,1,locality,0.09226225,8eea9aeed4eee365,"max_abs_error,4.291534e-06,failed,0,threads,1,pass"
squeezenet1.1-7,8,2,base,0.181253125,8eea9aeed4eee365,"max_abs_error,4.291534e-06,failed,0,threads,1,pass"
squeezenet1.1-7,8,3,ort,0.002061208,efb2abd562d28f83,"max_abs_error,0.000000e+00,failed,0,threads,1,pass"
squeezenet1.1-7,8,4,onnxmlir,0.082592458,1a69cf2dfd73bc94,"max_abs_error,4.053116e-06,failed,0,threads,1,pass"
squeezenet1.1-7,9,0,onnxmlir,0.08248325,1a69cf2dfd73bc94,"max_abs_error,4.053116e-06,failed,0,threads,1,pass"
squeezenet1.1-7,9,1,tvm,0.214526542,8eea9aeed4eee365,"max_abs_error,4.291534e-06,failed,0,threads,1,pass"
squeezenet1.1-7,9,2,locality,0.09591925,8eea9aeed4eee365,"max_abs_error,4.291534e-06,failed,0,threads,1,pass"
squeezenet1.1-7,9,3,base,0.181518791,8eea9aeed4eee365,"max_abs_error,4.291534e-06,failed,0,threads,1,pass"
squeezenet1.1-7,9,4,ort,0.002010875,efb2abd562d28f83,"max_abs_error,0.000000e+00,failed,0,threads,1,pass"
squeezenet1.1-7,10,0,base,0.1804705,8eea9aeed4eee365,"max_abs_error,4.291534e-06,failed,0,threads,1,pass"
squeezenet1.1-7,10,1,locality,0.095068709,8eea9aeed4eee365,"max_abs_error,4.291534e-06,failed,0,threads,1,pass"
squeezenet1.1-7,10,2,tvm,0.21634625,8eea9aeed4eee365,"max_abs_error,4.291534e-06,failed,0,threads,1,pass"
squeezenet1.1-7,10,3,onnxmlir,0.081658416,1a69cf2dfd73bc94,"max_abs_error,4.053116e-06,failed,0,threads,1,pass"
squeezenet1.1-7,10,4,ort,0.002055834,efb2abd562d28f83,"max_abs_error,0.000000e+00,failed,0,threads,1,pass"
squeezenet1.1-7,11,0,locality,0.0947705,8eea9aeed4eee365,"max_abs_error,4.291534e-06,failed,0,threads,1,pass"
squeezenet1.1-7,11,1,tvm,0.214105542,8eea9aeed4eee365,"max_abs_error,4.291534e-06,failed,0,threads,1,pass"
squeezenet1.1-7,11,2,onnxmlir,0.08201925,1a69cf2dfd73bc94,"max_abs_error,4.053116e-06,failed,0,threads,1,pass"
squeezenet1.1-7,11,3,ort,0.002048125,efb2abd562d28f83,"max_abs_error,0.000000e+00,failed,0,threads,1,pass"
squeezenet1.1-7,11,4,base,0.181414625,8eea9aeed4eee365,"max_abs_error,4.291534e-06,failed,0,threads,1,pass"
squeezenet1.1-7,12,0,tvm,0.216153625,8eea9aeed4eee365,"max_abs_error,4.291534e-06,failed,0,threads,1,pass"
squeezenet1.1-7,12,1,onnxmlir,0.081636917,1a69cf2dfd73bc94,"max_abs_error,4.053116e-06,failed,0,threads,1,pass"
squeezenet1.1-7,12,2,ort,0.002043917,efb2abd562d28f83,"max_abs_error,0.000000e+00,failed,0,threads,1,pass"
squeezenet1.1-7,12,3,base,0.181752292,8eea9aeed4eee365,"max_abs_error,4.291534e-06,failed,0,threads,1,pass"
squeezenet1.1-7,12,4,locality,0.095099291,8eea9aeed4eee365,"max_abs_error,4.291534e-06,failed,0,threads,1,pass"
squeezenet1.1-7,13,0,onnxmlir,0.082956459,1a69cf2dfd73bc94,"max_abs_error,4.053116e-06,failed,0,threads,1,pass"
squeezenet1.1-7,13,1,ort,0.0020925,efb2abd562d28f83,"max_abs_error,0.000000e+00,failed,0,threads,1,pass"
squeezenet1.1-7,13,2,base,0.180706792,8eea9aeed4eee365,"max_abs_error,4.291534e-06,failed,0,threads,1,pass"
squeezenet1.1-7,13,3,locality,0.0949625,8eea9aeed4eee365,"max_abs_error,4.291534e-06,failed,0,threads,1,pass"
squeezenet1.1-7,13,4,tvm,0.215768333,8eea9aeed4eee365,"max_abs_error,4.291534e-06,failed,0,threads,1,pass"
squeezenet1.1-7,14,0,ort,0.0022575,efb2abd562d28f83,"max_abs_error,0.000000e+00,failed,0,threads,1,pass"
squeezenet1.1-7,14,1,base,0.182251084,8eea9aeed4eee365,"max_abs_error,4.291534e-06,failed,0,threads,1,pass"
squeezenet1.1-7,14,2,locality,0.093255916,8eea9aeed4eee365,"max_abs_error,4.291534e-06,failed,0,threads,1,pass"
squeezenet1.1-7,14,3,tvm,0.214609875,8eea9aeed4eee365,"max_abs_error,4.291534e-06,failed,0,threads,1,pass"
squeezenet1.1-7,14,4,onnxmlir,0.082222417,1a69cf2dfd73bc94,"max_abs_error,4.053116e-06,failed,0,threads,1,pass"
squeezenet1.1-7,15,0,ort,0.002061958,efb2abd562d28f83,"max_abs_error,0.000000e+00,failed,0,threads,1,pass"
squeezenet1.1-7,15,1,onnxmlir,0.082202625,1a69cf2dfd73bc94,"max_abs_error,4.053116e-06,failed,0,threads,1,pass"
squeezenet1.1-7,15,2,tvm,0.215238375,8eea9aeed4eee365,"max_abs_error,4.291534e-06,failed,0,threads,1,pass"
squeezenet1.1-7,15,3,locality,0.092293125,8eea9aeed4eee365,"max_abs_error,4.291534e-06,failed,0,threads,1,pass"
squeezenet1.1-7,15,4,base,0.182098542,8eea9aeed4eee365,"max_abs_error,4.291534e-06,failed,0,threads,1,pass"
squeezenet1.1-7,16,0,base,0.182047541,8eea9aeed4eee365,"max_abs_error,4.291534e-06,failed,0,threads,1,pass"
squeezenet1.1-7,16,1,ort,0.00216375,efb2abd562d28f83,"max_abs_error,0.000000e+00,failed,0,threads,1,pass"
squeezenet1.1-7,16,2,onnxmlir,0.082445208,1a69cf2dfd73bc94,"max_abs_error,4.053116e-06,failed,0,threads,1,pass"
squeezenet1.1-7,16,3,tvm,0.215327875,8eea9aeed4eee365,"max_abs_error,4.291534e-06,failed,0,threads,1,pass"
squeezenet1.1-7,16,4,locality,0.094342375,8eea9aeed4eee365,"max_abs_error,4.291534e-06,failed,0,threads,1,pass"
squeezenet1.1-7,17,0,locality,0.094422416,8eea9aeed4eee365,"max_abs_error,4.291534e-06,failed,0,threads,1,pass"
squeezenet1.1-7,17,1,base,0.181013708,8eea9aeed4eee365,"max_abs_error,4.291534e-06,failed,0,threads,1,pass"
squeezenet1.1-7,17,2,ort,0.002363708,efb2abd562d28f83,"max_abs_error,0.000000e+00,failed,0,threads,1,pass"
squeezenet1.1-7,17,3,onnxmlir,0.081996458,1a69cf2dfd73bc94,"max_abs_error,4.053116e-06,failed,0,threads,1,pass"
squeezenet1.1-7,17,4,tvm,0.215355084,8eea9aeed4eee365,"max_abs_error,4.291534e-06,failed,0,threads,1,pass"
squeezenet1.1-7,18,0,tvm,0.214437458,8eea9aeed4eee365,"max_abs_error,4.291534e-06,failed,0,threads,1,pass"
squeezenet1.1-7,18,1,locality,0.097181333,8eea9aeed4eee365,"max_abs_error,4.291534e-06,failed,0,threads,1,pass"
squeezenet1.1-7,18,2,base,0.181329583,8eea9aeed4eee365,"max_abs_error,4.291534e-06,failed,0,threads,1,pass"
squeezenet1.1-7,18,3,ort,0.002124167,efb2abd562d28f83,"max_abs_error,0.000000e+00,failed,0,threads,1,pass"
squeezenet1.1-7,18,4,onnxmlir,0.081927959,1a69cf2dfd73bc94,"max_abs_error,4.053116e-06,failed,0,threads,1,pass"
squeezenet1.1-7,19,0,onnxmlir,0.082474292,1a69cf2dfd73bc94,"max_abs_error,4.053116e-06,failed,0,threads,1,pass"
squeezenet1.1-7,19,1,tvm,0.215856375,8eea9aeed4eee365,"max_abs_error,4.291534e-06,failed,0,threads,1,pass"
squeezenet1.1-7,19,2,locality,0.096923167,8eea9aeed4eee365,"max_abs_error,4.291534e-06,failed,0,threads,1,pass"
squeezenet1.1-7,19,3,base,0.18160825,8eea9aeed4eee365,"max_abs_error,4.291534e-06,failed,0,threads,1,pass"
squeezenet1.1-7,19,4,ort,0.002074958,efb2abd562d28f83,"max_abs_error,0.000000e+00,failed,0,threads,1,pass"
squeezenet1.0-13-qdq,0,0,base,0.181468042,f25a6d91c2c5fd4e,"max_abs_error,1.341105e-07,failed,0,threads,1,pass"
squeezenet1.0-13-qdq,0,1,locality,0.092698459,f25a6d91c2c5fd4e,"max_abs_error,1.341105e-07,failed,0,threads,1,pass"
squeezenet1.0-13-qdq,0,3,ort,0.002599666,26a8843c83cc8779,"max_abs_error,0.000000e+00,failed,0,threads,1,pass"
squeezenet1.0-13-qdq,1,0,locality,0.091288292,f25a6d91c2c5fd4e,"max_abs_error,1.341105e-07,failed,0,threads,1,pass"
squeezenet1.0-13-qdq,1,2,ort,0.002559292,26a8843c83cc8779,"max_abs_error,0.000000e+00,failed,0,threads,1,pass"
squeezenet1.0-13-qdq,1,3,base,0.186258458,f25a6d91c2c5fd4e,"max_abs_error,1.341105e-07,failed,0,threads,1,pass"
squeezenet1.0-13-qdq,2,1,ort,0.002574458,26a8843c83cc8779,"max_abs_error,0.000000e+00,failed,0,threads,1,pass"
squeezenet1.0-13-qdq,2,2,base,0.181668666,f25a6d91c2c5fd4e,"max_abs_error,1.341105e-07,failed,0,threads,1,pass"
squeezenet1.0-13-qdq,2,3,locality,0.0918685,f25a6d91c2c5fd4e,"max_abs_error,1.341105e-07,failed,0,threads,1,pass"
squeezenet1.0-13-qdq,3,0,ort,0.002537541,26a8843c83cc8779,"max_abs_error,0.000000e+00,failed,0,threads,1,pass"
squeezenet1.0-13-qdq,3,1,base,0.18166,f25a6d91c2c5fd4e,"max_abs_error,1.341105e-07,failed,0,threads,1,pass"
squeezenet1.0-13-qdq,3,2,locality,0.091375792,f25a6d91c2c5fd4e,"max_abs_error,1.341105e-07,failed,0,threads,1,pass"
squeezenet1.0-13-qdq,4,0,ort,0.002565625,26a8843c83cc8779,"max_abs_error,0.000000e+00,failed,0,threads,1,pass"
squeezenet1.0-13-qdq,4,2,locality,0.091193542,f25a6d91c2c5fd4e,"max_abs_error,1.341105e-07,failed,0,threads,1,pass"
squeezenet1.0-13-qdq,4,3,base,0.181571375,f25a6d91c2c5fd4e,"max_abs_error,1.341105e-07,failed,0,threads,1,pass"
squeezenet1.0-13-qdq,5,0,base,0.181311334,f25a6d91c2c5fd4e,"max_abs_error,1.341105e-07,failed,0,threads,1,pass"
squeezenet1.0-13-qdq,5,1,ort,0.002553167,26a8843c83cc8779,"max_abs_error,0.000000e+00,failed,0,threads,1,pass"
squeezenet1.0-13-qdq,5,3,locality,0.091591084,f25a6d91c2c5fd4e,"max_abs_error,1.341105e-07,failed,0,threads,1,pass"
squeezenet1.0-13-qdq,6,0,locality,0.098337375,f25a6d91c2c5fd4e,"max_abs_error,1.341105e-07,failed,0,threads,1,pass"
squeezenet1.0-13-qdq,6,1,base,0.185253333,f25a6d91c2c5fd4e,"max_abs_error,1.341105e-07,failed,0,threads,1,pass"
squeezenet1.0-13-qdq,6,2,ort,0.002646834,26a8843c83cc8779,"max_abs_error,0.000000e+00,failed,0,threads,1,pass"
squeezenet1.0-13-qdq,7,1,locality,0.094845625,f25a6d91c2c5fd4e,"max_abs_error,1.341105e-07,failed,0,threads,1,pass"
squeezenet1.0-13-qdq,7,2,base,0.187066459,f25a6d91c2c5fd4e,"max_abs_error,1.341105e-07,failed,0,threads,1,pass"
squeezenet1.0-13-qdq,7,3,ort,0.002836334,26a8843c83cc8779,"max_abs_error,0.000000e+00,failed,0,threads,1,pass"
squeezenet1.0-13-qdq,8,0,base,0.187687667,f25a6d91c2c5fd4e,"max_abs_error,1.341105e-07,failed,0,threads,1,pass"
squeezenet1.0-13-qdq,8,1,locality,0.094949542,f25a6d91c2c5fd4e,"max_abs_error,1.341105e-07,failed,0,threads,1,pass"
squeezenet1.0-13-qdq,8,3,ort,0.002746167,26a8843c83cc8779,"max_abs_error,0.000000e+00,failed,0,threads,1,pass"
squeezenet1.0-13-qdq,9,0,locality,0.095290584,f25a6d91c2c5fd4e,"max_abs_error,1.341105e-07,failed,0,threads,1,pass"
squeezenet1.0-13-qdq,9,2,ort,0.002641833,26a8843c83cc8779,"max_abs_error,0.000000e+00,failed,0,threads,1,pass"
squeezenet1.0-13-qdq,9,3,base,0.188215167,f25a6d91c2c5fd4e,"max_abs_error,1.341105e-07,failed,0,threads,1,pass"
squeezenet1.0-13-qdq,10,1,ort,0.002932958,26a8843c83cc8779,"max_abs_error,0.000000e+00,failed,0,threads,1,pass"
squeezenet1.0-13-qdq,10,2,base,0.191669875,f25a6d91c2c5fd4e,"max_abs_error,1.341105e-07,failed,0,threads,1,pass"
squeezenet1.0-13-qdq,10,3,locality,0.09575,f25a6d91c2c5fd4e,"max_abs_error,1.341105e-07,failed,0,threads,1,pass"
squeezenet1.0-13-qdq,11,0,ort,0.00278525,26a8843c83cc8779,"max_abs_error,0.000000e+00,failed,0,threads,1,pass"
squeezenet1.0-13-qdq,11,1,base,0.188091333,f25a6d91c2c5fd4e,"max_abs_error,1.341105e-07,failed,0,threads,1,pass"
squeezenet1.0-13-qdq,11,2,locality,0.095532,f25a6d91c2c5fd4e,"max_abs_error,1.341105e-07,failed,0,threads,1,pass"
squeezenet1.0-13-qdq,12,0,ort,0.002786166,26a8843c83cc8779,"max_abs_error,0.000000e+00,failed,0,threads,1,pass"
squeezenet1.0-13-qdq,12,2,locality,0.098530417,f25a6d91c2c5fd4e,"max_abs_error,1.341105e-07,failed,0,threads,1,pass"
squeezenet1.0-13-qdq,12,3,base,0.189924292,f25a6d91c2c5fd4e,"max_abs_error,1.341105e-07,failed,0,threads,1,pass"
squeezenet1.0-13-qdq,13,0,base,0.188362125,f25a6d91c2c5fd4e,"max_abs_error,1.341105e-07,failed,0,threads,1,pass"
squeezenet1.0-13-qdq,13,1,ort,0.002869209,26a8843c83cc8779,"max_abs_error,0.000000e+00,failed,0,threads,1,pass"
squeezenet1.0-13-qdq,13,3,locality,0.095305917,f25a6d91c2c5fd4e,"max_abs_error,1.341105e-07,failed,0,threads,1,pass"
squeezenet1.0-13-qdq,14,0,locality,0.104791916,f25a6d91c2c5fd4e,"max_abs_error,1.341105e-07,failed,0,threads,1,pass"
squeezenet1.0-13-qdq,14,1,base,0.226328125,f25a6d91c2c5fd4e,"max_abs_error,1.341105e-07,failed,0,threads,1,pass"
squeezenet1.0-13-qdq,14,2,ort,0.003433958,26a8843c83cc8779,"max_abs_error,0.000000e+00,failed,0,threads,1,pass"
squeezenet1.0-13-qdq,15,1,locality,0.203821875,f25a6d91c2c5fd4e,"max_abs_error,1.341105e-07,failed,0,threads,1,pass"
squeezenet1.0-13-qdq,15,2,base,0.369284833,f25a6d91c2c5fd4e,"max_abs_error,1.341105e-07,failed,0,threads,1,pass"
squeezenet1.0-13-qdq,15,3,ort,0.005551042,26a8843c83cc8779,"max_abs_error,0.000000e+00,failed,0,threads,1,pass"
squeezenet1.0-13-qdq,16,0,base,0.374401791,f25a6d91c2c5fd4e,"max_abs_error,1.341105e-07,failed,0,threads,1,pass"
squeezenet1.0-13-qdq,16,1,locality,0.170795,f25a6d91c2c5fd4e,"max_abs_error,1.341105e-07,failed,0,threads,1,pass"
squeezenet1.0-13-qdq,16,3,ort,0.004461917,26a8843c83cc8779,"max_abs_error,0.000000e+00,failed,0,threads,1,pass"
squeezenet1.0-13-qdq,17,0,locality,0.226195875,f25a6d91c2c5fd4e,"max_abs_error,1.341105e-07,failed,0,threads,1,pass"
squeezenet1.0-13-qdq,17,2,ort,0.005801917,26a8843c83cc8779,"max_abs_error,0.000000e+00,failed,0,threads,1,pass"
squeezenet1.0-13-qdq,17,3,base,0.267454292,f25a6d91c2c5fd4e,"max_abs_error,1.341105e-07,failed,0,threads,1,pass"
squeezenet1.0-13-qdq,18,1,ort,0.004005834,26a8843c83cc8779,"max_abs_error,0.000000e+00,failed,0,threads,1,pass"
squeezenet1.0-13-qdq,18,2,base,0.245341042,f25a6d91c2c5fd4e,"max_abs_error,1.341105e-07,failed,0,threads,1,pass"
squeezenet1.0-13-qdq,18,3,locality,0.163339291,f25a6d91c2c5fd4e,"max_abs_error,1.341105e-07,failed,0,threads,1,pass"
squeezenet1.0-13-qdq,19,0,ort,0.004959916,26a8843c83cc8779,"max_abs_error,0.000000e+00,failed,0,threads,1,pass"
squeezenet1.0-13-qdq,19,1,base,0.249882875,f25a6d91c2c5fd4e,"max_abs_error,1.341105e-07,failed,0,threads,1,pass"
squeezenet1.0-13-qdq,19,2,locality,0.131246291,f25a6d91c2c5fd4e,"max_abs_error,1.341105e-07,failed,0,threads,1,pass"
ultraface-rfb-320,0,0,base,0.065279208,0d13113b2e4b9ad9,"max_abs_error,2.458692e-07,failed,0,threads,1,pass"
ultraface-rfb-320,0,1,locality,0.045237417,0d13113b2e4b9ad9,"max_abs_error,2.458692e-07,failed,0,threads,1,pass"
ultraface-rfb-320,0,2,tvm,0.05660525,58fbd28649aeba39,"max_abs_error,2.980232e-07,failed,0,threads,1,pass"
ultraface-rfb-320,0,3,onnxmlir,0.017947958,97b3067db61da779,"max_abs_error,2.384186e-07,failed,0,threads,1,pass"
ultraface-rfb-320,0,4,ort,0.0041585,f5a9eeae64b83657,"max_abs_error,1.192093e-07,failed,0,threads,1,pass"
ultraface-rfb-320,1,0,locality,0.039567875,0d13113b2e4b9ad9,"max_abs_error,2.458692e-07,failed,0,threads,1,pass"
ultraface-rfb-320,1,1,tvm,0.059305209,58fbd28649aeba39,"max_abs_error,2.980232e-07,failed,0,threads,1,pass"
ultraface-rfb-320,1,2,onnxmlir,0.021066291,97b3067db61da779,"max_abs_error,2.384186e-07,failed,0,threads,1,pass"
ultraface-rfb-320,1,3,ort,0.004753625,f5a9eeae64b83657,"max_abs_error,1.192093e-07,failed,0,threads,1,pass"
ultraface-rfb-320,1,4,base,0.060485917,0d13113b2e4b9ad9,"max_abs_error,2.458692e-07,failed,0,threads,1,pass"
ultraface-rfb-320,2,0,tvm,0.063944292,58fbd28649aeba39,"max_abs_error,2.980232e-07,failed,0,threads,1,pass"
ultraface-rfb-320,2,1,onnxmlir,0.01985775,97b3067db61da779,"max_abs_error,2.384186e-07,failed,0,threads,1,pass"
ultraface-rfb-320,2,2,ort,0.008925042,f5a9eeae64b83657,"max_abs_error,1.192093e-07,failed,0,threads,1,pass"
ultraface-rfb-320,2,3,base,0.070360625,0d13113b2e4b9ad9,"max_abs_error,2.458692e-07,failed,0,threads,1,pass"
ultraface-rfb-320,2,4,locality,0.048747875,0d13113b2e4b9ad9,"max_abs_error,2.458692e-07,failed,0,threads,1,pass"
ultraface-rfb-320,3,0,onnxmlir,0.02184875,97b3067db61da779,"max_abs_error,2.384186e-07,failed,0,threads,1,pass"
ultraface-rfb-320,3,1,ort,0.004766041,f5a9eeae64b83657,"max_abs_error,1.192093e-07,failed,0,threads,1,pass"
ultraface-rfb-320,3,2,base,0.062515625,0d13113b2e4b9ad9,"max_abs_error,2.458692e-07,failed,0,threads,1,pass"
ultraface-rfb-320,3,3,locality,0.042097375,0d13113b2e4b9ad9,"max_abs_error,2.458692e-07,failed,0,threads,1,pass"
ultraface-rfb-320,3,4,tvm,0.046472875,58fbd28649aeba39,"max_abs_error,2.980232e-07,failed,0,threads,1,pass"
ultraface-rfb-320,4,0,ort,0.003127583,f5a9eeae64b83657,"max_abs_error,1.192093e-07,failed,0,threads,1,pass"
ultraface-rfb-320,4,1,base,0.0447055,0d13113b2e4b9ad9,"max_abs_error,2.458692e-07,failed,0,threads,1,pass"
ultraface-rfb-320,4,2,locality,0.030712959,0d13113b2e4b9ad9,"max_abs_error,2.458692e-07,failed,0,threads,1,pass"
ultraface-rfb-320,4,3,tvm,0.056955667,58fbd28649aeba39,"max_abs_error,2.980232e-07,failed,0,threads,1,pass"
ultraface-rfb-320,4,4,onnxmlir,0.020165334,97b3067db61da779,"max_abs_error,2.384186e-07,failed,0,threads,1,pass"
ultraface-rfb-320,5,0,ort,0.004931709,f5a9eeae64b83657,"max_abs_error,1.192093e-07,failed,0,threads,1,pass"
ultraface-rfb-320,5,1,onnxmlir,0.019191708,97b3067db61da779,"max_abs_error,2.384186e-07,failed,0,threads,1,pass"
ultraface-rfb-320,5,2,tvm,0.050398292,58fbd28649aeba39,"max_abs_error,2.980232e-07,failed,0,threads,1,pass"
ultraface-rfb-320,5,3,locality,0.033692958,0d13113b2e4b9ad9,"max_abs_error,2.458692e-07,failed,0,threads,1,pass"
ultraface-rfb-320,5,4,base,0.049188167,0d13113b2e4b9ad9,"max_abs_error,2.458692e-07,failed,0,threads,1,pass"
ultraface-rfb-320,6,0,base,0.046227875,0d13113b2e4b9ad9,"max_abs_error,2.458692e-07,failed,0,threads,1,pass"
ultraface-rfb-320,6,1,ort,0.003200667,f5a9eeae64b83657,"max_abs_error,1.192093e-07,failed,0,threads,1,pass"
ultraface-rfb-320,6,2,onnxmlir,0.01345575,97b3067db61da779,"max_abs_error,2.384186e-07,failed,0,threads,1,pass"
ultraface-rfb-320,6,3,tvm,0.043388125,58fbd28649aeba39,"max_abs_error,2.980232e-07,failed,0,threads,1,pass"
ultraface-rfb-320,6,4,locality,0.03073075,0d13113b2e4b9ad9,"max_abs_error,2.458692e-07,failed,0,threads,1,pass"
ultraface-rfb-320,7,0,locality,0.042804833,0d13113b2e4b9ad9,"max_abs_error,2.458692e-07,failed,0,threads,1,pass"
ultraface-rfb-320,7,1,base,0.056795875,0d13113b2e4b9ad9,"max_abs_error,2.458692e-07,failed,0,threads,1,pass"
ultraface-rfb-320,7,2,ort,0.003632625,f5a9eeae64b83657,"max_abs_error,1.192093e-07,failed,0,threads,1,pass"
ultraface-rfb-320,7,3,onnxmlir,0.015758458,97b3067db61da779,"max_abs_error,2.384186e-07,failed,0,threads,1,pass"
ultraface-rfb-320,7,4,tvm,0.045255417,58fbd28649aeba39,"max_abs_error,2.980232e-07,failed,0,threads,1,pass"
ultraface-rfb-320,8,0,tvm,0.042947041,58fbd28649aeba39,"max_abs_error,2.980232e-07,failed,0,threads,1,pass"
ultraface-rfb-320,8,1,locality,0.030343834,0d13113b2e4b9ad9,"max_abs_error,2.458692e-07,failed,0,threads,1,pass"
ultraface-rfb-320,8,2,base,0.04321575,0d13113b2e4b9ad9,"max_abs_error,2.458692e-07,failed,0,threads,1,pass"
ultraface-rfb-320,8,3,ort,0.002972959,f5a9eeae64b83657,"max_abs_error,1.192093e-07,failed,0,threads,1,pass"
ultraface-rfb-320,8,4,onnxmlir,0.012727667,97b3067db61da779,"max_abs_error,2.384186e-07,failed,0,threads,1,pass"
ultraface-rfb-320,9,0,onnxmlir,0.0126805,97b3067db61da779,"max_abs_error,2.384186e-07,failed,0,threads,1,pass"
ultraface-rfb-320,9,1,tvm,0.040205291,58fbd28649aeba39,"max_abs_error,2.980232e-07,failed,0,threads,1,pass"
ultraface-rfb-320,9,2,locality,0.028160667,0d13113b2e4b9ad9,"max_abs_error,2.458692e-07,failed,0,threads,1,pass"
ultraface-rfb-320,9,3,base,0.041291958,0d13113b2e4b9ad9,"max_abs_error,2.458692e-07,failed,0,threads,1,pass"
ultraface-rfb-320,9,4,ort,0.002881792,f5a9eeae64b83657,"max_abs_error,1.192093e-07,failed,0,threads,1,pass"
ultraface-rfb-320,10,0,base,0.040841084,0d13113b2e4b9ad9,"max_abs_error,2.458692e-07,failed,0,threads,1,pass"
ultraface-rfb-320,10,1,locality,0.027806917,0d13113b2e4b9ad9,"max_abs_error,2.458692e-07,failed,0,threads,1,pass"
ultraface-rfb-320,10,2,tvm,0.039151917,58fbd28649aeba39,"max_abs_error,2.980232e-07,failed,0,threads,1,pass"
ultraface-rfb-320,10,3,onnxmlir,0.012093416,97b3067db61da779,"max_abs_error,2.384186e-07,failed,0,threads,1,pass"
ultraface-rfb-320,10,4,ort,0.002857166,f5a9eeae64b83657,"max_abs_error,1.192093e-07,failed,0,threads,1,pass"
ultraface-rfb-320,11,0,locality,0.028008666,0d13113b2e4b9ad9,"max_abs_error,2.458692e-07,failed,0,threads,1,pass"
ultraface-rfb-320,11,1,tvm,0.04870825,58fbd28649aeba39,"max_abs_error,2.980232e-07,failed,0,threads,1,pass"
ultraface-rfb-320,11,2,onnxmlir,0.017255541,97b3067db61da779,"max_abs_error,2.384186e-07,failed,0,threads,1,pass"
ultraface-rfb-320,11,3,ort,0.004519917,f5a9eeae64b83657,"max_abs_error,1.192093e-07,failed,0,threads,1,pass"
ultraface-rfb-320,11,4,base,0.063432417,0d13113b2e4b9ad9,"max_abs_error,2.458692e-07,failed,0,threads,1,pass"
ultraface-rfb-320,12,0,tvm,0.050420292,58fbd28649aeba39,"max_abs_error,2.980232e-07,failed,0,threads,1,pass"
ultraface-rfb-320,12,1,onnxmlir,0.015585,97b3067db61da779,"max_abs_error,2.384186e-07,failed,0,threads,1,pass"
ultraface-rfb-320,12,2,ort,0.003445792,f5a9eeae64b83657,"max_abs_error,1.192093e-07,failed,0,threads,1,pass"
ultraface-rfb-320,12,3,base,0.046823833,0d13113b2e4b9ad9,"max_abs_error,2.458692e-07,failed,0,threads,1,pass"
ultraface-rfb-320,12,4,locality,0.031914042,0d13113b2e4b9ad9,"max_abs_error,2.458692e-07,failed,0,threads,1,pass"
ultraface-rfb-320,13,0,onnxmlir,0.01406775,97b3067db61da779,"max_abs_error,2.384186e-07,failed,0,threads,1,pass"
ultraface-rfb-320,13,1,ort,0.00347375,f5a9eeae64b83657,"max_abs_error,1.192093e-07,failed,0,threads,1,pass"
ultraface-rfb-320,13,2,base,0.044790959,0d13113b2e4b9ad9,"max_abs_error,2.458692e-07,failed,0,threads,1,pass"
ultraface-rfb-320,13,3,locality,0.030852084,0d13113b2e4b9ad9,"max_abs_error,2.458692e-07,failed,0,threads,1,pass"
ultraface-rfb-320,13,4,tvm,0.045423667,58fbd28649aeba39,"max_abs_error,2.980232e-07,failed,0,threads,1,pass"
ultraface-rfb-320,14,0,ort,0.003130791,f5a9eeae64b83657,"max_abs_error,1.192093e-07,failed,0,threads,1,pass"
ultraface-rfb-320,14,1,base,0.044802125,0d13113b2e4b9ad9,"max_abs_error,2.458692e-07,failed,0,threads,1,pass"
ultraface-rfb-320,14,2,locality,0.030425166,0d13113b2e4b9ad9,"max_abs_error,2.458692e-07,failed,0,threads,1,pass"
ultraface-rfb-320,14,3,tvm,0.050420833,58fbd28649aeba39,"max_abs_error,2.980232e-07,failed,0,threads,1,pass"
ultraface-rfb-320,14,4,onnxmlir,0.015467958,97b3067db61da779,"max_abs_error,2.384186e-07,failed,0,threads,1,pass"
ultraface-rfb-320,15,0,ort,0.003686125,f5a9eeae64b83657,"max_abs_error,1.192093e-07,failed,0,threads,1,pass"
ultraface-rfb-320,15,1,onnxmlir,0.014695333,97b3067db61da779,"max_abs_error,2.384186e-07,failed,0,threads,1,pass"
ultraface-rfb-320,15,2,tvm,0.047948792,58fbd28649aeba39,"max_abs_error,2.980232e-07,failed,0,threads,1,pass"
ultraface-rfb-320,15,3,locality,0.038139084,0d13113b2e4b9ad9,"max_abs_error,2.458692e-07,failed,0,threads,1,pass"
ultraface-rfb-320,15,4,base,0.052717875,0d13113b2e4b9ad9,"max_abs_error,2.458692e-07,failed,0,threads,1,pass"
ultraface-rfb-320,16,0,base,0.050000708,0d13113b2e4b9ad9,"max_abs_error,2.458692e-07,failed,0,threads,1,pass"
ultraface-rfb-320,16,1,ort,0.003435791,f5a9eeae64b83657,"max_abs_error,1.192093e-07,failed,0,threads,1,pass"
ultraface-rfb-320,16,2,onnxmlir,0.0225145,97b3067db61da779,"max_abs_error,2.384186e-07,failed,0,threads,1,pass"
ultraface-rfb-320,16,3,tvm,0.047525,58fbd28649aeba39,"max_abs_error,2.980232e-07,failed,0,threads,1,pass"
ultraface-rfb-320,16,4,locality,0.033631375,0d13113b2e4b9ad9,"max_abs_error,2.458692e-07,failed,0,threads,1,pass"
ultraface-rfb-320,17,0,locality,0.032398125,0d13113b2e4b9ad9,"max_abs_error,2.458692e-07,failed,0,threads,1,pass"
ultraface-rfb-320,17,1,base,0.046686416,0d13113b2e4b9ad9,"max_abs_error,2.458692e-07,failed,0,threads,1,pass"
ultraface-rfb-320,17,2,ort,0.003103542,f5a9eeae64b83657,"max_abs_error,1.192093e-07,failed,0,threads,1,pass"
ultraface-rfb-320,17,3,onnxmlir,0.01383175,97b3067db61da779,"max_abs_error,2.384186e-07,failed,0,threads,1,pass"
ultraface-rfb-320,17,4,tvm,0.043120292,58fbd28649aeba39,"max_abs_error,2.980232e-07,failed,0,threads,1,pass"
ultraface-rfb-320,18,0,tvm,0.04303725,58fbd28649aeba39,"max_abs_error,2.980232e-07,failed,0,threads,1,pass"
ultraface-rfb-320,18,1,locality,0.028909292,0d13113b2e4b9ad9,"max_abs_error,2.458692e-07,failed,0,threads,1,pass"
ultraface-rfb-320,18,2,base,0.043541459,0d13113b2e4b9ad9,"max_abs_error,2.458692e-07,failed,0,threads,1,pass"
ultraface-rfb-320,18,3,ort,0.003158334,f5a9eeae64b83657,"max_abs_error,1.192093e-07,failed,0,threads,1,pass"
ultraface-rfb-320,18,4,onnxmlir,0.012734667,97b3067db61da779,"max_abs_error,2.384186e-07,failed,0,threads,1,pass"
ultraface-rfb-320,19,0,onnxmlir,0.013193125,97b3067db61da779,"max_abs_error,2.384186e-07,failed,0,threads,1,pass"
ultraface-rfb-320,19,1,tvm,0.040214958,58fbd28649aeba39,"max_abs_error,2.980232e-07,failed,0,threads,1,pass"
ultraface-rfb-320,19,2,locality,0.028606041,0d13113b2e4b9ad9,"max_abs_error,2.458692e-07,failed,0,threads,1,pass"
ultraface-rfb-320,19,3,base,0.042108583,0d13113b2e4b9ad9,"max_abs_error,2.458692e-07,failed,0,threads,1,pass"
ultraface-rfb-320,19,4,ort,0.002862041,f5a9eeae64b83657,"max_abs_error,1.192093e-07,failed,0,threads,1,pass"
tinyyolov2-8,0,0,base,2.326662291,f82c70d6cb8a1f92,"max_abs_error,1.430511e-05,failed,0,threads,1,pass"
tinyyolov2-8,0,1,locality,1.822243584,f82c70d6cb8a1f92,"max_abs_error,1.430511e-05,failed,0,threads,1,pass"
tinyyolov2-8,0,2,tvm,2.564914791,7c2609d834fd35d6,"max_abs_error,9.536743e-06,failed,0,threads,1,pass"
tinyyolov2-8,0,3,onnxmlir,1.9773425,17508c7bf88ca2f7,"max_abs_error,1.716614e-05,failed,0,threads,1,pass"
tinyyolov2-8,0,4,ort,0.030367583,84ef6dc085912419,"max_abs_error,6.675720e-06,failed,0,threads,1,pass"
tinyyolov2-8,1,0,locality,2.956303625,f82c70d6cb8a1f92,"max_abs_error,1.430511e-05,failed,0,threads,1,pass"
tinyyolov2-8,1,1,tvm,4.009219208,7c2609d834fd35d6,"max_abs_error,9.536743e-06,failed,0,threads,1,pass"
tinyyolov2-8,1,2,onnxmlir,2.263319084,17508c7bf88ca2f7,"max_abs_error,1.716614e-05,failed,0,threads,1,pass"
tinyyolov2-8,1,3,ort,0.022420333,84ef6dc085912419,"max_abs_error,6.675720e-06,failed,0,threads,1,pass"
tinyyolov2-8,1,4,base,2.321922791,f82c70d6cb8a1f92,"max_abs_error,1.430511e-05,failed,0,threads,1,pass"
tinyyolov2-8,2,0,tvm,2.562499208,7c2609d834fd35d6,"max_abs_error,9.536743e-06,failed,0,threads,1,pass"
tinyyolov2-8,2,1,onnxmlir,1.819652792,17508c7bf88ca2f7,"max_abs_error,1.716614e-05,failed,0,threads,1,pass"
tinyyolov2-8,2,2,ort,0.018728375,84ef6dc085912419,"max_abs_error,6.675720e-06,failed,0,threads,1,pass"
tinyyolov2-8,2,3,base,2.306086875,f82c70d6cb8a1f92,"max_abs_error,1.430511e-05,failed,0,threads,1,pass"
tinyyolov2-8,2,4,locality,1.753868375,f82c70d6cb8a1f92,"max_abs_error,1.430511e-05,failed,0,threads,1,pass"
tinyyolov2-8,3,0,onnxmlir,2.086036417,17508c7bf88ca2f7,"max_abs_error,1.716614e-05,failed,0,threads,1,pass"
tinyyolov2-8,3,1,ort,0.03377325,84ef6dc085912419,"max_abs_error,6.675720e-06,failed,0,threads,1,pass"
tinyyolov2-8,3,2,base,2.313714583,f82c70d6cb8a1f92,"max_abs_error,1.430511e-05,failed,0,threads,1,pass"
tinyyolov2-8,3,3,locality,2.074669209,f82c70d6cb8a1f92,"max_abs_error,1.430511e-05,failed,0,threads,1,pass"
tinyyolov2-8,3,4,tvm,2.565161041,7c2609d834fd35d6,"max_abs_error,9.536743e-06,failed,0,threads,1,pass"
tinyyolov2-8,4,0,ort,0.018647,84ef6dc085912419,"max_abs_error,6.675720e-06,failed,0,threads,1,pass"
tinyyolov2-8,4,1,base,2.308487167,f82c70d6cb8a1f92,"max_abs_error,1.430511e-05,failed,0,threads,1,pass"
tinyyolov2-8,4,2,locality,1.435425709,f82c70d6cb8a1f92,"max_abs_error,1.430511e-05,failed,0,threads,1,pass"
tinyyolov2-8,4,3,tvm,2.567856417,7c2609d834fd35d6,"max_abs_error,9.536743e-06,failed,0,threads,1,pass"
tinyyolov2-8,4,4,onnxmlir,1.833619792,17508c7bf88ca2f7,"max_abs_error,1.716614e-05,failed,0,threads,1,pass"
tinyyolov2-8,5,0,ort,0.018531791,84ef6dc085912419,"max_abs_error,6.675720e-06,failed,0,threads,1,pass"
tinyyolov2-8,5,1,onnxmlir,1.821258167,17508c7bf88ca2f7,"max_abs_error,1.716614e-05,failed,0,threads,1,pass"
tinyyolov2-8,5,2,tvm,2.564970834,7c2609d834fd35d6,"max_abs_error,9.536743e-06,failed,0,threads,1,pass"
tinyyolov2-8,5,3,locality,1.5248255,f82c70d6cb8a1f92,"max_abs_error,1.430511e-05,failed,0,threads,1,pass"
tinyyolov2-8,5,4,base,3.481414541,f82c70d6cb8a1f92,"max_abs_error,1.430511e-05,failed,0,threads,1,pass"
tinyyolov2-8,6,0,base,3.3222985,f82c70d6cb8a1f92,"max_abs_error,1.430511e-05,failed,0,threads,1,pass"
tinyyolov2-8,6,1,ort,0.022972917,84ef6dc085912419,"max_abs_error,6.675720e-06,failed,0,threads,1,pass"
tinyyolov2-8,6,2,onnxmlir,2.399173208,17508c7bf88ca2f7,"max_abs_error,1.716614e-05,failed,0,threads,1,pass"
tinyyolov2-8,6,3,tvm,2.579384458,7c2609d834fd35d6,"max_abs_error,9.536743e-06,failed,0,threads,1,pass"
tinyyolov2-8,6,4,locality,2.280202083,f82c70d6cb8a1f92,"max_abs_error,1.430511e-05,failed,0,threads,1,pass"
tinyyolov2-8,7,0,locality,2.170513458,f82c70d6cb8a1f92,"max_abs_error,1.430511e-05,failed,0,threads,1,pass"
tinyyolov2-8,7,1,base,2.311121459,f82c70d6cb8a1f92,"max_abs_error,1.430511e-05,failed,0,threads,1,pass"
tinyyolov2-8,7,2,ort,0.018354959,84ef6dc085912419,"max_abs_error,6.675720e-06,failed,0,threads,1,pass"
tinyyolov2-8,7,3,onnxmlir,1.820250583,17508c7bf88ca2f7,"max_abs_error,1.716614e-05,failed,0,threads,1,pass"
tinyyolov2-8,7,4,tvm,2.564465,7c2609d834fd35d6,"max_abs_error,9.536743e-06,failed,0,threads,1,pass"
tinyyolov2-8,8,0,tvm,2.565256292,7c2609d834fd35d6,"max_abs_error,9.536743e-06,failed,0,threads,1,pass"
tinyyolov2-8,8,1,locality,1.441366917,f82c70d6cb8a1f92,"max_abs_error,1.430511e-05,failed,0,threads,1,pass"
tinyyolov2-8,8,2,base,2.307457083,f82c70d6cb8a1f92,"max_abs_error,1.430511e-05,failed,0,threads,1,pass"
tinyyolov2-8,8,3,ort,0.018508125,84ef6dc085912419,"max_abs_error,6.675720e-06,failed,0,threads,1,pass"
tinyyolov2-8,8,4,onnxmlir,1.830208333,17508c7bf88ca2f7,"max_abs_error,1.716614e-05,failed,0,threads,1,pass"
tinyyolov2-8,9,0,onnxmlir,1.848534792,17508c7bf88ca2f7,"max_abs_error,1.716614e-05,failed,0,threads,1,pass"
tinyyolov2-8,9,1,tvm,2.564908542,7c2609d834fd35d6,"max_abs_error,9.536743e-06,failed,0,threads,1,pass"
tinyyolov2-8,9,2,locality,1.441719375,f82c70d6cb8a1f92,"max_abs_error,1.430511e-05,failed,0,threads,1,pass"
tinyyolov2-8,9,3,base,2.30410925,f82c70d6cb8a1f92,"max_abs_error,1.430511e-05,failed,0,threads,1,pass"
tinyyolov2-8,9,4,ort,0.018406125,84ef6dc085912419,"max_abs_error,6.675720e-06,failed,0,threads,1,pass"
tinyyolov2-8,10,0,base,2.3106645,f82c70d6cb8a1f92,"max_abs_error,1.430511e-05,failed,0,threads,1,pass"
tinyyolov2-8,10,1,locality,1.441471167,f82c70d6cb8a1f92,"max_abs_error,1.430511e-05,failed,0,threads,1,pass"
tinyyolov2-8,10,2,tvm,2.639408458,7c2609d834fd35d6,"max_abs_error,9.536743e-06,failed,0,threads,1,pass"
tinyyolov2-8,10,3,onnxmlir,2.624217958,17508c7bf88ca2f7,"max_abs_error,1.716614e-05,failed,0,threads,1,pass"
tinyyolov2-8,10,4,ort,0.034641291,84ef6dc085912419,"max_abs_error,6.675720e-06,failed,0,threads,1,pass"
tinyyolov2-8,11,0,locality,3.168129166,f82c70d6cb8a1f92,"max_abs_error,1.430511e-05,failed,0,threads,1,pass"
tinyyolov2-8,11,1,tvm,2.741365542,7c2609d834fd35d6,"max_abs_error,9.536743e-06,failed,0,threads,1,pass"
tinyyolov2-8,11,2,onnxmlir,2.0779875,17508c7bf88ca2f7,"max_abs_error,1.716614e-05,failed,0,threads,1,pass"
tinyyolov2-8,11,3,ort,0.0248645,84ef6dc085912419,"max_abs_error,6.675720e-06,failed,0,threads,1,pass"
tinyyolov2-8,11,4,base,2.573830125,f82c70d6cb8a1f92,"max_abs_error,1.430511e-05,failed,0,threads,1,pass"
tinyyolov2-8,12,0,tvm,2.566653,7c2609d834fd35d6,"max_abs_error,9.536743e-06,failed,0,threads,1,pass"
tinyyolov2-8,12,1,onnxmlir,2.010684708,17508c7bf88ca2f7,"max_abs_error,1.716614e-05,failed,0,threads,1,pass"
tinyyolov2-8,12,2,ort,0.022703583,84ef6dc085912419,"max_abs_error,6.675720e-06,failed,0,threads,1,pass"
tinyyolov2-8,12,3,base,2.457580041,f82c70d6cb8a1f92,"max_abs_error,1.430511e-05,failed,0,threads,1,pass"
tinyyolov2-8,12,4,locality,1.650719209,f82c70d6cb8a1f92,"max_abs_error,1.430511e-05,failed,0,threads,1,pass"
tinyyolov2-8,13,0,onnxmlir,1.920077542,17508c7bf88ca2f7,"max_abs_error,1.716614e-05,failed,0,threads,1,pass"
tinyyolov2-8,13,1,ort,0.019578375,84ef6dc085912419,"max_abs_error,6.675720e-06,failed,0,threads,1,pass"
tinyyolov2-8,13,2,base,2.309850583,f82c70d6cb8a1f92,"max_abs_error,1.430511e-05,failed,0,threads,1,pass"
tinyyolov2-8,13,3,locality,1.6204835,f82c70d6cb8a1f92,"max_abs_error,1.430511e-05,failed,0,threads,1,pass"
tinyyolov2-8,13,4,tvm,4.757038083,7c2609d834fd35d6,"max_abs_error,9.536743e-06,failed,0,threads,1,pass"
tinyyolov2-8,14,0,ort,0.036495875,84ef6dc085912419,"max_abs_error,6.675720e-06,failed,0,threads,1,pass"
tinyyolov2-8,14,1,base,3.160319,f82c70d6cb8a1f92,"max_abs_error,1.430511e-05,failed,0,threads,1,pass"
tinyyolov2-8,14,2,locality,1.683113542,f82c70d6cb8a1f92,"max_abs_error,1.430511e-05,failed,0,threads,1,pass"
tinyyolov2-8,14,3,tvm,2.572510041,7c2609d834fd35d6,"max_abs_error,9.536743e-06,failed,0,threads,1,pass"
tinyyolov2-8,14,4,onnxmlir,1.9773515,17508c7bf88ca2f7,"max_abs_error,1.716614e-05,failed,0,threads,1,pass"
tinyyolov2-8,15,0,ort,0.024839584,84ef6dc085912419,"max_abs_error,6.675720e-06,failed,0,threads,1,pass"
tinyyolov2-8,15,1,onnxmlir,1.935643875,17508c7bf88ca2f7,"max_abs_error,1.716614e-05,failed,0,threads,1,pass"
tinyyolov2-8,15,2,tvm,2.564807208,7c2609d834fd35d6,"max_abs_error,9.536743e-06,failed,0,threads,1,pass"
tinyyolov2-8,15,3,locality,1.704079291,f82c70d6cb8a1f92,"max_abs_error,1.430511e-05,failed,0,threads,1,pass"
tinyyolov2-8,15,4,base,2.310916083,f82c70d6cb8a1f92,"max_abs_error,1.430511e-05,failed,0,threads,1,pass"
tinyyolov2-8,16,0,base,2.307280459,f82c70d6cb8a1f92,"max_abs_error,1.430511e-05,failed,0,threads,1,pass"
tinyyolov2-8,16,1,ort,0.018401958,84ef6dc085912419,"max_abs_error,6.675720e-06,failed,0,threads,1,pass"
tinyyolov2-8,16,2,onnxmlir,2.484997042,17508c7bf88ca2f7,"max_abs_error,1.716614e-05,failed,0,threads,1,pass"
tinyyolov2-8,16,3,tvm,3.865358375,7c2609d834fd35d6,"max_abs_error,9.536743e-06,failed,0,threads,1,pass"
tinyyolov2-8,16,4,locality,1.725336208,f82c70d6cb8a1f92,"max_abs_error,1.430511e-05,failed,0,threads,1,pass"
tinyyolov2-8,17,0,locality,2.070652625,f82c70d6cb8a1f92,"max_abs_error,1.430511e-05,failed,0,threads,1,pass"
tinyyolov2-8,17,1,base,2.306345667,f82c70d6cb8a1f92,"max_abs_error,1.430511e-05,failed,0,threads,1,pass"
tinyyolov2-8,17,2,ort,0.018470917,84ef6dc085912419,"max_abs_error,6.675720e-06,failed,0,threads,1,pass"
tinyyolov2-8,17,3,onnxmlir,2.01961575,17508c7bf88ca2f7,"max_abs_error,1.716614e-05,failed,0,threads,1,pass"
tinyyolov2-8,17,4,tvm,2.566546333,7c2609d834fd35d6,"max_abs_error,9.536743e-06,failed,0,threads,1,pass"
tinyyolov2-8,18,0,tvm,2.571377916,7c2609d834fd35d6,"max_abs_error,9.536743e-06,failed,0,threads,1,pass"
tinyyolov2-8,18,1,locality,1.437830916,f82c70d6cb8a1f92,"max_abs_error,1.430511e-05,failed,0,threads,1,pass"
tinyyolov2-8,18,2,base,2.316672625,f82c70d6cb8a1f92,"max_abs_error,1.430511e-05,failed,0,threads,1,pass"
tinyyolov2-8,18,3,ort,0.0198505,84ef6dc085912419,"max_abs_error,6.675720e-06,failed,0,threads,1,pass"
tinyyolov2-8,18,4,onnxmlir,1.823524041,17508c7bf88ca2f7,"max_abs_error,1.716614e-05,failed,0,threads,1,pass"
tinyyolov2-8,19,0,onnxmlir,1.821595583,17508c7bf88ca2f7,"max_abs_error,1.716614e-05,failed,0,threads,1,pass"
tinyyolov2-8,19,1,tvm,2.564045,7c2609d834fd35d6,"max_abs_error,9.536743e-06,failed,0,threads,1,pass"
tinyyolov2-8,19,2,locality,1.440232667,f82c70d6cb8a1f92,"max_abs_error,1.430511e-05,failed,0,threads,1,pass"
tinyyolov2-8,19,3,base,2.319271167,f82c70d6cb8a1f92,"max_abs_error,1.430511e-05,failed,0,threads,1,pass"
tinyyolov2-8,19,4,ort,0.018487958,84ef6dc085912419,"max_abs_error,6.675720e-06,failed,0,threads,1,pass"
shufflenet-v2-12,0,0,base,0.079902209,c5f9f077a3108ff4,"max_abs_error,6.198883e-06,failed,0,threads,1,pass"
shufflenet-v2-12,0,1,locality,0.032176375,c5f9f077a3108ff4,"max_abs_error,6.198883e-06,failed,0,threads,1,pass"
shufflenet-v2-12,0,2,tvm,0.077382875,16395fd213c789ef,"max_abs_error,7.867813e-06,failed,0,threads,1,pass"
shufflenet-v2-12,0,3,onnxmlir,0.010258708,6ab374cd28f9eefb,"max_abs_error,9.775162e-06,failed,0,threads,1,pass"
shufflenet-v2-12,0,4,ort,0.001907666,e5c6d8c25e155349,"max_abs_error,0.000000e+00,failed,0,threads,1,pass"
shufflenet-v2-12,1,0,locality,0.032292916,c5f9f077a3108ff4,"max_abs_error,6.198883e-06,failed,0,threads,1,pass"
shufflenet-v2-12,1,1,tvm,0.079911792,16395fd213c789ef,"max_abs_error,7.867813e-06,failed,0,threads,1,pass"
shufflenet-v2-12,1,2,onnxmlir,0.008387875,6ab374cd28f9eefb,"max_abs_error,9.775162e-06,failed,0,threads,1,pass"
shufflenet-v2-12,1,3,ort,0.001902958,e5c6d8c25e155349,"max_abs_error,0.000000e+00,failed,0,threads,1,pass"
shufflenet-v2-12,1,4,base,0.08018375,c5f9f077a3108ff4,"max_abs_error,6.198883e-06,failed,0,threads,1,pass"
shufflenet-v2-12,2,0,tvm,0.079527958,16395fd213c789ef,"max_abs_error,7.867813e-06,failed,0,threads,1,pass"
shufflenet-v2-12,2,1,onnxmlir,0.008432458,6ab374cd28f9eefb,"max_abs_error,9.775162e-06,failed,0,threads,1,pass"
shufflenet-v2-12,2,2,ort,0.001866292,e5c6d8c25e155349,"max_abs_error,0.000000e+00,failed,0,threads,1,pass"
shufflenet-v2-12,2,3,base,0.080004625,c5f9f077a3108ff4,"max_abs_error,6.198883e-06,failed,0,threads,1,pass"
shufflenet-v2-12,2,4,locality,0.032167792,c5f9f077a3108ff4,"max_abs_error,6.198883e-06,failed,0,threads,1,pass"
shufflenet-v2-12,3,0,onnxmlir,0.008336584,6ab374cd28f9eefb,"max_abs_error,9.775162e-06,failed,0,threads,1,pass"
shufflenet-v2-12,3,1,ort,0.001870208,e5c6d8c25e155349,"max_abs_error,0.000000e+00,failed,0,threads,1,pass"
shufflenet-v2-12,3,2,base,0.079848125,c5f9f077a3108ff4,"max_abs_error,6.198883e-06,failed,0,threads,1,pass"
shufflenet-v2-12,3,3,locality,0.033029084,c5f9f077a3108ff4,"max_abs_error,6.198883e-06,failed,0,threads,1,pass"
shufflenet-v2-12,3,4,tvm,0.079662541,16395fd213c789ef,"max_abs_error,7.867813e-06,failed,0,threads,1,pass"
shufflenet-v2-12,4,0,ort,0.001887709,e5c6d8c25e155349,"max_abs_error,0.000000e+00,failed,0,threads,1,pass"
shufflenet-v2-12,4,1,base,0.080686208,c5f9f077a3108ff4,"max_abs_error,6.198883e-06,failed,0,threads,1,pass"
shufflenet-v2-12,4,2,locality,0.032640708,c5f9f077a3108ff4,"max_abs_error,6.198883e-06,failed,0,threads,1,pass"
shufflenet-v2-12,4,3,tvm,0.077104375,16395fd213c789ef,"max_abs_error,7.867813e-06,failed,0,threads,1,pass"
shufflenet-v2-12,4,4,onnxmlir,0.008399708,6ab374cd28f9eefb,"max_abs_error,9.775162e-06,failed,0,threads,1,pass"
shufflenet-v2-12,5,0,ort,0.001897083,e5c6d8c25e155349,"max_abs_error,0.000000e+00,failed,0,threads,1,pass"
shufflenet-v2-12,5,1,onnxmlir,0.008318667,6ab374cd28f9eefb,"max_abs_error,9.775162e-06,failed,0,threads,1,pass"
shufflenet-v2-12,5,2,tvm,0.078564667,16395fd213c789ef,"max_abs_error,7.867813e-06,failed,0,threads,1,pass"
shufflenet-v2-12,5,3,locality,0.032075125,c5f9f077a3108ff4,"max_abs_error,6.198883e-06,failed,0,threads,1,pass"
shufflenet-v2-12,5,4,base,0.079666,c5f9f077a3108ff4,"max_abs_error,6.198883e-06,failed,0,threads,1,pass"
shufflenet-v2-12,6,0,base,0.079748167,c5f9f077a3108ff4,"max_abs_error,6.198883e-06,failed,0,threads,1,pass"
shufflenet-v2-12,6,1,ort,0.002445666,e5c6d8c25e155349,"max_abs_error,0.000000e+00,failed,0,threads,1,pass"
shufflenet-v2-12,6,2,onnxmlir,0.008341916,6ab374cd28f9eefb,"max_abs_error,9.775162e-06,failed,0,threads,1,pass"
shufflenet-v2-12,6,3,tvm,0.077397667,16395fd213c789ef,"max_abs_error,7.867813e-06,failed,0,threads,1,pass"
shufflenet-v2-12,6,4,locality,0.03275525,c5f9f077a3108ff4,"max_abs_error,6.198883e-06,failed,0,threads,1,pass"
shufflenet-v2-12,7,0,locality,0.032170208,c5f9f077a3108ff4,"max_abs_error,6.198883e-06,failed,0,threads,1,pass"
shufflenet-v2-12,7,1,base,0.0800095,c5f9f077a3108ff4,"max_abs_error,6.198883e-06,failed,0,threads,1,pass"
shufflenet-v2-12,7,2,ort,0.001895916,e5c6d8c25e155349,"max_abs_error,0.000000e+00,failed,0,threads,1,pass"
shufflenet-v2-12,7,3,onnxmlir,0.008313375,6ab374cd28f9eefb,"max_abs_error,9.775162e-06,failed,0,threads,1,pass"
shufflenet-v2-12,7,4,tvm,0.077502791,16395fd213c789ef,"max_abs_error,7.867813e-06,failed,0,threads,1,pass"
shufflenet-v2-12,8,0,tvm,0.077389958,16395fd213c789ef,"max_abs_error,7.867813e-06,failed,0,threads,1,pass"
shufflenet-v2-12,8,1,locality,0.032470875,c5f9f077a3108ff4,"max_abs_error,6.198883e-06,failed,0,threads,1,pass"
shufflenet-v2-12,8,2,base,0.080297,c5f9f077a3108ff4,"max_abs_error,6.198883e-06,failed,0,threads,1,pass"
shufflenet-v2-12,8,3,ort,0.002093708,e5c6d8c25e155349,"max_abs_error,0.000000e+00,failed,0,threads,1,pass"
shufflenet-v2-12,8,4,onnxmlir,0.008282,6ab374cd28f9eefb,"max_abs_error,9.775162e-06,failed,0,threads,1,pass"
shufflenet-v2-12,9,0,onnxmlir,0.00836025,6ab374cd28f9eefb,"max_abs_error,9.775162e-06,failed,0,threads,1,pass"
shufflenet-v2-12,9,1,tvm,0.077509333,16395fd213c789ef,"max_abs_error,7.867813e-06,failed,0,threads,1,pass"
shufflenet-v2-12,9,2,locality,0.032422,c5f9f077a3108ff4,"max_abs_error,6.198883e-06,failed,0,threads,1,pass"
shufflenet-v2-12,9,3,base,0.079855,c5f9f077a3108ff4,"max_abs_error,6.198883e-06,failed,0,threads,1,pass"
shufflenet-v2-12,9,4,ort,0.001907916,e5c6d8c25e155349,"max_abs_error,0.000000e+00,failed,0,threads,1,pass"
shufflenet-v2-12,10,0,base,0.080208417,c5f9f077a3108ff4,"max_abs_error,6.198883e-06,failed,0,threads,1,pass"
shufflenet-v2-12,10,1,locality,0.032542875,c5f9f077a3108ff4,"max_abs_error,6.198883e-06,failed,0,threads,1,pass"
shufflenet-v2-12,10,2,tvm,0.077940417,16395fd213c789ef,"max_abs_error,7.867813e-06,failed,0,threads,1,pass"
shufflenet-v2-12,10,3,onnxmlir,0.008699416,6ab374cd28f9eefb,"max_abs_error,9.775162e-06,failed,0,threads,1,pass"
shufflenet-v2-12,10,4,ort,0.001887834,e5c6d8c25e155349,"max_abs_error,0.000000e+00,failed,0,threads,1,pass"
shufflenet-v2-12,11,0,locality,0.032082,c5f9f077a3108ff4,"max_abs_error,6.198883e-06,failed,0,threads,1,pass"
shufflenet-v2-12,11,1,tvm,0.077251208,16395fd213c789ef,"max_abs_error,7.867813e-06,failed,0,threads,1,pass"
shufflenet-v2-12,11,2,onnxmlir,0.008351125,6ab374cd28f9eefb,"max_abs_error,9.775162e-06,failed,0,threads,1,pass"
shufflenet-v2-12,11,3,ort,0.001868459,e5c6d8c25e155349,"max_abs_error,0.000000e+00,failed,0,threads,1,pass"
shufflenet-v2-12,11,4,base,0.07993975,c5f9f077a3108ff4,"max_abs_error,6.198883e-06,failed,0,threads,1,pass"
shufflenet-v2-12,12,0,tvm,0.081391958,16395fd213c789ef,"max_abs_error,7.867813e-06,failed,0,threads,1,pass"
shufflenet-v2-12,12,1,onnxmlir,0.008421958,6ab374cd28f9eefb,"max_abs_error,9.775162e-06,failed,0,threads,1,pass"
shufflenet-v2-12,12,2,ort,0.001919917,e5c6d8c25e155349,"max_abs_error,0.000000e+00,failed,0,threads,1,pass"
shufflenet-v2-12,12,3,base,0.080042916,c5f9f077a3108ff4,"max_abs_error,6.198883e-06,failed,0,threads,1,pass"
shufflenet-v2-12,12,4,locality,0.032013667,c5f9f077a3108ff4,"max_abs_error,6.198883e-06,failed,0,threads,1,pass"
shufflenet-v2-12,13,0,onnxmlir,0.008396167,6ab374cd28f9eefb,"max_abs_error,9.775162e-06,failed,0,threads,1,pass"
shufflenet-v2-12,13,1,ort,0.001857166,e5c6d8c25e155349,"max_abs_error,0.000000e+00,failed,0,threads,1,pass"
shufflenet-v2-12,13,2,base,0.080381042,c5f9f077a3108ff4,"max_abs_error,6.198883e-06,failed,0,threads,1,pass"
shufflenet-v2-12,13,3,locality,0.032052,c5f9f077a3108ff4,"max_abs_error,6.198883e-06,failed,0,threads,1,pass"
shufflenet-v2-12,13,4,tvm,0.077927042,16395fd213c789ef,"max_abs_error,7.867813e-06,failed,0,threads,1,pass"
shufflenet-v2-12,14,0,ort,0.001869667,e5c6d8c25e155349,"max_abs_error,0.000000e+00,failed,0,threads,1,pass"
shufflenet-v2-12,14,1,base,0.079687958,c5f9f077a3108ff4,"max_abs_error,6.198883e-06,failed,0,threads,1,pass"
shufflenet-v2-12,14,2,locality,0.031966833,c5f9f077a3108ff4,"max_abs_error,6.198883e-06,failed,0,threads,1,pass"
shufflenet-v2-12,14,3,tvm,0.077201167,16395fd213c789ef,"max_abs_error,7.867813e-06,failed,0,threads,1,pass"
shufflenet-v2-12,14,4,onnxmlir,0.008497333,6ab374cd28f9eefb,"max_abs_error,9.775162e-06,failed,0,threads,1,pass"
shufflenet-v2-12,15,0,ort,0.001859125,e5c6d8c25e155349,"max_abs_error,0.000000e+00,failed,0,threads,1,pass"
shufflenet-v2-12,15,1,onnxmlir,0.008796625,6ab374cd28f9eefb,"max_abs_error,9.775162e-06,failed,0,threads,1,pass"
shufflenet-v2-12,15,2,tvm,0.080309875,16395fd213c789ef,"max_abs_error,7.867813e-06,failed,0,threads,1,pass"
shufflenet-v2-12,15,3,locality,0.032635708,c5f9f077a3108ff4,"max_abs_error,6.198883e-06,failed,0,threads,1,pass"
shufflenet-v2-12,15,4,base,0.079906916,c5f9f077a3108ff4,"max_abs_error,6.198883e-06,failed,0,threads,1,pass"
shufflenet-v2-12,16,0,base,0.07999375,c5f9f077a3108ff4,"max_abs_error,6.198883e-06,failed,0,threads,1,pass"
shufflenet-v2-12,16,1,ort,0.001895542,e5c6d8c25e155349,"max_abs_error,0.000000e+00,failed,0,threads,1,pass"
shufflenet-v2-12,16,2,onnxmlir,0.008470958,6ab374cd28f9eefb,"max_abs_error,9.775162e-06,failed,0,threads,1,pass"
shufflenet-v2-12,16,3,tvm,0.077279542,16395fd213c789ef,"max_abs_error,7.867813e-06,failed,0,threads,1,pass"
shufflenet-v2-12,16,4,locality,0.032830875,c5f9f077a3108ff4,"max_abs_error,6.198883e-06,failed,0,threads,1,pass"
shufflenet-v2-12,17,0,locality,0.032124709,c5f9f077a3108ff4,"max_abs_error,6.198883e-06,failed,0,threads,1,pass"
shufflenet-v2-12,17,1,base,0.079967,c5f9f077a3108ff4,"max_abs_error,6.198883e-06,failed,0,threads,1,pass"
shufflenet-v2-12,17,2,ort,0.001921083,e5c6d8c25e155349,"max_abs_error,0.000000e+00,failed,0,threads,1,pass"
shufflenet-v2-12,17,3,onnxmlir,0.008691542,6ab374cd28f9eefb,"max_abs_error,9.775162e-06,failed,0,threads,1,pass"
shufflenet-v2-12,17,4,tvm,0.07900175,16395fd213c789ef,"max_abs_error,7.867813e-06,failed,0,threads,1,pass"
shufflenet-v2-12,18,0,tvm,0.077701042,16395fd213c789ef,"max_abs_error,7.867813e-06,failed,0,threads,1,pass"
shufflenet-v2-12,18,1,locality,0.031875458,c5f9f077a3108ff4,"max_abs_error,6.198883e-06,failed,0,threads,1,pass"
shufflenet-v2-12,18,2,base,0.079938292,c5f9f077a3108ff4,"max_abs_error,6.198883e-06,failed,0,threads,1,pass"
shufflenet-v2-12,18,3,ort,0.00214975,e5c6d8c25e155349,"max_abs_error,0.000000e+00,failed,0,threads,1,pass"
shufflenet-v2-12,18,4,onnxmlir,0.00887025,6ab374cd28f9eefb,"max_abs_error,9.775162e-06,failed,0,threads,1,pass"
shufflenet-v2-12,19,0,onnxmlir,0.008366542,6ab374cd28f9eefb,"max_abs_error,9.775162e-06,failed,0,threads,1,pass"
shufflenet-v2-12,19,1,tvm,0.078429625,16395fd213c789ef,"max_abs_error,7.867813e-06,failed,0,threads,1,pass"
shufflenet-v2-12,19,2,locality,0.031990041,c5f9f077a3108ff4,"max_abs_error,6.198883e-06,failed,0,threads,1,pass"
shufflenet-v2-12,19,3,base,0.07990475,c5f9f077a3108ff4,"max_abs_error,6.198883e-06,failed,0,threads,1,pass"
shufflenet-v2-12,19,4,ort,0.002089541,e5c6d8c25e155349,"max_abs_error,0.000000e+00,failed,0,threads,1,pass"
densenet-12,0,0,base,2.021300959,605ce322d09c79a6,"max_abs_error,8.344650e-06,failed,0,threads,1,pass"
densenet-12,0,1,locality,0.803061208,605ce322d09c79a6,"max_abs_error,8.344650e-06,failed,0,threads,1,pass"
densenet-12,0,2,tvm,2.117648292,3429e0ac448b9890,"max_abs_error,8.344650e-06,failed,0,threads,1,pass"
densenet-12,0,3,onnxmlir,0.803461917,ab6d386b009531fa,"max_abs_error,7.152557e-06,failed,0,threads,1,pass"
densenet-12,0,4,ort,0.01521025,c02c7c4b1e150912,"max_abs_error,0.000000e+00,failed,0,threads,1,pass"
densenet-12,1,0,locality,1.70914425,605ce322d09c79a6,"max_abs_error,8.344650e-06,failed,0,threads,1,pass"
densenet-12,1,1,tvm,2.859462458,3429e0ac448b9890,"max_abs_error,8.344650e-06,failed,0,threads,1,pass"
densenet-12,1,2,onnxmlir,0.836219417,ab6d386b009531fa,"max_abs_error,7.152557e-06,failed,0,threads,1,pass"
densenet-12,1,3,ort,0.015139292,c02c7c4b1e150912,"max_abs_error,0.000000e+00,failed,0,threads,1,pass"
densenet-12,1,4,base,2.020955417,605ce322d09c79a6,"max_abs_error,8.344650e-06,failed,0,threads,1,pass"
densenet-12,2,0,tvm,3.057055459,3429e0ac448b9890,"max_abs_error,8.344650e-06,failed,0,threads,1,pass"
densenet-12,2,1,onnxmlir,1.162362625,ab6d386b009531fa,"max_abs_error,7.152557e-06,failed,0,threads,1,pass"
densenet-12,2,2,ort,0.018663458,c02c7c4b1e150912,"max_abs_error,0.000000e+00,failed,0,threads,1,pass"
densenet-12,2,3,base,2.024152708,605ce322d09c79a6,"max_abs_error,8.344650e-06,failed,0,threads,1,pass"
densenet-12,2,4,locality,0.862059583,605ce322d09c79a6,"max_abs_error,8.344650e-06,failed,0,threads,1,pass"
densenet-12,3,0,onnxmlir,0.909538709,ab6d386b009531fa,"max_abs_error,7.152557e-06,failed,0,threads,1,pass"
densenet-12,3,1,ort,0.014791042,c02c7c4b1e150912,"max_abs_error,0.000000e+00,failed,0,threads,1,pass"
densenet-12,3,2,base,2.026699416,605ce322d09c79a6,"max_abs_error,8.344650e-06,failed,0,threads,1,pass"
densenet-12,3,3,locality,0.803060791,605ce322d09c79a6,"max_abs_error,8.344650e-06,failed,0,threads,1,pass"
densenet-12,3,4,tvm,2.036406333,3429e0ac448b9890,"max_abs_error,8.344650e-06,failed,0,threads,1,pass"
densenet-12,4,0,ort,0.013332167,c02c7c4b1e150912,"max_abs_error,0.000000e+00,failed,0,threads,1,pass"
densenet-12,4,1,base,2.023240375,605ce322d09c79a6,"max_abs_error,8.344650e-06,failed,0,threads,1,pass"
densenet-12,4,2,locality,0.810307417,605ce322d09c79a6,"max_abs_error,8.344650e-06,failed,0,threads,1,pass"
densenet-12,4,3,tvm,3.123081667,3429e0ac448b9890,"max_abs_error,8.344650e-06,failed,0,threads,1,pass"
densenet-12,4,4,onnxmlir,1.192562958,ab6d386b009531fa,"max_abs_error,7.152557e-06,failed,0,threads,1,pass"
densenet-12,5,0,ort,0.03189975,c02c7c4b1e150912,"max_abs_error,0.000000e+00,failed,0,threads,1,pass"
densenet-12,5,1,onnxmlir,1.136084834,ab6d386b009531fa,"max_abs_error,7.152557e-06,failed,0,threads,1,pass"
densenet-12,5,2,tvm,2.317413875,3429e0ac448b9890,"max_abs_error,8.344650e-06,failed,0,threads,1,pass"
densenet-12,5,3,locality,0.992398584,605ce322d09c79a6,"max_abs_error,8.344650e-06,failed,0,threads,1,pass"
densenet-12,5,4,base,2.047632167,605ce322d09c79a6,"max_abs_error,8.344650e-06,failed,0,threads,1,pass"
densenet-12,6,0,base,2.034608959,605ce322d09c79a6,"max_abs_error,8.344650e-06,failed,0,threads,1,pass"
densenet-12,6,1,ort,0.01341725,c02c7c4b1e150912,"max_abs_error,0.000000e+00,failed,0,threads,1,pass"
densenet-12,6,2,onnxmlir,0.780141458,ab6d386b009531fa,"max_abs_error,7.152557e-06,failed,0,threads,1,pass"
densenet-12,6,3,tvm,2.211252709,3429e0ac448b9890,"max_abs_error,8.344650e-06,failed,0,threads,1,pass"
densenet-12,6,4,locality,1.013466333,605ce322d09c79a6,"max_abs_error,8.344650e-06,failed,0,threads,1,pass"
densenet-12,7,0,locality,0.93630025,605ce322d09c79a6,"max_abs_error,8.344650e-06,failed,0,threads,1,pass"
densenet-12,7,1,base,2.059545708,605ce322d09c79a6,"max_abs_error,8.344650e-06,failed,0,threads,1,pass"
densenet-12,7,2,ort,0.015764417,c02c7c4b1e150912,"max_abs_error,0.000000e+00,failed,0,threads,1,pass"
densenet-12,7,3,onnxmlir,0.772440209,ab6d386b009531fa,"max_abs_error,7.152557e-06,failed,0,threads,1,pass"
densenet-12,7,4,tvm,2.040116792,3429e0ac448b9890,"max_abs_error,8.344650e-06,failed,0,threads,1,pass"
densenet-12,8,0,tvm,2.10287825,3429e0ac448b9890,"max_abs_error,8.344650e-06,failed,0,threads,1,pass"
densenet-12,8,1,locality,1.579476417,605ce322d09c79a6,"max_abs_error,8.344650e-06,failed,0,threads,1,pass"
densenet-12,8,2,base,2.219025875,605ce322d09c79a6,"max_abs_error,8.344650e-06,failed,0,threads,1,pass"
densenet-12,8,3,ort,0.013204917,c02c7c4b1e150912,"max_abs_error,0.000000e+00,failed,0,threads,1,pass"
densenet-12,8,4,onnxmlir,0.805526916,ab6d386b009531fa,"max_abs_error,7.152557e-06,failed,0,threads,1,pass"
densenet-12,9,0,onnxmlir,1.363784209,ab6d386b009531fa,"max_abs_error,7.152557e-06,failed,0,threads,1,pass"
densenet-12,9,1,tvm,2.882987375,3429e0ac448b9890,"max_abs_error,8.344650e-06,failed,0,threads,1,pass"
densenet-12,9,2,locality,1.828963875,605ce322d09c79a6,"max_abs_error,8.344650e-06,failed,0,threads,1,pass"
densenet-12,9,3,base,2.411383792,605ce322d09c79a6,"max_abs_error,8.344650e-06,failed,0,threads,1,pass"
densenet-12,9,4,ort,0.024376,c02c7c4b1e150912,"max_abs_error,0.000000e+00,failed,0,threads,1,pass"
densenet-12,10,0,base,2.043164625,605ce322d09c79a6,"max_abs_error,8.344650e-06,failed,0,threads,1,pass"
densenet-12,10,1,locality,0.902495625,605ce322d09c79a6,"max_abs_error,8.344650e-06,failed,0,threads,1,pass"
densenet-12,10,2,tvm,2.040091291,3429e0ac448b9890,"max_abs_error,8.344650e-06,failed,0,threads,1,pass"
densenet-12,10,3,onnxmlir,0.77308125,ab6d386b009531fa,"max_abs_error,7.152557e-06,failed,0,threads,1,pass"
densenet-12,10,4,ort,0.013635958,c02c7c4b1e150912,"max_abs_error,0.000000e+00,failed,0,threads,1,pass"
densenet-12,11,0,locality,0.801183792,605ce322d09c79a6,"max_abs_error,8.344650e-06,failed,0,threads,1,pass"
densenet-12,11,1,tvm,2.040325917,3429e0ac448b9890,"max_abs_error,8.344650e-06,failed,0,threads,1,pass"
densenet-12,11,2,onnxmlir,0.779539125,ab6d386b009531fa,"max_abs_error,7.152557e-06,failed,0,threads,1,pass"
densenet-12,11,3,ort,0.013078125,c02c7c4b1e150912,"max_abs_error,0.000000e+00,failed,0,threads,1,pass"
densenet-12,11,4,base,2.114126542,605ce322d09c79a6,"max_abs_error,8.344650e-06,failed,0,threads,1,pass"
densenet-12,12,0,tvm,3.873253542,3429e0ac448b9890,"max_abs_error,8.344650e-06,failed,0,threads,1,pass"
densenet-12,12,1,onnxmlir,1.129019167,ab6d386b009531fa,"max_abs_error,7.152557e-06,failed,0,threads,1,pass"
densenet-12,12,2,ort,0.021583917,c02c7c4b1e150912,"max_abs_error,0.000000e+00,failed,0,threads,1,pass"
densenet-12,12,3,base,2.90155525,605ce322d09c79a6,"max_abs_error,8.344650e-06,failed,0,threads,1,pass"
densenet-12,12,4,locality,0.973542458,605ce322d09c79a6,"max_abs_error,8.344650e-06,failed,0,threads,1,pass"
densenet-12,13,0,onnxmlir,0.815504084,ab6d386b009531fa,"max_abs_error,7.152557e-06,failed,0,threads,1,pass"
densenet-12,13,1,ort,0.014606833,c02c7c4b1e150912,"max_abs_error,0.000000e+00,failed,0,threads,1,pass"
densenet-12,13,2,base,2.639019208,605ce322d09c79a6,"max_abs_error,8.344650e-06,failed,0,threads,1,pass"
densenet-12,13,3,locality,0.97458675,605ce322d09c79a6,"max_abs_error,8.344650e-06,failed,0,threads,1,pass"
densenet-12,13,4,tvm,2.047316125,3429e0ac448b9890,"max_abs_error,8.344650e-06,failed,0,threads,1,pass"
densenet-12,14,0,ort,0.013392541,c02c7c4b1e150912,"max_abs_error,0.000000e+00,failed,0,threads,1,pass"
densenet-12,14,1,base,2.018897792,605ce322d09c79a6,"max_abs_error,8.344650e-06,failed,0,threads,1,pass"
densenet-12,14,2,locality,0.813644416,605ce322d09c79a6,"max_abs_error,8.344650e-06,failed,0,threads,1,pass"
densenet-12,14,3,tvm,2.067545666,3429e0ac448b9890,"max_abs_error,8.344650e-06,failed,0,threads,1,pass"
densenet-12,14,4,onnxmlir,0.768633625,ab6d386b009531fa,"max_abs_error,7.152557e-06,failed,0,threads,1,pass"
densenet-12,15,0,ort,0.013744875,c02c7c4b1e150912,"max_abs_error,0.000000e+00,failed,0,threads,1,pass"
densenet-12,15,1,onnxmlir,0.776769417,ab6d386b009531fa,"max_abs_error,7.152557e-06,failed,0,threads,1,pass"
densenet-12,15,2,tvm,2.040281458,3429e0ac448b9890,"max_abs_error,8.344650e-06,failed,0,threads,1,pass"
densenet-12,15,3,locality,0.810111542,605ce322d09c79a6,"max_abs_error,8.344650e-06,failed,0,threads,1,pass"
densenet-12,15,4,base,2.055244,605ce322d09c79a6,"max_abs_error,8.344650e-06,failed,0,threads,1,pass"
densenet-12,16,0,base,2.083877875,605ce322d09c79a6,"max_abs_error,8.344650e-06,failed,0,threads,1,pass"
densenet-12,16,1,ort,0.015265459,c02c7c4b1e150912,"max_abs_error,0.000000e+00,failed,0,threads,1,pass"
densenet-12,16,2,onnxmlir,0.865979417,ab6d386b009531fa,"max_abs_error,7.152557e-06,failed,0,threads,1,pass"
densenet-12,16,3,tvm,3.030907917,3429e0ac448b9890,"max_abs_error,8.344650e-06,failed,0,threads,1,pass"
densenet-12,16,4,locality,1.855015,605ce322d09c79a6,"max_abs_error,8.344650e-06,failed,0,threads,1,pass"
densenet-12,17,0,locality,1.485532417,605ce322d09c79a6,"max_abs_error,8.344650e-06,failed,0,threads,1,pass"
densenet-12,17,1,base,3.7596515,605ce322d09c79a6,"max_abs_error,8.344650e-06,failed,0,threads,1,pass"
densenet-12,17,2,ort,0.025582334,c02c7c4b1e150912,"max_abs_error,0.000000e+00,failed,0,threads,1,pass"
densenet-12,17,3,onnxmlir,1.236176708,ab6d386b009531fa,"max_abs_error,7.152557e-06,failed,0,threads,1,pass"
densenet-12,17,4,tvm,2.53103075,3429e0ac448b9890,"max_abs_error,8.344650e-06,failed,0,threads,1,pass"
densenet-12,18,0,tvm,3.060826083,3429e0ac448b9890,"max_abs_error,8.344650e-06,failed,0,threads,1,pass"
densenet-12,18,1,locality,1.413188333,605ce322d09c79a6,"max_abs_error,8.344650e-06,failed,0,threads,1,pass"
densenet-12,18,2,base,2.172732917,605ce322d09c79a6,"max_abs_error,8.344650e-06,failed,0,threads,1,pass"
densenet-12,18,3,ort,0.014907834,c02c7c4b1e150912,"max_abs_error,0.000000e+00,failed,0,threads,1,pass"
densenet-12,18,4,onnxmlir,1.33607575,ab6d386b009531fa,"max_abs_error,7.152557e-06,failed,0,threads,1,pass"
densenet-12,19,0,onnxmlir,0.770051708,ab6d386b009531fa,"max_abs_error,7.152557e-06,failed,0,threads,1,pass"
densenet-12,19,1,tvm,2.093645834,3429e0ac448b9890,"max_abs_error,8.344650e-06,failed,0,threads,1,pass"
densenet-12,19,2,locality,1.276956959,605ce322d09c79a6,"max_abs_error,8.344650e-06,failed,0,threads,1,pass"
densenet-12,19,3,base,2.06562675,605ce322d09c79a6,"max_abs_error,8.344650e-06,failed,0,threads,1,pass"
densenet-12,19,4,ort,0.013342084,c02c7c4b1e150912,"max_abs_error,0.000000e+00,failed,0,threads,1,pass"
googlenet-12,0,0,base,1.3029835,aee0b112f73cff1c,"max_abs_error,1.192093e-07,failed,0,threads,1,pass"
googlenet-12,0,1,locality,0.561160333,aee0b112f73cff1c,"max_abs_error,1.192093e-07,failed,0,threads,1,pass"
googlenet-12,0,2,tvm,1.149922958,6179a5c26de6f840,"max_abs_error,8.940697e-08,failed,0,threads,1,pass"
googlenet-12,0,3,onnxmlir,0.614281084,86b223261c71228d,"max_abs_error,4.470348e-08,failed,0,threads,1,pass"
googlenet-12,0,4,ort,0.011008334,ab0ebf13cdd1fa28,"max_abs_error,3.725290e-08,failed,0,threads,1,pass"
googlenet-12,1,0,locality,0.565879208,aee0b112f73cff1c,"max_abs_error,1.192093e-07,failed,0,threads,1,pass"
googlenet-12,1,1,tvm,1.148492209,6179a5c26de6f840,"max_abs_error,8.940697e-08,failed,0,threads,1,pass"
googlenet-12,1,2,onnxmlir,0.652335333,86b223261c71228d,"max_abs_error,4.470348e-08,failed,0,threads,1,pass"
googlenet-12,1,3,ort,0.011242125,ab0ebf13cdd1fa28,"max_abs_error,3.725290e-08,failed,0,threads,1,pass"
googlenet-12,1,4,base,1.315712833,aee0b112f73cff1c,"max_abs_error,1.192093e-07,failed,0,threads,1,pass"
googlenet-12,2,0,tvm,1.150247959,6179a5c26de6f840,"max_abs_error,8.940697e-08,failed,0,threads,1,pass"
googlenet-12,2,1,onnxmlir,0.673588042,86b223261c71228d,"max_abs_error,4.470348e-08,failed,0,threads,1,pass"
googlenet-12,2,2,ort,0.011712042,ab0ebf13cdd1fa28,"max_abs_error,3.725290e-08,failed,0,threads,1,pass"
googlenet-12,2,3,base,2.674070083,aee0b112f73cff1c,"max_abs_error,1.192093e-07,failed,0,threads,1,pass"
googlenet-12,2,4,locality,0.733706792,aee0b112f73cff1c,"max_abs_error,1.192093e-07,failed,0,threads,1,pass"
googlenet-12,3,0,onnxmlir,0.61831475,86b223261c71228d,"max_abs_error,4.470348e-08,failed,0,threads,1,pass"
googlenet-12,3,1,ort,0.010809834,ab0ebf13cdd1fa28,"max_abs_error,3.725290e-08,failed,0,threads,1,pass"
googlenet-12,3,2,base,1.308921167,aee0b112f73cff1c,"max_abs_error,1.192093e-07,failed,0,threads,1,pass"
googlenet-12,3,3,locality,0.727630125,aee0b112f73cff1c,"max_abs_error,1.192093e-07,failed,0,threads,1,pass"
googlenet-12,3,4,tvm,1.161619041,6179a5c26de6f840,"max_abs_error,8.940697e-08,failed,0,threads,1,pass"
googlenet-12,4,0,ort,0.010688333,ab0ebf13cdd1fa28,"max_abs_error,3.725290e-08,failed,0,threads,1,pass"
googlenet-12,4,1,base,1.579978209,aee0b112f73cff1c,"max_abs_error,1.192093e-07,failed,0,threads,1,pass"
googlenet-12,4,2,locality,0.683945041,aee0b112f73cff1c,"max_abs_error,1.192093e-07,failed,0,threads,1,pass"
googlenet-12,4,3,tvm,1.158502542,6179a5c26de6f840,"max_abs_error,8.940697e-08,failed,0,threads,1,pass"
googlenet-12,4,4,onnxmlir,0.612234667,86b223261c71228d,"max_abs_error,4.470348e-08,failed,0,threads,1,pass"
googlenet-12,5,0,ort,0.010807125,ab0ebf13cdd1fa28,"max_abs_error,3.725290e-08,failed,0,threads,1,pass"
googlenet-12,5,1,onnxmlir,0.612384334,86b223261c71228d,"max_abs_error,4.470348e-08,failed,0,threads,1,pass"
googlenet-12,5,2,tvm,1.315263792,6179a5c26de6f840,"max_abs_error,8.940697e-08,failed,0,threads,1,pass"
googlenet-12,5,3,locality,0.730787625,aee0b112f73cff1c,"max_abs_error,1.192093e-07,failed,0,threads,1,pass"
googlenet-12,5,4,base,1.321669375,aee0b112f73cff1c,"max_abs_error,1.192093e-07,failed,0,threads,1,pass"
googlenet-12,6,0,base,1.486705417,aee0b112f73cff1c,"max_abs_error,1.192093e-07,failed,0,threads,1,pass"
googlenet-12,6,1,ort,0.011153542,ab0ebf13cdd1fa28,"max_abs_error,3.725290e-08,failed,0,threads,1,pass"
googlenet-12,6,2,onnxmlir,0.610177292,86b223261c71228d,"max_abs_error,4.470348e-08,failed,0,threads,1,pass"
googlenet-12,6,3,tvm,1.150755958,6179a5c26de6f840,"max_abs_error,8.940697e-08,failed,0,threads,1,pass"
googlenet-12,6,4,locality,0.651792,aee0b112f73cff1c,"max_abs_error,1.192093e-07,failed,0,threads,1,pass"
googlenet-12,7,0,locality,0.804532959,aee0b112f73cff1c,"max_abs_error,1.192093e-07,failed,0,threads,1,pass"
googlenet-12,7,1,base,1.313337042,aee0b112f73cff1c,"max_abs_error,1.192093e-07,failed,0,threads,1,pass"
googlenet-12,7,2,ort,0.01127,ab0ebf13cdd1fa28,"max_abs_error,3.725290e-08,failed,0,threads,1,pass"
googlenet-12,7,3,onnxmlir,0.766033125,86b223261c71228d,"max_abs_error,4.470348e-08,failed,0,threads,1,pass"
googlenet-12,7,4,tvm,1.150906875,6179a5c26de6f840,"max_abs_error,8.940697e-08,failed,0,threads,1,pass"
googlenet-12,8,0,tvm,1.152206458,6179a5c26de6f840,"max_abs_error,8.940697e-08,failed,0,threads,1,pass"
googlenet-12,8,1,locality,0.59454575,aee0b112f73cff1c,"max_abs_error,1.192093e-07,failed,0,threads,1,pass"
googlenet-12,8,2,base,1.305103334,aee0b112f73cff1c,"max_abs_error,1.192093e-07,failed,0,threads,1,pass"
googlenet-12,8,3,ort,0.010980125,ab0ebf13cdd1fa28,"max_abs_error,3.725290e-08,failed,0,threads,1,pass"
googlenet-12,8,4,onnxmlir,0.618350958,86b223261c71228d,"max_abs_error,4.470348e-08,failed,0,threads,1,pass"
googlenet-12,9,0,onnxmlir,0.618245166,86b223261c71228d,"max_abs_error,4.470348e-08,failed,0,threads,1,pass"
googlenet-12,9,1,tvm,1.14966225,6179a5c26de6f840,"max_abs_error,8.940697e-08,failed,0,threads,1,pass"
googlenet-12,9,2,locality,0.562798333,aee0b112f73cff1c,"max_abs_error,1.192093e-07,failed,0,threads,1,pass"
googlenet-12,9,3,base,1.308636166,aee0b112f73cff1c,"max_abs_error,1.192093e-07,failed,0,threads,1,pass"
googlenet-12,9,4,ort,0.010779541,ab0ebf13cdd1fa28,"max_abs_error,3.725290e-08,failed,0,threads,1,pass"
googlenet-12,10,0,base,1.328499,aee0b112f73cff1c,"max_abs_error,1.192093e-07,failed,0,threads,1,pass"
googlenet-12,10,1,locality,0.561729917,aee0b112f73cff1c,"max_abs_error,1.192093e-07,failed,0,threads,1,pass"
googlenet-12,10,2,tvm,1.147227834,6179a5c26de6f840,"max_abs_error,8.940697e-08,failed,0,threads,1,pass"
googlenet-12,10,3,onnxmlir,0.610650041,86b223261c71228d,"max_abs_error,4.470348e-08,failed,0,threads,1,pass"
googlenet-12,10,4,ort,0.010743125,ab0ebf13cdd1fa28,"max_abs_error,3.725290e-08,failed,0,threads,1,pass"
googlenet-12,11,0,locality,0.567551875,aee0b112f73cff1c,"max_abs_error,1.192093e-07,failed,0,threads,1,pass"
googlenet-12,11,1,tvm,1.161283917,6179a5c26de6f840,"max_abs_error,8.940697e-08,failed,0,threads,1,pass"
googlenet-12,11,2,onnxmlir,0.615252375,86b223261c71228d,"max_abs_error,4.470348e-08,failed,0,threads,1,pass"
googlenet-12,11,3,ort,0.011343459,ab0ebf13cdd1fa28,"max_abs_error,3.725290e-08,failed,0,threads,1,pass"
googlenet-12,11,4,base,1.367534416,aee0b112f73cff1c,"max_abs_error,1.192093e-07,failed,0,threads,1,pass"
googlenet-12,12,0,tvm,1.216552166,6179a5c26de6f840,"max_abs_error,8.940697e-08,failed,0,threads,1,pass"
googlenet-12,12,1,onnxmlir,0.723853625,86b223261c71228d,"max_abs_error,4.470348e-08,failed,0,threads,1,pass"
googlenet-12,12,2,ort,0.012156917,ab0ebf13cdd1fa28,"max_abs_error,3.725290e-08,failed,0,threads,1,pass"
googlenet-12,12,3,base,1.310842375,aee0b112f73cff1c,"max_abs_error,1.192093e-07,failed,0,threads,1,pass"
googlenet-12,12,4,locality,0.563066167,aee0b112f73cff1c,"max_abs_error,1.192093e-07,failed,0,threads,1,pass"
googlenet-12,13,0,onnxmlir,0.608627209,86b223261c71228d,"max_abs_error,4.470348e-08,failed,0,threads,1,pass"
googlenet-12,13,1,ort,0.010712291,ab0ebf13cdd1fa28,"max_abs_error,3.725290e-08,failed,0,threads,1,pass"
googlenet-12,13,2,base,1.299598291,aee0b112f73cff1c,"max_abs_error,1.192093e-07,failed,0,threads,1,pass"
googlenet-12,13,3,locality,0.557764791,aee0b112f73cff1c,"max_abs_error,1.192093e-07,failed,0,threads,1,pass"
googlenet-12,13,4,tvm,1.145905375,6179a5c26de6f840,"max_abs_error,8.940697e-08,failed,0,threads,1,pass"
googlenet-12,14,0,ort,0.010695958,ab0ebf13cdd1fa28,"max_abs_error,3.725290e-08,failed,0,threads,1,pass"
googlenet-12,14,1,base,1.304902209,aee0b112f73cff1c,"max_abs_error,1.192093e-07,failed,0,threads,1,pass"
googlenet-12,14,2,locality,0.561705583,aee0b112f73cff1c,"max_abs_error,1.192093e-07,failed,0,threads,1,pass"
googlenet-12,14,3,tvm,1.1499365,6179a5c26de6f840,"max_abs_error,8.940697e-08,failed,0,threads,1,pass"
googlenet-12,14,4,onnxmlir,0.609442625,86b223261c71228d,"max_abs_error,4.470348e-08,failed,0,threads,1,pass"
googlenet-12,15,0,ort,0.010967875,ab0ebf13cdd1fa28,"max_abs_error,3.725290e-08,failed,0,threads,1,pass"
googlenet-12,15,1,onnxmlir,0.608577625,86b223261c71228d,"max_abs_error,4.470348e-08,failed,0,threads,1,pass"
googlenet-12,15,2,tvm,1.145747333,6179a5c26de6f840,"max_abs_error,8.940697e-08,failed,0,threads,1,pass"
googlenet-12,15,3,locality,0.562661292,aee0b112f73cff1c,"max_abs_error,1.192093e-07,failed,0,threads,1,pass"
googlenet-12,15,4,base,1.298000083,aee0b112f73cff1c,"max_abs_error,1.192093e-07,failed,0,threads,1,pass"
googlenet-12,16,0,base,1.310443666,aee0b112f73cff1c,"max_abs_error,1.192093e-07,failed,0,threads,1,pass"
googlenet-12,16,1,ort,0.010607958,ab0ebf13cdd1fa28,"max_abs_error,3.725290e-08,failed,0,threads,1,pass"
googlenet-12,16,2,onnxmlir,0.608986625,86b223261c71228d,"max_abs_error,4.470348e-08,failed,0,threads,1,pass"
googlenet-12,16,3,tvm,1.14820475,6179a5c26de6f840,"max_abs_error,8.940697e-08,failed,0,threads,1,pass"
googlenet-12,16,4,locality,0.565546833,aee0b112f73cff1c,"max_abs_error,1.192093e-07,failed,0,threads,1,pass"
googlenet-12,17,0,locality,0.569945083,aee0b112f73cff1c,"max_abs_error,1.192093e-07,failed,0,threads,1,pass"
googlenet-12,17,1,base,1.303028875,aee0b112f73cff1c,"max_abs_error,1.192093e-07,failed,0,threads,1,pass"
googlenet-12,17,2,ort,0.0109995,ab0ebf13cdd1fa28,"max_abs_error,3.725290e-08,failed,0,threads,1,pass"
googlenet-12,17,3,onnxmlir,0.640183541,86b223261c71228d,"max_abs_error,4.470348e-08,failed,0,threads,1,pass"
googlenet-12,17,4,tvm,1.202345417,6179a5c26de6f840,"max_abs_error,8.940697e-08,failed,0,threads,1,pass"
googlenet-12,18,0,tvm,1.196298625,6179a5c26de6f840,"max_abs_error,8.940697e-08,failed,0,threads,1,pass"
googlenet-12,18,1,locality,0.586950125,aee0b112f73cff1c,"max_abs_error,1.192093e-07,failed,0,threads,1,pass"
googlenet-12,18,2,base,2.300647541,aee0b112f73cff1c,"max_abs_error,1.192093e-07,failed,0,threads,1,pass"
googlenet-12,18,3,ort,0.015580208,ab0ebf13cdd1fa28,"max_abs_error,3.725290e-08,failed,0,threads,1,pass"
googlenet-12,18,4,onnxmlir,0.785384084,86b223261c71228d,"max_abs_error,4.470348e-08,failed,0,threads,1,pass"
googlenet-12,19,0,onnxmlir,0.615350375,86b223261c71228d,"max_abs_error,4.470348e-08,failed,0,threads,1,pass"
googlenet-12,19,1,tvm,1.148893625,6179a5c26de6f840,"max_abs_error,8.940697e-08,failed,0,threads,1,pass"
googlenet-12,19,2,locality,0.573198458,aee0b112f73cff1c,"max_abs_error,1.192093e-07,failed,0,threads,1,pass"
googlenet-12,19,3,base,1.324398167,aee0b112f73cff1c,"max_abs_error,1.192093e-07,failed,0,threads,1,pass"
googlenet-12,19,4,ort,0.010967291,ab0ebf13cdd1fa28,"max_abs_error,3.725290e-08,failed,0,threads,1,pass"
