case_id,case_spec_sha256,family,system,system_revision,variant,supported,reason,iteration,calls_per_sample,latency_ns,max_abs_error,max_rel_error,input_digest,output_digest,correct,seed
fuse-mul-add,2fa842e74a5cfcbf59217c4e1d85f7cf2fd11e09dc5ef429f8510965e0835d00,fusion,ONNX-MLIR LLVM,"onnx-mlir version 0.4.2, onnx version 1.21.0 (https://github.com/onnx/onnx-mlir.git 4a13c34aa695b228599d637cdb772c19b4b18dba)",onnx-mlir-llvm,true,,0,100,19960,0.0,0.0,617071e814a1b595551f7e25766c6e164f3c6b62a9aaacc2a1f562cf28fc1f62,289c855a89fe46d4d46998dc20b39cecbc7e3808e348bd41487c0514bd9a661a,true,20270921
fuse-mul-add,2fa842e74a5cfcbf59217c4e1d85f7cf2fd11e09dc5ef429f8510965e0835d00,fusion,ONNX-MLIR LLVM,"onnx-mlir version 0.4.2, onnx version 1.21.0 (https://github.com/onnx/onnx-mlir.git 4a13c34aa695b228599d637cdb772c19b4b18dba)",onnx-mlir-llvm,true,,1,100,20469,0.0,0.0,617071e814a1b595551f7e25766c6e164f3c6b62a9aaacc2a1f562cf28fc1f62,289c855a89fe46d4d46998dc20b39cecbc7e3808e348bd41487c0514bd9a661a,true,20270922
fuse-mul-add,2fa842e74a5cfcbf59217c4e1d85f7cf2fd11e09dc5ef429f8510965e0835d00,fusion,ONNX-MLIR LLVM,"onnx-mlir version 0.4.2, onnx version 1.21.0 (https://github.com/onnx/onnx-mlir.git 4a13c34aa695b228599d637cdb772c19b4b18dba)",onnx-mlir-llvm,true,,2,100,12551,0.0,0.0,617071e814a1b595551f7e25766c6e164f3c6b62a9aaacc2a1f562cf28fc1f62,289c855a89fe46d4d46998dc20b39cecbc7e3808e348bd41487c0514bd9a661a,true,20270923
fuse-mul-add,2fa842e74a5cfcbf59217c4e1d85f7cf2fd11e09dc5ef429f8510965e0835d00,fusion,ONNX-MLIR LLVM,"onnx-mlir version 0.4.2, onnx version 1.21.0 (https://github.com/onnx/onnx-mlir.git 4a13c34aa695b228599d637cdb772c19b4b18dba)",onnx-mlir-llvm,true,,3,100,11513,0.0,0.0,617071e814a1b595551f7e25766c6e164f3c6b62a9aaacc2a1f562cf28fc1f62,289c855a89fe46d4d46998dc20b39cecbc7e3808e348bd41487c0514bd9a661a,true,20270924
fuse-mul-add,2fa842e74a5cfcbf59217c4e1d85f7cf2fd11e09dc5ef429f8510965e0835d00,fusion,ONNX-MLIR LLVM,"onnx-mlir version 0.4.2, onnx version 1.21.0 (https://github.com/onnx/onnx-mlir.git 4a13c34aa695b228599d637cdb772c19b4b18dba)",onnx-mlir-llvm,true,,4,100,9436,0.0,0.0,617071e814a1b595551f7e25766c6e164f3c6b62a9aaacc2a1f562cf28fc1f62,289c855a89fe46d4d46998dc20b39cecbc7e3808e348bd41487c0514bd9a661a,true,20270925
fuse-mul-add,2fa842e74a5cfcbf59217c4e1d85f7cf2fd11e09dc5ef429f8510965e0835d00,fusion,ONNX-MLIR LLVM,"onnx-mlir version 0.4.2, onnx version 1.21.0 (https://github.com/onnx/onnx-mlir.git 4a13c34aa695b228599d637cdb772c19b4b18dba)",onnx-mlir-llvm,true,,5,100,9742,0.0,0.0,617071e814a1b595551f7e25766c6e164f3c6b62a9aaacc2a1f562cf28fc1f62,289c855a89fe46d4d46998dc20b39cecbc7e3808e348bd41487c0514bd9a661a,true,20270926
fuse-mul-add,2fa842e74a5cfcbf59217c4e1d85f7cf2fd11e09dc5ef429f8510965e0835d00,fusion,ONNX-MLIR LLVM,"onnx-mlir version 0.4.2, onnx version 1.21.0 (https://github.com/onnx/onnx-mlir.git 4a13c34aa695b228599d637cdb772c19b4b18dba)",onnx-mlir-llvm,true,,6,100,9468,0.0,0.0,617071e814a1b595551f7e25766c6e164f3c6b62a9aaacc2a1f562cf28fc1f62,289c855a89fe46d4d46998dc20b39cecbc7e3808e348bd41487c0514bd9a661a,true,20270927
fuse-mul-add,2fa842e74a5cfcbf59217c4e1d85f7cf2fd11e09dc5ef429f8510965e0835d00,fusion,ONNX-MLIR LLVM,"onnx-mlir version 0.4.2, onnx version 1.21.0 (https://github.com/onnx/onnx-mlir.git 4a13c34aa695b228599d637cdb772c19b4b18dba)",onnx-mlir-llvm,true,,7,100,11709,0.0,0.0,617071e814a1b595551f7e25766c6e164f3c6b62a9aaacc2a1f562cf28fc1f62,289c855a89fe46d4d46998dc20b39cecbc7e3808e348bd41487c0514bd9a661a,true,20270928
fuse-mul-add,2fa842e74a5cfcbf59217c4e1d85f7cf2fd11e09dc5ef429f8510965e0835d00,fusion,ONNX-MLIR LLVM,"onnx-mlir version 0.4.2, onnx version 1.21.0 (https://github.com/onnx/onnx-mlir.git 4a13c34aa695b228599d637cdb772c19b4b18dba)",onnx-mlir-llvm,true,,8,100,12935,0.0,0.0,617071e814a1b595551f7e25766c6e164f3c6b62a9aaacc2a1f562cf28fc1f62,289c855a89fe46d4d46998dc20b39cecbc7e3808e348bd41487c0514bd9a661a,true,20270929
fuse-mul-add,2fa842e74a5cfcbf59217c4e1d85f7cf2fd11e09dc5ef429f8510965e0835d00,fusion,ONNX-MLIR LLVM,"onnx-mlir version 0.4.2, onnx version 1.21.0 (https://github.com/onnx/onnx-mlir.git 4a13c34aa695b228599d637cdb772c19b4b18dba)",onnx-mlir-llvm,true,,9,100,15090,0.0,0.0,617071e814a1b595551f7e25766c6e164f3c6b62a9aaacc2a1f562cf28fc1f62,289c855a89fe46d4d46998dc20b39cecbc7e3808e348bd41487c0514bd9a661a,true,20270930
fuse-mul-add,2fa842e74a5cfcbf59217c4e1d85f7cf2fd11e09dc5ef429f8510965e0835d00,fusion,ONNX-MLIR LLVM,"onnx-mlir version 0.4.2, onnx version 1.21.0 (https://github.com/onnx/onnx-mlir.git 4a13c34aa695b228599d637cdb772c19b4b18dba)",onnx-mlir-llvm,true,,10,100,10454,0.0,0.0,617071e814a1b595551f7e25766c6e164f3c6b62a9aaacc2a1f562cf28fc1f62,289c855a89fe46d4d46998dc20b39cecbc7e3808e348bd41487c0514bd9a661a,true,20270931
fuse-mul-add,2fa842e74a5cfcbf59217c4e1d85f7cf2fd11e09dc5ef429f8510965e0835d00,fusion,ONNX-MLIR LLVM,"onnx-mlir version 0.4.2, onnx version 1.21.0 (https://github.com/onnx/onnx-mlir.git 4a13c34aa695b228599d637cdb772c19b4b18dba)",onnx-mlir-llvm,true,,11,100,15028,0.0,0.0,617071e814a1b595551f7e25766c6e164f3c6b62a9aaacc2a1f562cf28fc1f62,289c855a89fe46d4d46998dc20b39cecbc7e3808e348bd41487c0514bd9a661a,true,20270932
fuse-mul-add,2fa842e74a5cfcbf59217c4e1d85f7cf2fd11e09dc5ef429f8510965e0835d00,fusion,ONNX-MLIR LLVM,"onnx-mlir version 0.4.2, onnx version 1.21.0 (https://github.com/onnx/onnx-mlir.git 4a13c34aa695b228599d637cdb772c19b4b18dba)",onnx-mlir-llvm,true,,12,100,14731,0.0,0.0,617071e814a1b595551f7e25766c6e164f3c6b62a9aaacc2a1f562cf28fc1f62,289c855a89fe46d4d46998dc20b39cecbc7e3808e348bd41487c0514bd9a661a,true,20270933
fuse-mul-add,2fa842e74a5cfcbf59217c4e1d85f7cf2fd11e09dc5ef429f8510965e0835d00,fusion,ONNX-MLIR LLVM,"onnx-mlir version 0.4.2, onnx version 1.21.0 (https://github.com/onnx/onnx-mlir.git 4a13c34aa695b228599d637cdb772c19b4b18dba)",onnx-mlir-llvm,true,,13,100,12258,0.0,0.0,617071e814a1b595551f7e25766c6e164f3c6b62a9aaacc2a1f562cf28fc1f62,289c855a89fe46d4d46998dc20b39cecbc7e3808e348bd41487c0514bd9a661a,true,20270934
fuse-mul-add,2fa842e74a5cfcbf59217c4e1d85f7cf2fd11e09dc5ef429f8510965e0835d00,fusion,ONNX-MLIR LLVM,"onnx-mlir version 0.4.2, onnx version 1.21.0 (https://github.com/onnx/onnx-mlir.git 4a13c34aa695b228599d637cdb772c19b4b18dba)",onnx-mlir-llvm,true,,14,100,13691,0.0,0.0,617071e814a1b595551f7e25766c6e164f3c6b62a9aaacc2a1f562cf28fc1f62,289c855a89fe46d4d46998dc20b39cecbc7e3808e348bd41487c0514bd9a661a,true,20270935
fuse-mul-add,2fa842e74a5cfcbf59217c4e1d85f7cf2fd11e09dc5ef429f8510965e0835d00,fusion,ONNX-MLIR LLVM,"onnx-mlir version 0.4.2, onnx version 1.21.0 (https://github.com/onnx/onnx-mlir.git 4a13c34aa695b228599d637cdb772c19b4b18dba)",onnx-mlir-llvm,true,,15,100,14331,0.0,0.0,617071e814a1b595551f7e25766c6e164f3c6b62a9aaacc2a1f562cf28fc1f62,289c855a89fe46d4d46998dc20b39cecbc7e3808e348bd41487c0514bd9a661a,true,20270936
fuse-mul-add,2fa842e74a5cfcbf59217c4e1d85f7cf2fd11e09dc5ef429f8510965e0835d00,fusion,ONNX-MLIR LLVM,"onnx-mlir version 0.4.2, onnx version 1.21.0 (https://github.com/onnx/onnx-mlir.git 4a13c34aa695b228599d637cdb772c19b4b18dba)",onnx-mlir-llvm,true,,16,100,13367,0.0,0.0,617071e814a1b595551f7e25766c6e164f3c6b62a9aaacc2a1f562cf28fc1f62,289c855a89fe46d4d46998dc20b39cecbc7e3808e348bd41487c0514bd9a661a,true,20270937
fuse-mul-add,2fa842e74a5cfcbf59217c4e1d85f7cf2fd11e09dc5ef429f8510965e0835d00,fusion,ONNX-MLIR LLVM,"onnx-mlir version 0.4.2, onnx version 1.21.0 (https://github.com/onnx/onnx-mlir.git 4a13c34aa695b228599d637cdb772c19b4b18dba)",onnx-mlir-llvm,true,,17,100,9452,0.0,0.0,617071e814a1b595551f7e25766c6e164f3c6b62a9aaacc2a1f562cf28fc1f62,289c855a89fe46d4d46998dc20b39cecbc7e3808e348bd41487c0514bd9a661a,true,20270938
fuse-mul-add,2fa842e74a5cfcbf59217c4e1d85f7cf2fd11e09dc5ef429f8510965e0835d00,fusion,ONNX-MLIR LLVM,"onnx-mlir version 0.4.2, onnx version 1.21.0 (https://github.com/onnx/onnx-mlir.git 4a13c34aa695b228599d637cdb772c19b4b18dba)",onnx-mlir-llvm,true,,18,100,10189,0.0,0.0,617071e814a1b595551f7e25766c6e164f3c6b62a9aaacc2a1f562cf28fc1f62,289c855a89fe46d4d46998dc20b39cecbc7e3808e348bd41487c0514bd9a661a,true,20270939
fuse-mul-add,2fa842e74a5cfcbf59217c4e1d85f7cf2fd11e09dc5ef429f8510965e0835d00,fusion,ONNX-MLIR LLVM,"onnx-mlir version 0.4.2, onnx version 1.21.0 (https://github.com/onnx/onnx-mlir.git 4a13c34aa695b228599d637cdb772c19b4b18dba)",onnx-mlir-llvm,true,,19,100,9522,0.0,0.0,617071e814a1b595551f7e25766c6e164f3c6b62a9aaacc2a1f562cf28fc1f62,289c855a89fe46d4d46998dc20b39cecbc7e3808e348bd41487c0514bd9a661a,true,20270940
fuse-mul-add,2fa842e74a5cfcbf59217c4e1d85f7cf2fd11e09dc5ef429f8510965e0835d00,fusion,ONNX-MLIR LLVM,"onnx-mlir version 0.4.2, onnx version 1.21.0 (https://github.com/onnx/onnx-mlir.git 4a13c34aa695b228599d637cdb772c19b4b18dba)",onnx-mlir-llvm,true,,20,100,9549,0.0,0.0,617071e814a1b595551f7e25766c6e164f3c6b62a9aaacc2a1f562cf28fc1f62,289c855a89fe46d4d46998dc20b39cecbc7e3808e348bd41487c0514bd9a661a,true,20270941
fuse-mul-add,2fa842e74a5cfcbf59217c4e1d85f7cf2fd11e09dc5ef429f8510965e0835d00,fusion,ONNX-MLIR LLVM,"onnx-mlir version 0.4.2, onnx version 1.21.0 (https://github.com/onnx/onnx-mlir.git 4a13c34aa695b228599d637cdb772c19b4b18dba)",onnx-mlir-llvm,true,,21,100,12011,0.0,0.0,617071e814a1b595551f7e25766c6e164f3c6b62a9aaacc2a1f562cf28fc1f62,289c855a89fe46d4d46998dc20b39cecbc7e3808e348bd41487c0514bd9a661a,true,20270942
fuse-mul-add,2fa842e74a5cfcbf59217c4e1d85f7cf2fd11e09dc5ef429f8510965e0835d00,fusion,ONNX-MLIR LLVM,"onnx-mlir version 0.4.2, onnx version 1.21.0 (https://github.com/onnx/onnx-mlir.git 4a13c34aa695b228599d637cdb772c19b4b18dba)",onnx-mlir-llvm,true,,22,100,12443,0.0,0.0,617071e814a1b595551f7e25766c6e164f3c6b62a9aaacc2a1f562cf28fc1f62,289c855a89fe46d4d46998dc20b39cecbc7e3808e348bd41487c0514bd9a661a,true,20270943
fuse-mul-add,2fa842e74a5cfcbf59217c4e1d85f7cf2fd11e09dc5ef429f8510965e0835d00,fusion,ONNX-MLIR LLVM,"onnx-mlir version 0.4.2, onnx version 1.21.0 (https://github.com/onnx/onnx-mlir.git 4a13c34aa695b228599d637cdb772c19b4b18dba)",onnx-mlir-llvm,true,,23,100,12053,0.0,0.0,617071e814a1b595551f7e25766c6e164f3c6b62a9aaacc2a1f562cf28fc1f62,289c855a89fe46d4d46998dc20b39cecbc7e3808e348bd41487c0514bd9a661a,true,20270944
fuse-mul-add,2fa842e74a5cfcbf59217c4e1d85f7cf2fd11e09dc5ef429f8510965e0835d00,fusion,ONNX-MLIR LLVM,"onnx-mlir version 0.4.2, onnx version 1.21.0 (https://github.com/onnx/onnx-mlir.git 4a13c34aa695b228599d637cdb772c19b4b18dba)",onnx-mlir-llvm,true,,24,100,9549,0.0,0.0,617071e814a1b595551f7e25766c6e164f3c6b62a9aaacc2a1f562cf28fc1f62,289c855a89fe46d4d46998dc20b39cecbc7e3808e348bd41487c0514bd9a661a,true,20270945
fuse-mul-add,2fa842e74a5cfcbf59217c4e1d85f7cf2fd11e09dc5ef429f8510965e0835d00,fusion,ONNX-MLIR LLVM,"onnx-mlir version 0.4.2, onnx version 1.21.0 (https://github.com/onnx/onnx-mlir.git 4a13c34aa695b228599d637cdb772c19b4b18dba)",onnx-mlir-llvm,true,,25,100,10671,0.0,0.0,617071e814a1b595551f7e25766c6e164f3c6b62a9aaacc2a1f562cf28fc1f62,289c855a89fe46d4d46998dc20b39cecbc7e3808e348bd41487c0514bd9a661a,true,20270946
fuse-mul-add,2fa842e74a5cfcbf59217c4e1d85f7cf2fd11e09dc5ef429f8510965e0835d00,fusion,ONNX-MLIR LLVM,"onnx-mlir version 0.4.2, onnx version 1.21.0 (https://github.com/onnx/onnx-mlir.git 4a13c34aa695b228599d637cdb772c19b4b18dba)",onnx-mlir-llvm,true,,26,100,12090,0.0,0.0,617071e814a1b595551f7e25766c6e164f3c6b62a9aaacc2a1f562cf28fc1f62,289c855a89fe46d4d46998dc20b39cecbc7e3808e348bd41487c0514bd9a661a,true,20270947
fuse-mul-add,2fa842e74a5cfcbf59217c4e1d85f7cf2fd11e09dc5ef429f8510965e0835d00,fusion,ONNX-MLIR LLVM,"onnx-mlir version 0.4.2, onnx version 1.21.0 (https://github.com/onnx/onnx-mlir.git 4a13c34aa695b228599d637cdb772c19b4b18dba)",onnx-mlir-llvm,true,,27,100,11926,0.0,0.0,617071e814a1b595551f7e25766c6e164f3c6b62a9aaacc2a1f562cf28fc1f62,289c855a89fe46d4d46998dc20b39cecbc7e3808e348bd41487c0514bd9a661a,true,20270948
fuse-mul-add,2fa842e74a5cfcbf59217c4e1d85f7cf2fd11e09dc5ef429f8510965e0835d00,fusion,ONNX-MLIR LLVM,"onnx-mlir version 0.4.2, onnx version 1.21.0 (https://github.com/onnx/onnx-mlir.git 4a13c34aa695b228599d637cdb772c19b4b18dba)",onnx-mlir-llvm,true,,28,100,9311,0.0,0.0,617071e814a1b595551f7e25766c6e164f3c6b62a9aaacc2a1f562cf28fc1f62,289c855a89fe46d4d46998dc20b39cecbc7e3808e348bd41487c0514bd9a661a,true,20270949
fuse-mul-add,2fa842e74a5cfcbf59217c4e1d85f7cf2fd11e09dc5ef429f8510965e0835d00,fusion,ONNX-MLIR LLVM,"onnx-mlir version 0.4.2, onnx version 1.21.0 (https://github.com/onnx/onnx-mlir.git 4a13c34aa695b228599d637cdb772c19b4b18dba)",onnx-mlir-llvm,true,,29,100,10920,0.0,0.0,617071e814a1b595551f7e25766c6e164f3c6b62a9aaacc2a1f562cf28fc1f62,289c855a89fe46d4d46998dc20b39cecbc7e3808e348bd41487c0514bd9a661a,true,20270950
fuse-mul-add,2fa842e74a5cfcbf59217c4e1d85f7cf2fd11e09dc5ef429f8510965e0835d00,fusion,ONNX-MLIR LLVM,"onnx-mlir version 0.4.2, onnx version 1.21.0 (https://github.com/onnx/onnx-mlir.git 4a13c34aa695b228599d637cdb772c19b4b18dba)",onnx-mlir-llvm,true,,30,100,10347,0.0,0.0,617071e814a1b595551f7e25766c6e164f3c6b62a9aaacc2a1f562cf28fc1f62,289c855a89fe46d4d46998dc20b39cecbc7e3808e348bd41487c0514bd9a661a,true,20270951
fuse-mul-add,2fa842e74a5cfcbf59217c4e1d85f7cf2fd11e09dc5ef429f8510965e0835d00,fusion,ONNX-MLIR LLVM,"onnx-mlir version 0.4.2, onnx version 1.21.0 (https://github.com/onnx/onnx-mlir.git 4a13c34aa695b228599d637cdb772c19b4b18dba)",onnx-mlir-llvm,true,,31,100,11207,0.0,0.0,617071e814a1b595551f7e25766c6e164f3c6b62a9aaacc2a1f562cf28fc1f62,289c855a89fe46d4d46998dc20b39cecbc7e3808e348bd41487c0514bd9a661a,true,20270952
fuse-mul-add,2fa842e74a5cfcbf59217c4e1d85f7cf2fd11e09dc5ef429f8510965e0835d00,fusion,ONNX-MLIR LLVM,"onnx-mlir version 0.4.2, onnx version 1.21.0 (https://github.com/onnx/onnx-mlir.git 4a13c34aa695b228599d637cdb772c19b4b18dba)",onnx-mlir-llvm,true,,32,100,9844,0.0,0.0,617071e814a1b595551f7e25766c6e164f3c6b62a9aaacc2a1f562cf28fc1f62,289c855a89fe46d4d46998dc20b39cecbc7e3808e348bd41487c0514bd9a661a,true,20270953
fuse-mul-add,2fa842e74a5cfcbf59217c4e1d85f7cf2fd11e09dc5ef429f8510965e0835d00,fusion,ONNX-MLIR LLVM,"onnx-mlir version 0.4.2, onnx version 1.21.0 (https://github.com/onnx/onnx-mlir.git 4a13c34aa695b228599d637cdb772c19b4b18dba)",onnx-mlir-llvm,true,,33,100,9625,0.0,0.0,617071e814a1b595551f7e25766c6e164f3c6b62a9aaacc2a1f562cf28fc1f62,289c855a89fe46d4d46998dc20b39cecbc7e3808e348bd41487c0514bd9a661a,true,20270954
fuse-mul-add,2fa842e74a5cfcbf59217c4e1d85f7cf2fd11e09dc5ef429f8510965e0835d00,fusion,ONNX-MLIR LLVM,"onnx-mlir version 0.4.2, onnx version 1.21.0 (https://github.com/onnx/onnx-mlir.git 4a13c34aa695b228599d637cdb772c19b4b18dba)",onnx-mlir-llvm,true,,34,100,9182,0.0,0.0,617071e814a1b595551f7e25766c6e164f3c6b62a9aaacc2a1f562cf28fc1f62,289c855a89fe46d4d46998dc20b39cecbc7e3808e348bd41487c0514bd9a661a,true,20270955
fuse-mul-add,2fa842e74a5cfcbf59217c4e1d85f7cf2fd11e09dc5ef429f8510965e0835d00,fusion,ONNX-MLIR LLVM,"onnx-mlir version 0.4.2, onnx version 1.21.0 (https://github.com/onnx/onnx-mlir.git 4a13c34aa695b228599d637cdb772c19b4b18dba)",onnx-mlir-llvm,true,,35,100,10184,0.0,0.0,617071e814a1b595551f7e25766c6e164f3c6b62a9aaacc2a1f562cf28fc1f62,289c855a89fe46d4d46998dc20b39cecbc7e3808e348bd41487c0514bd9a661a,true,20270956
fuse-mul-add,2fa842e74a5cfcbf59217c4e1d85f7cf2fd11e09dc5ef429f8510965e0835d00,fusion,ONNX-MLIR LLVM,"onnx-mlir version 0.4.2, onnx version 1.21.0 (https://github.com/onnx/onnx-mlir.git 4a13c34aa695b228599d637cdb772c19b4b18dba)",onnx-mlir-llvm,true,,36,100,9476,0.0,0.0,617071e814a1b595551f7e25766c6e164f3c6b62a9aaacc2a1f562cf28fc1f62,289c855a89fe46d4d46998dc20b39cecbc7e3808e348bd41487c0514bd9a661a,true,20270957
fuse-mul-add,2fa842e74a5cfcbf59217c4e1d85f7cf2fd11e09dc5ef429f8510965e0835d00,fusion,ONNX-MLIR LLVM,"onnx-mlir version 0.4.2, onnx version 1.21.0 (https://github.com/onnx/onnx-mlir.git 4a13c34aa695b228599d637cdb772c19b4b18dba)",onnx-mlir-llvm,true,,37,100,9271,0.0,0.0,617071e814a1b595551f7e25766c6e164f3c6b62a9aaacc2a1f562cf28fc1f62,289c855a89fe46d4d46998dc20b39cecbc7e3808e348bd41487c0514bd9a661a,true,20270958
fuse-mul-add,2fa842e74a5cfcbf59217c4e1d85f7cf2fd11e09dc5ef429f8510965e0835d00,fusion,ONNX-MLIR LLVM,"onnx-mlir version 0.4.2, onnx version 1.21.0 (https://github.com/onnx/onnx-mlir.git 4a13c34aa695b228599d637cdb772c19b4b18dba)",onnx-mlir-llvm,true,,38,100,10544,0.0,0.0,617071e814a1b595551f7e25766c6e164f3c6b62a9aaacc2a1f562cf28fc1f62,289c855a89fe46d4d46998dc20b39cecbc7e3808e348bd41487c0514bd9a661a,true,20270959
fuse-mul-add,2fa842e74a5cfcbf59217c4e1d85f7cf2fd11e09dc5ef429f8510965e0835d00,fusion,ONNX-MLIR LLVM,"onnx-mlir version 0.4.2, onnx version 1.21.0 (https://github.com/onnx/onnx-mlir.git 4a13c34aa695b228599d637cdb772c19b4b18dba)",onnx-mlir-llvm,true,,39,100,10350,0.0,0.0,617071e814a1b595551f7e25766c6e164f3c6b62a9aaacc2a1f562cf28fc1f62,289c855a89fe46d4d46998dc20b39cecbc7e3808e348bd41487c0514bd9a661a,true,20270960
fuse-mul-add,2fa842e74a5cfcbf59217c4e1d85f7cf2fd11e09dc5ef429f8510965e0835d00,fusion,ONNX-MLIR LLVM,"onnx-mlir version 0.4.2, onnx version 1.21.0 (https://github.com/onnx/onnx-mlir.git 4a13c34aa695b228599d637cdb772c19b4b18dba)",onnx-mlir-llvm,true,,40,100,10697,0.0,0.0,617071e814a1b595551f7e25766c6e164f3c6b62a9aaacc2a1f562cf28fc1f62,289c855a89fe46d4d46998dc20b39cecbc7e3808e348bd41487c0514bd9a661a,true,20270961
fuse-mul-add,2fa842e74a5cfcbf59217c4e1d85f7cf2fd11e09dc5ef429f8510965e0835d00,fusion,ONNX-MLIR LLVM,"onnx-mlir version 0.4.2, onnx version 1.21.0 (https://github.com/onnx/onnx-mlir.git 4a13c34aa695b228599d637cdb772c19b4b18dba)",onnx-mlir-llvm,true,,41,100,10857,0.0,0.0,617071e814a1b595551f7e25766c6e164f3c6b62a9aaacc2a1f562cf28fc1f62,289c855a89fe46d4d46998dc20b39cecbc7e3808e348bd41487c0514bd9a661a,true,20270962
fuse-mul-add,2fa842e74a5cfcbf59217c4e1d85f7cf2fd11e09dc5ef429f8510965e0835d00,fusion,ONNX-MLIR LLVM,"onnx-mlir version 0.4.2, onnx version 1.21.0 (https://github.com/onnx/onnx-mlir.git 4a13c34aa695b228599d637cdb772c19b4b18dba)",onnx-mlir-llvm,true,,42,100,9665,0.0,0.0,617071e814a1b595551f7e25766c6e164f3c6b62a9aaacc2a1f562cf28fc1f62,289c855a89fe46d4d46998dc20b39cecbc7e3808e348bd41487c0514bd9a661a,true,20270963
fuse-mul-add,2fa842e74a5cfcbf59217c4e1d85f7cf2fd11e09dc5ef429f8510965e0835d00,fusion,ONNX-MLIR LLVM,"onnx-mlir version 0.4.2, onnx version 1.21.0 (https://github.com/onnx/onnx-mlir.git 4a13c34aa695b228599d637cdb772c19b4b18dba)",onnx-mlir-llvm,true,,43,100,10226,0.0,0.0,617071e814a1b595551f7e25766c6e164f3c6b62a9aaacc2a1f562cf28fc1f62,289c855a89fe46d4d46998dc20b39cecbc7e3808e348bd41487c0514bd9a661a,true,20270964
fuse-mul-add,2fa842e74a5cfcbf59217c4e1d85f7cf2fd11e09dc5ef429f8510965e0835d00,fusion,ONNX-MLIR LLVM,"onnx-mlir version 0.4.2, onnx version 1.21.0 (https://github.com/onnx/onnx-mlir.git 4a13c34aa695b228599d637cdb772c19b4b18dba)",onnx-mlir-llvm,true,,44,100,10244,0.0,0.0,617071e814a1b595551f7e25766c6e164f3c6b62a9aaacc2a1f562cf28fc1f62,289c855a89fe46d4d46998dc20b39cecbc7e3808e348bd41487c0514bd9a661a,true,20270965
fuse-mul-add,2fa842e74a5cfcbf59217c4e1d85f7cf2fd11e09dc5ef429f8510965e0835d00,fusion,ONNX-MLIR LLVM,"onnx-mlir version 0.4.2, onnx version 1.21.0 (https://github.com/onnx/onnx-mlir.git 4a13c34aa695b228599d637cdb772c19b4b18dba)",onnx-mlir-llvm,true,,45,100,9537,0.0,0.0,617071e814a1b595551f7e25766c6e164f3c6b62a9aaacc2a1f562cf28fc1f62,289c855a89fe46d4d46998dc20b39cecbc7e3808e348bd41487c0514bd9a661a,true,20270966
fuse-mul-add,2fa842e74a5cfcbf59217c4e1d85f7cf2fd11e09dc5ef429f8510965e0835d00,fusion,ONNX-MLIR LLVM,"onnx-mlir version 0.4.2, onnx version 1.21.0 (https://github.com/onnx/onnx-mlir.git 4a13c34aa695b228599d637cdb772c19b4b18dba)",onnx-mlir-llvm,true,,46,100,9925,0.0,0.0,617071e814a1b595551f7e25766c6e164f3c6b62a9aaacc2a1f562cf28fc1f62,289c855a89fe46d4d46998dc20b39cecbc7e3808e348bd41487c0514bd9a661a,true,20270967
fuse-mul-add,2fa842e74a5cfcbf59217c4e1d85f7cf2fd11e09dc5ef429f8510965e0835d00,fusion,ONNX-MLIR LLVM,"onnx-mlir version 0.4.2, onnx version 1.21.0 (https://github.com/onnx/onnx-mlir.git 4a13c34aa695b228599d637cdb772c19b4b18dba)",onnx-mlir-llvm,true,,47,100,9920,0.0,0.0,617071e814a1b595551f7e25766c6e164f3c6b62a9aaacc2a1f562cf28fc1f62,289c855a89fe46d4d46998dc20b39cecbc7e3808e348bd41487c0514bd9a661a,true,20270968
fuse-mul-add,2fa842e74a5cfcbf59217c4e1d85f7cf2fd11e09dc5ef429f8510965e0835d00,fusion,ONNX-MLIR LLVM,"onnx-mlir version 0.4.2, onnx version 1.21.0 (https://github.com/onnx/onnx-mlir.git 4a13c34aa695b228599d637cdb772c19b4b18dba)",onnx-mlir-llvm,true,,48,100,9899,0.0,0.0,617071e814a1b595551f7e25766c6e164f3c6b62a9aaacc2a1f562cf28fc1f62,289c855a89fe46d4d46998dc20b39cecbc7e3808e348bd41487c0514bd9a661a,true,20270969
fuse-mul-add,2fa842e74a5cfcbf59217c4e1d85f7cf2fd11e09dc5ef429f8510965e0835d00,fusion,ONNX-MLIR LLVM,"onnx-mlir version 0.4.2, onnx version 1.21.0 (https://github.com/onnx/onnx-mlir.git 4a13c34aa695b228599d637cdb772c19b4b18dba)",onnx-mlir-llvm,true,,49,100,9562,0.0,0.0,617071e814a1b595551f7e25766c6e164f3c6b62a9aaacc2a1f562cf28fc1f62,289c855a89fe46d4d46998dc20b39cecbc7e3808e348bd41487c0514bd9a661a,true,20270970
fuse-mul-add,2fa842e74a5cfcbf59217c4e1d85f7cf2fd11e09dc5ef429f8510965e0835d00,fusion,ONNX-MLIR LLVM,"onnx-mlir version 0.4.2, onnx version 1.21.0 (https://github.com/onnx/onnx-mlir.git 4a13c34aa695b228599d637cdb772c19b4b18dba)",onnx-mlir-llvm,true,,50,100,9469,0.0,0.0,617071e814a1b595551f7e25766c6e164f3c6b62a9aaacc2a1f562cf28fc1f62,289c855a89fe46d4d46998dc20b39cecbc7e3808e348bd41487c0514bd9a661a,true,20270971
fuse-mul-add,2fa842e74a5cfcbf59217c4e1d85f7cf2fd11e09dc5ef429f8510965e0835d00,fusion,ONNX-MLIR LLVM,"onnx-mlir version 0.4.2, onnx version 1.21.0 (https://github.com/onnx/onnx-mlir.git 4a13c34aa695b228599d637cdb772c19b4b18dba)",onnx-mlir-llvm,true,,51,100,9419,0.0,0.0,617071e814a1b595551f7e25766c6e164f3c6b62a9aaacc2a1f562cf28fc1f62,289c855a89fe46d4d46998dc20b39cecbc7e3808e348bd41487c0514bd9a661a,true,20270972
fuse-mul-add,2fa842e74a5cfcbf59217c4e1d85f7cf2fd11e09dc5ef429f8510965e0835d00,fusion,ONNX-MLIR LLVM,"onnx-mlir version 0.4.2, onnx version 1.21.0 (https://github.com/onnx/onnx-mlir.git 4a13c34aa695b228599d637cdb772c19b4b18dba)",onnx-mlir-llvm,true,,52,100,9393,0.0,0.0,617071e814a1b595551f7e25766c6e164f3c6b62a9aaacc2a1f562cf28fc1f62,289c855a89fe46d4d46998dc20b39cecbc7e3808e348bd41487c0514bd9a661a,true,20270973
fuse-mul-add,2fa842e74a5cfcbf59217c4e1d85f7cf2fd11e09dc5ef429f8510965e0835d00,fusion,ONNX-MLIR LLVM,"onnx-mlir version 0.4.2, onnx version 1.21.0 (https://github.com/onnx/onnx-mlir.git 4a13c34aa695b228599d637cdb772c19b4b18dba)",onnx-mlir-llvm,true,,53,100,9711,0.0,0.0,617071e814a1b595551f7e25766c6e164f3c6b62a9aaacc2a1f562cf28fc1f62,289c855a89fe46d4d46998dc20b39cecbc7e3808e348bd41487c0514bd9a661a,true,20270974
fuse-mul-add,2fa842e74a5cfcbf59217c4e1d85f7cf2fd11e09dc5ef429f8510965e0835d00,fusion,ONNX-MLIR LLVM,"onnx-mlir version 0.4.2, onnx version 1.21.0 (https://github.com/onnx/onnx-mlir.git 4a13c34aa695b228599d637cdb772c19b4b18dba)",onnx-mlir-llvm,true,,54,100,9697,0.0,0.0,617071e814a1b595551f7e25766c6e164f3c6b62a9aaacc2a1f562cf28fc1f62,289c855a89fe46d4d46998dc20b39cecbc7e3808e348bd41487c0514bd9a661a,true,20270975
fuse-mul-add,2fa842e74a5cfcbf59217c4e1d85f7cf2fd11e09dc5ef429f8510965e0835d00,fusion,ONNX-MLIR LLVM,"onnx-mlir version 0.4.2, onnx version 1.21.0 (https://github.com/onnx/onnx-mlir.git 4a13c34aa695b228599d637cdb772c19b4b18dba)",onnx-mlir-llvm,true,,55,100,9473,0.0,0.0,617071e814a1b595551f7e25766c6e164f3c6b62a9aaacc2a1f562cf28fc1f62,289c855a89fe46d4d46998dc20b39cecbc7e3808e348bd41487c0514bd9a661a,true,20270976
fuse-mul-add,2fa842e74a5cfcbf59217c4e1d85f7cf2fd11e09dc5ef429f8510965e0835d00,fusion,ONNX-MLIR LLVM,"onnx-mlir version 0.4.2, onnx version 1.21.0 (https://github.com/onnx/onnx-mlir.git 4a13c34aa695b228599d637cdb772c19b4b18dba)",onnx-mlir-llvm,true,,56,100,9403,0.0,0.0,617071e814a1b595551f7e25766c6e164f3c6b62a9aaacc2a1f562cf28fc1f62,289c855a89fe46d4d46998dc20b39cecbc7e3808e348bd41487c0514bd9a661a,true,20270977
fuse-mul-add,2fa842e74a5cfcbf59217c4e1d85f7cf2fd11e09dc5ef429f8510965e0835d00,fusion,ONNX-MLIR LLVM,"onnx-mlir version 0.4.2, onnx version 1.21.0 (https://github.com/onnx/onnx-mlir.git 4a13c34aa695b228599d637cdb772c19b4b18dba)",onnx-mlir-llvm,true,,57,100,9269,0.0,0.0,617071e814a1b595551f7e25766c6e164f3c6b62a9aaacc2a1f562cf28fc1f62,289c855a89fe46d4d46998dc20b39cecbc7e3808e348bd41487c0514bd9a661a,true,20270978
fuse-mul-add,2fa842e74a5cfcbf59217c4e1d85f7cf2fd11e09dc5ef429f8510965e0835d00,fusion,ONNX-MLIR LLVM,"onnx-mlir version 0.4.2, onnx version 1.21.0 (https://github.com/onnx/onnx-mlir.git 4a13c34aa695b228599d637cdb772c19b4b18dba)",onnx-mlir-llvm,true,,58,100,9677,0.0,0.0,617071e814a1b595551f7e25766c6e164f3c6b62a9aaacc2a1f562cf28fc1f62,289c855a89fe46d4d46998dc20b39cecbc7e3808e348bd41487c0514bd9a661a,true,20270979
fuse-mul-add,2fa842e74a5cfcbf59217c4e1d85f7cf2fd11e09dc5ef429f8510965e0835d00,fusion,ONNX-MLIR LLVM,"onnx-mlir version 0.4.2, onnx version 1.21.0 (https://github.com/onnx/onnx-mlir.git 4a13c34aa695b228599d637cdb772c19b4b18dba)",onnx-mlir-llvm,true,,59,100,9054,0.0,0.0,617071e814a1b595551f7e25766c6e164f3c6b62a9aaacc2a1f562cf28fc1f62,289c855a89fe46d4d46998dc20b39cecbc7e3808e348bd41487c0514bd9a661a,true,20270980
fuse-mul-add,2fa842e74a5cfcbf59217c4e1d85f7cf2fd11e09dc5ef429f8510965e0835d00,fusion,ONNX-MLIR LLVM,"onnx-mlir version 0.4.2, onnx version 1.21.0 (https://github.com/onnx/onnx-mlir.git 4a13c34aa695b228599d637cdb772c19b4b18dba)",onnx-mlir-llvm,true,,60,100,9192,0.0,0.0,617071e814a1b595551f7e25766c6e164f3c6b62a9aaacc2a1f562cf28fc1f62,289c855a89fe46d4d46998dc20b39cecbc7e3808e348bd41487c0514bd9a661a,true,20270981
fuse-mul-add,2fa842e74a5cfcbf59217c4e1d85f7cf2fd11e09dc5ef429f8510965e0835d00,fusion,ONNX-MLIR LLVM,"onnx-mlir version 0.4.2, onnx version 1.21.0 (https://github.com/onnx/onnx-mlir.git 4a13c34aa695b228599d637cdb772c19b4b18dba)",onnx-mlir-llvm,true,,61,100,8929,0.0,0.0,617071e814a1b595551f7e25766c6e164f3c6b62a9aaacc2a1f562cf28fc1f62,289c855a89fe46d4d46998dc20b39cecbc7e3808e348bd41487c0514bd9a661a,true,20270982
fuse-mul-add,2fa842e74a5cfcbf59217c4e1d85f7cf2fd11e09dc5ef429f8510965e0835d00,fusion,ONNX-MLIR LLVM,"onnx-mlir version 0.4.2, onnx version 1.21.0 (https://github.com/onnx/onnx-mlir.git 4a13c34aa695b228599d637cdb772c19b4b18dba)",onnx-mlir-llvm,true,,62,100,9072,0.0,0.0,617071e814a1b595551f7e25766c6e164f3c6b62a9aaacc2a1f562cf28fc1f62,289c855a89fe46d4d46998dc20b39cecbc7e3808e348bd41487c0514bd9a661a,true,20270983
fuse-mul-add,2fa842e74a5cfcbf59217c4e1d85f7cf2fd11e09dc5ef429f8510965e0835d00,fusion,ONNX-MLIR LLVM,"onnx-mlir version 0.4.2, onnx version 1.21.0 (https://github.com/onnx/onnx-mlir.git 4a13c34aa695b228599d637cdb772c19b4b18dba)",onnx-mlir-llvm,true,,63,100,8955,0.0,0.0,617071e814a1b595551f7e25766c6e164f3c6b62a9aaacc2a1f562cf28fc1f62,289c855a89fe46d4d46998dc20b39cecbc7e3808e348bd41487c0514bd9a661a,true,20270984
fuse-mul-add,2fa842e74a5cfcbf59217c4e1d85f7cf2fd11e09dc5ef429f8510965e0835d00,fusion,ONNX-MLIR LLVM,"onnx-mlir version 0.4.2, onnx version 1.21.0 (https://github.com/onnx/onnx-mlir.git 4a13c34aa695b228599d637cdb772c19b4b18dba)",onnx-mlir-llvm,true,,64,100,9020,0.0,0.0,617071e814a1b595551f7e25766c6e164f3c6b62a9aaacc2a1f562cf28fc1f62,289c855a89fe46d4d46998dc20b39cecbc7e3808e348bd41487c0514bd9a661a,true,20270985
fuse-mul-add,2fa842e74a5cfcbf59217c4e1d85f7cf2fd11e09dc5ef429f8510965e0835d00,fusion,ONNX-MLIR LLVM,"onnx-mlir version 0.4.2, onnx version 1.21.0 (https://github.com/onnx/onnx-mlir.git 4a13c34aa695b228599d637cdb772c19b4b18dba)",onnx-mlir-llvm,true,,65,100,8853,0.0,0.0,617071e814a1b595551f7e25766c6e164f3c6b62a9aaacc2a1f562cf28fc1f62,289c855a89fe46d4d46998dc20b39cecbc7e3808e348bd41487c0514bd9a661a,true,20270986
fuse-mul-add,2fa842e74a5cfcbf59217c4e1d85f7cf2fd11e09dc5ef429f8510965e0835d00,fusion,ONNX-MLIR LLVM,"onnx-mlir version 0.4.2, onnx version 1.21.0 (https://github.com/onnx/onnx-mlir.git 4a13c34aa695b228599d637cdb772c19b4b18dba)",onnx-mlir-llvm,true,,66,100,8864,0.0,0.0,617071e814a1b595551f7e25766c6e164f3c6b62a9aaacc2a1f562cf28fc1f62,289c855a89fe46d4d46998dc20b39cecbc7e3808e348bd41487c0514bd9a661a,true,20270987
fuse-mul-add,2fa842e74a5cfcbf59217c4e1d85f7cf2fd11e09dc5ef429f8510965e0835d00,fusion,ONNX-MLIR LLVM,"onnx-mlir version 0.4.2, onnx version 1.21.0 (https://github.com/onnx/onnx-mlir.git 4a13c34aa695b228599d637cdb772c19b4b18dba)",onnx-mlir-llvm,true,,67,100,9529,0.0,0.0,617071e814a1b595551f7e25766c6e164f3c6b62a9aaacc2a1f562cf28fc1f62,289c855a89fe46d4d46998dc20b39cecbc7e3808e348bd41487c0514bd9a661a,true,20270988
fuse-mul-add,2fa842e74a5cfcbf59217c4e1d85f7cf2fd11e09dc5ef429f8510965e0835d00,fusion,ONNX-MLIR LLVM,"onnx-mlir version 0.4.2, onnx version 1.21.0 (https://github.com/onnx/onnx-mlir.git 4a13c34aa695b228599d637cdb772c19b4b18dba)",onnx-mlir-llvm,true,,68,100,9312,0.0,0.0,617071e814a1b595551f7e25766c6e164f3c6b62a9aaacc2a1f562cf28fc1f62,289c855a89fe46d4d46998dc20b39cecbc7e3808e348bd41487c0514bd9a661a,true,20270989
fuse-mul-add,2fa842e74a5cfcbf59217c4e1d85f7cf2fd11e09dc5ef429f8510965e0835d00,fusion,ONNX-MLIR LLVM,"onnx-mlir version 0.4.2, onnx version 1.21.0 (https://github.com/onnx/onnx-mlir.git 4a13c34aa695b228599d637cdb772c19b4b18dba)",onnx-mlir-llvm,true,,69,100,9137,0.0,0.0,617071e814a1b595551f7e25766c6e164f3c6b62a9aaacc2a1f562cf28fc1f62,289c855a89fe46d4d46998dc20b39cecbc7e3808e348bd41487c0514bd9a661a,true,20270990
fuse-mul-add,2fa842e74a5cfcbf59217c4e1d85f7cf2fd11e09dc5ef429f8510965e0835d00,fusion,ONNX-MLIR LLVM,"onnx-mlir version 0.4.2, onnx version 1.21.0 (https://github.com/onnx/onnx-mlir.git 4a13c34aa695b228599d637cdb772c19b4b18dba)",onnx-mlir-llvm,true,,70,100,9345,0.0,0.0,617071e814a1b595551f7e25766c6e164f3c6b62a9aaacc2a1f562cf28fc1f62,289c855a89fe46d4d46998dc20b39cecbc7e3808e348bd41487c0514bd9a661a,true,20270991
fuse-mul-add,2fa842e74a5cfcbf59217c4e1d85f7cf2fd11e09dc5ef429f8510965e0835d00,fusion,ONNX-MLIR LLVM,"onnx-mlir version 0.4.2, onnx version 1.21.0 (https://github.com/onnx/onnx-mlir.git 4a13c34aa695b228599d637cdb772c19b4b18dba)",onnx-mlir-llvm,true,,71,100,8910,0.0,0.0,617071e814a1b595551f7e25766c6e164f3c6b62a9aaacc2a1f562cf28fc1f62,289c855a89fe46d4d46998dc20b39cecbc7e3808e348bd41487c0514bd9a661a,true,20270992
fuse-mul-add,2fa842e74a5cfcbf59217c4e1d85f7cf2fd11e09dc5ef429f8510965e0835d00,fusion,ONNX-MLIR LLVM,"onnx-mlir version 0.4.2, onnx version 1.21.0 (https://github.com/onnx/onnx-mlir.git 4a13c34aa695b228599d637cdb772c19b4b18dba)",onnx-mlir-llvm,true,,72,100,8873,0.0,0.0,617071e814a1b595551f7e25766c6e164f3c6b62a9aaacc2a1f562cf28fc1f62,289c855a89fe46d4d46998dc20b39cecbc7e3808e348bd41487c0514bd9a661a,true,20270993
fuse-mul-add,2fa842e74a5cfcbf59217c4e1d85f7cf2fd11e09dc5ef429f8510965e0835d00,fusion,ONNX-MLIR LLVM,"onnx-mlir version 0.4.2, onnx version 1.21.0 (https://github.com/onnx/onnx-mlir.git 4a13c34aa695b228599d637cdb772c19b4b18dba)",onnx-mlir-llvm,true,,73,100,8955,0.0,0.0,617071e814a1b595551f7e25766c6e164f3c6b62a9aaacc2a1f562cf28fc1f62,289c855a89fe46d4d46998dc20b39cecbc7e3808e348bd41487c0514bd9a661a,true,20270994
fuse-mul-add,2fa842e74a5cfcbf59217c4e1d85f7cf2fd11e09dc5ef429f8510965e0835d00,fusion,ONNX-MLIR LLVM,"onnx-mlir version 0.4.2, onnx version 1.21.0 (https://github.com/onnx/onnx-mlir.git 4a13c34aa695b228599d637cdb772c19b4b18dba)",onnx-mlir-llvm,true,,74,100,9012,0.0,0.0,617071e814a1b595551f7e25766c6e164f3c6b62a9aaacc2a1f562cf28fc1f62,289c855a89fe46d4d46998dc20b39cecbc7e3808e348bd41487c0514bd9a661a,true,20270995
fuse-mul-add,2fa842e74a5cfcbf59217c4e1d85f7cf2fd11e09dc5ef429f8510965e0835d00,fusion,ONNX-MLIR LLVM,"onnx-mlir version 0.4.2, onnx version 1.21.0 (https://github.com/onnx/onnx-mlir.git 4a13c34aa695b228599d637cdb772c19b4b18dba)",onnx-mlir-llvm,true,,75,100,8883,0.0,0.0,617071e814a1b595551f7e25766c6e164f3c6b62a9aaacc2a1f562cf28fc1f62,289c855a89fe46d4d46998dc20b39cecbc7e3808e348bd41487c0514bd9a661a,true,20270996
fuse-mul-add,2fa842e74a5cfcbf59217c4e1d85f7cf2fd11e09dc5ef429f8510965e0835d00,fusion,ONNX-MLIR LLVM,"onnx-mlir version 0.4.2, onnx version 1.21.0 (https://github.com/onnx/onnx-mlir.git 4a13c34aa695b228599d637cdb772c19b4b18dba)",onnx-mlir-llvm,true,,76,100,9007,0.0,0.0,617071e814a1b595551f7e25766c6e164f3c6b62a9aaacc2a1f562cf28fc1f62,289c855a89fe46d4d46998dc20b39cecbc7e3808e348bd41487c0514bd9a661a,true,20270997
fuse-mul-add,2fa842e74a5cfcbf59217c4e1d85f7cf2fd11e09dc5ef429f8510965e0835d00,fusion,ONNX-MLIR LLVM,"onnx-mlir version 0.4.2, onnx version 1.21.0 (https://github.com/onnx/onnx-mlir.git 4a13c34aa695b228599d637cdb772c19b4b18dba)",onnx-mlir-llvm,true,,77,100,9424,0.0,0.0,617071e814a1b595551f7e25766c6e164f3c6b62a9aaacc2a1f562cf28fc1f62,289c855a89fe46d4d46998dc20b39cecbc7e3808e348bd41487c0514bd9a661a,true,20270998
fuse-mul-add,2fa842e74a5cfcbf59217c4e1d85f7cf2fd11e09dc5ef429f8510965e0835d00,fusion,ONNX-MLIR LLVM,"onnx-mlir version 0.4.2, onnx version 1.21.0 (https://github.com/onnx/onnx-mlir.git 4a13c34aa695b228599d637cdb772c19b4b18dba)",onnx-mlir-llvm,true,,78,100,9227,0.0,0.0,617071e814a1b595551f7e25766c6e164f3c6b62a9aaacc2a1f562cf28fc1f62,289c855a89fe46d4d46998dc20b39cecbc7e3808e348bd41487c0514bd9a661a,true,20270999
fuse-mul-add,2fa842e74a5cfcbf59217c4e1d85f7cf2fd11e09dc5ef429f8510965e0835d00,fusion,ONNX-MLIR LLVM,"onnx-mlir version 0.4.2, onnx version 1.21.0 (https://github.com/onnx/onnx-mlir.git 4a13c34aa695b228599d637cdb772c19b4b18dba)",onnx-mlir-llvm,true,,79,100,9011,0.0,0.0,617071e814a1b595551f7e25766c6e164f3c6b62a9aaacc2a1f562cf28fc1f62,289c855a89fe46d4d46998dc20b39cecbc7e3808e348bd41487c0514bd9a661a,true,20271000
fuse-mul-add,2fa842e74a5cfcbf59217c4e1d85f7cf2fd11e09dc5ef429f8510965e0835d00,fusion,ONNX-MLIR LLVM,"onnx-mlir version 0.4.2, onnx version 1.21.0 (https://github.com/onnx/onnx-mlir.git 4a13c34aa695b228599d637cdb772c19b4b18dba)",onnx-mlir-llvm,true,,80,100,8874,0.0,0.0,617071e814a1b595551f7e25766c6e164f3c6b62a9aaacc2a1f562cf28fc1f62,289c855a89fe46d4d46998dc20b39cecbc7e3808e348bd41487c0514bd9a661a,true,20271001
fuse-mul-add,2fa842e74a5cfcbf59217c4e1d85f7cf2fd11e09dc5ef429f8510965e0835d00,fusion,ONNX-MLIR LLVM,"onnx-mlir version 0.4.2, onnx version 1.21.0 (https://github.com/onnx/onnx-mlir.git 4a13c34aa695b228599d637cdb772c19b4b18dba)",onnx-mlir-llvm,true,,81,100,8963,0.0,0.0,617071e814a1b595551f7e25766c6e164f3c6b62a9aaacc2a1f562cf28fc1f62,289c855a89fe46d4d46998dc20b39cecbc7e3808e348bd41487c0514bd9a661a,true,20271002
fuse-mul-add,2fa842e74a5cfcbf59217c4e1d85f7cf2fd11e09dc5ef429f8510965e0835d00,fusion,ONNX-MLIR LLVM,"onnx-mlir version 0.4.2, onnx version 1.21.0 (https://github.com/onnx/onnx-mlir.git 4a13c34aa695b228599d637cdb772c19b4b18dba)",onnx-mlir-llvm,true,,82,100,8954,0.0,0.0,617071e814a1b595551f7e25766c6e164f3c6b62a9aaacc2a1f562cf28fc1f62,289c855a89fe46d4d46998dc20b39cecbc7e3808e348bd41487c0514bd9a661a,true,20271003
fuse-mul-add,2fa842e74a5cfcbf59217c4e1d85f7cf2fd11e09dc5ef429f8510965e0835d00,fusion,ONNX-MLIR LLVM,"onnx-mlir version 0.4.2, onnx version 1.21.0 (https://github.com/onnx/onnx-mlir.git 4a13c34aa695b228599d637cdb772c19b4b18dba)",onnx-mlir-llvm,true,,83,100,8887,0.0,0.0,617071e814a1b595551f7e25766c6e164f3c6b62a9aaacc2a1f562cf28fc1f62,289c855a89fe46d4d46998dc20b39cecbc7e3808e348bd41487c0514bd9a661a,true,20271004
fuse-mul-add,2fa842e74a5cfcbf59217c4e1d85f7cf2fd11e09dc5ef429f8510965e0835d00,fusion,ONNX-MLIR LLVM,"onnx-mlir version 0.4.2, onnx version 1.21.0 (https://github.com/onnx/onnx-mlir.git 4a13c34aa695b228599d637cdb772c19b4b18dba)",onnx-mlir-llvm,true,,84,100,8840,0.0,0.0,617071e814a1b595551f7e25766c6e164f3c6b62a9aaacc2a1f562cf28fc1f62,289c855a89fe46d4d46998dc20b39cecbc7e3808e348bd41487c0514bd9a661a,true,20271005
fuse-mul-add,2fa842e74a5cfcbf59217c4e1d85f7cf2fd11e09dc5ef429f8510965e0835d00,fusion,ONNX-MLIR LLVM,"onnx-mlir version 0.4.2, onnx version 1.21.0 (https://github.com/onnx/onnx-mlir.git 4a13c34aa695b228599d637cdb772c19b4b18dba)",onnx-mlir-llvm,true,,85,100,9055,0.0,0.0,617071e814a1b595551f7e25766c6e164f3c6b62a9aaacc2a1f562cf28fc1f62,289c855a89fe46d4d46998dc20b39cecbc7e3808e348bd41487c0514bd9a661a,true,20271006
fuse-mul-add,2fa842e74a5cfcbf59217c4e1d85f7cf2fd11e09dc5ef429f8510965e0835d00,fusion,ONNX-MLIR LLVM,"onnx-mlir version 0.4.2, onnx version 1.21.0 (https://github.com/onnx/onnx-mlir.git 4a13c34aa695b228599d637cdb772c19b4b18dba)",onnx-mlir-llvm,true,,86,100,9220,0.0,0.0,617071e814a1b595551f7e25766c6e164f3c6b62a9aaacc2a1f562cf28fc1f62,289c855a89fe46d4d46998dc20b39cecbc7e3808e348bd41487c0514bd9a661a,true,20271007
fuse-mul-add,2fa842e74a5cfcbf59217c4e1d85f7cf2fd11e09dc5ef429f8510965e0835d00,fusion,ONNX-MLIR LLVM,"onnx-mlir version 0.4.2, onnx version 1.21.0 (https://github.com/onnx/onnx-mlir.git 4a13c34aa695b228599d637cdb772c19b4b18dba)",onnx-mlir-llvm,true,,87,100,9071,0.0,0.0,617071e814a1b595551f7e25766c6e164f3c6b62a9aaacc2a1f562cf28fc1f62,289c855a89fe46d4d46998dc20b39cecbc7e3808e348bd41487c0514bd9a661a,true,20271008
fuse-mul-add,2fa842e74a5cfcbf59217c4e1d85f7cf2fd11e09dc5ef429f8510965e0835d00,fusion,ONNX-MLIR LLVM,"onnx-mlir version 0.4.2, onnx version 1.21.0 (https://github.com/onnx/onnx-mlir.git 4a13c34aa695b228599d637cdb772c19b4b18dba)",onnx-mlir-llvm,true,,88,100,9317,0.0,0.0,617071e814a1b595551f7e25766c6e164f3c6b62a9aaacc2a1f562cf28fc1f62,289c855a89fe46d4d46998dc20b39cecbc7e3808e348bd41487c0514bd9a661a,true,20271009
fuse-mul-add,2fa842e74a5cfcbf59217c4e1d85f7cf2fd11e09dc5ef429f8510965e0835d00,fusion,ONNX-MLIR LLVM,"onnx-mlir version 0.4.2, onnx version 1.21.0 (https://github.com/onnx/onnx-mlir.git 4a13c34aa695b228599d637cdb772c19b4b18dba)",onnx-mlir-llvm,true,,89,100,9450,0.0,0.0,617071e814a1b595551f7e25766c6e164f3c6b62a9aaacc2a1f562cf28fc1f62,289c855a89fe46d4d46998dc20b39cecbc7e3808e348bd41487c0514bd9a661a,true,20271010
fuse-mul-add,2fa842e74a5cfcbf59217c4e1d85f7cf2fd11e09dc5ef429f8510965e0835d00,fusion,ONNX-MLIR LLVM,"onnx-mlir version 0.4.2, onnx version 1.21.0 (https://github.com/onnx/onnx-mlir.git 4a13c34aa695b228599d637cdb772c19b4b18dba)",onnx-mlir-llvm,true,,90,100,8837,0.0,0.0,617071e814a1b595551f7e25766c6e164f3c6b62a9aaacc2a1f562cf28fc1f62,289c855a89fe46d4d46998dc20b39cecbc7e3808e348bd41487c0514bd9a661a,true,20271011
fuse-mul-add,2fa842e74a5cfcbf59217c4e1d85f7cf2fd11e09dc5ef429f8510965e0835d00,fusion,ONNX-MLIR LLVM,"onnx-mlir version 0.4.2, onnx version 1.21.0 (https://github.com/onnx/onnx-mlir.git 4a13c34aa695b228599d637cdb772c19b4b18dba)",onnx-mlir-llvm,true,,91,100,8834,0.0,0.0,617071e814a1b595551f7e25766c6e164f3c6b62a9aaacc2a1f562cf28fc1f62,289c855a89fe46d4d46998dc20b39cecbc7e3808e348bd41487c0514bd9a661a,true,20271012
fuse-mul-add,2fa842e74a5cfcbf59217c4e1d85f7cf2fd11e09dc5ef429f8510965e0835d00,fusion,ONNX-MLIR LLVM,"onnx-mlir version 0.4.2, onnx version 1.21.0 (https://github.com/onnx/onnx-mlir.git 4a13c34aa695b228599d637cdb772c19b4b18dba)",onnx-mlir-llvm,true,,92,100,8885,0.0,0.0,617071e814a1b595551f7e25766c6e164f3c6b62a9aaacc2a1f562cf28fc1f62,289c855a89fe46d4d46998dc20b39cecbc7e3808e348bd41487c0514bd9a661a,true,20271013
fuse-mul-add,2fa842e74a5cfcbf59217c4e1d85f7cf2fd11e09dc5ef429f8510965e0835d00,fusion,ONNX-MLIR LLVM,"onnx-mlir version 0.4.2, onnx version 1.21.0 (https://github.com/onnx/onnx-mlir.git 4a13c34aa695b228599d637cdb772c19b4b18dba)",onnx-mlir-llvm,true,,93,100,8828,0.0,0.0,617071e814a1b595551f7e25766c6e164f3c6b62a9aaacc2a1f562cf28fc1f62,289c855a89fe46d4d46998dc20b39cecbc7e3808e348bd41487c0514bd9a661a,true,20271014
fuse-mul-add,2fa842e74a5cfcbf59217c4e1d85f7cf2fd11e09dc5ef429f8510965e0835d00,fusion,ONNX-MLIR LLVM,"onnx-mlir version 0.4.2, onnx version 1.21.0 (https://github.com/onnx/onnx-mlir.git 4a13c34aa695b228599d637cdb772c19b4b18dba)",onnx-mlir-llvm,true,,94,100,8950,0.0,0.0,617071e814a1b595551f7e25766c6e164f3c6b62a9aaacc2a1f562cf28fc1f62,289c855a89fe46d4d46998dc20b39cecbc7e3808e348bd41487c0514bd9a661a,true,20271015
fuse-mul-add,2fa842e74a5cfcbf59217c4e1d85f7cf2fd11e09dc5ef429f8510965e0835d00,fusion,ONNX-MLIR LLVM,"onnx-mlir version 0.4.2, onnx version 1.21.0 (https://github.com/onnx/onnx-mlir.git 4a13c34aa695b228599d637cdb772c19b4b18dba)",onnx-mlir-llvm,true,,95,100,9173,0.0,0.0,617071e814a1b595551f7e25766c6e164f3c6b62a9aaacc2a1f562cf28fc1f62,289c855a89fe46d4d46998dc20b39cecbc7e3808e348bd41487c0514bd9a661a,true,20271016
fuse-mul-add,2fa842e74a5cfcbf59217c4e1d85f7cf2fd11e09dc5ef429f8510965e0835d00,fusion,ONNX-MLIR LLVM,"onnx-mlir version 0.4.2, onnx version 1.21.0 (https://github.com/onnx/onnx-mlir.git 4a13c34aa695b228599d637cdb772c19b4b18dba)",onnx-mlir-llvm,true,,96,100,9337,0.0,0.0,617071e814a1b595551f7e25766c6e164f3c6b62a9aaacc2a1f562cf28fc1f62,289c855a89fe46d4d46998dc20b39cecbc7e3808e348bd41487c0514bd9a661a,true,20271017
fuse-mul-add,2fa842e74a5cfcbf59217c4e1d85f7cf2fd11e09dc5ef429f8510965e0835d00,fusion,ONNX-MLIR LLVM,"onnx-mlir version 0.4.2, onnx version 1.21.0 (https://github.com/onnx/onnx-mlir.git 4a13c34aa695b228599d637cdb772c19b4b18dba)",onnx-mlir-llvm,true,,97,100,9076,0.0,0.0,617071e814a1b595551f7e25766c6e164f3c6b62a9aaacc2a1f562cf28fc1f62,289c855a89fe46d4d46998dc20b39cecbc7e3808e348bd41487c0514bd9a661a,true,20271018
fuse-mul-add,2fa842e74a5cfcbf59217c4e1d85f7cf2fd11e09dc5ef429f8510965e0835d00,fusion,ONNX-MLIR LLVM,"onnx-mlir version 0.4.2, onnx version 1.21.0 (https://github.com/onnx/onnx-mlir.git 4a13c34aa695b228599d637cdb772c19b4b18dba)",onnx-mlir-llvm,true,,98,100,8955,0.0,0.0,617071e814a1b595551f7e25766c6e164f3c6b62a9aaacc2a1f562cf28fc1f62,289c855a89fe46d4d46998dc20b39cecbc7e3808e348bd41487c0514bd9a661a,true,20271019
fuse-mul-add,2fa842e74a5cfcbf59217c4e1d85f7cf2fd11e09dc5ef429f8510965e0835d00,fusion,ONNX-MLIR LLVM,"onnx-mlir version 0.4.2, onnx version 1.21.0 (https://github.com/onnx/onnx-mlir.git 4a13c34aa695b228599d637cdb772c19b4b18dba)",onnx-mlir-llvm,true,,99,100,8943,0.0,0.0,617071e814a1b595551f7e25766c6e164f3c6b62a9aaacc2a1f562cf28fc1f62,289c855a89fe46d4d46998dc20b39cecbc7e3808e348bd41487c0514bd9a661a,true,20271020
ew-select-16k,2fa842e74a5cfcbf59217c4e1d85f7cf2fd11e09dc5ef429f8510965e0835d00,elementwise,ONNX-MLIR LLVM,"onnx-mlir version 0.4.2, onnx version 1.21.0 (https://github.com/onnx/onnx-mlir.git 4a13c34aa695b228599d637cdb772c19b4b18dba)",onnx-mlir-llvm,true,,0,100,19430,0.0,0.0,ac3684bc3a370930a4b381f5b6c23a57a7a37bce5c2d62f8af36cc65a572953b,5399abb3cf456bc285863e9fe2ecd4a97295f9a1385f3a3539c09f2228c6f38e,true,20270921
ew-select-16k,2fa842e74a5cfcbf59217c4e1d85f7cf2fd11e09dc5ef429f8510965e0835d00,elementwise,ONNX-MLIR LLVM,"onnx-mlir version 0.4.2, onnx version 1.21.0 (https://github.com/onnx/onnx-mlir.git 4a13c34aa695b228599d637cdb772c19b4b18dba)",onnx-mlir-llvm,true,,1,100,17898,0.0,0.0,ac3684bc3a370930a4b381f5b6c23a57a7a37bce5c2d62f8af36cc65a572953b,5399abb3cf456bc285863e9fe2ecd4a97295f9a1385f3a3539c09f2228c6f38e,true,20270922
ew-select-16k,2fa842e74a5cfcbf59217c4e1d85f7cf2fd11e09dc5ef429f8510965e0835d00,elementwise,ONNX-MLIR LLVM,"onnx-mlir version 0.4.2, onnx version 1.21.0 (https://github.com/onnx/onnx-mlir.git 4a13c34aa695b228599d637cdb772c19b4b18dba)",onnx-mlir-llvm,true,,2,100,17027,0.0,0.0,ac3684bc3a370930a4b381f5b6c23a57a7a37bce5c2d62f8af36cc65a572953b,5399abb3cf456bc285863e9fe2ecd4a97295f9a1385f3a3539c09f2228c6f38e,true,20270923
ew-select-16k,2fa842e74a5cfcbf59217c4e1d85f7cf2fd11e09dc5ef429f8510965e0835d00,elementwise,ONNX-MLIR LLVM,"onnx-mlir version 0.4.2, onnx version 1.21.0 (https://github.com/onnx/onnx-mlir.git 4a13c34aa695b228599d637cdb772c19b4b18dba)",onnx-mlir-llvm,true,,3,100,14996,0.0,0.0,ac3684bc3a370930a4b381f5b6c23a57a7a37bce5c2d62f8af36cc65a572953b,5399abb3cf456bc285863e9fe2ecd4a97295f9a1385f3a3539c09f2228c6f38e,true,20270924
ew-select-16k,2fa842e74a5cfcbf59217c4e1d85f7cf2fd11e09dc5ef429f8510965e0835d00,elementwise,ONNX-MLIR LLVM,"onnx-mlir version 0.4.2, onnx version 1.21.0 (https://github.com/onnx/onnx-mlir.git 4a13c34aa695b228599d637cdb772c19b4b18dba)",onnx-mlir-llvm,true,,4,100,15159,0.0,0.0,ac3684bc3a370930a4b381f5b6c23a57a7a37bce5c2d62f8af36cc65a572953b,5399abb3cf456bc285863e9fe2ecd4a97295f9a1385f3a3539c09f2228c6f38e,true,20270925
ew-select-16k,2fa842e74a5cfcbf59217c4e1d85f7cf2fd11e09dc5ef429f8510965e0835d00,elementwise,ONNX-MLIR LLVM,"onnx-mlir version 0.4.2, onnx version 1.21.0 (https://github.com/onnx/onnx-mlir.git 4a13c34aa695b228599d637cdb772c19b4b18dba)",onnx-mlir-llvm,true,,5,100,13435,0.0,0.0,ac3684bc3a370930a4b381f5b6c23a57a7a37bce5c2d62f8af36cc65a572953b,5399abb3cf456bc285863e9fe2ecd4a97295f9a1385f3a3539c09f2228c6f38e,true,20270926
ew-select-16k,2fa842e74a5cfcbf59217c4e1d85f7cf2fd11e09dc5ef429f8510965e0835d00,elementwise,ONNX-MLIR LLVM,"onnx-mlir version 0.4.2, onnx version 1.21.0 (https://github.com/onnx/onnx-mlir.git 4a13c34aa695b228599d637cdb772c19b4b18dba)",onnx-mlir-llvm,true,,6,100,12998,0.0,0.0,ac3684bc3a370930a4b381f5b6c23a57a7a37bce5c2d62f8af36cc65a572953b,5399abb3cf456bc285863e9fe2ecd4a97295f9a1385f3a3539c09f2228c6f38e,true,20270927
ew-select-16k,2fa842e74a5cfcbf59217c4e1d85f7cf2fd11e09dc5ef429f8510965e0835d00,elementwise,ONNX-MLIR LLVM,"onnx-mlir version 0.4.2, onnx version 1.21.0 (https://github.com/onnx/onnx-mlir.git 4a13c34aa695b228599d637cdb772c19b4b18dba)",onnx-mlir-llvm,true,,7,100,12914,0.0,0.0,ac3684bc3a370930a4b381f5b6c23a57a7a37bce5c2d62f8af36cc65a572953b,5399abb3cf456bc285863e9fe2ecd4a97295f9a1385f3a3539c09f2228c6f38e,true,20270928
ew-select-16k,2fa842e74a5cfcbf59217c4e1d85f7cf2fd11e09dc5ef429f8510965e0835d00,elementwise,ONNX-MLIR LLVM,"onnx-mlir version 0.4.2, onnx version 1.21.0 (https://github.com/onnx/onnx-mlir.git 4a13c34aa695b228599d637cdb772c19b4b18dba)",onnx-mlir-llvm,true,,8,100,12928,0.0,0.0,ac3684bc3a370930a4b381f5b6c23a57a7a37bce5c2d62f8af36cc65a572953b,5399abb3cf456bc285863e9fe2ecd4a97295f9a1385f3a3539c09f2228c6f38e,true,20270929
ew-select-16k,2fa842e74a5cfcbf59217c4e1d85f7cf2fd11e09dc5ef429f8510965e0835d00,elementwise,ONNX-MLIR LLVM,"onnx-mlir version 0.4.2, onnx version 1.21.0 (https://github.com/onnx/onnx-mlir.git 4a13c34aa695b228599d637cdb772c19b4b18dba)",onnx-mlir-llvm,true,,9,100,12996,0.0,0.0,ac3684bc3a370930a4b381f5b6c23a57a7a37bce5c2d62f8af36cc65a572953b,5399abb3cf456bc285863e9fe2ecd4a97295f9a1385f3a3539c09f2228c6f38e,true,20270930
ew-select-16k,2fa842e74a5cfcbf59217c4e1d85f7cf2fd11e09dc5ef429f8510965e0835d00,elementwise,ONNX-MLIR LLVM,"onnx-mlir version 0.4.2, onnx version 1.21.0 (https://github.com/onnx/onnx-mlir.git 4a13c34aa695b228599d637cdb772c19b4b18dba)",onnx-mlir-llvm,true,,10,100,13008,0.0,0.0,ac3684bc3a370930a4b381f5b6c23a57a7a37bce5c2d62f8af36cc65a572953b,5399abb3cf456bc285863e9fe2ecd4a97295f9a1385f3a3539c09f2228c6f38e,true,20270931
ew-select-16k,2fa842e74a5cfcbf59217c4e1d85f7cf2fd11e09dc5ef429f8510965e0835d00,elementwise,ONNX-MLIR LLVM,"onnx-mlir version 0.4.2, onnx version 1.21.0 (https://github.com/onnx/onnx-mlir.git 4a13c34aa695b228599d637cdb772c19b4b18dba)",onnx-mlir-llvm,true,,11,100,11685,0.0,0.0,ac3684bc3a370930a4b381f5b6c23a57a7a37bce5c2d62f8af36cc65a572953b,5399abb3cf456bc285863e9fe2ecd4a97295f9a1385f3a3539c09f2228c6f38e,true,20270932
ew-select-16k,2fa842e74a5cfcbf59217c4e1d85f7cf2fd11e09dc5ef429f8510965e0835d00,elementwise,ONNX-MLIR LLVM,"onnx-mlir version 0.4.2, onnx version 1.21.0 (https://github.com/onnx/onnx-mlir.git 4a13c34aa695b228599d637cdb772c19b4b18dba)",onnx-mlir-llvm,true,,12,100,11631,0.0,0.0,ac3684bc3a370930a4b381f5b6c23a57a7a37bce5c2d62f8af36cc65a572953b,5399abb3cf456bc285863e9fe2ecd4a97295f9a1385f3a3539c09f2228c6f38e,true,20270933
ew-select-16k,2fa842e74a5cfcbf59217c4e1d85f7cf2fd11e09dc5ef429f8510965e0835d00,elementwise,ONNX-MLIR LLVM,"onnx-mlir version 0.4.2, onnx version 1.21.0 (https://github.com/onnx/onnx-mlir.git 4a13c34aa695b228599d637cdb772c19b4b18dba)",onnx-mlir-llvm,true,,13,100,11448,0.0,0.0,ac3684bc3a370930a4b381f5b6c23a57a7a37bce5c2d62f8af36cc65a572953b,5399abb3cf456bc285863e9fe2ecd4a97295f9a1385f3a3539c09f2228c6f38e,true,20270934
ew-select-16k,2fa842e74a5cfcbf59217c4e1d85f7cf2fd11e09dc5ef429f8510965e0835d00,elementwise,ONNX-MLIR LLVM,"onnx-mlir version 0.4.2, onnx version 1.21.0 (https://github.com/onnx/onnx-mlir.git 4a13c34aa695b228599d637cdb772c19b4b18dba)",onnx-mlir-llvm,true,,14,100,11460,0.0,0.0,ac3684bc3a370930a4b381f5b6c23a57a7a37bce5c2d62f8af36cc65a572953b,5399abb3cf456bc285863e9fe2ecd4a97295f9a1385f3a3539c09f2228c6f38e,true,20270935
ew-select-16k,2fa842e74a5cfcbf59217c4e1d85f7cf2fd11e09dc5ef429f8510965e0835d00,elementwise,ONNX-MLIR LLVM,"onnx-mlir version 0.4.2, onnx version 1.21.0 (https://github.com/onnx/onnx-mlir.git 4a13c34aa695b228599d637cdb772c19b4b18dba)",onnx-mlir-llvm,true,,15,100,11435,0.0,0.0,ac3684bc3a370930a4b381f5b6c23a57a7a37bce5c2d62f8af36cc65a572953b,5399abb3cf456bc285863e9fe2ecd4a97295f9a1385f3a3539c09f2228c6f38e,true,20270936
ew-select-16k,2fa842e74a5cfcbf59217c4e1d85f7cf2fd11e09dc5ef429f8510965e0835d00,elementwise,ONNX-MLIR LLVM,"onnx-mlir version 0.4.2, onnx version 1.21.0 (https://github.com/onnx/onnx-mlir.git 4a13c34aa695b228599d637cdb772c19b4b18dba)",onnx-mlir-llvm,true,,16,100,10687,0.0,0.0,ac3684bc3a370930a4b381f5b6c23a57a7a37bce5c2d62f8af36cc65a572953b,5399abb3cf456bc285863e9fe2ecd4a97295f9a1385f3a3539c09f2228c6f38e,true,20270937
ew-select-16k,2fa842e74a5cfcbf59217c4e1d85f7cf2fd11e09dc5ef429f8510965e0835d00,elementwise,ONNX-MLIR LLVM,"onnx-mlir version 0.4.2, onnx version 1.21.0 (https://github.com/onnx/onnx-mlir.git 4a13c34aa695b228599d637cdb772c19b4b18dba)",onnx-mlir-llvm,true,,17,100,10290,0.0,0.0,ac3684bc3a370930a4b381f5b6c23a57a7a37bce5c2d62f8af36cc65a572953b,5399abb3cf456bc285863e9fe2ecd4a97295f9a1385f3a3539c09f2228c6f38e,true,20270938
ew-select-16k,2fa842e74a5cfcbf59217c4e1d85f7cf2fd11e09dc5ef429f8510965e0835d00,elementwise,ONNX-MLIR LLVM,"onnx-mlir version 0.4.2, onnx version 1.21.0 (https://github.com/onnx/onnx-mlir.git 4a13c34aa695b228599d637cdb772c19b4b18dba)",onnx-mlir-llvm,true,,18,100,10280,0.0,0.0,ac3684bc3a370930a4b381f5b6c23a57a7a37bce5c2d62f8af36cc65a572953b,5399abb3cf456bc285863e9fe2ecd4a97295f9a1385f3a3539c09f2228c6f38e,true,20270939
ew-select-16k,2fa842e74a5cfcbf59217c4e1d85f7cf2fd11e09dc5ef429f8510965e0835d00,elementwise,ONNX-MLIR LLVM,"onnx-mlir version 0.4.2, onnx version 1.21.0 (https://github.com/onnx/onnx-mlir.git 4a13c34aa695b228599d637cdb772c19b4b18dba)",onnx-mlir-llvm,true,,19,100,10318,0.0,0.0,ac3684bc3a370930a4b381f5b6c23a57a7a37bce5c2d62f8af36cc65a572953b,5399abb3cf456bc285863e9fe2ecd4a97295f9a1385f3a3539c09f2228c6f38e,true,20270940
ew-select-16k,2fa842e74a5cfcbf59217c4e1d85f7cf2fd11e09dc5ef429f8510965e0835d00,elementwise,ONNX-MLIR LLVM,"onnx-mlir version 0.4.2, onnx version 1.21.0 (https://github.com/onnx/onnx-mlir.git 4a13c34aa695b228599d637cdb772c19b4b18dba)",onnx-mlir-llvm,true,,20,100,10284,0.0,0.0,ac3684bc3a370930a4b381f5b6c23a57a7a37bce5c2d62f8af36cc65a572953b,5399abb3cf456bc285863e9fe2ecd4a97295f9a1385f3a3539c09f2228c6f38e,true,20270941
ew-select-16k,2fa842e74a5cfcbf59217c4e1d85f7cf2fd11e09dc5ef429f8510965e0835d00,elementwise,ONNX-MLIR LLVM,"onnx-mlir version 0.4.2, onnx version 1.21.0 (https://github.com/onnx/onnx-mlir.git 4a13c34aa695b228599d637cdb772c19b4b18dba)",onnx-mlir-llvm,true,,21,100,11207,0.0,0.0,ac3684bc3a370930a4b381f5b6c23a57a7a37bce5c2d62f8af36cc65a572953b,5399abb3cf456bc285863e9fe2ecd4a97295f9a1385f3a3539c09f2228c6f38e,true,20270942
ew-select-16k,2fa842e74a5cfcbf59217c4e1d85f7cf2fd11e09dc5ef429f8510965e0835d00,elementwise,ONNX-MLIR LLVM,"onnx-mlir version 0.4.2, onnx version 1.21.0 (https://github.com/onnx/onnx-mlir.git 4a13c34aa695b228599d637cdb772c19b4b18dba)",onnx-mlir-llvm,true,,22,100,9559,0.0,0.0,ac3684bc3a370930a4b381f5b6c23a57a7a37bce5c2d62f8af36cc65a572953b,5399abb3cf456bc285863e9fe2ecd4a97295f9a1385f3a3539c09f2228c6f38e,true,20270943
ew-select-16k,2fa842e74a5cfcbf59217c4e1d85f7cf2fd11e09dc5ef429f8510965e0835d00,elementwise,ONNX-MLIR LLVM,"onnx-mlir version 0.4.2, onnx version 1.21.0 (https://github.com/onnx/onnx-mlir.git 4a13c34aa695b228599d637cdb772c19b4b18dba)",onnx-mlir-llvm,true,,23,100,9617,0.0,0.0,ac3684bc3a370930a4b381f5b6c23a57a7a37bce5c2d62f8af36cc65a572953b,5399abb3cf456bc285863e9fe2ecd4a97295f9a1385f3a3539c09f2228c6f38e,true,20270944
ew-select-16k,2fa842e74a5cfcbf59217c4e1d85f7cf2fd11e09dc5ef429f8510965e0835d00,elementwise,ONNX-MLIR LLVM,"onnx-mlir version 0.4.2, onnx version 1.21.0 (https://github.com/onnx/onnx-mlir.git 4a13c34aa695b228599d637cdb772c19b4b18dba)",onnx-mlir-llvm,true,,24,100,9981,0.0,0.0,ac3684bc3a370930a4b381f5b6c23a57a7a37bce5c2d62f8af36cc65a572953b,5399abb3cf456bc285863e9fe2ecd4a97295f9a1385f3a3539c09f2228c6f38e,true,20270945
ew-select-16k,2fa842e74a5cfcbf59217c4e1d85f7cf2fd11e09dc5ef429f8510965e0835d00,elementwise,ONNX-MLIR LLVM,"onnx-mlir version 0.4.2, onnx version 1.21.0 (https://github.com/onnx/onnx-mlir.git 4a13c34aa695b228599d637cdb772c19b4b18dba)",onnx-mlir-llvm,true,,25,100,10445,0.0,0.0,ac3684bc3a370930a4b381f5b6c23a57a7a37bce5c2d62f8af36cc65a572953b,5399abb3cf456bc285863e9fe2ecd4a97295f9a1385f3a3539c09f2228c6f38e,true,20270946
ew-select-16k,2fa842e74a5cfcbf59217c4e1d85f7cf2fd11e09dc5ef429f8510965e0835d00,elementwise,ONNX-MLIR LLVM,"onnx-mlir version 0.4.2, onnx version 1.21.0 (https://github.com/onnx/onnx-mlir.git 4a13c34aa695b228599d637cdb772c19b4b18dba)",onnx-mlir-llvm,true,,26,100,9605,0.0,0.0,ac3684bc3a370930a4b381f5b6c23a57a7a37bce5c2d62f8af36cc65a572953b,5399abb3cf456bc285863e9fe2ecd4a97295f9a1385f3a3539c09f2228c6f38e,true,20270947
ew-select-16k,2fa842e74a5cfcbf59217c4e1d85f7cf2fd11e09dc5ef429f8510965e0835d00,elementwise,ONNX-MLIR LLVM,"onnx-mlir version 0.4.2, onnx version 1.21.0 (https://github.com/onnx/onnx-mlir.git 4a13c34aa695b228599d637cdb772c19b4b18dba)",onnx-mlir-llvm,true,,27,100,9376,0.0,0.0,ac3684bc3a370930a4b381f5b6c23a57a7a37bce5c2d62f8af36cc65a572953b,5399abb3cf456bc285863e9fe2ecd4a97295f9a1385f3a3539c09f2228c6f38e,true,20270948
ew-select-16k,2fa842e74a5cfcbf59217c4e1d85f7cf2fd11e09dc5ef429f8510965e0835d00,elementwise,ONNX-MLIR LLVM,"onnx-mlir version 0.4.2, onnx version 1.21.0 (https://github.com/onnx/onnx-mlir.git 4a13c34aa695b228599d637cdb772c19b4b18dba)",onnx-mlir-llvm,true,,28,100,8812,0.0,0.0,ac3684bc3a370930a4b381f5b6c23a57a7a37bce5c2d62f8af36cc65a572953b,5399abb3cf456bc285863e9fe2ecd4a97295f9a1385f3a3539c09f2228c6f38e,true,20270949
ew-select-16k,2fa842e74a5cfcbf59217c4e1d85f7cf2fd11e09dc5ef429f8510965e0835d00,elementwise,ONNX-MLIR LLVM,"onnx-mlir version 0.4.2, onnx version 1.21.0 (https://github.com/onnx/onnx-mlir.git 4a13c34aa695b228599d637cdb772c19b4b18dba)",onnx-mlir-llvm,true,,29,100,8965,0.0,0.0,ac3684bc3a370930a4b381f5b6c23a57a7a37bce5c2d62f8af36cc65a572953b,5399abb3cf456bc285863e9fe2ecd4a97295f9a1385f3a3539c09f2228c6f38e,true,20270950
ew-select-16k,2fa842e74a5cfcbf59217c4e1d85f7cf2fd11e09dc5ef429f8510965e0835d00,elementwise,ONNX-MLIR LLVM,"onnx-mlir version 0.4.2, onnx version 1.21.0 (https://github.com/onnx/onnx-mlir.git 4a13c34aa695b228599d637cdb772c19b4b18dba)",onnx-mlir-llvm,true,,30,100,8795,0.0,0.0,ac3684bc3a370930a4b381f5b6c23a57a7a37bce5c2d62f8af36cc65a572953b,5399abb3cf456bc285863e9fe2ecd4a97295f9a1385f3a3539c09f2228c6f38e,true,20270951
ew-select-16k,2fa842e74a5cfcbf59217c4e1d85f7cf2fd11e09dc5ef429f8510965e0835d00,elementwise,ONNX-MLIR LLVM,"onnx-mlir version 0.4.2, onnx version 1.21.0 (https://github.com/onnx/onnx-mlir.git 4a13c34aa695b228599d637cdb772c19b4b18dba)",onnx-mlir-llvm,true,,31,100,8894,0.0,0.0,ac3684bc3a370930a4b381f5b6c23a57a7a37bce5c2d62f8af36cc65a572953b,5399abb3cf456bc285863e9fe2ecd4a97295f9a1385f3a3539c09f2228c6f38e,true,20270952
ew-select-16k,2fa842e74a5cfcbf59217c4e1d85f7cf2fd11e09dc5ef429f8510965e0835d00,elementwise,ONNX-MLIR LLVM,"onnx-mlir version 0.4.2, onnx version 1.21.0 (https://github.com/onnx/onnx-mlir.git 4a13c34aa695b228599d637cdb772c19b4b18dba)",onnx-mlir-llvm,true,,32,100,8790,0.0,0.0,ac3684bc3a370930a4b381f5b6c23a57a7a37bce5c2d62f8af36cc65a572953b,5399abb3cf456bc285863e9fe2ecd4a97295f9a1385f3a3539c09f2228c6f38e,true,20270953
ew-select-16k,2fa842e74a5cfcbf59217c4e1d85f7cf2fd11e09dc5ef429f8510965e0835d00,elementwise,ONNX-MLIR LLVM,"onnx-mlir version 0.4.2, onnx version 1.21.0 (https://github.com/onnx/onnx-mlir.git 4a13c34aa695b228599d637cdb772c19b4b18dba)",onnx-mlir-llvm,true,,33,100,8817,0.0,0.0,ac3684bc3a370930a4b381f5b6c23a57a7a37bce5c2d62f8af36cc65a572953b,5399abb3cf456bc285863e9fe2ecd4a97295f9a1385f3a3539c09f2228c6f38e,true,20270954
ew-select-16k,2fa842e74a5cfcbf59217c4e1d85f7cf2fd11e09dc5ef429f8510965e0835d00,elementwise,ONNX-MLIR LLVM,"onnx-mlir version 0.4.2, onnx version 1.21.0 (https://github.com/onnx/onnx-mlir.git 4a13c34aa695b228599d637cdb772c19b4b18dba)",onnx-mlir-llvm,true,,34,100,8590,0.0,0.0,ac3684bc3a370930a4b381f5b6c23a57a7a37bce5c2d62f8af36cc65a572953b,5399abb3cf456bc285863e9fe2ecd4a97295f9a1385f3a3539c09f2228c6f38e,true,20270955
ew-select-16k,2fa842e74a5cfcbf59217c4e1d85f7cf2fd11e09dc5ef429f8510965e0835d00,elementwise,ONNX-MLIR LLVM,"onnx-mlir version 0.4.2, onnx version 1.21.0 (https://github.com/onnx/onnx-mlir.git 4a13c34aa695b228599d637cdb772c19b4b18dba)",onnx-mlir-llvm,true,,35,100,8265,0.0,0.0,ac3684bc3a370930a4b381f5b6c23a57a7a37bce5c2d62f8af36cc65a572953b,5399abb3cf456bc285863e9fe2ecd4a97295f9a1385f3a3539c09f2228c6f38e,true,20270956
ew-select-16k,2fa842e74a5cfcbf59217c4e1d85f7cf2fd11e09dc5ef429f8510965e0835d00,elementwise,ONNX-MLIR LLVM,"onnx-mlir version 0.4.2, onnx version 1.21.0 (https://github.com/onnx/onnx-mlir.git 4a13c34aa695b228599d637cdb772c19b4b18dba)",onnx-mlir-llvm,true,,36,100,8264,0.0,0.0,ac3684bc3a370930a4b381f5b6c23a57a7a37bce5c2d62f8af36cc65a572953b,5399abb3cf456bc285863e9fe2ecd4a97295f9a1385f3a3539c09f2228c6f38e,true,20270957
ew-select-16k,2fa842e74a5cfcbf59217c4e1d85f7cf2fd11e09dc5ef429f8510965e0835d00,elementwise,ONNX-MLIR LLVM,"onnx-mlir version 0.4.2, onnx version 1.21.0 (https://github.com/onnx/onnx-mlir.git 4a13c34aa695b228599d637cdb772c19b4b18dba)",onnx-mlir-llvm,true,,37,100,9091,0.0,0.0,ac3684bc3a370930a4b381f5b6c23a57a7a37bce5c2d62f8af36cc65a572953b,5399abb3cf456bc285863e9fe2ecd4a97295f9a1385f3a3539c09f2228c6f38e,true,20270958
ew-select-16k,2fa842e74a5cfcbf59217c4e1d85f7cf2fd11e09dc5ef429f8510965e0835d00,elementwise,ONNX-MLIR LLVM,"onnx-mlir version 0.4.2, onnx version 1.21.0 (https://github.com/onnx/onnx-mlir.git 4a13c34aa695b228599d637cdb772c19b4b18dba)",onnx-mlir-llvm,true,,38,100,8347,0.0,0.0,ac3684bc3a370930a4b381f5b6c23a57a7a37bce5c2d62f8af36cc65a572953b,5399abb3cf456bc285863e9fe2ecd4a97295f9a1385f3a3539c09f2228c6f38e,true,20270959
ew-select-16k,2fa842e74a5cfcbf59217c4e1d85f7cf2fd11e09dc5ef429f8510965e0835d00,elementwise,ONNX-MLIR LLVM,"onnx-mlir version 0.4.2, onnx version 1.21.0 (https://github.com/onnx/onnx-mlir.git 4a13c34aa695b228599d637cdb772c19b4b18dba)",onnx-mlir-llvm,true,,39,100,8632,0.0,0.0,ac3684bc3a370930a4b381f5b6c23a57a7a37bce5c2d62f8af36cc65a572953b,5399abb3cf456bc285863e9fe2ecd4a97295f9a1385f3a3539c09f2228c6f38e,true,20270960
ew-select-16k,2fa842e74a5cfcbf59217c4e1d85f7cf2fd11e09dc5ef429f8510965e0835d00,elementwise,ONNX-MLIR LLVM,"onnx-mlir version 0.4.2, onnx version 1.21.0 (https://github.com/onnx/onnx-mlir.git 4a13c34aa695b228599d637cdb772c19b4b18dba)",onnx-mlir-llvm,true,,40,100,8282,0.0,0.0,ac3684bc3a370930a4b381f5b6c23a57a7a37bce5c2d62f8af36cc65a572953b,5399abb3cf456bc285863e9fe2ecd4a97295f9a1385f3a3539c09f2228c6f38e,true,20270961
ew-select-16k,2fa842e74a5cfcbf59217c4e1d85f7cf2fd11e09dc5ef429f8510965e0835d00,elementwise,ONNX-MLIR LLVM,"onnx-mlir version 0.4.2, onnx version 1.21.0 (https://github.com/onnx/onnx-mlir.git 4a13c34aa695b228599d637cdb772c19b4b18dba)",onnx-mlir-llvm,true,,41,100,8133,0.0,0.0,ac3684bc3a370930a4b381f5b6c23a57a7a37bce5c2d62f8af36cc65a572953b,5399abb3cf456bc285863e9fe2ecd4a97295f9a1385f3a3539c09f2228c6f38e,true,20270962
ew-select-16k,2fa842e74a5cfcbf59217c4e1d85f7cf2fd11e09dc5ef429f8510965e0835d00,elementwise,ONNX-MLIR LLVM,"onnx-mlir version 0.4.2, onnx version 1.21.0 (https://github.com/onnx/onnx-mlir.git 4a13c34aa695b228599d637cdb772c19b4b18dba)",onnx-mlir-llvm,true,,42,100,7901,0.0,0.0,ac3684bc3a370930a4b381f5b6c23a57a7a37bce5c2d62f8af36cc65a572953b,5399abb3cf456bc285863e9fe2ecd4a97295f9a1385f3a3539c09f2228c6f38e,true,20270963
ew-select-16k,2fa842e74a5cfcbf59217c4e1d85f7cf2fd11e09dc5ef429f8510965e0835d00,elementwise,ONNX-MLIR LLVM,"onnx-mlir version 0.4.2, onnx version 1.21.0 (https://github.com/onnx/onnx-mlir.git 4a13c34aa695b228599d637cdb772c19b4b18dba)",onnx-mlir-llvm,true,,43,100,7891,0.0,0.0,ac3684bc3a370930a4b381f5b6c23a57a7a37bce5c2d62f8af36cc65a572953b,5399abb3cf456bc285863e9fe2ecd4a97295f9a1385f3a3539c09f2228c6f38e,true,20270964
ew-select-16k,2fa842e74a5cfcbf59217c4e1d85f7cf2fd11e09dc5ef429f8510965e0835d00,elementwise,ONNX-MLIR LLVM,"onnx-mlir version 0.4.2, onnx version 1.21.0 (https://github.com/onnx/onnx-mlir.git 4a13c34aa695b228599d637cdb772c19b4b18dba)",onnx-mlir-llvm,true,,44,100,7980,0.0,0.0,ac3684bc3a370930a4b381f5b6c23a57a7a37bce5c2d62f8af36cc65a572953b,5399abb3cf456bc285863e9fe2ecd4a97295f9a1385f3a3539c09f2228c6f38e,true,20270965
ew-select-16k,2fa842e74a5cfcbf59217c4e1d85f7cf2fd11e09dc5ef429f8510965e0835d00,elementwise,ONNX-MLIR LLVM,"onnx-mlir version 0.4.2, onnx version 1.21.0 (https://github.com/onnx/onnx-mlir.git 4a13c34aa695b228599d637cdb772c19b4b18dba)",onnx-mlir-llvm,true,,45,100,8127,0.0,0.0,ac3684bc3a370930a4b381f5b6c23a57a7a37bce5c2d62f8af36cc65a572953b,5399abb3cf456bc285863e9fe2ecd4a97295f9a1385f3a3539c09f2228c6f38e,true,20270966
ew-select-16k,2fa842e74a5cfcbf59217c4e1d85f7cf2fd11e09dc5ef429f8510965e0835d00,elementwise,ONNX-MLIR LLVM,"onnx-mlir version 0.4.2, onnx version 1.21.0 (https://github.com/onnx/onnx-mlir.git 4a13c34aa695b228599d637cdb772c19b4b18dba)",onnx-mlir-llvm,true,,46,100,8064,0.0,0.0,ac3684bc3a370930a4b381f5b6c23a57a7a37bce5c2d62f8af36cc65a572953b,5399abb3cf456bc285863e9fe2ecd4a97295f9a1385f3a3539c09f2228c6f38e,true,20270967
ew-select-16k,2fa842e74a5cfcbf59217c4e1d85f7cf2fd11e09dc5ef429f8510965e0835d00,elementwise,ONNX-MLIR LLVM,"onnx-mlir version 0.4.2, onnx version 1.21.0 (https://github.com/onnx/onnx-mlir.git 4a13c34aa695b228599d637cdb772c19b4b18dba)",onnx-mlir-llvm,true,,47,100,7905,0.0,0.0,ac3684bc3a370930a4b381f5b6c23a57a7a37bce5c2d62f8af36cc65a572953b,5399abb3cf456bc285863e9fe2ecd4a97295f9a1385f3a3539c09f2228c6f38e,true,20270968
ew-select-16k,2fa842e74a5cfcbf59217c4e1d85f7cf2fd11e09dc5ef429f8510965e0835d00,elementwise,ONNX-MLIR LLVM,"onnx-mlir version 0.4.2, onnx version 1.21.0 (https://github.com/onnx/onnx-mlir.git 4a13c34aa695b228599d637cdb772c19b4b18dba)",onnx-mlir-llvm,true,,48,100,7931,0.0,0.0,ac3684bc3a370930a4b381f5b6c23a57a7a37bce5c2d62f8af36cc65a572953b,5399abb3cf456bc285863e9fe2ecd4a97295f9a1385f3a3539c09f2228c6f38e,true,20270969
ew-select-16k,2fa842e74a5cfcbf59217c4e1d85f7cf2fd11e09dc5ef429f8510965e0835d00,elementwise,ONNX-MLIR LLVM,"onnx-mlir version 0.4.2, onnx version 1.21.0 (https://github.com/onnx/onnx-mlir.git 4a13c34aa695b228599d637cdb772c19b4b18dba)",onnx-mlir-llvm,true,,49,100,7561,0.0,0.0,ac3684bc3a370930a4b381f5b6c23a57a7a37bce5c2d62f8af36cc65a572953b,5399abb3cf456bc285863e9fe2ecd4a97295f9a1385f3a3539c09f2228c6f38e,true,20270970
ew-select-16k,2fa842e74a5cfcbf59217c4e1d85f7cf2fd11e09dc5ef429f8510965e0835d00,elementwise,ONNX-MLIR LLVM,"onnx-mlir version 0.4.2, onnx version 1.21.0 (https://github.com/onnx/onnx-mlir.git 4a13c34aa695b228599d637cdb772c19b4b18dba)",onnx-mlir-llvm,true,,50,100,7527,0.0,0.0,ac3684bc3a370930a4b381f5b6c23a57a7a37bce5c2d62f8af36cc65a572953b,5399abb3cf456bc285863e9fe2ecd4a97295f9a1385f3a3539c09f2228c6f38e,true,20270971
ew-select-16k,2fa842e74a5cfcbf59217c4e1d85f7cf2fd11e09dc5ef429f8510965e0835d00,elementwise,ONNX-MLIR LLVM,"onnx-mlir version 0.4.2, onnx version 1.21.0 (https://github.com/onnx/onnx-mlir.git 4a13c34aa695b228599d637cdb772c19b4b18dba)",onnx-mlir-llvm,true,,51,100,7531,0.0,0.0,ac3684bc3a370930a4b381f5b6c23a57a7a37bce5c2d62f8af36cc65a572953b,5399abb3cf456bc285863e9fe2ecd4a97295f9a1385f3a3539c09f2228c6f38e,true,20270972
ew-select-16k,2fa842e74a5cfcbf59217c4e1d85f7cf2fd11e09dc5ef429f8510965e0835d00,elementwise,ONNX-MLIR LLVM,"onnx-mlir version 0.4.2, onnx version 1.21.0 (https://github.com/onnx/onnx-mlir.git 4a13c34aa695b228599d637cdb772c19b4b18dba)",onnx-mlir-llvm,true,,52,100,7680,0.0,0.0,ac3684bc3a370930a4b381f5b6c23a57a7a37bce5c2d62f8af36cc65a572953b,5399abb3cf456bc285863e9fe2ecd4a97295f9a1385f3a3539c09f2228c6f38e,true,20270973
ew-select-16k,2fa842e74a5cfcbf59217c4e1d85f7cf2fd11e09dc5ef429f8510965e0835d00,elementwise,ONNX-MLIR LLVM,"onnx-mlir version 0.4.2, onnx version 1.21.0 (https://github.com/onnx/onnx-mlir.git 4a13c34aa695b228599d637cdb772c19b4b18dba)",onnx-mlir-llvm,true,,53,100,7634,0.0,0.0,ac3684bc3a370930a4b381f5b6c23a57a7a37bce5c2d62f8af36cc65a572953b,5399abb3cf456bc285863e9fe2ecd4a97295f9a1385f3a3539c09f2228c6f38e,true,20270974
ew-select-16k,2fa842e74a5cfcbf59217c4e1d85f7cf2fd11e09dc5ef429f8510965e0835d00,elementwise,ONNX-MLIR LLVM,"onnx-mlir version 0.4.2, onnx version 1.21.0 (https://github.com/onnx/onnx-mlir.git 4a13c34aa695b228599d637cdb772c19b4b18dba)",onnx-mlir-llvm,true,,54,100,7532,0.0,0.0,ac3684bc3a370930a4b381f5b6c23a57a7a37bce5c2d62f8af36cc65a572953b,5399abb3cf456bc285863e9fe2ecd4a97295f9a1385f3a3539c09f2228c6f38e,true,20270975
ew-select-16k,2fa842e74a5cfcbf59217c4e1d85f7cf2fd11e09dc5ef429f8510965e0835d00,elementwise,ONNX-MLIR LLVM,"onnx-mlir version 0.4.2, onnx version 1.21.0 (https://github.com/onnx/onnx-mlir.git 4a13c34aa695b228599d637cdb772c19b4b18dba)",onnx-mlir-llvm,true,,55,100,7539,0.0,0.0,ac3684bc3a370930a4b381f5b6c23a57a7a37bce5c2d62f8af36cc65a572953b,5399abb3cf456bc285863e9fe2ecd4a97295f9a1385f3a3539c09f2228c6f38e,true,20270976
ew-select-16k,2fa842e74a5cfcbf59217c4e1d85f7cf2fd11e09dc5ef429f8510965e0835d00,elementwise,ONNX-MLIR LLVM,"onnx-mlir version 0.4.2, onnx version 1.21.0 (https://github.com/onnx/onnx-mlir.git 4a13c34aa695b228599d637cdb772c19b4b18dba)",onnx-mlir-llvm,true,,56,100,7487,0.0,0.0,ac3684bc3a370930a4b381f5b6c23a57a7a37bce5c2d62f8af36cc65a572953b,5399abb3cf456bc285863e9fe2ecd4a97295f9a1385f3a3539c09f2228c6f38e,true,20270977
ew-select-16k,2fa842e74a5cfcbf59217c4e1d85f7cf2fd11e09dc5ef429f8510965e0835d00,elementwise,ONNX-MLIR LLVM,"onnx-mlir version 0.4.2, onnx version 1.21.0 (https://github.com/onnx/onnx-mlir.git 4a13c34aa695b228599d637cdb772c19b4b18dba)",onnx-mlir-llvm,true,,57,100,7425,0.0,0.0,ac3684bc3a370930a4b381f5b6c23a57a7a37bce5c2d62f8af36cc65a572953b,5399abb3cf456bc285863e9fe2ecd4a97295f9a1385f3a3539c09f2228c6f38e,true,20270978
ew-select-16k,2fa842e74a5cfcbf59217c4e1d85f7cf2fd11e09dc5ef429f8510965e0835d00,elementwise,ONNX-MLIR LLVM,"onnx-mlir version 0.4.2, onnx version 1.21.0 (https://github.com/onnx/onnx-mlir.git 4a13c34aa695b228599d637cdb772c19b4b18dba)",onnx-mlir-llvm,true,,58,100,7221,0.0,0.0,ac3684bc3a370930a4b381f5b6c23a57a7a37bce5c2d62f8af36cc65a572953b,5399abb3cf456bc285863e9fe2ecd4a97295f9a1385f3a3539c09f2228c6f38e,true,20270979
ew-select-16k,2fa842e74a5cfcbf59217c4e1d85f7cf2fd11e09dc5ef429f8510965e0835d00,elementwise,ONNX-MLIR LLVM,"onnx-mlir version 0.4.2, onnx version 1.21.0 (https://github.com/onnx/onnx-mlir.git 4a13c34aa695b228599d637cdb772c19b4b18dba)",onnx-mlir-llvm,true,,59,100,7255,0.0,0.0,ac3684bc3a370930a4b381f5b6c23a57a7a37bce5c2d62f8af36cc65a572953b,5399abb3cf456bc285863e9fe2ecd4a97295f9a1385f3a3539c09f2228c6f38e,true,20270980
ew-select-16k,2fa842e74a5cfcbf59217c4e1d85f7cf2fd11e09dc5ef429f8510965e0835d00,elementwise,ONNX-MLIR LLVM,"onnx-mlir version 0.4.2, onnx version 1.21.0 (https://github.com/onnx/onnx-mlir.git 4a13c34aa695b228599d637cdb772c19b4b18dba)",onnx-mlir-llvm,true,,60,100,7234,0.0,0.0,ac3684bc3a370930a4b381f5b6c23a57a7a37bce5c2d62f8af36cc65a572953b,5399abb3cf456bc285863e9fe2ecd4a97295f9a1385f3a3539c09f2228c6f38e,true,20270981
ew-select-16k,2fa842e74a5cfcbf59217c4e1d85f7cf2fd11e09dc5ef429f8510965e0835d00,elementwise,ONNX-MLIR LLVM,"onnx-mlir version 0.4.2, onnx version 1.21.0 (https://github.com/onnx/onnx-mlir.git 4a13c34aa695b228599d637cdb772c19b4b18dba)",onnx-mlir-llvm,true,,61,100,7324,0.0,0.0,ac3684bc3a370930a4b381f5b6c23a57a7a37bce5c2d62f8af36cc65a572953b,5399abb3cf456bc285863e9fe2ecd4a97295f9a1385f3a3539c09f2228c6f38e,true,20270982
ew-select-16k,2fa842e74a5cfcbf59217c4e1d85f7cf2fd11e09dc5ef429f8510965e0835d00,elementwise,ONNX-MLIR LLVM,"onnx-mlir version 0.4.2, onnx version 1.21.0 (https://github.com/onnx/onnx-mlir.git 4a13c34aa695b228599d637cdb772c19b4b18dba)",onnx-mlir-llvm,true,,62,100,7254,0.0,0.0,ac3684bc3a370930a4b381f5b6c23a57a7a37bce5c2d62f8af36cc65a572953b,5399abb3cf456bc285863e9fe2ecd4a97295f9a1385f3a3539c09f2228c6f38e,true,20270983
ew-select-16k,2fa842e74a5cfcbf59217c4e1d85f7cf2fd11e09dc5ef429f8510965e0835d00,elementwise,ONNX-MLIR LLVM,"onnx-mlir version 0.4.2, onnx version 1.21.0 (https://github.com/onnx/onnx-mlir.git 4a13c34aa695b228599d637cdb772c19b4b18dba)",onnx-mlir-llvm,true,,63,100,7205,0.0,0.0,ac3684bc3a370930a4b381f5b6c23a57a7a37bce5c2d62f8af36cc65a572953b,5399abb3cf456bc285863e9fe2ecd4a97295f9a1385f3a3539c09f2228c6f38e,true,20270984
ew-select-16k,2fa842e74a5cfcbf59217c4e1d85f7cf2fd11e09dc5ef429f8510965e0835d00,elementwise,ONNX-MLIR LLVM,"onnx-mlir version 0.4.2, onnx version 1.21.0 (https://github.com/onnx/onnx-mlir.git 4a13c34aa695b228599d637cdb772c19b4b18dba)",onnx-mlir-llvm,true,,64,100,7231,0.0,0.0,ac3684bc3a370930a4b381f5b6c23a57a7a37bce5c2d62f8af36cc65a572953b,5399abb3cf456bc285863e9fe2ecd4a97295f9a1385f3a3539c09f2228c6f38e,true,20270985
ew-select-16k,2fa842e74a5cfcbf59217c4e1d85f7cf2fd11e09dc5ef429f8510965e0835d00,elementwise,ONNX-MLIR LLVM,"onnx-mlir version 0.4.2, onnx version 1.21.0 (https://github.com/onnx/onnx-mlir.git 4a13c34aa695b228599d637cdb772c19b4b18dba)",onnx-mlir-llvm,true,,65,100,6967,0.0,0.0,ac3684bc3a370930a4b381f5b6c23a57a7a37bce5c2d62f8af36cc65a572953b,5399abb3cf456bc285863e9fe2ecd4a97295f9a1385f3a3539c09f2228c6f38e,true,20270986
ew-select-16k,2fa842e74a5cfcbf59217c4e1d85f7cf2fd11e09dc5ef429f8510965e0835d00,elementwise,ONNX-MLIR LLVM,"onnx-mlir version 0.4.2, onnx version 1.21.0 (https://github.com/onnx/onnx-mlir.git 4a13c34aa695b228599d637cdb772c19b4b18dba)",onnx-mlir-llvm,true,,66,100,7042,0.0,0.0,ac3684bc3a370930a4b381f5b6c23a57a7a37bce5c2d62f8af36cc65a572953b,5399abb3cf456bc285863e9fe2ecd4a97295f9a1385f3a3539c09f2228c6f38e,true,20270987
ew-select-16k,2fa842e74a5cfcbf59217c4e1d85f7cf2fd11e09dc5ef429f8510965e0835d00,elementwise,ONNX-MLIR LLVM,"onnx-mlir version 0.4.2, onnx version 1.21.0 (https://github.com/onnx/onnx-mlir.git 4a13c34aa695b228599d637cdb772c19b4b18dba)",onnx-mlir-llvm,true,,67,100,7160,0.0,0.0,ac3684bc3a370930a4b381f5b6c23a57a7a37bce5c2d62f8af36cc65a572953b,5399abb3cf456bc285863e9fe2ecd4a97295f9a1385f3a3539c09f2228c6f38e,true,20270988
ew-select-16k,2fa842e74a5cfcbf59217c4e1d85f7cf2fd11e09dc5ef429f8510965e0835d00,elementwise,ONNX-MLIR LLVM,"onnx-mlir version 0.4.2, onnx version 1.21.0 (https://github.com/onnx/onnx-mlir.git 4a13c34aa695b228599d637cdb772c19b4b18dba)",onnx-mlir-llvm,true,,68,100,6969,0.0,0.0,ac3684bc3a370930a4b381f5b6c23a57a7a37bce5c2d62f8af36cc65a572953b,5399abb3cf456bc285863e9fe2ecd4a97295f9a1385f3a3539c09f2228c6f38e,true,20270989
ew-select-16k,2fa842e74a5cfcbf59217c4e1d85f7cf2fd11e09dc5ef429f8510965e0835d00,elementwise,ONNX-MLIR LLVM,"onnx-mlir version 0.4.2, onnx version 1.21.0 (https://github.com/onnx/onnx-mlir.git 4a13c34aa695b228599d637cdb772c19b4b18dba)",onnx-mlir-llvm,true,,69,100,7151,0.0,0.0,ac3684bc3a370930a4b381f5b6c23a57a7a37bce5c2d62f8af36cc65a572953b,5399abb3cf456bc285863e9fe2ecd4a97295f9a1385f3a3539c09f2228c6f38e,true,20270990
ew-select-16k,2fa842e74a5cfcbf59217c4e1d85f7cf2fd11e09dc5ef429f8510965e0835d00,elementwise,ONNX-MLIR LLVM,"onnx-mlir version 0.4.2, onnx version 1.21.0 (https://github.com/onnx/onnx-mlir.git 4a13c34aa695b228599d637cdb772c19b4b18dba)",onnx-mlir-llvm,true,,70,100,6959,0.0,0.0,ac3684bc3a370930a4b381f5b6c23a57a7a37bce5c2d62f8af36cc65a572953b,5399abb3cf456bc285863e9fe2ecd4a97295f9a1385f3a3539c09f2228c6f38e,true,20270991
ew-select-16k,2fa842e74a5cfcbf59217c4e1d85f7cf2fd11e09dc5ef429f8510965e0835d00,elementwise,ONNX-MLIR LLVM,"onnx-mlir version 0.4.2, onnx version 1.21.0 (https://github.com/onnx/onnx-mlir.git 4a13c34aa695b228599d637cdb772c19b4b18dba)",onnx-mlir-llvm,true,,71,100,7010,0.0,0.0,ac3684bc3a370930a4b381f5b6c23a57a7a37bce5c2d62f8af36cc65a572953b,5399abb3cf456bc285863e9fe2ecd4a97295f9a1385f3a3539c09f2228c6f38e,true,20270992
ew-select-16k,2fa842e74a5cfcbf59217c4e1d85f7cf2fd11e09dc5ef429f8510965e0835d00,elementwise,ONNX-MLIR LLVM,"onnx-mlir version 0.4.2, onnx version 1.21.0 (https://github.com/onnx/onnx-mlir.git 4a13c34aa695b228599d637cdb772c19b4b18dba)",onnx-mlir-llvm,true,,72,100,6940,0.0,0.0,ac3684bc3a370930a4b381f5b6c23a57a7a37bce5c2d62f8af36cc65a572953b,5399abb3cf456bc285863e9fe2ecd4a97295f9a1385f3a3539c09f2228c6f38e,true,20270993
ew-select-16k,2fa842e74a5cfcbf59217c4e1d85f7cf2fd11e09dc5ef429f8510965e0835d00,elementwise,ONNX-MLIR LLVM,"onnx-mlir version 0.4.2, onnx version 1.21.0 (https://github.com/onnx/onnx-mlir.git 4a13c34aa695b228599d637cdb772c19b4b18dba)",onnx-mlir-llvm,true,,73,100,6822,0.0,0.0,ac3684bc3a370930a4b381f5b6c23a57a7a37bce5c2d62f8af36cc65a572953b,5399abb3cf456bc285863e9fe2ecd4a97295f9a1385f3a3539c09f2228c6f38e,true,20270994
ew-select-16k,2fa842e74a5cfcbf59217c4e1d85f7cf2fd11e09dc5ef429f8510965e0835d00,elementwise,ONNX-MLIR LLVM,"onnx-mlir version 0.4.2, onnx version 1.21.0 (https://github.com/onnx/onnx-mlir.git 4a13c34aa695b228599d637cdb772c19b4b18dba)",onnx-mlir-llvm,true,,74,100,6791,0.0,0.0,ac3684bc3a370930a4b381f5b6c23a57a7a37bce5c2d62f8af36cc65a572953b,5399abb3cf456bc285863e9fe2ecd4a97295f9a1385f3a3539c09f2228c6f38e,true,20270995
ew-select-16k,2fa842e74a5cfcbf59217c4e1d85f7cf2fd11e09dc5ef429f8510965e0835d00,elementwise,ONNX-MLIR LLVM,"onnx-mlir version 0.4.2, onnx version 1.21.0 (https://github.com/onnx/onnx-mlir.git 4a13c34aa695b228599d637cdb772c19b4b18dba)",onnx-mlir-llvm,true,,75,100,6785,0.0,0.0,ac3684bc3a370930a4b381f5b6c23a57a7a37bce5c2d62f8af36cc65a572953b,5399abb3cf456bc285863e9fe2ecd4a97295f9a1385f3a3539c09f2228c6f38e,true,20270996
ew-select-16k,2fa842e74a5cfcbf59217c4e1d85f7cf2fd11e09dc5ef429f8510965e0835d00,elementwise,ONNX-MLIR LLVM,"onnx-mlir version 0.4.2, onnx version 1.21.0 (https://github.com/onnx/onnx-mlir.git 4a13c34aa695b228599d637cdb772c19b4b18dba)",onnx-mlir-llvm,true,,76,100,6709,0.0,0.0,ac3684bc3a370930a4b381f5b6c23a57a7a37bce5c2d62f8af36cc65a572953b,5399abb3cf456bc285863e9fe2ecd4a97295f9a1385f3a3539c09f2228c6f38e,true,20270997
ew-select-16k,2fa842e74a5cfcbf59217c4e1d85f7cf2fd11e09dc5ef429f8510965e0835d00,elementwise,ONNX-MLIR LLVM,"onnx-mlir version 0.4.2, onnx version 1.21.0 (https://github.com/onnx/onnx-mlir.git 4a13c34aa695b228599d637cdb772c19b4b18dba)",onnx-mlir-llvm,true,,77,100,6698,0.0,0.0,ac3684bc3a370930a4b381f5b6c23a57a7a37bce5c2d62f8af36cc65a572953b,5399abb3cf456bc285863e9fe2ecd4a97295f9a1385f3a3539c09f2228c6f38e,true,20270998
ew-select-16k,2fa842e74a5cfcbf59217c4e1d85f7cf2fd11e09dc5ef429f8510965e0835d00,elementwise,ONNX-MLIR LLVM,"onnx-mlir version 0.4.2, onnx version 1.21.0 (https://github.com/onnx/onnx-mlir.git 4a13c34aa695b228599d637cdb772c19b4b18dba)",onnx-mlir-llvm,true,,78,100,6700,0.0,0.0,ac3684bc3a370930a4b381f5b6c23a57a7a37bce5c2d62f8af36cc65a572953b,5399abb3cf456bc285863e9fe2ecd4a97295f9a1385f3a3539c09f2228c6f38e,true,20270999
ew-select-16k,2fa842e74a5cfcbf59217c4e1d85f7cf2fd11e09dc5ef429f8510965e0835d00,elementwise,ONNX-MLIR LLVM,"onnx-mlir version 0.4.2, onnx version 1.21.0 (https://github.com/onnx/onnx-mlir.git 4a13c34aa695b228599d637cdb772c19b4b18dba)",onnx-mlir-llvm,true,,79,100,6683,0.0,0.0,ac3684bc3a370930a4b381f5b6c23a57a7a37bce5c2d62f8af36cc65a572953b,5399abb3cf456bc285863e9fe2ecd4a97295f9a1385f3a3539c09f2228c6f38e,true,20271000
ew-select-16k,2fa842e74a5cfcbf59217c4e1d85f7cf2fd11e09dc5ef429f8510965e0835d00,elementwise,ONNX-MLIR LLVM,"onnx-mlir version 0.4.2, onnx version 1.21.0 (https://github.com/onnx/onnx-mlir.git 4a13c34aa695b228599d637cdb772c19b4b18dba)",onnx-mlir-llvm,true,,80,100,6699,0.0,0.0,ac3684bc3a370930a4b381f5b6c23a57a7a37bce5c2d62f8af36cc65a572953b,5399abb3cf456bc285863e9fe2ecd4a97295f9a1385f3a3539c09f2228c6f38e,true,20271001
ew-select-16k,2fa842e74a5cfcbf59217c4e1d85f7cf2fd11e09dc5ef429f8510965e0835d00,elementwise,ONNX-MLIR LLVM,"onnx-mlir version 0.4.2, onnx version 1.21.0 (https://github.com/onnx/onnx-mlir.git 4a13c34aa695b228599d637cdb772c19b4b18dba)",onnx-mlir-llvm,true,,81,100,6697,0.0,0.0,ac3684bc3a370930a4b381f5b6c23a57a7a37bce5c2d62f8af36cc65a572953b,5399abb3cf456bc285863e9fe2ecd4a97295f9a1385f3a3539c09f2228c6f38e,true,20271002
ew-select-16k,2fa842e74a5cfcbf59217c4e1d85f7cf2fd11e09dc5ef429f8510965e0835d00,elementwise,ONNX-MLIR LLVM,"onnx-mlir version 0.4.2, onnx version 1.21.0 (https://github.com/onnx/onnx-mlir.git 4a13c34aa695b228599d637cdb772c19b4b18dba)",onnx-mlir-llvm,true,,82,100,7007,0.0,0.0,ac3684bc3a370930a4b381f5b6c23a57a7a37bce5c2d62f8af36cc65a572953b,5399abb3cf456bc285863e9fe2ecd4a97295f9a1385f3a3539c09f2228c6f38e,true,20271003
ew-select-16k,2fa842e74a5cfcbf59217c4e1d85f7cf2fd11e09dc5ef429f8510965e0835d00,elementwise,ONNX-MLIR LLVM,"onnx-mlir version 0.4.2, onnx version 1.21.0 (https://github.com/onnx/onnx-mlir.git 4a13c34aa695b228599d637cdb772c19b4b18dba)",onnx-mlir-llvm,true,,83,100,6741,0.0,0.0,ac3684bc3a370930a4b381f5b6c23a57a7a37bce5c2d62f8af36cc65a572953b,5399abb3cf456bc285863e9fe2ecd4a97295f9a1385f3a3539c09f2228c6f38e,true,20271004
ew-select-16k,2fa842e74a5cfcbf59217c4e1d85f7cf2fd11e09dc5ef429f8510965e0835d00,elementwise,ONNX-MLIR LLVM,"onnx-mlir version 0.4.2, onnx version 1.21.0 (https://github.com/onnx/onnx-mlir.git 4a13c34aa695b228599d637cdb772c19b4b18dba)",onnx-mlir-llvm,true,,84,100,6873,0.0,0.0,ac3684bc3a370930a4b381f5b6c23a57a7a37bce5c2d62f8af36cc65a572953b,5399abb3cf456bc285863e9fe2ecd4a97295f9a1385f3a3539c09f2228c6f38e,true,20271005
ew-select-16k,2fa842e74a5cfcbf59217c4e1d85f7cf2fd11e09dc5ef429f8510965e0835d00,elementwise,ONNX-MLIR LLVM,"onnx-mlir version 0.4.2, onnx version 1.21.0 (https://github.com/onnx/onnx-mlir.git 4a13c34aa695b228599d637cdb772c19b4b18dba)",onnx-mlir-llvm,true,,85,100,8894,0.0,0.0,ac3684bc3a370930a4b381f5b6c23a57a7a37bce5c2d62f8af36cc65a572953b,5399abb3cf456bc285863e9fe2ecd4a97295f9a1385f3a3539c09f2228c6f38e,true,20271006
ew-select-16k,2fa842e74a5cfcbf59217c4e1d85f7cf2fd11e09dc5ef429f8510965e0835d00,elementwise,ONNX-MLIR LLVM,"onnx-mlir version 0.4.2, onnx version 1.21.0 (https://github.com/onnx/onnx-mlir.git 4a13c34aa695b228599d637cdb772c19b4b18dba)",onnx-mlir-llvm,true,,86,100,6982,0.0,0.0,ac3684bc3a370930a4b381f5b6c23a57a7a37bce5c2d62f8af36cc65a572953b,5399abb3cf456bc285863e9fe2ecd4a97295f9a1385f3a3539c09f2228c6f38e,true,20271007
ew-select-16k,2fa842e74a5cfcbf59217c4e1d85f7cf2fd11e09dc5ef429f8510965e0835d00,elementwise,ONNX-MLIR LLVM,"onnx-mlir version 0.4.2, onnx version 1.21.0 (https://github.com/onnx/onnx-mlir.git 4a13c34aa695b228599d637cdb772c19b4b18dba)",onnx-mlir-llvm,true,,87,100,6917,0.0,0.0,ac3684bc3a370930a4b381f5b6c23a57a7a37bce5c2d62f8af36cc65a572953b,5399abb3cf456bc285863e9fe2ecd4a97295f9a1385f3a3539c09f2228c6f38e,true,20271008
ew-select-16k,2fa842e74a5cfcbf59217c4e1d85f7cf2fd11e09dc5ef429f8510965e0835d00,elementwise,ONNX-MLIR LLVM,"onnx-mlir version 0.4.2, onnx version 1.21.0 (https://github.com/onnx/onnx-mlir.git 4a13c34aa695b228599d637cdb772c19b4b18dba)",onnx-mlir-llvm,true,,88,100,6717,0.0,0.0,ac3684bc3a370930a4b381f5b6c23a57a7a37bce5c2d62f8af36cc65a572953b,5399abb3cf456bc285863e9fe2ecd4a97295f9a1385f3a3539c09f2228c6f38e,true,20271009
ew-select-16k,2fa842e74a5cfcbf59217c4e1d85f7cf2fd11e09dc5ef429f8510965e0835d00,elementwise,ONNX-MLIR LLVM,"onnx-mlir version 0.4.2, onnx version 1.21.0 (https://github.com/onnx/onnx-mlir.git 4a13c34aa695b228599d637cdb772c19b4b18dba)",onnx-mlir-llvm,true,,89,100,6767,0.0,0.0,ac3684bc3a370930a4b381f5b6c23a57a7a37bce5c2d62f8af36cc65a572953b,5399abb3cf456bc285863e9fe2ecd4a97295f9a1385f3a3539c09f2228c6f38e,true,20271010
ew-select-16k,2fa842e74a5cfcbf59217c4e1d85f7cf2fd11e09dc5ef429f8510965e0835d00,elementwise,ONNX-MLIR LLVM,"onnx-mlir version 0.4.2, onnx version 1.21.0 (https://github.com/onnx/onnx-mlir.git 4a13c34aa695b228599d637cdb772c19b4b18dba)",onnx-mlir-llvm,true,,90,100,6773,0.0,0.0,ac3684bc3a370930a4b381f5b6c23a57a7a37bce5c2d62f8af36cc65a572953b,5399abb3cf456bc285863e9fe2ecd4a97295f9a1385f3a3539c09f2228c6f38e,true,20271011
ew-select-16k,2fa842e74a5cfcbf59217c4e1d85f7cf2fd11e09dc5ef429f8510965e0835d00,elementwise,ONNX-MLIR LLVM,"onnx-mlir version 0.4.2, onnx version 1.21.0 (https://github.com/onnx/onnx-mlir.git 4a13c34aa695b228599d637cdb772c19b4b18dba)",onnx-mlir-llvm,true,,91,100,6785,0.0,0.0,ac3684bc3a370930a4b381f5b6c23a57a7a37bce5c2d62f8af36cc65a572953b,5399abb3cf456bc285863e9fe2ecd4a97295f9a1385f3a3539c09f2228c6f38e,true,20271012
ew-select-16k,2fa842e74a5cfcbf59217c4e1d85f7cf2fd11e09dc5ef429f8510965e0835d00,elementwise,ONNX-MLIR LLVM,"onnx-mlir version 0.4.2, onnx version 1.21.0 (https://github.com/onnx/onnx-mlir.git 4a13c34aa695b228599d637cdb772c19b4b18dba)",onnx-mlir-llvm,true,,92,100,6871,0.0,0.0,ac3684bc3a370930a4b381f5b6c23a57a7a37bce5c2d62f8af36cc65a572953b,5399abb3cf456bc285863e9fe2ecd4a97295f9a1385f3a3539c09f2228c6f38e,true,20271013
ew-select-16k,2fa842e74a5cfcbf59217c4e1d85f7cf2fd11e09dc5ef429f8510965e0835d00,elementwise,ONNX-MLIR LLVM,"onnx-mlir version 0.4.2, onnx version 1.21.0 (https://github.com/onnx/onnx-mlir.git 4a13c34aa695b228599d637cdb772c19b4b18dba)",onnx-mlir-llvm,true,,93,100,6790,0.0,0.0,ac3684bc3a370930a4b381f5b6c23a57a7a37bce5c2d62f8af36cc65a572953b,5399abb3cf456bc285863e9fe2ecd4a97295f9a1385f3a3539c09f2228c6f38e,true,20271014
ew-select-16k,2fa842e74a5cfcbf59217c4e1d85f7cf2fd11e09dc5ef429f8510965e0835d00,elementwise,ONNX-MLIR LLVM,"onnx-mlir version 0.4.2, onnx version 1.21.0 (https://github.com/onnx/onnx-mlir.git 4a13c34aa695b228599d637cdb772c19b4b18dba)",onnx-mlir-llvm,true,,94,100,6834,0.0,0.0,ac3684bc3a370930a4b381f5b6c23a57a7a37bce5c2d62f8af36cc65a572953b,5399abb3cf456bc285863e9fe2ecd4a97295f9a1385f3a3539c09f2228c6f38e,true,20271015
ew-select-16k,2fa842e74a5cfcbf59217c4e1d85f7cf2fd11e09dc5ef429f8510965e0835d00,elementwise,ONNX-MLIR LLVM,"onnx-mlir version 0.4.2, onnx version 1.21.0 (https://github.com/onnx/onnx-mlir.git 4a13c34aa695b228599d637cdb772c19b4b18dba)",onnx-mlir-llvm,true,,95,100,6842,0.0,0.0,ac3684bc3a370930a4b381f5b6c23a57a7a37bce5c2d62f8af36cc65a572953b,5399abb3cf456bc285863e9fe2ecd4a97295f9a1385f3a3539c09f2228c6f38e,true,20271016
ew-select-16k,2fa842e74a5cfcbf59217c4e1d85f7cf2fd11e09dc5ef429f8510965e0835d00,elementwise,ONNX-MLIR LLVM,"onnx-mlir version 0.4.2, onnx version 1.21.0 (https://github.com/onnx/onnx-mlir.git 4a13c34aa695b228599d637cdb772c19b4b18dba)",onnx-mlir-llvm,true,,96,100,6755,0.0,0.0,ac3684bc3a370930a4b381f5b6c23a57a7a37bce5c2d62f8af36cc65a572953b,5399abb3cf456bc285863e9fe2ecd4a97295f9a1385f3a3539c09f2228c6f38e,true,20271017
ew-select-16k,2fa842e74a5cfcbf59217c4e1d85f7cf2fd11e09dc5ef429f8510965e0835d00,elementwise,ONNX-MLIR LLVM,"onnx-mlir version 0.4.2, onnx version 1.21.0 (https://github.com/onnx/onnx-mlir.git 4a13c34aa695b228599d637cdb772c19b4b18dba)",onnx-mlir-llvm,true,,97,100,6696,0.0,0.0,ac3684bc3a370930a4b381f5b6c23a57a7a37bce5c2d62f8af36cc65a572953b,5399abb3cf456bc285863e9fe2ecd4a97295f9a1385f3a3539c09f2228c6f38e,true,20271018
ew-select-16k,2fa842e74a5cfcbf59217c4e1d85f7cf2fd11e09dc5ef429f8510965e0835d00,elementwise,ONNX-MLIR LLVM,"onnx-mlir version 0.4.2, onnx version 1.21.0 (https://github.com/onnx/onnx-mlir.git 4a13c34aa695b228599d637cdb772c19b4b18dba)",onnx-mlir-llvm,true,,98,100,6692,0.0,0.0,ac3684bc3a370930a4b381f5b6c23a57a7a37bce5c2d62f8af36cc65a572953b,5399abb3cf456bc285863e9fe2ecd4a97295f9a1385f3a3539c09f2228c6f38e,true,20271019
ew-select-16k,2fa842e74a5cfcbf59217c4e1d85f7cf2fd11e09dc5ef429f8510965e0835d00,elementwise,ONNX-MLIR LLVM,"onnx-mlir version 0.4.2, onnx version 1.21.0 (https://github.com/onnx/onnx-mlir.git 4a13c34aa695b228599d637cdb772c19b4b18dba)",onnx-mlir-llvm,true,,99,100,6724,0.0,0.0,ac3684bc3a370930a4b381f5b6c23a57a7a37bce5c2d62f8af36cc65a572953b,5399abb3cf456bc285863e9fe2ecd4a97295f9a1385f3a3539c09f2228c6f38e,true,20271020
fuse-add-relu,2fa842e74a5cfcbf59217c4e1d85f7cf2fd11e09dc5ef429f8510965e0835d00,fusion,ONNX-MLIR LLVM,"onnx-mlir version 0.4.2, onnx version 1.21.0 (https://github.com/onnx/onnx-mlir.git 4a13c34aa695b228599d637cdb772c19b4b18dba)",onnx-mlir-llvm,true,,0,100,12210,0.0,0.0,f74d1c26353cbc4c590ccde8b8a07fa56cfb76361b54690928c07109ef654568,a36be84822914833aa5f8e0f38b5f90a4a26f626fb3422bce0e093871a68fe9f,true,20270921
fuse-add-relu,2fa842e74a5cfcbf59217c4e1d85f7cf2fd11e09dc5ef429f8510965e0835d00,fusion,ONNX-MLIR LLVM,"onnx-mlir version 0.4.2, onnx version 1.21.0 (https://github.com/onnx/onnx-mlir.git 4a13c34aa695b228599d637cdb772c19b4b18dba)",onnx-mlir-llvm,true,,1,100,11284,0.0,0.0,f74d1c26353cbc4c590ccde8b8a07fa56cfb76361b54690928c07109ef654568,a36be84822914833aa5f8e0f38b5f90a4a26f626fb3422bce0e093871a68fe9f,true,20270922
fuse-add-relu,2fa842e74a5cfcbf59217c4e1d85f7cf2fd11e09dc5ef429f8510965e0835d00,fusion,ONNX-MLIR LLVM,"onnx-mlir version 0.4.2, onnx version 1.21.0 (https://github.com/onnx/onnx-mlir.git 4a13c34aa695b228599d637cdb772c19b4b18dba)",onnx-mlir-llvm,true,,2,100,8387,0.0,0.0,f74d1c26353cbc4c590ccde8b8a07fa56cfb76361b54690928c07109ef654568,a36be84822914833aa5f8e0f38b5f90a4a26f626fb3422bce0e093871a68fe9f,true,20270923
fuse-add-relu,2fa842e74a5cfcbf59217c4e1d85f7cf2fd11e09dc5ef429f8510965e0835d00,fusion,ONNX-MLIR LLVM,"onnx-mlir version 0.4.2, onnx version 1.21.0 (https://github.com/onnx/onnx-mlir.git 4a13c34aa695b228599d637cdb772c19b4b18dba)",onnx-mlir-llvm,true,,3,100,10826,0.0,0.0,f74d1c26353cbc4c590ccde8b8a07fa56cfb76361b54690928c07109ef654568,a36be84822914833aa5f8e0f38b5f90a4a26f626fb3422bce0e093871a68fe9f,true,20270924
fuse-add-relu,2fa842e74a5cfcbf59217c4e1d85f7cf2fd11e09dc5ef429f8510965e0835d00,fusion,ONNX-MLIR LLVM,"onnx-mlir version 0.4.2, onnx version 1.21.0 (https://github.com/onnx/onnx-mlir.git 4a13c34aa695b228599d637cdb772c19b4b18dba)",onnx-mlir-llvm,true,,4,100,9395,0.0,0.0,f74d1c26353cbc4c590ccde8b8a07fa56cfb76361b54690928c07109ef654568,a36be84822914833aa5f8e0f38b5f90a4a26f626fb3422bce0e093871a68fe9f,true,20270925
fuse-add-relu,2fa842e74a5cfcbf59217c4e1d85f7cf2fd11e09dc5ef429f8510965e0835d00,fusion,ONNX-MLIR LLVM,"onnx-mlir version 0.4.2, onnx version 1.21.0 (https://github.com/onnx/onnx-mlir.git 4a13c34aa695b228599d637cdb772c19b4b18dba)",onnx-mlir-llvm,true,,5,100,8421,0.0,0.0,f74d1c26353cbc4c590ccde8b8a07fa56cfb76361b54690928c07109ef654568,a36be84822914833aa5f8e0f38b5f90a4a26f626fb3422bce0e093871a68fe9f,true,20270926
fuse-add-relu,2fa842e74a5cfcbf59217c4e1d85f7cf2fd11e09dc5ef429f8510965e0835d00,fusion,ONNX-MLIR LLVM,"onnx-mlir version 0.4.2, onnx version 1.21.0 (https://github.com/onnx/onnx-mlir.git 4a13c34aa695b228599d637cdb772c19b4b18dba)",onnx-mlir-llvm,true,,6,100,7707,0.0,0.0,f74d1c26353cbc4c590ccde8b8a07fa56cfb76361b54690928c07109ef654568,a36be84822914833aa5f8e0f38b5f90a4a26f626fb3422bce0e093871a68fe9f,true,20270927
fuse-add-relu,2fa842e74a5cfcbf59217c4e1d85f7cf2fd11e09dc5ef429f8510965e0835d00,fusion,ONNX-MLIR LLVM,"onnx-mlir version 0.4.2, onnx version 1.21.0 (https://github.com/onnx/onnx-mlir.git 4a13c34aa695b228599d637cdb772c19b4b18dba)",onnx-mlir-llvm,true,,7,100,8485,0.0,0.0,f74d1c26353cbc4c590ccde8b8a07fa56cfb76361b54690928c07109ef654568,a36be84822914833aa5f8e0f38b5f90a4a26f626fb3422bce0e093871a68fe9f,true,20270928
fuse-add-relu,2fa842e74a5cfcbf59217c4e1d85f7cf2fd11e09dc5ef429f8510965e0835d00,fusion,ONNX-MLIR LLVM,"onnx-mlir version 0.4.2, onnx version 1.21.0 (https://github.com/onnx/onnx-mlir.git 4a13c34aa695b228599d637cdb772c19b4b18dba)",onnx-mlir-llvm,true,,8,100,10967,0.0,0.0,f74d1c26353cbc4c590ccde8b8a07fa56cfb76361b54690928c07109ef654568,a36be84822914833aa5f8e0f38b5f90a4a26f626fb3422bce0e093871a68fe9f,true,20270929
fuse-add-relu,2fa842e74a5cfcbf59217c4e1d85f7cf2fd11e09dc5ef429f8510965e0835d00,fusion,ONNX-MLIR LLVM,"onnx-mlir version 0.4.2, onnx version 1.21.0 (https://github.com/onnx/onnx-mlir.git 4a13c34aa695b228599d637cdb772c19b4b18dba)",onnx-mlir-llvm,true,,9,100,10938,0.0,0.0,f74d1c26353cbc4c590ccde8b8a07fa56cfb76361b54690928c07109ef654568,a36be84822914833aa5f8e0f38b5f90a4a26f626fb3422bce0e093871a68fe9f,true,20270930
fuse-add-relu,2fa842e74a5cfcbf59217c4e1d85f7cf2fd11e09dc5ef429f8510965e0835d00,fusion,ONNX-MLIR LLVM,"onnx-mlir version 0.4.2, onnx version 1.21.0 (https://github.com/onnx/onnx-mlir.git 4a13c34aa695b228599d637cdb772c19b4b18dba)",onnx-mlir-llvm,true,,10,100,8010,0.0,0.0,f74d1c26353cbc4c590ccde8b8a07fa56cfb76361b54690928c07109ef654568,a36be84822914833aa5f8e0f38b5f90a4a26f626fb3422bce0e093871a68fe9f,true,20270931
fuse-add-relu,2fa842e74a5cfcbf59217c4e1d85f7cf2fd11e09dc5ef429f8510965e0835d00,fusion,ONNX-MLIR LLVM,"onnx-mlir version 0.4.2, onnx version 1.21.0 (https://github.com/onnx/onnx-mlir.git 4a13c34aa695b228599d637cdb772c19b4b18dba)",onnx-mlir-llvm,true,,11,100,10266,0.0,0.0,f74d1c26353cbc4c590ccde8b8a07fa56cfb76361b54690928c07109ef654568,a36be84822914833aa5f8e0f38b5f90a4a26f626fb3422bce0e093871a68fe9f,true,20270932
fuse-add-relu,2fa842e74a5cfcbf59217c4e1d85f7cf2fd11e09dc5ef429f8510965e0835d00,fusion,ONNX-MLIR LLVM,"onnx-mlir version 0.4.2, onnx version 1.21.0 (https://github.com/onnx/onnx-mlir.git 4a13c34aa695b228599d637cdb772c19b4b18dba)",onnx-mlir-llvm,true,,12,100,9187,0.0,0.0,f74d1c26353cbc4c590ccde8b8a07fa56cfb76361b54690928c07109ef654568,a36be84822914833aa5f8e0f38b5f90a4a26f626fb3422bce0e093871a68fe9f,true,20270933
fuse-add-relu,2fa842e74a5cfcbf59217c4e1d85f7cf2fd11e09dc5ef429f8510965e0835d00,fusion,ONNX-MLIR LLVM,"onnx-mlir version 0.4.2, onnx version 1.21.0 (https://github.com/onnx/onnx-mlir.git 4a13c34aa695b228599d637cdb772c19b4b18dba)",onnx-mlir-llvm,true,,13,100,7310,0.0,0.0,f74d1c26353cbc4c590ccde8b8a07fa56cfb76361b54690928c07109ef654568,a36be84822914833aa5f8e0f38b5f90a4a26f626fb3422bce0e093871a68fe9f,true,20270934
fuse-add-relu,2fa842e74a5cfcbf59217c4e1d85f7cf2fd11e09dc5ef429f8510965e0835d00,fusion,ONNX-MLIR LLVM,"onnx-mlir version 0.4.2, onnx version 1.21.0 (https://github.com/onnx/onnx-mlir.git 4a13c34aa695b228599d637cdb772c19b4b18dba)",onnx-mlir-llvm,true,,14,100,7477,0.0,0.0,f74d1c26353cbc4c590ccde8b8a07fa56cfb76361b54690928c07109ef654568,a36be84822914833aa5f8e0f38b5f90a4a26f626fb3422bce0e093871a68fe9f,true,20270935
fuse-add-relu,2fa842e74a5cfcbf59217c4e1d85f7cf2fd11e09dc5ef429f8510965e0835d00,fusion,ONNX-MLIR LLVM,"onnx-mlir version 0.4.2, onnx version 1.21.0 (https://github.com/onnx/onnx-mlir.git 4a13c34aa695b228599d637cdb772c19b4b18dba)",onnx-mlir-llvm,true,,15,100,8025,0.0,0.0,f74d1c26353cbc4c590ccde8b8a07fa56cfb76361b54690928c07109ef654568,a36be84822914833aa5f8e0f38b5f90a4a26f626fb3422bce0e093871a68fe9f,true,20270936
fuse-add-relu,2fa842e74a5cfcbf59217c4e1d85f7cf2fd11e09dc5ef429f8510965e0835d00,fusion,ONNX-MLIR LLVM,"onnx-mlir version 0.4.2, onnx version 1.21.0 (https://github.com/onnx/onnx-mlir.git 4a13c34aa695b228599d637cdb772c19b4b18dba)",onnx-mlir-llvm,true,,16,100,8418,0.0,0.0,f74d1c26353cbc4c590ccde8b8a07fa56cfb76361b54690928c07109ef654568,a36be84822914833aa5f8e0f38b5f90a4a26f626fb3422bce0e093871a68fe9f,true,20270937
fuse-add-relu,2fa842e74a5cfcbf59217c4e1d85f7cf2fd11e09dc5ef429f8510965e0835d00,fusion,ONNX-MLIR LLVM,"onnx-mlir version 0.4.2, onnx version 1.21.0 (https://github.com/onnx/onnx-mlir.git 4a13c34aa695b228599d637cdb772c19b4b18dba)",onnx-mlir-llvm,true,,17,100,9825,0.0,0.0,f74d1c26353cbc4c590ccde8b8a07fa56cfb76361b54690928c07109ef654568,a36be84822914833aa5f8e0f38b5f90a4a26f626fb3422bce0e093871a68fe9f,true,20270938
fuse-add-relu,2fa842e74a5cfcbf59217c4e1d85f7cf2fd11e09dc5ef429f8510965e0835d00,fusion,ONNX-MLIR LLVM,"onnx-mlir version 0.4.2, onnx version 1.21.0 (https://github.com/onnx/onnx-mlir.git 4a13c34aa695b228599d637cdb772c19b4b18dba)",onnx-mlir-llvm,true,,18,100,9299,0.0,0.0,f74d1c26353cbc4c590ccde8b8a07fa56cfb76361b54690928c07109ef654568,a36be84822914833aa5f8e0f38b5f90a4a26f626fb3422bce0e093871a68fe9f,true,20270939
fuse-add-relu,2fa842e74a5cfcbf59217c4e1d85f7cf2fd11e09dc5ef429f8510965e0835d00,fusion,ONNX-MLIR LLVM,"onnx-mlir version 0.4.2, onnx version 1.21.0 (https://github.com/onnx/onnx-mlir.git 4a13c34aa695b228599d637cdb772c19b4b18dba)",onnx-mlir-llvm,true,,19,100,8678,0.0,0.0,f74d1c26353cbc4c590ccde8b8a07fa56cfb76361b54690928c07109ef654568,a36be84822914833aa5f8e0f38b5f90a4a26f626fb3422bce0e093871a68fe9f,true,20270940
fuse-add-relu,2fa842e74a5cfcbf59217c4e1d85f7cf2fd11e09dc5ef429f8510965e0835d00,fusion,ONNX-MLIR LLVM,"onnx-mlir version 0.4.2, onnx version 1.21.0 (https://github.com/onnx/onnx-mlir.git 4a13c34aa695b228599d637cdb772c19b4b18dba)",onnx-mlir-llvm,true,,20,100,7112,0.0,0.0,f74d1c26353cbc4c590ccde8b8a07fa56cfb76361b54690928c07109ef654568,a36be84822914833aa5f8e0f38b5f90a4a26f626fb3422bce0e093871a68fe9f,true,20270941
fuse-add-relu,2fa842e74a5cfcbf59217c4e1d85f7cf2fd11e09dc5ef429f8510965e0835d00,fusion,ONNX-MLIR LLVM,"onnx-mlir version 0.4.2, onnx version 1.21.0 (https://github.com/onnx/onnx-mlir.git 4a13c34aa695b228599d637cdb772c19b4b18dba)",onnx-mlir-llvm,true,,21,100,8418,0.0,0.0,f74d1c26353cbc4c590ccde8b8a07fa56cfb76361b54690928c07109ef654568,a36be84822914833aa5f8e0f38b5f90a4a26f626fb3422bce0e093871a68fe9f,true,20270942
fuse-add-relu,2fa842e74a5cfcbf59217c4e1d85f7cf2fd11e09dc5ef429f8510965e0835d00,fusion,ONNX-MLIR LLVM,"onnx-mlir version 0.4.2, onnx version 1.21.0 (https://github.com/onnx/onnx-mlir.git 4a13c34aa695b228599d637cdb772c19b4b18dba)",onnx-mlir-llvm,true,,22,100,8519,0.0,0.0,f74d1c26353cbc4c590ccde8b8a07fa56cfb76361b54690928c07109ef654568,a36be84822914833aa5f8e0f38b5f90a4a26f626fb3422bce0e093871a68fe9f,true,20270943
fuse-add-relu,2fa842e74a5cfcbf59217c4e1d85f7cf2fd11e09dc5ef429f8510965e0835d00,fusion,ONNX-MLIR LLVM,"onnx-mlir version 0.4.2, onnx version 1.21.0 (https://github.com/onnx/onnx-mlir.git 4a13c34aa695b228599d637cdb772c19b4b18dba)",onnx-mlir-llvm,true,,23,100,8124,0.0,0.0,f74d1c26353cbc4c590ccde8b8a07fa56cfb76361b54690928c07109ef654568,a36be84822914833aa5f8e0f38b5f90a4a26f626fb3422bce0e093871a68fe9f,true,20270944
fuse-add-relu,2fa842e74a5cfcbf59217c4e1d85f7cf2fd11e09dc5ef429f8510965e0835d00,fusion,ONNX-MLIR LLVM,"onnx-mlir version 0.4.2, onnx version 1.21.0 (https://github.com/onnx/onnx-mlir.git 4a13c34aa695b228599d637cdb772c19b4b18dba)",onnx-mlir-llvm,true,,24,100,8205,0.0,0.0,f74d1c26353cbc4c590ccde8b8a07fa56cfb76361b54690928c07109ef654568,a36be84822914833aa5f8e0f38b5f90a4a26f626fb3422bce0e093871a68fe9f,true,20270945
fuse-add-relu,2fa842e74a5cfcbf59217c4e1d85f7cf2fd11e09dc5ef429f8510965e0835d00,fusion,ONNX-MLIR LLVM,"onnx-mlir version 0.4.2, onnx version 1.21.0 (https://github.com/onnx/onnx-mlir.git 4a13c34aa695b228599d637cdb772c19b4b18dba)",onnx-mlir-llvm,true,,25,100,7465,0.0,0.0,f74d1c26353cbc4c590ccde8b8a07fa56cfb76361b54690928c07109ef654568,a36be84822914833aa5f8e0f38b5f90a4a26f626fb3422bce0e093871a68fe9f,true,20270946
fuse-add-relu,2fa842e74a5cfcbf59217c4e1d85f7cf2fd11e09dc5ef429f8510965e0835d00,fusion,ONNX-MLIR LLVM,"onnx-mlir version 0.4.2, onnx version 1.21.0 (https://github.com/onnx/onnx-mlir.git 4a13c34aa695b228599d637cdb772c19b4b18dba)",onnx-mlir-llvm,true,,26,100,7252,0.0,0.0,f74d1c26353cbc4c590ccde8b8a07fa56cfb76361b54690928c07109ef654568,a36be84822914833aa5f8e0f38b5f90a4a26f626fb3422bce0e093871a68fe9f,true,20270947
fuse-add-relu,2fa842e74a5cfcbf59217c4e1d85f7cf2fd11e09dc5ef429f8510965e0835d00,fusion,ONNX-MLIR LLVM,"onnx-mlir version 0.4.2, onnx version 1.21.0 (https://github.com/onnx/onnx-mlir.git 4a13c34aa695b228599d637cdb772c19b4b18dba)",onnx-mlir-llvm,true,,27,100,8525,0.0,0.0,f74d1c26353cbc4c590ccde8b8a07fa56cfb76361b54690928c07109ef654568,a36be84822914833aa5f8e0f38b5f90a4a26f626fb3422bce0e093871a68fe9f,true,20270948
fuse-add-relu,2fa842e74a5cfcbf59217c4e1d85f7cf2fd11e09dc5ef429f8510965e0835d00,fusion,ONNX-MLIR LLVM,"onnx-mlir version 0.4.2, onnx version 1.21.0 (https://github.com/onnx/onnx-mlir.git 4a13c34aa695b228599d637cdb772c19b4b18dba)",onnx-mlir-llvm,true,,28,100,8675,0.0,0.0,f74d1c26353cbc4c590ccde8b8a07fa56cfb76361b54690928c07109ef654568,a36be84822914833aa5f8e0f38b5f90a4a26f626fb3422bce0e093871a68fe9f,true,20270949
fuse-add-relu,2fa842e74a5cfcbf59217c4e1d85f7cf2fd11e09dc5ef429f8510965e0835d00,fusion,ONNX-MLIR LLVM,"onnx-mlir version 0.4.2, onnx version 1.21.0 (https://github.com/onnx/onnx-mlir.git 4a13c34aa695b228599d637cdb772c19b4b18dba)",onnx-mlir-llvm,true,,29,100,8648,0.0,0.0,f74d1c26353cbc4c590ccde8b8a07fa56cfb76361b54690928c07109ef654568,a36be84822914833aa5f8e0f38b5f90a4a26f626fb3422bce0e093871a68fe9f,true,20270950
fuse-add-relu,2fa842e74a5cfcbf59217c4e1d85f7cf2fd11e09dc5ef429f8510965e0835d00,fusion,ONNX-MLIR LLVM,"onnx-mlir version 0.4.2, onnx version 1.21.0 (https://github.com/onnx/onnx-mlir.git 4a13c34aa695b228599d637cdb772c19b4b18dba)",onnx-mlir-llvm,true,,30,100,7315,0.0,0.0,f74d1c26353cbc4c590ccde8b8a07fa56cfb76361b54690928c07109ef654568,a36be84822914833aa5f8e0f38b5f90a4a26f626fb3422bce0e093871a68fe9f,true,20270951
fuse-add-relu,2fa842e74a5cfcbf59217c4e1d85f7cf2fd11e09dc5ef429f8510965e0835d00,fusion,ONNX-MLIR LLVM,"onnx-mlir version 0.4.2, onnx version 1.21.0 (https://github.com/onnx/onnx-mlir.git 4a13c34aa695b228599d637cdb772c19b4b18dba)",onnx-mlir-llvm,true,,31,100,7480,0.0,0.0,f74d1c26353cbc4c590ccde8b8a07fa56cfb76361b54690928c07109ef654568,a36be84822914833aa5f8e0f38b5f90a4a26f626fb3422bce0e093871a68fe9f,true,20270952
fuse-add-relu,2fa842e74a5cfcbf59217c4e1d85f7cf2fd11e09dc5ef429f8510965e0835d00,fusion,ONNX-MLIR LLVM,"onnx-mlir version 0.4.2, onnx version 1.21.0 (https://github.com/onnx/onnx-mlir.git 4a13c34aa695b228599d637cdb772c19b4b18dba)",onnx-mlir-llvm,true,,32,100,8153,0.0,0.0,f74d1c26353cbc4c590ccde8b8a07fa56cfb76361b54690928c07109ef654568,a36be84822914833aa5f8e0f38b5f90a4a26f626fb3422bce0e093871a68fe9f,true,20270953
fuse-add-relu,2fa842e74a5cfcbf59217c4e1d85f7cf2fd11e09dc5ef429f8510965e0835d00,fusion,ONNX-MLIR LLVM,"onnx-mlir version 0.4.2, onnx version 1.21.0 (https://github.com/onnx/onnx-mlir.git 4a13c34aa695b228599d637cdb772c19b4b18dba)",onnx-mlir-llvm,true,,33,100,7557,0.0,0.0,f74d1c26353cbc4c590ccde8b8a07fa56cfb76361b54690928c07109ef654568,a36be84822914833aa5f8e0f38b5f90a4a26f626fb3422bce0e093871a68fe9f,true,20270954
fuse-add-relu,2fa842e74a5cfcbf59217c4e1d85f7cf2fd11e09dc5ef429f8510965e0835d00,fusion,ONNX-MLIR LLVM,"onnx-mlir version 0.4.2, onnx version 1.21.0 (https://github.com/onnx/onnx-mlir.git 4a13c34aa695b228599d637cdb772c19b4b18dba)",onnx-mlir-llvm,true,,34,100,7485,0.0,0.0,f74d1c26353cbc4c590ccde8b8a07fa56cfb76361b54690928c07109ef654568,a36be84822914833aa5f8e0f38b5f90a4a26f626fb3422bce0e093871a68fe9f,true,20270955
fuse-add-relu,2fa842e74a5cfcbf59217c4e1d85f7cf2fd11e09dc5ef429f8510965e0835d00,fusion,ONNX-MLIR LLVM,"onnx-mlir version 0.4.2, onnx version 1.21.0 (https://github.com/onnx/onnx-mlir.git 4a13c34aa695b228599d637cdb772c19b4b18dba)",onnx-mlir-llvm,true,,35,100,7360,0.0,0.0,f74d1c26353cbc4c590ccde8b8a07fa56cfb76361b54690928c07109ef654568,a36be84822914833aa5f8e0f38b5f90a4a26f626fb3422bce0e093871a68fe9f,true,20270956
fuse-add-relu,2fa842e74a5cfcbf59217c4e1d85f7cf2fd11e09dc5ef429f8510965e0835d00,fusion,ONNX-MLIR LLVM,"onnx-mlir version 0.4.2, onnx version 1.21.0 (https://github.com/onnx/onnx-mlir.git 4a13c34aa695b228599d637cdb772c19b4b18dba)",onnx-mlir-llvm,true,,36,100,7205,0.0,0.0,f74d1c26353cbc4c590ccde8b8a07fa56cfb76361b54690928c07109ef654568,a36be84822914833aa5f8e0f38b5f90a4a26f626fb3422bce0e093871a68fe9f,true,20270957
fuse-add-relu,2fa842e74a5cfcbf59217c4e1d85f7cf2fd11e09dc5ef429f8510965e0835d00,fusion,ONNX-MLIR LLVM,"onnx-mlir version 0.4.2, onnx version 1.21.0 (https://github.com/onnx/onnx-mlir.git 4a13c34aa695b228599d637cdb772c19b4b18dba)",onnx-mlir-llvm,true,,37,100,8058,0.0,0.0,f74d1c26353cbc4c590ccde8b8a07fa56cfb76361b54690928c07109ef654568,a36be84822914833aa5f8e0f38b5f90a4a26f626fb3422bce0e093871a68fe9f,true,20270958
fuse-add-relu,2fa842e74a5cfcbf59217c4e1d85f7cf2fd11e09dc5ef429f8510965e0835d00,fusion,ONNX-MLIR LLVM,"onnx-mlir version 0.4.2, onnx version 1.21.0 (https://github.com/onnx/onnx-mlir.git 4a13c34aa695b228599d637cdb772c19b4b18dba)",onnx-mlir-llvm,true,,38,100,8265,0.0,0.0,f74d1c26353cbc4c590ccde8b8a07fa56cfb76361b54690928c07109ef654568,a36be84822914833aa5f8e0f38b5f90a4a26f626fb3422bce0e093871a68fe9f,true,20270959
fuse-add-relu,2fa842e74a5cfcbf59217c4e1d85f7cf2fd11e09dc5ef429f8510965e0835d00,fusion,ONNX-MLIR LLVM,"onnx-mlir version 0.4.2, onnx version 1.21.0 (https://github.com/onnx/onnx-mlir.git 4a13c34aa695b228599d637cdb772c19b4b18dba)",onnx-mlir-llvm,true,,39,100,8142,0.0,0.0,f74d1c26353cbc4c590ccde8b8a07fa56cfb76361b54690928c07109ef654568,a36be84822914833aa5f8e0f38b5f90a4a26f626fb3422bce0e093871a68fe9f,true,20270960
fuse-add-relu,2fa842e74a5cfcbf59217c4e1d85f7cf2fd11e09dc5ef429f8510965e0835d00,fusion,ONNX-MLIR LLVM,"onnx-mlir version 0.4.2, onnx version 1.21.0 (https://github.com/onnx/onnx-mlir.git 4a13c34aa695b228599d637cdb772c19b4b18dba)",onnx-mlir-llvm,true,,40,100,7857,0.0,0.0,f74d1c26353cbc4c590ccde8b8a07fa56cfb76361b54690928c07109ef654568,a36be84822914833aa5f8e0f38b5f90a4a26f626fb3422bce0e093871a68fe9f,true,20270961
fuse-add-relu,2fa842e74a5cfcbf59217c4e1d85f7cf2fd11e09dc5ef429f8510965e0835d00,fusion,ONNX-MLIR LLVM,"onnx-mlir version 0.4.2, onnx version 1.21.0 (https://github.com/onnx/onnx-mlir.git 4a13c34aa695b228599d637cdb772c19b4b18dba)",onnx-mlir-llvm,true,,41,100,7440,0.0,0.0,f74d1c26353cbc4c590ccde8b8a07fa56cfb76361b54690928c07109ef654568,a36be84822914833aa5f8e0f38b5f90a4a26f626fb3422bce0e093871a68fe9f,true,20270962
fuse-add-relu,2fa842e74a5cfcbf59217c4e1d85f7cf2fd11e09dc5ef429f8510965e0835d00,fusion,ONNX-MLIR LLVM,"onnx-mlir version 0.4.2, onnx version 1.21.0 (https://github.com/onnx/onnx-mlir.git 4a13c34aa695b228599d637cdb772c19b4b18dba)",onnx-mlir-llvm,true,,42,100,7470,0.0,0.0,f74d1c26353cbc4c590ccde8b8a07fa56cfb76361b54690928c07109ef654568,a36be84822914833aa5f8e0f38b5f90a4a26f626fb3422bce0e093871a68fe9f,true,20270963
fuse-add-relu,2fa842e74a5cfcbf59217c4e1d85f7cf2fd11e09dc5ef429f8510965e0835d00,fusion,ONNX-MLIR LLVM,"onnx-mlir version 0.4.2, onnx version 1.21.0 (https://github.com/onnx/onnx-mlir.git 4a13c34aa695b228599d637cdb772c19b4b18dba)",onnx-mlir-llvm,true,,43,100,7800,0.0,0.0,f74d1c26353cbc4c590ccde8b8a07fa56cfb76361b54690928c07109ef654568,a36be84822914833aa5f8e0f38b5f90a4a26f626fb3422bce0e093871a68fe9f,true,20270964
fuse-add-relu,2fa842e74a5cfcbf59217c4e1d85f7cf2fd11e09dc5ef429f8510965e0835d00,fusion,ONNX-MLIR LLVM,"onnx-mlir version 0.4.2, onnx version 1.21.0 (https://github.com/onnx/onnx-mlir.git 4a13c34aa695b228599d637cdb772c19b4b18dba)",onnx-mlir-llvm,true,,44,100,7185,0.0,0.0,f74d1c26353cbc4c590ccde8b8a07fa56cfb76361b54690928c07109ef654568,a36be84822914833aa5f8e0f38b5f90a4a26f626fb3422bce0e093871a68fe9f,true,20270965
fuse-add-relu,2fa842e74a5cfcbf59217c4e1d85f7cf2fd11e09dc5ef429f8510965e0835d00,fusion,ONNX-MLIR LLVM,"onnx-mlir version 0.4.2, onnx version 1.21.0 (https://github.com/onnx/onnx-mlir.git 4a13c34aa695b228599d637cdb772c19b4b18dba)",onnx-mlir-llvm,true,,45,100,8255,0.0,0.0,f74d1c26353cbc4c590ccde8b8a07fa56cfb76361b54690928c07109ef654568,a36be84822914833aa5f8e0f38b5f90a4a26f626fb3422bce0e093871a68fe9f,true,20270966
fuse-add-relu,2fa842e74a5cfcbf59217c4e1d85f7cf2fd11e09dc5ef429f8510965e0835d00,fusion,ONNX-MLIR LLVM,"onnx-mlir version 0.4.2, onnx version 1.21.0 (https://github.com/onnx/onnx-mlir.git 4a13c34aa695b228599d637cdb772c19b4b18dba)",onnx-mlir-llvm,true,,46,100,7096,0.0,0.0,f74d1c26353cbc4c590ccde8b8a07fa56cfb76361b54690928c07109ef654568,a36be84822914833aa5f8e0f38b5f90a4a26f626fb3422bce0e093871a68fe9f,true,20270967
fuse-add-relu,2fa842e74a5cfcbf59217c4e1d85f7cf2fd11e09dc5ef429f8510965e0835d00,fusion,ONNX-MLIR LLVM,"onnx-mlir version 0.4.2, onnx version 1.21.0 (https://github.com/onnx/onnx-mlir.git 4a13c34aa695b228599d637cdb772c19b4b18dba)",onnx-mlir-llvm,true,,47,100,7722,0.0,0.0,f74d1c26353cbc4c590ccde8b8a07fa56cfb76361b54690928c07109ef654568,a36be84822914833aa5f8e0f38b5f90a4a26f626fb3422bce0e093871a68fe9f,true,20270968
fuse-add-relu,2fa842e74a5cfcbf59217c4e1d85f7cf2fd11e09dc5ef429f8510965e0835d00,fusion,ONNX-MLIR LLVM,"onnx-mlir version 0.4.2, onnx version 1.21.0 (https://github.com/onnx/onnx-mlir.git 4a13c34aa695b228599d637cdb772c19b4b18dba)",onnx-mlir-llvm,true,,48,100,7302,0.0,0.0,f74d1c26353cbc4c590ccde8b8a07fa56cfb76361b54690928c07109ef654568,a36be84822914833aa5f8e0f38b5f90a4a26f626fb3422bce0e093871a68fe9f,true,20270969
fuse-add-relu,2fa842e74a5cfcbf59217c4e1d85f7cf2fd11e09dc5ef429f8510965e0835d00,fusion,ONNX-MLIR LLVM,"onnx-mlir version 0.4.2, onnx version 1.21.0 (https://github.com/onnx/onnx-mlir.git 4a13c34aa695b228599d637cdb772c19b4b18dba)",onnx-mlir-llvm,true,,49,100,7617,0.0,0.0,f74d1c26353cbc4c590ccde8b8a07fa56cfb76361b54690928c07109ef654568,a36be84822914833aa5f8e0f38b5f90a4a26f626fb3422bce0e093871a68fe9f,true,20270970
fuse-add-relu,2fa842e74a5cfcbf59217c4e1d85f7cf2fd11e09dc5ef429f8510965e0835d00,fusion,ONNX-MLIR LLVM,"onnx-mlir version 0.4.2, onnx version 1.21.0 (https://github.com/onnx/onnx-mlir.git 4a13c34aa695b228599d637cdb772c19b4b18dba)",onnx-mlir-llvm,true,,50,100,7517,0.0,0.0,f74d1c26353cbc4c590ccde8b8a07fa56cfb76361b54690928c07109ef654568,a36be84822914833aa5f8e0f38b5f90a4a26f626fb3422bce0e093871a68fe9f,true,20270971
fuse-add-relu,2fa842e74a5cfcbf59217c4e1d85f7cf2fd11e09dc5ef429f8510965e0835d00,fusion,ONNX-MLIR LLVM,"onnx-mlir version 0.4.2, onnx version 1.21.0 (https://github.com/onnx/onnx-mlir.git 4a13c34aa695b228599d637cdb772c19b4b18dba)",onnx-mlir-llvm,true,,51,100,7520,0.0,0.0,f74d1c26353cbc4c590ccde8b8a07fa56cfb76361b54690928c07109ef654568,a36be84822914833aa5f8e0f38b5f90a4a26f626fb3422bce0e093871a68fe9f,true,20270972
fuse-add-relu,2fa842e74a5cfcbf59217c4e1d85f7cf2fd11e09dc5ef429f8510965e0835d00,fusion,ONNX-MLIR LLVM,"onnx-mlir version 0.4.2, onnx version 1.21.0 (https://github.com/onnx/onnx-mlir.git 4a13c34aa695b228599d637cdb772c19b4b18dba)",onnx-mlir-llvm,true,,52,100,7089,0.0,0.0,f74d1c26353cbc4c590ccde8b8a07fa56cfb76361b54690928c07109ef654568,a36be84822914833aa5f8e0f38b5f90a4a26f626fb3422bce0e093871a68fe9f,true,20270973
fuse-add-relu,2fa842e74a5cfcbf59217c4e1d85f7cf2fd11e09dc5ef429f8510965e0835d00,fusion,ONNX-MLIR LLVM,"onnx-mlir version 0.4.2, onnx version 1.21.0 (https://github.com/onnx/onnx-mlir.git 4a13c34aa695b228599d637cdb772c19b4b18dba)",onnx-mlir-llvm,true,,53,100,7399,0.0,0.0,f74d1c26353cbc4c590ccde8b8a07fa56cfb76361b54690928c07109ef654568,a36be84822914833aa5f8e0f38b5f90a4a26f626fb3422bce0e093871a68fe9f,true,20270974
fuse-add-relu,2fa842e74a5cfcbf59217c4e1d85f7cf2fd11e09dc5ef429f8510965e0835d00,fusion,ONNX-MLIR LLVM,"onnx-mlir version 0.4.2, onnx version 1.21.0 (https://github.com/onnx/onnx-mlir.git 4a13c34aa695b228599d637cdb772c19b4b18dba)",onnx-mlir-llvm,true,,54,100,7518,0.0,0.0,f74d1c26353cbc4c590ccde8b8a07fa56cfb76361b54690928c07109ef654568,a36be84822914833aa5f8e0f38b5f90a4a26f626fb3422bce0e093871a68fe9f,true,20270975
fuse-add-relu,2fa842e74a5cfcbf59217c4e1d85f7cf2fd11e09dc5ef429f8510965e0835d00,fusion,ONNX-MLIR LLVM,"onnx-mlir version 0.4.2, onnx version 1.21.0 (https://github.com/onnx/onnx-mlir.git 4a13c34aa695b228599d637cdb772c19b4b18dba)",onnx-mlir-llvm,true,,55,100,7317,0.0,0.0,f74d1c26353cbc4c590ccde8b8a07fa56cfb76361b54690928c07109ef654568,a36be84822914833aa5f8e0f38b5f90a4a26f626fb3422bce0e093871a68fe9f,true,20270976
fuse-add-relu,2fa842e74a5cfcbf59217c4e1d85f7cf2fd11e09dc5ef429f8510965e0835d00,fusion,ONNX-MLIR LLVM,"onnx-mlir version 0.4.2, onnx version 1.21.0 (https://github.com/onnx/onnx-mlir.git 4a13c34aa695b228599d637cdb772c19b4b18dba)",onnx-mlir-llvm,true,,56,100,7375,0.0,0.0,f74d1c26353cbc4c590ccde8b8a07fa56cfb76361b54690928c07109ef654568,a36be84822914833aa5f8e0f38b5f90a4a26f626fb3422bce0e093871a68fe9f,true,20270977
fuse-add-relu,2fa842e74a5cfcbf59217c4e1d85f7cf2fd11e09dc5ef429f8510965e0835d00,fusion,ONNX-MLIR LLVM,"onnx-mlir version 0.4.2, onnx version 1.21.0 (https://github.com/onnx/onnx-mlir.git 4a13c34aa695b228599d637cdb772c19b4b18dba)",onnx-mlir-llvm,true,,57,100,7264,0.0,0.0,f74d1c26353cbc4c590ccde8b8a07fa56cfb76361b54690928c07109ef654568,a36be84822914833aa5f8e0f38b5f90a4a26f626fb3422bce0e093871a68fe9f,true,20270978
fuse-add-relu,2fa842e74a5cfcbf59217c4e1d85f7cf2fd11e09dc5ef429f8510965e0835d00,fusion,ONNX-MLIR LLVM,"onnx-mlir version 0.4.2, onnx version 1.21.0 (https://github.com/onnx/onnx-mlir.git 4a13c34aa695b228599d637cdb772c19b4b18dba)",onnx-mlir-llvm,true,,58,100,7341,0.0,0.0,f74d1c26353cbc4c590ccde8b8a07fa56cfb76361b54690928c07109ef654568,a36be84822914833aa5f8e0f38b5f90a4a26f626fb3422bce0e093871a68fe9f,true,20270979
fuse-add-relu,2fa842e74a5cfcbf59217c4e1d85f7cf2fd11e09dc5ef429f8510965e0835d00,fusion,ONNX-MLIR LLVM,"onnx-mlir version 0.4.2, onnx version 1.21.0 (https://github.com/onnx/onnx-mlir.git 4a13c34aa695b228599d637cdb772c19b4b18dba)",onnx-mlir-llvm,true,,59,100,7329,0.0,0.0,f74d1c26353cbc4c590ccde8b8a07fa56cfb76361b54690928c07109ef654568,a36be84822914833aa5f8e0f38b5f90a4a26f626fb3422bce0e093871a68fe9f,true,20270980
fuse-add-relu,2fa842e74a5cfcbf59217c4e1d85f7cf2fd11e09dc5ef429f8510965e0835d00,fusion,ONNX-MLIR LLVM,"onnx-mlir version 0.4.2, onnx version 1.21.0 (https://github.com/onnx/onnx-mlir.git 4a13c34aa695b228599d637cdb772c19b4b18dba)",onnx-mlir-llvm,true,,60,100,7376,0.0,0.0,f74d1c26353cbc4c590ccde8b8a07fa56cfb76361b54690928c07109ef654568,a36be84822914833aa5f8e0f38b5f90a4a26f626fb3422bce0e093871a68fe9f,true,20270981
fuse-add-relu,2fa842e74a5cfcbf59217c4e1d85f7cf2fd11e09dc5ef429f8510965e0835d00,fusion,ONNX-MLIR LLVM,"onnx-mlir version 0.4.2, onnx version 1.21.0 (https://github.com/onnx/onnx-mlir.git 4a13c34aa695b228599d637cdb772c19b4b18dba)",onnx-mlir-llvm,true,,61,100,7284,0.0,0.0,f74d1c26353cbc4c590ccde8b8a07fa56cfb76361b54690928c07109ef654568,a36be84822914833aa5f8e0f38b5f90a4a26f626fb3422bce0e093871a68fe9f,true,20270982
fuse-add-relu,2fa842e74a5cfcbf59217c4e1d85f7cf2fd11e09dc5ef429f8510965e0835d00,fusion,ONNX-MLIR LLVM,"onnx-mlir version 0.4.2, onnx version 1.21.0 (https://github.com/onnx/onnx-mlir.git 4a13c34aa695b228599d637cdb772c19b4b18dba)",onnx-mlir-llvm,true,,62,100,7281,0.0,0.0,f74d1c26353cbc4c590ccde8b8a07fa56cfb76361b54690928c07109ef654568,a36be84822914833aa5f8e0f38b5f90a4a26f626fb3422bce0e093871a68fe9f,true,20270983
fuse-add-relu,2fa842e74a5cfcbf59217c4e1d85f7cf2fd11e09dc5ef429f8510965e0835d00,fusion,ONNX-MLIR LLVM,"onnx-mlir version 0.4.2, onnx version 1.21.0 (https://github.com/onnx/onnx-mlir.git 4a13c34aa695b228599d637cdb772c19b4b18dba)",onnx-mlir-llvm,true,,63,100,7262,0.0,0.0,f74d1c26353cbc4c590ccde8b8a07fa56cfb76361b54690928c07109ef654568,a36be84822914833aa5f8e0f38b5f90a4a26f626fb3422bce0e093871a68fe9f,true,20270984
fuse-add-relu,2fa842e74a5cfcbf59217c4e1d85f7cf2fd11e09dc5ef429f8510965e0835d00,fusion,ONNX-MLIR LLVM,"onnx-mlir version 0.4.2, onnx version 1.21.0 (https://github.com/onnx/onnx-mlir.git 4a13c34aa695b228599d637cdb772c19b4b18dba)",onnx-mlir-llvm,true,,64,100,7124,0.0,0.0,f74d1c26353cbc4c590ccde8b8a07fa56cfb76361b54690928c07109ef654568,a36be84822914833aa5f8e0f38b5f90a4a26f626fb3422bce0e093871a68fe9f,true,20270985
fuse-add-relu,2fa842e74a5cfcbf59217c4e1d85f7cf2fd11e09dc5ef429f8510965e0835d00,fusion,ONNX-MLIR LLVM,"onnx-mlir version 0.4.2, onnx version 1.21.0 (https://github.com/onnx/onnx-mlir.git 4a13c34aa695b228599d637cdb772c19b4b18dba)",onnx-mlir-llvm,true,,65,100,7187,0.0,0.0,f74d1c26353cbc4c590ccde8b8a07fa56cfb76361b54690928c07109ef654568,a36be84822914833aa5f8e0f38b5f90a4a26f626fb3422bce0e093871a68fe9f,true,20270986
fuse-add-relu,2fa842e74a5cfcbf59217c4e1d85f7cf2fd11e09dc5ef429f8510965e0835d00,fusion,ONNX-MLIR LLVM,"onnx-mlir version 0.4.2, onnx version 1.21.0 (https://github.com/onnx/onnx-mlir.git 4a13c34aa695b228599d637cdb772c19b4b18dba)",onnx-mlir-llvm,true,,66,100,7147,0.0,0.0,f74d1c26353cbc4c590ccde8b8a07fa56cfb76361b54690928c07109ef654568,a36be84822914833aa5f8e0f38b5f90a4a26f626fb3422bce0e093871a68fe9f,true,20270987
fuse-add-relu,2fa842e74a5cfcbf59217c4e1d85f7cf2fd11e09dc5ef429f8510965e0835d00,fusion,ONNX-MLIR LLVM,"onnx-mlir version 0.4.2, onnx version 1.21.0 (https://github.com/onnx/onnx-mlir.git 4a13c34aa695b228599d637cdb772c19b4b18dba)",onnx-mlir-llvm,true,,67,100,7360,0.0,0.0,f74d1c26353cbc4c590ccde8b8a07fa56cfb76361b54690928c07109ef654568,a36be84822914833aa5f8e0f38b5f90a4a26f626fb3422bce0e093871a68fe9f,true,20270988
fuse-add-relu,2fa842e74a5cfcbf59217c4e1d85f7cf2fd11e09dc5ef429f8510965e0835d00,fusion,ONNX-MLIR LLVM,"onnx-mlir version 0.4.2, onnx version 1.21.0 (https://github.com/onnx/onnx-mlir.git 4a13c34aa695b228599d637cdb772c19b4b18dba)",onnx-mlir-llvm,true,,68,100,7345,0.0,0.0,f74d1c26353cbc4c590ccde8b8a07fa56cfb76361b54690928c07109ef654568,a36be84822914833aa5f8e0f38b5f90a4a26f626fb3422bce0e093871a68fe9f,true,20270989
fuse-add-relu,2fa842e74a5cfcbf59217c4e1d85f7cf2fd11e09dc5ef429f8510965e0835d00,fusion,ONNX-MLIR LLVM,"onnx-mlir version 0.4.2, onnx version 1.21.0 (https://github.com/onnx/onnx-mlir.git 4a13c34aa695b228599d637cdb772c19b4b18dba)",onnx-mlir-llvm,true,,69,100,7014,0.0,0.0,f74d1c26353cbc4c590ccde8b8a07fa56cfb76361b54690928c07109ef654568,a36be84822914833aa5f8e0f38b5f90a4a26f626fb3422bce0e093871a68fe9f,true,20270990
fuse-add-relu,2fa842e74a5cfcbf59217c4e1d85f7cf2fd11e09dc5ef429f8510965e0835d00,fusion,ONNX-MLIR LLVM,"onnx-mlir version 0.4.2, onnx version 1.21.0 (https://github.com/onnx/onnx-mlir.git 4a13c34aa695b228599d637cdb772c19b4b18dba)",onnx-mlir-llvm,true,,70,100,6974,0.0,0.0,f74d1c26353cbc4c590ccde8b8a07fa56cfb76361b54690928c07109ef654568,a36be84822914833aa5f8e0f38b5f90a4a26f626fb3422bce0e093871a68fe9f,true,20270991
fuse-add-relu,2fa842e74a5cfcbf59217c4e1d85f7cf2fd11e09dc5ef429f8510965e0835d00,fusion,ONNX-MLIR LLVM,"onnx-mlir version 0.4.2, onnx version 1.21.0 (https://github.com/onnx/onnx-mlir.git 4a13c34aa695b228599d637cdb772c19b4b18dba)",onnx-mlir-llvm,true,,71,100,7347,0.0,0.0,f74d1c26353cbc4c590ccde8b8a07fa56cfb76361b54690928c07109ef654568,a36be84822914833aa5f8e0f38b5f90a4a26f626fb3422bce0e093871a68fe9f,true,20270992
fuse-add-relu,2fa842e74a5cfcbf59217c4e1d85f7cf2fd11e09dc5ef429f8510965e0835d00,fusion,ONNX-MLIR LLVM,"onnx-mlir version 0.4.2, onnx version 1.21.0 (https://github.com/onnx/onnx-mlir.git 4a13c34aa695b228599d637cdb772c19b4b18dba)",onnx-mlir-llvm,true,,72,100,6989,0.0,0.0,f74d1c26353cbc4c590ccde8b8a07fa56cfb76361b54690928c07109ef654568,a36be84822914833aa5f8e0f38b5f90a4a26f626fb3422bce0e093871a68fe9f,true,20270993
fuse-add-relu,2fa842e74a5cfcbf59217c4e1d85f7cf2fd11e09dc5ef429f8510965e0835d00,fusion,ONNX-MLIR LLVM,"onnx-mlir version 0.4.2, onnx version 1.21.0 (https://github.com/onnx/onnx-mlir.git 4a13c34aa695b228599d637cdb772c19b4b18dba)",onnx-mlir-llvm,true,,73,100,7116,0.0,0.0,f74d1c26353cbc4c590ccde8b8a07fa56cfb76361b54690928c07109ef654568,a36be84822914833aa5f8e0f38b5f90a4a26f626fb3422bce0e093871a68fe9f,true,20270994
fuse-add-relu,2fa842e74a5cfcbf59217c4e1d85f7cf2fd11e09dc5ef429f8510965e0835d00,fusion,ONNX-MLIR LLVM,"onnx-mlir version 0.4.2, onnx version 1.21.0 (https://github.com/onnx/onnx-mlir.git 4a13c34aa695b228599d637cdb772c19b4b18dba)",onnx-mlir-llvm,true,,74,100,6972,0.0,0.0,f74d1c26353cbc4c590ccde8b8a07fa56cfb76361b54690928c07109ef654568,a36be84822914833aa5f8e0f38b5f90a4a26f626fb3422bce0e093871a68fe9f,true,20270995
fuse-add-relu,2fa842e74a5cfcbf59217c4e1d85f7cf2fd11e09dc5ef429f8510965e0835d00,fusion,ONNX-MLIR LLVM,"onnx-mlir version 0.4.2, onnx version 1.21.0 (https://github.com/onnx/onnx-mlir.git 4a13c34aa695b228599d637cdb772c19b4b18dba)",onnx-mlir-llvm,true,,75,100,7084,0.0,0.0,f74d1c26353cbc4c590ccde8b8a07fa56cfb76361b54690928c07109ef654568,a36be84822914833aa5f8e0f38b5f90a4a26f626fb3422bce0e093871a68fe9f,true,20270996
fuse-add-relu,2fa842e74a5cfcbf59217c4e1d85f7cf2fd11e09dc5ef429f8510965e0835d00,fusion,ONNX-MLIR LLVM,"onnx-mlir version 0.4.2, onnx version 1.21.0 (https://github.com/onnx/onnx-mlir.git 4a13c34aa695b228599d637cdb772c19b4b18dba)",onnx-mlir-llvm,true,,76,100,7001,0.0,0.0,f74d1c26353cbc4c590ccde8b8a07fa56cfb76361b54690928c07109ef654568,a36be84822914833aa5f8e0f38b5f90a4a26f626fb3422bce0e093871a68fe9f,true,20270997
fuse-add-relu,2fa842e74a5cfcbf59217c4e1d85f7cf2fd11e09dc5ef429f8510965e0835d00,fusion,ONNX-MLIR LLVM,"onnx-mlir version 0.4.2, onnx version 1.21.0 (https://github.com/onnx/onnx-mlir.git 4a13c34aa695b228599d637cdb772c19b4b18dba)",onnx-mlir-llvm,true,,77,100,6946,0.0,0.0,f74d1c26353cbc4c590ccde8b8a07fa56cfb76361b54690928c07109ef654568,a36be84822914833aa5f8e0f38b5f90a4a26f626fb3422bce0e093871a68fe9f,true,20270998
fuse-add-relu,2fa842e74a5cfcbf59217c4e1d85f7cf2fd11e09dc5ef429f8510965e0835d00,fusion,ONNX-MLIR LLVM,"onnx-mlir version 0.4.2, onnx version 1.21.0 (https://github.com/onnx/onnx-mlir.git 4a13c34aa695b228599d637cdb772c19b4b18dba)",onnx-mlir-llvm,true,,78,100,7912,0.0,0.0,f74d1c26353cbc4c590ccde8b8a07fa56cfb76361b54690928c07109ef654568,a36be84822914833aa5f8e0f38b5f90a4a26f626fb3422bce0e093871a68fe9f,true,20270999
fuse-add-relu,2fa842e74a5cfcbf59217c4e1d85f7cf2fd11e09dc5ef429f8510965e0835d00,fusion,ONNX-MLIR LLVM,"onnx-mlir version 0.4.2, onnx version 1.21.0 (https://github.com/onnx/onnx-mlir.git 4a13c34aa695b228599d637cdb772c19b4b18dba)",onnx-mlir-llvm,true,,79,100,7561,0.0,0.0,f74d1c26353cbc4c590ccde8b8a07fa56cfb76361b54690928c07109ef654568,a36be84822914833aa5f8e0f38b5f90a4a26f626fb3422bce0e093871a68fe9f,true,20271000
fuse-add-relu,2fa842e74a5cfcbf59217c4e1d85f7cf2fd11e09dc5ef429f8510965e0835d00,fusion,ONNX-MLIR LLVM,"onnx-mlir version 0.4.2, onnx version 1.21.0 (https://github.com/onnx/onnx-mlir.git 4a13c34aa695b228599d637cdb772c19b4b18dba)",onnx-mlir-llvm,true,,80,100,7603,0.0,0.0,f74d1c26353cbc4c590ccde8b8a07fa56cfb76361b54690928c07109ef654568,a36be84822914833aa5f8e0f38b5f90a4a26f626fb3422bce0e093871a68fe9f,true,20271001
fuse-add-relu,2fa842e74a5cfcbf59217c4e1d85f7cf2fd11e09dc5ef429f8510965e0835d00,fusion,ONNX-MLIR LLVM,"onnx-mlir version 0.4.2, onnx version 1.21.0 (https://github.com/onnx/onnx-mlir.git 4a13c34aa695b228599d637cdb772c19b4b18dba)",onnx-mlir-llvm,true,,81,100,7423,0.0,0.0,f74d1c26353cbc4c590ccde8b8a07fa56cfb76361b54690928c07109ef654568,a36be84822914833aa5f8e0f38b5f90a4a26f626fb3422bce0e093871a68fe9f,true,20271002
fuse-add-relu,2fa842e74a5cfcbf59217c4e1d85f7cf2fd11e09dc5ef429f8510965e0835d00,fusion,ONNX-MLIR LLVM,"onnx-mlir version 0.4.2, onnx version 1.21.0 (https://github.com/onnx/onnx-mlir.git 4a13c34aa695b228599d637cdb772c19b4b18dba)",onnx-mlir-llvm,true,,82,100,7125,0.0,0.0,f74d1c26353cbc4c590ccde8b8a07fa56cfb76361b54690928c07109ef654568,a36be84822914833aa5f8e0f38b5f90a4a26f626fb3422bce0e093871a68fe9f,true,20271003
fuse-add-relu,2fa842e74a5cfcbf59217c4e1d85f7cf2fd11e09dc5ef429f8510965e0835d00,fusion,ONNX-MLIR LLVM,"onnx-mlir version 0.4.2, onnx version 1.21.0 (https://github.com/onnx/onnx-mlir.git 4a13c34aa695b228599d637cdb772c19b4b18dba)",onnx-mlir-llvm,true,,83,100,7183,0.0,0.0,f74d1c26353cbc4c590ccde8b8a07fa56cfb76361b54690928c07109ef654568,a36be84822914833aa5f8e0f38b5f90a4a26f626fb3422bce0e093871a68fe9f,true,20271004
fuse-add-relu,2fa842e74a5cfcbf59217c4e1d85f7cf2fd11e09dc5ef429f8510965e0835d00,fusion,ONNX-MLIR LLVM,"onnx-mlir version 0.4.2, onnx version 1.21.0 (https://github.com/onnx/onnx-mlir.git 4a13c34aa695b228599d637cdb772c19b4b18dba)",onnx-mlir-llvm,true,,84,100,7142,0.0,0.0,f74d1c26353cbc4c590ccde8b8a07fa56cfb76361b54690928c07109ef654568,a36be84822914833aa5f8e0f38b5f90a4a26f626fb3422bce0e093871a68fe9f,true,20271005
fuse-add-relu,2fa842e74a5cfcbf59217c4e1d85f7cf2fd11e09dc5ef429f8510965e0835d00,fusion,ONNX-MLIR LLVM,"onnx-mlir version 0.4.2, onnx version 1.21.0 (https://github.com/onnx/onnx-mlir.git 4a13c34aa695b228599d637cdb772c19b4b18dba)",onnx-mlir-llvm,true,,85,100,7193,0.0,0.0,f74d1c26353cbc4c590ccde8b8a07fa56cfb76361b54690928c07109ef654568,a36be84822914833aa5f8e0f38b5f90a4a26f626fb3422bce0e093871a68fe9f,true,20271006
fuse-add-relu,2fa842e74a5cfcbf59217c4e1d85f7cf2fd11e09dc5ef429f8510965e0835d00,fusion,ONNX-MLIR LLVM,"onnx-mlir version 0.4.2, onnx version 1.21.0 (https://github.com/onnx/onnx-mlir.git 4a13c34aa695b228599d637cdb772c19b4b18dba)",onnx-mlir-llvm,true,,86,100,7106,0.0,0.0,f74d1c26353cbc4c590ccde8b8a07fa56cfb76361b54690928c07109ef654568,a36be84822914833aa5f8e0f38b5f90a4a26f626fb3422bce0e093871a68fe9f,true,20271007
fuse-add-relu,2fa842e74a5cfcbf59217c4e1d85f7cf2fd11e09dc5ef429f8510965e0835d00,fusion,ONNX-MLIR LLVM,"onnx-mlir version 0.4.2, onnx version 1.21.0 (https://github.com/onnx/onnx-mlir.git 4a13c34aa695b228599d637cdb772c19b4b18dba)",onnx-mlir-llvm,true,,87,100,7324,0.0,0.0,f74d1c26353cbc4c590ccde8b8a07fa56cfb76361b54690928c07109ef654568,a36be84822914833aa5f8e0f38b5f90a4a26f626fb3422bce0e093871a68fe9f,true,20271008
fuse-add-relu,2fa842e74a5cfcbf59217c4e1d85f7cf2fd11e09dc5ef429f8510965e0835d00,fusion,ONNX-MLIR LLVM,"onnx-mlir version 0.4.2, onnx version 1.21.0 (https://github.com/onnx/onnx-mlir.git 4a13c34aa695b228599d637cdb772c19b4b18dba)",onnx-mlir-llvm,true,,88,100,7244,0.0,0.0,f74d1c26353cbc4c590ccde8b8a07fa56cfb76361b54690928c07109ef654568,a36be84822914833aa5f8e0f38b5f90a4a26f626fb3422bce0e093871a68fe9f,true,20271009
fuse-add-relu,2fa842e74a5cfcbf59217c4e1d85f7cf2fd11e09dc5ef429f8510965e0835d00,fusion,ONNX-MLIR LLVM,"onnx-mlir version 0.4.2, onnx version 1.21.0 (https://github.com/onnx/onnx-mlir.git 4a13c34aa695b228599d637cdb772c19b4b18dba)",onnx-mlir-llvm,true,,89,100,7157,0.0,0.0,f74d1c26353cbc4c590ccde8b8a07fa56cfb76361b54690928c07109ef654568,a36be84822914833aa5f8e0f38b5f90a4a26f626fb3422bce0e093871a68fe9f,true,20271010
fuse-add-relu,2fa842e74a5cfcbf59217c4e1d85f7cf2fd11e09dc5ef429f8510965e0835d00,fusion,ONNX-MLIR LLVM,"onnx-mlir version 0.4.2, onnx version 1.21.0 (https://github.com/onnx/onnx-mlir.git 4a13c34aa695b228599d637cdb772c19b4b18dba)",onnx-mlir-llvm,true,,90,100,7246,0.0,0.0,f74d1c26353cbc4c590ccde8b8a07fa56cfb76361b54690928c07109ef654568,a36be84822914833aa5f8e0f38b5f90a4a26f626fb3422bce0e093871a68fe9f,true,20271011
fuse-add-relu,2fa842e74a5cfcbf59217c4e1d85f7cf2fd11e09dc5ef429f8510965e0835d00,fusion,ONNX-MLIR LLVM,"onnx-mlir version 0.4.2, onnx version 1.21.0 (https://github.com/onnx/onnx-mlir.git 4a13c34aa695b228599d637cdb772c19b4b18dba)",onnx-mlir-llvm,true,,91,100,7733,0.0,0.0,f74d1c26353cbc4c590ccde8b8a07fa56cfb76361b54690928c07109ef654568,a36be84822914833aa5f8e0f38b5f90a4a26f626fb3422bce0e093871a68fe9f,true,20271012
fuse-add-relu,2fa842e74a5cfcbf59217c4e1d85f7cf2fd11e09dc5ef429f8510965e0835d00,fusion,ONNX-MLIR LLVM,"onnx-mlir version 0.4.2, onnx version 1.21.0 (https://github.com/onnx/onnx-mlir.git 4a13c34aa695b228599d637cdb772c19b4b18dba)",onnx-mlir-llvm,true,,92,100,7167,0.0,0.0,f74d1c26353cbc4c590ccde8b8a07fa56cfb76361b54690928c07109ef654568,a36be84822914833aa5f8e0f38b5f90a4a26f626fb3422bce0e093871a68fe9f,true,20271013
fuse-add-relu,2fa842e74a5cfcbf59217c4e1d85f7cf2fd11e09dc5ef429f8510965e0835d00,fusion,ONNX-MLIR LLVM,"onnx-mlir version 0.4.2, onnx version 1.21.0 (https://github.com/onnx/onnx-mlir.git 4a13c34aa695b228599d637cdb772c19b4b18dba)",onnx-mlir-llvm,true,,93,100,7200,0.0,0.0,f74d1c26353cbc4c590ccde8b8a07fa56cfb76361b54690928c07109ef654568,a36be84822914833aa5f8e0f38b5f90a4a26f626fb3422bce0e093871a68fe9f,true,20271014
fuse-add-relu,2fa842e74a5cfcbf59217c4e1d85f7cf2fd11e09dc5ef429f8510965e0835d00,fusion,ONNX-MLIR LLVM,"onnx-mlir version 0.4.2, onnx version 1.21.0 (https://github.com/onnx/onnx-mlir.git 4a13c34aa695b228599d637cdb772c19b4b18dba)",onnx-mlir-llvm,true,,94,100,7270,0.0,0.0,f74d1c26353cbc4c590ccde8b8a07fa56cfb76361b54690928c07109ef654568,a36be84822914833aa5f8e0f38b5f90a4a26f626fb3422bce0e093871a68fe9f,true,20271015
fuse-add-relu,2fa842e74a5cfcbf59217c4e1d85f7cf2fd11e09dc5ef429f8510965e0835d00,fusion,ONNX-MLIR LLVM,"onnx-mlir version 0.4.2, onnx version 1.21.0 (https://github.com/onnx/onnx-mlir.git 4a13c34aa695b228599d637cdb772c19b4b18dba)",onnx-mlir-llvm,true,,95,100,7246,0.0,0.0,f74d1c26353cbc4c590ccde8b8a07fa56cfb76361b54690928c07109ef654568,a36be84822914833aa5f8e0f38b5f90a4a26f626fb3422bce0e093871a68fe9f,true,20271016
fuse-add-relu,2fa842e74a5cfcbf59217c4e1d85f7cf2fd11e09dc5ef429f8510965e0835d00,fusion,ONNX-MLIR LLVM,"onnx-mlir version 0.4.2, onnx version 1.21.0 (https://github.com/onnx/onnx-mlir.git 4a13c34aa695b228599d637cdb772c19b4b18dba)",onnx-mlir-llvm,true,,96,100,7249,0.0,0.0,f74d1c26353cbc4c590ccde8b8a07fa56cfb76361b54690928c07109ef654568,a36be84822914833aa5f8e0f38b5f90a4a26f626fb3422bce0e093871a68fe9f,true,20271017
fuse-add-relu,2fa842e74a5cfcbf59217c4e1d85f7cf2fd11e09dc5ef429f8510965e0835d00,fusion,ONNX-MLIR LLVM,"onnx-mlir version 0.4.2, onnx version 1.21.0 (https://github.com/onnx/onnx-mlir.git 4a13c34aa695b228599d637cdb772c19b4b18dba)",onnx-mlir-llvm,true,,97,100,7102,0.0,0.0,f74d1c26353cbc4c590ccde8b8a07fa56cfb76361b54690928c07109ef654568,a36be84822914833aa5f8e0f38b5f90a4a26f626fb3422bce0e093871a68fe9f,true,20271018
fuse-add-relu,2fa842e74a5cfcbf59217c4e1d85f7cf2fd11e09dc5ef429f8510965e0835d00,fusion,ONNX-MLIR LLVM,"onnx-mlir version 0.4.2, onnx version 1.21.0 (https://github.com/onnx/onnx-mlir.git 4a13c34aa695b228599d637cdb772c19b4b18dba)",onnx-mlir-llvm,true,,98,100,7246,0.0,0.0,f74d1c26353cbc4c590ccde8b8a07fa56cfb76361b54690928c07109ef654568,a36be84822914833aa5f8e0f38b5f90a4a26f626fb3422bce0e093871a68fe9f,true,20271019
fuse-add-relu,2fa842e74a5cfcbf59217c4e1d85f7cf2fd11e09dc5ef429f8510965e0835d00,fusion,ONNX-MLIR LLVM,"onnx-mlir version 0.4.2, onnx version 1.21.0 (https://github.com/onnx/onnx-mlir.git 4a13c34aa695b228599d637cdb772c19b4b18dba)",onnx-mlir-llvm,true,,99,100,7137,0.0,0.0,f74d1c26353cbc4c590ccde8b8a07fa56cfb76361b54690928c07109ef654568,a36be84822914833aa5f8e0f38b5f90a4a26f626fb3422bce0e093871a68fe9f,true,20271020
mm-rectangular,2fa842e74a5cfcbf59217c4e1d85f7cf2fd11e09dc5ef429f8510965e0835d00,matmul,ONNX-MLIR LLVM,"onnx-mlir version 0.4.2, onnx version 1.21.0 (https://github.com/onnx/onnx-mlir.git 4a13c34aa695b228599d637cdb772c19b4b18dba)",onnx-mlir-llvm,true,,0,5,233375,0.0,0.0,defadaa3015f392437555de3b178b66b7c2a2f4dee03156175b5c29c39d916fd,6af9b6b204837890a1ca9f86b93e962b6ba86b2629a45293c2780abe3b44e64f,true,20270921
mm-rectangular,2fa842e74a5cfcbf59217c4e1d85f7cf2fd11e09dc5ef429f8510965e0835d00,matmul,ONNX-MLIR LLVM,"onnx-mlir version 0.4.2, onnx version 1.21.0 (https://github.com/onnx/onnx-mlir.git 4a13c34aa695b228599d637cdb772c19b4b18dba)",onnx-mlir-llvm,true,,1,5,132025,0.0,0.0,defadaa3015f392437555de3b178b66b7c2a2f4dee03156175b5c29c39d916fd,6af9b6b204837890a1ca9f86b93e962b6ba86b2629a45293c2780abe3b44e64f,true,20270922
mm-rectangular,2fa842e74a5cfcbf59217c4e1d85f7cf2fd11e09dc5ef429f8510965e0835d00,matmul,ONNX-MLIR LLVM,"onnx-mlir version 0.4.2, onnx version 1.21.0 (https://github.com/onnx/onnx-mlir.git 4a13c34aa695b228599d637cdb772c19b4b18dba)",onnx-mlir-llvm,true,,2,5,134933,0.0,0.0,defadaa3015f392437555de3b178b66b7c2a2f4dee03156175b5c29c39d916fd,6af9b6b204837890a1ca9f86b93e962b6ba86b2629a45293c2780abe3b44e64f,true,20270923
mm-rectangular,2fa842e74a5cfcbf59217c4e1d85f7cf2fd11e09dc5ef429f8510965e0835d00,matmul,ONNX-MLIR LLVM,"onnx-mlir version 0.4.2, onnx version 1.21.0 (https://github.com/onnx/onnx-mlir.git 4a13c34aa695b228599d637cdb772c19b4b18dba)",onnx-mlir-llvm,true,,3,5,132300,0.0,0.0,defadaa3015f392437555de3b178b66b7c2a2f4dee03156175b5c29c39d916fd,6af9b6b204837890a1ca9f86b93e962b6ba86b2629a45293c2780abe3b44e64f,true,20270924
mm-rectangular,2fa842e74a5cfcbf59217c4e1d85f7cf2fd11e09dc5ef429f8510965e0835d00,matmul,ONNX-MLIR LLVM,"onnx-mlir version 0.4.2, onnx version 1.21.0 (https://github.com/onnx/onnx-mlir.git 4a13c34aa695b228599d637cdb772c19b4b18dba)",onnx-mlir-llvm,true,,4,5,136641,0.0,0.0,defadaa3015f392437555de3b178b66b7c2a2f4dee03156175b5c29c39d916fd,6af9b6b204837890a1ca9f86b93e962b6ba86b2629a45293c2780abe3b44e64f,true,20270925
mm-rectangular,2fa842e74a5cfcbf59217c4e1d85f7cf2fd11e09dc5ef429f8510965e0835d00,matmul,ONNX-MLIR LLVM,"onnx-mlir version 0.4.2, onnx version 1.21.0 (https://github.com/onnx/onnx-mlir.git 4a13c34aa695b228599d637cdb772c19b4b18dba)",onnx-mlir-llvm,true,,5,5,158725,0.0,0.0,defadaa3015f392437555de3b178b66b7c2a2f4dee03156175b5c29c39d916fd,6af9b6b204837890a1ca9f86b93e962b6ba86b2629a45293c2780abe3b44e64f,true,20270926
mm-rectangular,2fa842e74a5cfcbf59217c4e1d85f7cf2fd11e09dc5ef429f8510965e0835d00,matmul,ONNX-MLIR LLVM,"onnx-mlir version 0.4.2, onnx version 1.21.0 (https://github.com/onnx/onnx-mlir.git 4a13c34aa695b228599d637cdb772c19b4b18dba)",onnx-mlir-llvm,true,,6,5,262975,0.0,0.0,defadaa3015f392437555de3b178b66b7c2a2f4dee03156175b5c29c39d916fd,6af9b6b204837890a1ca9f86b93e962b6ba86b2629a45293c2780abe3b44e64f,true,20270927
mm-rectangular,2fa842e74a5cfcbf59217c4e1d85f7cf2fd11e09dc5ef429f8510965e0835d00,matmul,ONNX-MLIR LLVM,"onnx-mlir version 0.4.2, onnx version 1.21.0 (https://github.com/onnx/onnx-mlir.git 4a13c34aa695b228599d637cdb772c19b4b18dba)",onnx-mlir-llvm,true,,7,5,175158,0.0,0.0,defadaa3015f392437555de3b178b66b7c2a2f4dee03156175b5c29c39d916fd,6af9b6b204837890a1ca9f86b93e962b6ba86b2629a45293c2780abe3b44e64f,true,20270928
mm-rectangular,2fa842e74a5cfcbf59217c4e1d85f7cf2fd11e09dc5ef429f8510965e0835d00,matmul,ONNX-MLIR LLVM,"onnx-mlir version 0.4.2, onnx version 1.21.0 (https://github.com/onnx/onnx-mlir.git 4a13c34aa695b228599d637cdb772c19b4b18dba)",onnx-mlir-llvm,true,,8,5,198875,0.0,0.0,defadaa3015f392437555de3b178b66b7c2a2f4dee03156175b5c29c39d916fd,6af9b6b204837890a1ca9f86b93e962b6ba86b2629a45293c2780abe3b44e64f,true,20270929
mm-rectangular,2fa842e74a5cfcbf59217c4e1d85f7cf2fd11e09dc5ef429f8510965e0835d00,matmul,ONNX-MLIR LLVM,"onnx-mlir version 0.4.2, onnx version 1.21.0 (https://github.com/onnx/onnx-mlir.git 4a13c34aa695b228599d637cdb772c19b4b18dba)",onnx-mlir-llvm,true,,9,5,249041,0.0,0.0,defadaa3015f392437555de3b178b66b7c2a2f4dee03156175b5c29c39d916fd,6af9b6b204837890a1ca9f86b93e962b6ba86b2629a45293c2780abe3b44e64f,true,20270930
mm-rectangular,2fa842e74a5cfcbf59217c4e1d85f7cf2fd11e09dc5ef429f8510965e0835d00,matmul,ONNX-MLIR LLVM,"onnx-mlir version 0.4.2, onnx version 1.21.0 (https://github.com/onnx/onnx-mlir.git 4a13c34aa695b228599d637cdb772c19b4b18dba)",onnx-mlir-llvm,true,,10,5,148891,0.0,0.0,defadaa3015f392437555de3b178b66b7c2a2f4dee03156175b5c29c39d916fd,6af9b6b204837890a1ca9f86b93e962b6ba86b2629a45293c2780abe3b44e64f,true,20270931
mm-rectangular,2fa842e74a5cfcbf59217c4e1d85f7cf2fd11e09dc5ef429f8510965e0835d00,matmul,ONNX-MLIR LLVM,"onnx-mlir version 0.4.2, onnx version 1.21.0 (https://github.com/onnx/onnx-mlir.git 4a13c34aa695b228599d637cdb772c19b4b18dba)",onnx-mlir-llvm,true,,11,5,192466,0.0,0.0,defadaa3015f392437555de3b178b66b7c2a2f4dee03156175b5c29c39d916fd,6af9b6b204837890a1ca9f86b93e962b6ba86b2629a45293c2780abe3b44e64f,true,20270932
mm-rectangular,2fa842e74a5cfcbf59217c4e1d85f7cf2fd11e09dc5ef429f8510965e0835d00,matmul,ONNX-MLIR LLVM,"onnx-mlir version 0.4.2, onnx version 1.21.0 (https://github.com/onnx/onnx-mlir.git 4a13c34aa695b228599d637cdb772c19b4b18dba)",onnx-mlir-llvm,true,,12,5,177900,0.0,0.0,defadaa3015f392437555de3b178b66b7c2a2f4dee03156175b5c29c39d916fd,6af9b6b204837890a1ca9f86b93e962b6ba86b2629a45293c2780abe3b44e64f,true,20270933
mm-rectangular,2fa842e74a5cfcbf59217c4e1d85f7cf2fd11e09dc5ef429f8510965e0835d00,matmul,ONNX-MLIR LLVM,"onnx-mlir version 0.4.2, onnx version 1.21.0 (https://github.com/onnx/onnx-mlir.git 4a13c34aa695b228599d637cdb772c19b4b18dba)",onnx-mlir-llvm,true,,13,5,200441,0.0,0.0,defadaa3015f392437555de3b178b66b7c2a2f4dee03156175b5c29c39d916fd,6af9b6b204837890a1ca9f86b93e962b6ba86b2629a45293c2780abe3b44e64f,true,20270934
mm-rectangular,2fa842e74a5cfcbf59217c4e1d85f7cf2fd11e09dc5ef429f8510965e0835d00,matmul,ONNX-MLIR LLVM,"onnx-mlir version 0.4.2, onnx version 1.21.0 (https://github.com/onnx/onnx-mlir.git 4a13c34aa695b228599d637cdb772c19b4b18dba)",onnx-mlir-llvm,true,,14,5,131366,0.0,0.0,defadaa3015f392437555de3b178b66b7c2a2f4dee03156175b5c29c39d916fd,6af9b6b204837890a1ca9f86b93e962b6ba86b2629a45293c2780abe3b44e64f,true,20270935
mm-rectangular,2fa842e74a5cfcbf59217c4e1d85f7cf2fd11e09dc5ef429f8510965e0835d00,matmul,ONNX-MLIR LLVM,"onnx-mlir version 0.4.2, onnx version 1.21.0 (https://github.com/onnx/onnx-mlir.git 4a13c34aa695b228599d637cdb772c19b4b18dba)",onnx-mlir-llvm,true,,15,5,128516,0.0,0.0,defadaa3015f392437555de3b178b66b7c2a2f4dee03156175b5c29c39d916fd,6af9b6b204837890a1ca9f86b93e962b6ba86b2629a45293c2780abe3b44e64f,true,20270936
mm-rectangular,2fa842e74a5cfcbf59217c4e1d85f7cf2fd11e09dc5ef429f8510965e0835d00,matmul,ONNX-MLIR LLVM,"onnx-mlir version 0.4.2, onnx version 1.21.0 (https://github.com/onnx/onnx-mlir.git 4a13c34aa695b228599d637cdb772c19b4b18dba)",onnx-mlir-llvm,true,,16,5,131825,0.0,0.0,defadaa3015f392437555de3b178b66b7c2a2f4dee03156175b5c29c39d916fd,6af9b6b204837890a1ca9f86b93e962b6ba86b2629a45293c2780abe3b44e64f,true,20270937
mm-rectangular,2fa842e74a5cfcbf59217c4e1d85f7cf2fd11e09dc5ef429f8510965e0835d00,matmul,ONNX-MLIR LLVM,"onnx-mlir version 0.4.2, onnx version 1.21.0 (https://github.com/onnx/onnx-mlir.git 4a13c34aa695b228599d637cdb772c19b4b18dba)",onnx-mlir-llvm,true,,17,5,169691,0.0,0.0,defadaa3015f392437555de3b178b66b7c2a2f4dee03156175b5c29c39d916fd,6af9b6b204837890a1ca9f86b93e962b6ba86b2629a45293c2780abe3b44e64f,true,20270938
mm-rectangular,2fa842e74a5cfcbf59217c4e1d85f7cf2fd11e09dc5ef429f8510965e0835d00,matmul,ONNX-MLIR LLVM,"onnx-mlir version 0.4.2, onnx version 1.21.0 (https://github.com/onnx/onnx-mlir.git 4a13c34aa695b228599d637cdb772c19b4b18dba)",onnx-mlir-llvm,true,,18,5,224600,0.0,0.0,defadaa3015f392437555de3b178b66b7c2a2f4dee03156175b5c29c39d916fd,6af9b6b204837890a1ca9f86b93e962b6ba86b2629a45293c2780abe3b44e64f,true,20270939
mm-rectangular,2fa842e74a5cfcbf59217c4e1d85f7cf2fd11e09dc5ef429f8510965e0835d00,matmul,ONNX-MLIR LLVM,"onnx-mlir version 0.4.2, onnx version 1.21.0 (https://github.com/onnx/onnx-mlir.git 4a13c34aa695b228599d637cdb772c19b4b18dba)",onnx-mlir-llvm,true,,19,5,203225,0.0,0.0,defadaa3015f392437555de3b178b66b7c2a2f4dee03156175b5c29c39d916fd,6af9b6b204837890a1ca9f86b93e962b6ba86b2629a45293c2780abe3b44e64f,true,20270940
mm-rectangular,2fa842e74a5cfcbf59217c4e1d85f7cf2fd11e09dc5ef429f8510965e0835d00,matmul,ONNX-MLIR LLVM,"onnx-mlir version 0.4.2, onnx version 1.21.0 (https://github.com/onnx/onnx-mlir.git 4a13c34aa695b228599d637cdb772c19b4b18dba)",onnx-mlir-llvm,true,,20,5,135658,0.0,0.0,defadaa3015f392437555de3b178b66b7c2a2f4dee03156175b5c29c39d916fd,6af9b6b204837890a1ca9f86b93e962b6ba86b2629a45293c2780abe3b44e64f,true,20270941
mm-rectangular,2fa842e74a5cfcbf59217c4e1d85f7cf2fd11e09dc5ef429f8510965e0835d00,matmul,ONNX-MLIR LLVM,"onnx-mlir version 0.4.2, onnx version 1.21.0 (https://github.com/onnx/onnx-mlir.git 4a13c34aa695b228599d637cdb772c19b4b18dba)",onnx-mlir-llvm,true,,21,5,133000,0.0,0.0,defadaa3015f392437555de3b178b66b7c2a2f4dee03156175b5c29c39d916fd,6af9b6b204837890a1ca9f86b93e962b6ba86b2629a45293c2780abe3b44e64f,true,20270942
mm-rectangular,2fa842e74a5cfcbf59217c4e1d85f7cf2fd11e09dc5ef429f8510965e0835d00,matmul,ONNX-MLIR LLVM,"onnx-mlir version 0.4.2, onnx version 1.21.0 (https://github.com/onnx/onnx-mlir.git 4a13c34aa695b228599d637cdb772c19b4b18dba)",onnx-mlir-llvm,true,,22,5,135316,0.0,0.0,defadaa3015f392437555de3b178b66b7c2a2f4dee03156175b5c29c39d916fd,6af9b6b204837890a1ca9f86b93e962b6ba86b2629a45293c2780abe3b44e64f,true,20270943
mm-rectangular,2fa842e74a5cfcbf59217c4e1d85f7cf2fd11e09dc5ef429f8510965e0835d00,matmul,ONNX-MLIR LLVM,"onnx-mlir version 0.4.2, onnx version 1.21.0 (https://github.com/onnx/onnx-mlir.git 4a13c34aa695b228599d637cdb772c19b4b18dba)",onnx-mlir-llvm,true,,23,5,133616,0.0,0.0,defadaa3015f392437555de3b178b66b7c2a2f4dee03156175b5c29c39d916fd,6af9b6b204837890a1ca9f86b93e962b6ba86b2629a45293c2780abe3b44e64f,true,20270944
mm-rectangular,2fa842e74a5cfcbf59217c4e1d85f7cf2fd11e09dc5ef429f8510965e0835d00,matmul,ONNX-MLIR LLVM,"onnx-mlir version 0.4.2, onnx version 1.21.0 (https://github.com/onnx/onnx-mlir.git 4a13c34aa695b228599d637cdb772c19b4b18dba)",onnx-mlir-llvm,true,,24,5,151883,0.0,0.0,defadaa3015f392437555de3b178b66b7c2a2f4dee03156175b5c29c39d916fd,6af9b6b204837890a1ca9f86b93e962b6ba86b2629a45293c2780abe3b44e64f,true,20270945
mm-rectangular,2fa842e74a5cfcbf59217c4e1d85f7cf2fd11e09dc5ef429f8510965e0835d00,matmul,ONNX-MLIR LLVM,"onnx-mlir version 0.4.2, onnx version 1.21.0 (https://github.com/onnx/onnx-mlir.git 4a13c34aa695b228599d637cdb772c19b4b18dba)",onnx-mlir-llvm,true,,25,5,160491,0.0,0.0,defadaa3015f392437555de3b178b66b7c2a2f4dee03156175b5c29c39d916fd,6af9b6b204837890a1ca9f86b93e962b6ba86b2629a45293c2780abe3b44e64f,true,20270946
mm-rectangular,2fa842e74a5cfcbf59217c4e1d85f7cf2fd11e09dc5ef429f8510965e0835d00,matmul,ONNX-MLIR LLVM,"onnx-mlir version 0.4.2, onnx version 1.21.0 (https://github.com/onnx/onnx-mlir.git 4a13c34aa695b228599d637cdb772c19b4b18dba)",onnx-mlir-llvm,true,,26,5,200758,0.0,0.0,defadaa3015f392437555de3b178b66b7c2a2f4dee03156175b5c29c39d916fd,6af9b6b204837890a1ca9f86b93e962b6ba86b2629a45293c2780abe3b44e64f,true,20270947
mm-rectangular,2fa842e74a5cfcbf59217c4e1d85f7cf2fd11e09dc5ef429f8510965e0835d00,matmul,ONNX-MLIR LLVM,"onnx-mlir version 0.4.2, onnx version 1.21.0 (https://github.com/onnx/onnx-mlir.git 4a13c34aa695b228599d637cdb772c19b4b18dba)",onnx-mlir-llvm,true,,27,5,181708,0.0,0.0,defadaa3015f392437555de3b178b66b7c2a2f4dee03156175b5c29c39d916fd,6af9b6b204837890a1ca9f86b93e962b6ba86b2629a45293c2780abe3b44e64f,true,20270948
mm-rectangular,2fa842e74a5cfcbf59217c4e1d85f7cf2fd11e09dc5ef429f8510965e0835d00,matmul,ONNX-MLIR LLVM,"onnx-mlir version 0.4.2, onnx version 1.21.0 (https://github.com/onnx/onnx-mlir.git 4a13c34aa695b228599d637cdb772c19b4b18dba)",onnx-mlir-llvm,true,,28,5,182483,0.0,0.0,defadaa3015f392437555de3b178b66b7c2a2f4dee03156175b5c29c39d916fd,6af9b6b204837890a1ca9f86b93e962b6ba86b2629a45293c2780abe3b44e64f,true,20270949
mm-rectangular,2fa842e74a5cfcbf59217c4e1d85f7cf2fd11e09dc5ef429f8510965e0835d00,matmul,ONNX-MLIR LLVM,"onnx-mlir version 0.4.2, onnx version 1.21.0 (https://github.com/onnx/onnx-mlir.git 4a13c34aa695b228599d637cdb772c19b4b18dba)",onnx-mlir-llvm,true,,29,5,187016,0.0,0.0,defadaa3015f392437555de3b178b66b7c2a2f4dee03156175b5c29c39d916fd,6af9b6b204837890a1ca9f86b93e962b6ba86b2629a45293c2780abe3b44e64f,true,20270950
mm-rectangular,2fa842e74a5cfcbf59217c4e1d85f7cf2fd11e09dc5ef429f8510965e0835d00,matmul,ONNX-MLIR LLVM,"onnx-mlir version 0.4.2, onnx version 1.21.0 (https://github.com/onnx/onnx-mlir.git 4a13c34aa695b228599d637cdb772c19b4b18dba)",onnx-mlir-llvm,true,,30,5,147016,0.0,0.0,defadaa3015f392437555de3b178b66b7c2a2f4dee03156175b5c29c39d916fd,6af9b6b204837890a1ca9f86b93e962b6ba86b2629a45293c2780abe3b44e64f,true,20270951
mm-rectangular,2fa842e74a5cfcbf59217c4e1d85f7cf2fd11e09dc5ef429f8510965e0835d00,matmul,ONNX-MLIR LLVM,"onnx-mlir version 0.4.2, onnx version 1.21.0 (https://github.com/onnx/onnx-mlir.git 4a13c34aa695b228599d637cdb772c19b4b18dba)",onnx-mlir-llvm,true,,31,5,145191,0.0,0.0,defadaa3015f392437555de3b178b66b7c2a2f4dee03156175b5c29c39d916fd,6af9b6b204837890a1ca9f86b93e962b6ba86b2629a45293c2780abe3b44e64f,true,20270952
mm-rectangular,2fa842e74a5cfcbf59217c4e1d85f7cf2fd11e09dc5ef429f8510965e0835d00,matmul,ONNX-MLIR LLVM,"onnx-mlir version 0.4.2, onnx version 1.21.0 (https://github.com/onnx/onnx-mlir.git 4a13c34aa695b228599d637cdb772c19b4b18dba)",onnx-mlir-llvm,true,,32,5,181208,0.0,0.0,defadaa3015f392437555de3b178b66b7c2a2f4dee03156175b5c29c39d916fd,6af9b6b204837890a1ca9f86b93e962b6ba86b2629a45293c2780abe3b44e64f,true,20270953
mm-rectangular,2fa842e74a5cfcbf59217c4e1d85f7cf2fd11e09dc5ef429f8510965e0835d00,matmul,ONNX-MLIR LLVM,"onnx-mlir version 0.4.2, onnx version 1.21.0 (https://github.com/onnx/onnx-mlir.git 4a13c34aa695b228599d637cdb772c19b4b18dba)",onnx-mlir-llvm,true,,33,5,144275,0.0,0.0,defadaa3015f392437555de3b178b66b7c2a2f4dee03156175b5c29c39d916fd,6af9b6b204837890a1ca9f86b93e962b6ba86b2629a45293c2780abe3b44e64f,true,20270954
mm-rectangular,2fa842e74a5cfcbf59217c4e1d85f7cf2fd11e09dc5ef429f8510965e0835d00,matmul,ONNX-MLIR LLVM,"onnx-mlir version 0.4.2, onnx version 1.21.0 (https://github.com/onnx/onnx-mlir.git 4a13c34aa695b228599d637cdb772c19b4b18dba)",onnx-mlir-llvm,true,,34,5,134233,0.0,0.0,defadaa3015f392437555de3b178b66b7c2a2f4dee03156175b5c29c39d916fd,6af9b6b204837890a1ca9f86b93e962b6ba86b2629a45293c2780abe3b44e64f,true,20270955
mm-rectangular,2fa842e74a5cfcbf59217c4e1d85f7cf2fd11e09dc5ef429f8510965e0835d00,matmul,ONNX-MLIR LLVM,"onnx-mlir version 0.4.2, onnx version 1.21.0 (https://github.com/onnx/onnx-mlir.git 4a13c34aa695b228599d637cdb772c19b4b18dba)",onnx-mlir-llvm,true,,35,5,166808,0.0,0.0,defadaa3015f392437555de3b178b66b7c2a2f4dee03156175b5c29c39d916fd,6af9b6b204837890a1ca9f86b93e962b6ba86b2629a45293c2780abe3b44e64f,true,20270956
mm-rectangular,2fa842e74a5cfcbf59217c4e1d85f7cf2fd11e09dc5ef429f8510965e0835d00,matmul,ONNX-MLIR LLVM,"onnx-mlir version 0.4.2, onnx version 1.21.0 (https://github.com/onnx/onnx-mlir.git 4a13c34aa695b228599d637cdb772c19b4b18dba)",onnx-mlir-llvm,true,,36,5,168041,0.0,0.0,defadaa3015f392437555de3b178b66b7c2a2f4dee03156175b5c29c39d916fd,6af9b6b204837890a1ca9f86b93e962b6ba86b2629a45293c2780abe3b44e64f,true,20270957
mm-rectangular,2fa842e74a5cfcbf59217c4e1d85f7cf2fd11e09dc5ef429f8510965e0835d00,matmul,ONNX-MLIR LLVM,"onnx-mlir version 0.4.2, onnx version 1.21.0 (https://github.com/onnx/onnx-mlir.git 4a13c34aa695b228599d637cdb772c19b4b18dba)",onnx-mlir-llvm,true,,37,5,170241,0.0,0.0,defadaa3015f392437555de3b178b66b7c2a2f4dee03156175b5c29c39d916fd,6af9b6b204837890a1ca9f86b93e962b6ba86b2629a45293c2780abe3b44e64f,true,20270958
mm-rectangular,2fa842e74a5cfcbf59217c4e1d85f7cf2fd11e09dc5ef429f8510965e0835d00,matmul,ONNX-MLIR LLVM,"onnx-mlir version 0.4.2, onnx version 1.21.0 (https://github.com/onnx/onnx-mlir.git 4a13c34aa695b228599d637cdb772c19b4b18dba)",onnx-mlir-llvm,true,,38,5,169233,0.0,0.0,defadaa3015f392437555de3b178b66b7c2a2f4dee03156175b5c29c39d916fd,6af9b6b204837890a1ca9f86b93e962b6ba86b2629a45293c2780abe3b44e64f,true,20270959
mm-rectangular,2fa842e74a5cfcbf59217c4e1d85f7cf2fd11e09dc5ef429f8510965e0835d00,matmul,ONNX-MLIR LLVM,"onnx-mlir version 0.4.2, onnx version 1.21.0 (https://github.com/onnx/onnx-mlir.git 4a13c34aa695b228599d637cdb772c19b4b18dba)",onnx-mlir-llvm,true,,39,5,167441,0.0,0.0,defadaa3015f392437555de3b178b66b7c2a2f4dee03156175b5c29c39d916fd,6af9b6b204837890a1ca9f86b93e962b6ba86b2629a45293c2780abe3b44e64f,true,20270960
mm-rectangular,2fa842e74a5cfcbf59217c4e1d85f7cf2fd11e09dc5ef429f8510965e0835d00,matmul,ONNX-MLIR LLVM,"onnx-mlir version 0.4.2, onnx version 1.21.0 (https://github.com/onnx/onnx-mlir.git 4a13c34aa695b228599d637cdb772c19b4b18dba)",onnx-mlir-llvm,true,,40,5,160058,0.0,0.0,defadaa3015f392437555de3b178b66b7c2a2f4dee03156175b5c29c39d916fd,6af9b6b204837890a1ca9f86b93e962b6ba86b2629a45293c2780abe3b44e64f,true,20270961
mm-rectangular,2fa842e74a5cfcbf59217c4e1d85f7cf2fd11e09dc5ef429f8510965e0835d00,matmul,ONNX-MLIR LLVM,"onnx-mlir version 0.4.2, onnx version 1.21.0 (https://github.com/onnx/onnx-mlir.git 4a13c34aa695b228599d637cdb772c19b4b18dba)",onnx-mlir-llvm,true,,41,5,133116,0.0,0.0,defadaa3015f392437555de3b178b66b7c2a2f4dee03156175b5c29c39d916fd,6af9b6b204837890a1ca9f86b93e962b6ba86b2629a45293c2780abe3b44e64f,true,20270962
mm-rectangular,2fa842e74a5cfcbf59217c4e1d85f7cf2fd11e09dc5ef429f8510965e0835d00,matmul,ONNX-MLIR LLVM,"onnx-mlir version 0.4.2, onnx version 1.21.0 (https://github.com/onnx/onnx-mlir.git 4a13c34aa695b228599d637cdb772c19b4b18dba)",onnx-mlir-llvm,true,,42,5,135500,0.0,0.0,defadaa3015f392437555de3b178b66b7c2a2f4dee03156175b5c29c39d916fd,6af9b6b204837890a1ca9f86b93e962b6ba86b2629a45293c2780abe3b44e64f,true,20270963
mm-rectangular,2fa842e74a5cfcbf59217c4e1d85f7cf2fd11e09dc5ef429f8510965e0835d00,matmul,ONNX-MLIR LLVM,"onnx-mlir version 0.4.2, onnx version 1.21.0 (https://github.com/onnx/onnx-mlir.git 4a13c34aa695b228599d637cdb772c19b4b18dba)",onnx-mlir-llvm,true,,43,5,136491,0.0,0.0,defadaa3015f392437555de3b178b66b7c2a2f4dee03156175b5c29c39d916fd,6af9b6b204837890a1ca9f86b93e962b6ba86b2629a45293c2780abe3b44e64f,true,20270964
mm-rectangular,2fa842e74a5cfcbf59217c4e1d85f7cf2fd11e09dc5ef429f8510965e0835d00,matmul,ONNX-MLIR LLVM,"onnx-mlir version 0.4.2, onnx version 1.21.0 (https://github.com/onnx/onnx-mlir.git 4a13c34aa695b228599d637cdb772c19b4b18dba)",onnx-mlir-llvm,true,,44,5,138016,0.0,0.0,defadaa3015f392437555de3b178b66b7c2a2f4dee03156175b5c29c39d916fd,6af9b6b204837890a1ca9f86b93e962b6ba86b2629a45293c2780abe3b44e64f,true,20270965
mm-rectangular,2fa842e74a5cfcbf59217c4e1d85f7cf2fd11e09dc5ef429f8510965e0835d00,matmul,ONNX-MLIR LLVM,"onnx-mlir version 0.4.2, onnx version 1.21.0 (https://github.com/onnx/onnx-mlir.git 4a13c34aa695b228599d637cdb772c19b4b18dba)",onnx-mlir-llvm,true,,45,5,133841,0.0,0.0,defadaa3015f392437555de3b178b66b7c2a2f4dee03156175b5c29c39d916fd,6af9b6b204837890a1ca9f86b93e962b6ba86b2629a45293c2780abe3b44e64f,true,20270966
mm-rectangular,2fa842e74a5cfcbf59217c4e1d85f7cf2fd11e09dc5ef429f8510965e0835d00,matmul,ONNX-MLIR LLVM,"onnx-mlir version 0.4.2, onnx version 1.21.0 (https://github.com/onnx/onnx-mlir.git 4a13c34aa695b228599d637cdb772c19b4b18dba)",onnx-mlir-llvm,true,,46,5,130491,0.0,0.0,defadaa3015f392437555de3b178b66b7c2a2f4dee03156175b5c29c39d916fd,6af9b6b204837890a1ca9f86b93e962b6ba86b2629a45293c2780abe3b44e64f,true,20270967
mm-rectangular,2fa842e74a5cfcbf59217c4e1d85f7cf2fd11e09dc5ef429f8510965e0835d00,matmul,ONNX-MLIR LLVM,"onnx-mlir version 0.4.2, onnx version 1.21.0 (https://github.com/onnx/onnx-mlir.git 4a13c34aa695b228599d637cdb772c19b4b18dba)",onnx-mlir-llvm,true,,47,5,141466,0.0,0.0,defadaa3015f392437555de3b178b66b7c2a2f4dee03156175b5c29c39d916fd,6af9b6b204837890a1ca9f86b93e962b6ba86b2629a45293c2780abe3b44e64f,true,20270968
mm-rectangular,2fa842e74a5cfcbf59217c4e1d85f7cf2fd11e09dc5ef429f8510965e0835d00,matmul,ONNX-MLIR LLVM,"onnx-mlir version 0.4.2, onnx version 1.21.0 (https://github.com/onnx/onnx-mlir.git 4a13c34aa695b228599d637cdb772c19b4b18dba)",onnx-mlir-llvm,true,,48,5,135650,0.0,0.0,defadaa3015f392437555de3b178b66b7c2a2f4dee03156175b5c29c39d916fd,6af9b6b204837890a1ca9f86b93e962b6ba86b2629a45293c2780abe3b44e64f,true,20270969
mm-rectangular,2fa842e74a5cfcbf59217c4e1d85f7cf2fd11e09dc5ef429f8510965e0835d00,matmul,ONNX-MLIR LLVM,"onnx-mlir version 0.4.2, onnx version 1.21.0 (https://github.com/onnx/onnx-mlir.git 4a13c34aa695b228599d637cdb772c19b4b18dba)",onnx-mlir-llvm,true,,49,5,156275,0.0,0.0,defadaa3015f392437555de3b178b66b7c2a2f4dee03156175b5c29c39d916fd,6af9b6b204837890a1ca9f86b93e962b6ba86b2629a45293c2780abe3b44e64f,true,20270970
mm-rectangular,2fa842e74a5cfcbf59217c4e1d85f7cf2fd11e09dc5ef429f8510965e0835d00,matmul,ONNX-MLIR LLVM,"onnx-mlir version 0.4.2, onnx version 1.21.0 (https://github.com/onnx/onnx-mlir.git 4a13c34aa695b228599d637cdb772c19b4b18dba)",onnx-mlir-llvm,true,,50,5,135191,0.0,0.0,defadaa3015f392437555de3b178b66b7c2a2f4dee03156175b5c29c39d916fd,6af9b6b204837890a1ca9f86b93e962b6ba86b2629a45293c2780abe3b44e64f,true,20270971
mm-rectangular,2fa842e74a5cfcbf59217c4e1d85f7cf2fd11e09dc5ef429f8510965e0835d00,matmul,ONNX-MLIR LLVM,"onnx-mlir version 0.4.2, onnx version 1.21.0 (https://github.com/onnx/onnx-mlir.git 4a13c34aa695b228599d637cdb772c19b4b18dba)",onnx-mlir-llvm,true,,51,5,151508,0.0,0.0,defadaa3015f392437555de3b178b66b7c2a2f4dee03156175b5c29c39d916fd,6af9b6b204837890a1ca9f86b93e962b6ba86b2629a45293c2780abe3b44e64f,true,20270972
mm-rectangular,2fa842e74a5cfcbf59217c4e1d85f7cf2fd11e09dc5ef429f8510965e0835d00,matmul,ONNX-MLIR LLVM,"onnx-mlir version 0.4.2, onnx version 1.21.0 (https://github.com/onnx/onnx-mlir.git 4a13c34aa695b228599d637cdb772c19b4b18dba)",onnx-mlir-llvm,true,,52,5,145275,0.0,0.0,defadaa3015f392437555de3b178b66b7c2a2f4dee03156175b5c29c39d916fd,6af9b6b204837890a1ca9f86b93e962b6ba86b2629a45293c2780abe3b44e64f,true,20270973
mm-rectangular,2fa842e74a5cfcbf59217c4e1d85f7cf2fd11e09dc5ef429f8510965e0835d00,matmul,ONNX-MLIR LLVM,"onnx-mlir version 0.4.2, onnx version 1.21.0 (https://github.com/onnx/onnx-mlir.git 4a13c34aa695b228599d637cdb772c19b4b18dba)",onnx-mlir-llvm,true,,53,5,137850,0.0,0.0,defadaa3015f392437555de3b178b66b7c2a2f4dee03156175b5c29c39d916fd,6af9b6b204837890a1ca9f86b93e962b6ba86b2629a45293c2780abe3b44e64f,true,20270974
mm-rectangular,2fa842e74a5cfcbf59217c4e1d85f7cf2fd11e09dc5ef429f8510965e0835d00,matmul,ONNX-MLIR LLVM,"onnx-mlir version 0.4.2, onnx version 1.21.0 (https://github.com/onnx/onnx-mlir.git 4a13c34aa695b228599d637cdb772c19b4b18dba)",onnx-mlir-llvm,true,,54,5,152591,0.0,0.0,defadaa3015f392437555de3b178b66b7c2a2f4dee03156175b5c29c39d916fd,6af9b6b204837890a1ca9f86b93e962b6ba86b2629a45293c2780abe3b44e64f,true,20270975
mm-rectangular,2fa842e74a5cfcbf59217c4e1d85f7cf2fd11e09dc5ef429f8510965e0835d00,matmul,ONNX-MLIR LLVM,"onnx-mlir version 0.4.2, onnx version 1.21.0 (https://github.com/onnx/onnx-mlir.git 4a13c34aa695b228599d637cdb772c19b4b18dba)",onnx-mlir-llvm,true,,55,5,130708,0.0,0.0,defadaa3015f392437555de3b178b66b7c2a2f4dee03156175b5c29c39d916fd,6af9b6b204837890a1ca9f86b93e962b6ba86b2629a45293c2780abe3b44e64f,true,20270976
mm-rectangular,2fa842e74a5cfcbf59217c4e1d85f7cf2fd11e09dc5ef429f8510965e0835d00,matmul,ONNX-MLIR LLVM,"onnx-mlir version 0.4.2, onnx version 1.21.0 (https://github.com/onnx/onnx-mlir.git 4a13c34aa695b228599d637cdb772c19b4b18dba)",onnx-mlir-llvm,true,,56,5,141400,0.0,0.0,defadaa3015f392437555de3b178b66b7c2a2f4dee03156175b5c29c39d916fd,6af9b6b204837890a1ca9f86b93e962b6ba86b2629a45293c2780abe3b44e64f,true,20270977
mm-rectangular,2fa842e74a5cfcbf59217c4e1d85f7cf2fd11e09dc5ef429f8510965e0835d00,matmul,ONNX-MLIR LLVM,"onnx-mlir version 0.4.2, onnx version 1.21.0 (https://github.com/onnx/onnx-mlir.git 4a13c34aa695b228599d637cdb772c19b4b18dba)",onnx-mlir-llvm,true,,57,5,142216,0.0,0.0,defadaa3015f392437555de3b178b66b7c2a2f4dee03156175b5c29c39d916fd,6af9b6b204837890a1ca9f86b93e962b6ba86b2629a45293c2780abe3b44e64f,true,20270978
mm-rectangular,2fa842e74a5cfcbf59217c4e1d85f7cf2fd11e09dc5ef429f8510965e0835d00,matmul,ONNX-MLIR LLVM,"onnx-mlir version 0.4.2, onnx version 1.21.0 (https://github.com/onnx/onnx-mlir.git 4a13c34aa695b228599d637cdb772c19b4b18dba)",onnx-mlir-llvm,true,,58,5,144475,0.0,0.0,defadaa3015f392437555de3b178b66b7c2a2f4dee03156175b5c29c39d916fd,6af9b6b204837890a1ca9f86b93e962b6ba86b2629a45293c2780abe3b44e64f,true,20270979
mm-rectangular,2fa842e74a5cfcbf59217c4e1d85f7cf2fd11e09dc5ef429f8510965e0835d00,matmul,ONNX-MLIR LLVM,"onnx-mlir version 0.4.2, onnx version 1.21.0 (https://github.com/onnx/onnx-mlir.git 4a13c34aa695b228599d637cdb772c19b4b18dba)",onnx-mlir-llvm,true,,59,5,143116,0.0,0.0,defadaa3015f392437555de3b178b66b7c2a2f4dee03156175b5c29c39d916fd,6af9b6b204837890a1ca9f86b93e962b6ba86b2629a45293c2780abe3b44e64f,true,20270980
mm-rectangular,2fa842e74a5cfcbf59217c4e1d85f7cf2fd11e09dc5ef429f8510965e0835d00,matmul,ONNX-MLIR LLVM,"onnx-mlir version 0.4.2, onnx version 1.21.0 (https://github.com/onnx/onnx-mlir.git 4a13c34aa695b228599d637cdb772c19b4b18dba)",onnx-mlir-llvm,true,,60,5,144491,0.0,0.0,defadaa3015f392437555de3b178b66b7c2a2f4dee03156175b5c29c39d916fd,6af9b6b204837890a1ca9f86b93e962b6ba86b2629a45293c2780abe3b44e64f,true,20270981
mm-rectangular,2fa842e74a5cfcbf59217c4e1d85f7cf2fd11e09dc5ef429f8510965e0835d00,matmul,ONNX-MLIR LLVM,"onnx-mlir version 0.4.2, onnx version 1.21.0 (https://github.com/onnx/onnx-mlir.git 4a13c34aa695b228599d637cdb772c19b4b18dba)",onnx-mlir-llvm,true,,61,5,145600,0.0,0.0,defadaa3015f392437555de3b178b66b7c2a2f4dee03156175b5c29c39d916fd,6af9b6b204837890a1ca9f86b93e962b6ba86b2629a45293c2780abe3b44e64f,true,20270982
mm-rectangular,2fa842e74a5cfcbf59217c4e1d85f7cf2fd11e09dc5ef429f8510965e0835d00,matmul,ONNX-MLIR LLVM,"onnx-mlir version 0.4.2, onnx version 1.21.0 (https://github.com/onnx/onnx-mlir.git 4a13c34aa695b228599d637cdb772c19b4b18dba)",onnx-mlir-llvm,true,,62,5,143725,0.0,0.0,defadaa3015f392437555de3b178b66b7c2a2f4dee03156175b5c29c39d916fd,6af9b6b204837890a1ca9f86b93e962b6ba86b2629a45293c2780abe3b44e64f,true,20270983
mm-rectangular,2fa842e74a5cfcbf59217c4e1d85f7cf2fd11e09dc5ef429f8510965e0835d00,matmul,ONNX-MLIR LLVM,"onnx-mlir version 0.4.2, onnx version 1.21.0 (https://github.com/onnx/onnx-mlir.git 4a13c34aa695b228599d637cdb772c19b4b18dba)",onnx-mlir-llvm,true,,63,5,143733,0.0,0.0,defadaa3015f392437555de3b178b66b7c2a2f4dee03156175b5c29c39d916fd,6af9b6b204837890a1ca9f86b93e962b6ba86b2629a45293c2780abe3b44e64f,true,20270984
mm-rectangular,2fa842e74a5cfcbf59217c4e1d85f7cf2fd11e09dc5ef429f8510965e0835d00,matmul,ONNX-MLIR LLVM,"onnx-mlir version 0.4.2, onnx version 1.21.0 (https://github.com/onnx/onnx-mlir.git 4a13c34aa695b228599d637cdb772c19b4b18dba)",onnx-mlir-llvm,true,,64,5,138891,0.0,0.0,defadaa3015f392437555de3b178b66b7c2a2f4dee03156175b5c29c39d916fd,6af9b6b204837890a1ca9f86b93e962b6ba86b2629a45293c2780abe3b44e64f,true,20270985
mm-rectangular,2fa842e74a5cfcbf59217c4e1d85f7cf2fd11e09dc5ef429f8510965e0835d00,matmul,ONNX-MLIR LLVM,"onnx-mlir version 0.4.2, onnx version 1.21.0 (https://github.com/onnx/onnx-mlir.git 4a13c34aa695b228599d637cdb772c19b4b18dba)",onnx-mlir-llvm,true,,65,5,132541,0.0,0.0,defadaa3015f392437555de3b178b66b7c2a2f4dee03156175b5c29c39d916fd,6af9b6b204837890a1ca9f86b93e962b6ba86b2629a45293c2780abe3b44e64f,true,20270986
mm-rectangular,2fa842e74a5cfcbf59217c4e1d85f7cf2fd11e09dc5ef429f8510965e0835d00,matmul,ONNX-MLIR LLVM,"onnx-mlir version 0.4.2, onnx version 1.21.0 (https://github.com/onnx/onnx-mlir.git 4a13c34aa695b228599d637cdb772c19b4b18dba)",onnx-mlir-llvm,true,,66,5,136991,0.0,0.0,defadaa3015f392437555de3b178b66b7c2a2f4dee03156175b5c29c39d916fd,6af9b6b204837890a1ca9f86b93e962b6ba86b2629a45293c2780abe3b44e64f,true,20270987
mm-rectangular,2fa842e74a5cfcbf59217c4e1d85f7cf2fd11e09dc5ef429f8510965e0835d00,matmul,ONNX-MLIR LLVM,"onnx-mlir version 0.4.2, onnx version 1.21.0 (https://github.com/onnx/onnx-mlir.git 4a13c34aa695b228599d637cdb772c19b4b18dba)",onnx-mlir-llvm,true,,67,5,135583,0.0,0.0,defadaa3015f392437555de3b178b66b7c2a2f4dee03156175b5c29c39d916fd,6af9b6b204837890a1ca9f86b93e962b6ba86b2629a45293c2780abe3b44e64f,true,20270988
mm-rectangular,2fa842e74a5cfcbf59217c4e1d85f7cf2fd11e09dc5ef429f8510965e0835d00,matmul,ONNX-MLIR LLVM,"onnx-mlir version 0.4.2, onnx version 1.21.0 (https://github.com/onnx/onnx-mlir.git 4a13c34aa695b228599d637cdb772c19b4b18dba)",onnx-mlir-llvm,true,,68,5,131100,0.0,0.0,defadaa3015f392437555de3b178b66b7c2a2f4dee03156175b5c29c39d916fd,6af9b6b204837890a1ca9f86b93e962b6ba86b2629a45293c2780abe3b44e64f,true,20270989
mm-rectangular,2fa842e74a5cfcbf59217c4e1d85f7cf2fd11e09dc5ef429f8510965e0835d00,matmul,ONNX-MLIR LLVM,"onnx-mlir version 0.4.2, onnx version 1.21.0 (https://github.com/onnx/onnx-mlir.git 4a13c34aa695b228599d637cdb772c19b4b18dba)",onnx-mlir-llvm,true,,69,5,136583,0.0,0.0,defadaa3015f392437555de3b178b66b7c2a2f4dee03156175b5c29c39d916fd,6af9b6b204837890a1ca9f86b93e962b6ba86b2629a45293c2780abe3b44e64f,true,20270990
mm-rectangular,2fa842e74a5cfcbf59217c4e1d85f7cf2fd11e09dc5ef429f8510965e0835d00,matmul,ONNX-MLIR LLVM,"onnx-mlir version 0.4.2, onnx version 1.21.0 (https://github.com/onnx/onnx-mlir.git 4a13c34aa695b228599d637cdb772c19b4b18dba)",onnx-mlir-llvm,true,,70,5,138200,0.0,0.0,defadaa3015f392437555de3b178b66b7c2a2f4dee03156175b5c29c39d916fd,6af9b6b204837890a1ca9f86b93e962b6ba86b2629a45293c2780abe3b44e64f,true,20270991
mm-rectangular,2fa842e74a5cfcbf59217c4e1d85f7cf2fd11e09dc5ef429f8510965e0835d00,matmul,ONNX-MLIR LLVM,"onnx-mlir version 0.4.2, onnx version 1.21.0 (https://github.com/onnx/onnx-mlir.git 4a13c34aa695b228599d637cdb772c19b4b18dba)",onnx-mlir-llvm,true,,71,5,140375,0.0,0.0,defadaa3015f392437555de3b178b66b7c2a2f4dee03156175b5c29c39d916fd,6af9b6b204837890a1ca9f86b93e962b6ba86b2629a45293c2780abe3b44e64f,true,20270992
mm-rectangular,2fa842e74a5cfcbf59217c4e1d85f7cf2fd11e09dc5ef429f8510965e0835d00,matmul,ONNX-MLIR LLVM,"onnx-mlir version 0.4.2, onnx version 1.21.0 (https://github.com/onnx/onnx-mlir.git 4a13c34aa695b228599d637cdb772c19b4b18dba)",onnx-mlir-llvm,true,,72,5,138716,0.0,0.0,defadaa3015f392437555de3b178b66b7c2a2f4dee03156175b5c29c39d916fd,6af9b6b204837890a1ca9f86b93e962b6ba86b2629a45293c2780abe3b44e64f,true,20270993
mm-rectangular,2fa842e74a5cfcbf59217c4e1d85f7cf2fd11e09dc5ef429f8510965e0835d00,matmul,ONNX-MLIR LLVM,"onnx-mlir version 0.4.2, onnx version 1.21.0 (https://github.com/onnx/onnx-mlir.git 4a13c34aa695b228599d637cdb772c19b4b18dba)",onnx-mlir-llvm,true,,73,5,140116,0.0,0.0,defadaa3015f392437555de3b178b66b7c2a2f4dee03156175b5c29c39d916fd,6af9b6b204837890a1ca9f86b93e962b6ba86b2629a45293c2780abe3b44e64f,true,20270994
mm-rectangular,2fa842e74a5cfcbf59217c4e1d85f7cf2fd11e09dc5ef429f8510965e0835d00,matmul,ONNX-MLIR LLVM,"onnx-mlir version 0.4.2, onnx version 1.21.0 (https://github.com/onnx/onnx-mlir.git 4a13c34aa695b228599d637cdb772c19b4b18dba)",onnx-mlir-llvm,true,,74,5,132208,0.0,0.0,defadaa3015f392437555de3b178b66b7c2a2f4dee03156175b5c29c39d916fd,6af9b6b204837890a1ca9f86b93e962b6ba86b2629a45293c2780abe3b44e64f,true,20270995
mm-rectangular,2fa842e74a5cfcbf59217c4e1d85f7cf2fd11e09dc5ef429f8510965e0835d00,matmul,ONNX-MLIR LLVM,"onnx-mlir version 0.4.2, onnx version 1.21.0 (https://github.com/onnx/onnx-mlir.git 4a13c34aa695b228599d637cdb772c19b4b18dba)",onnx-mlir-llvm,true,,75,5,133400,0.0,0.0,defadaa3015f392437555de3b178b66b7c2a2f4dee03156175b5c29c39d916fd,6af9b6b204837890a1ca9f86b93e962b6ba86b2629a45293c2780abe3b44e64f,true,20270996
mm-rectangular,2fa842e74a5cfcbf59217c4e1d85f7cf2fd11e09dc5ef429f8510965e0835d00,matmul,ONNX-MLIR LLVM,"onnx-mlir version 0.4.2, onnx version 1.21.0 (https://github.com/onnx/onnx-mlir.git 4a13c34aa695b228599d637cdb772c19b4b18dba)",onnx-mlir-llvm,true,,76,5,134116,0.0,0.0,defadaa3015f392437555de3b178b66b7c2a2f4dee03156175b5c29c39d916fd,6af9b6b204837890a1ca9f86b93e962b6ba86b2629a45293c2780abe3b44e64f,true,20270997
mm-rectangular,2fa842e74a5cfcbf59217c4e1d85f7cf2fd11e09dc5ef429f8510965e0835d00,matmul,ONNX-MLIR LLVM,"onnx-mlir version 0.4.2, onnx version 1.21.0 (https://github.com/onnx/onnx-mlir.git 4a13c34aa695b228599d637cdb772c19b4b18dba)",onnx-mlir-llvm,true,,77,5,129875,0.0,0.0,defadaa3015f392437555de3b178b66b7c2a2f4dee03156175b5c29c39d916fd,6af9b6b204837890a1ca9f86b93e962b6ba86b2629a45293c2780abe3b44e64f,true,20270998
mm-rectangular,2fa842e74a5cfcbf59217c4e1d85f7cf2fd11e09dc5ef429f8510965e0835d00,matmul,ONNX-MLIR LLVM,"onnx-mlir version 0.4.2, onnx version 1.21.0 (https://github.com/onnx/onnx-mlir.git 4a13c34aa695b228599d637cdb772c19b4b18dba)",onnx-mlir-llvm,true,,78,5,136658,0.0,0.0,defadaa3015f392437555de3b178b66b7c2a2f4dee03156175b5c29c39d916fd,6af9b6b204837890a1ca9f86b93e962b6ba86b2629a45293c2780abe3b44e64f,true,20270999
mm-rectangular,2fa842e74a5cfcbf59217c4e1d85f7cf2fd11e09dc5ef429f8510965e0835d00,matmul,ONNX-MLIR LLVM,"onnx-mlir version 0.4.2, onnx version 1.21.0 (https://github.com/onnx/onnx-mlir.git 4a13c34aa695b228599d637cdb772c19b4b18dba)",onnx-mlir-llvm,true,,79,5,133575,0.0,0.0,defadaa3015f392437555de3b178b66b7c2a2f4dee03156175b5c29c39d916fd,6af9b6b204837890a1ca9f86b93e962b6ba86b2629a45293c2780abe3b44e64f,true,20271000
mm-rectangular,2fa842e74a5cfcbf59217c4e1d85f7cf2fd11e09dc5ef429f8510965e0835d00,matmul,ONNX-MLIR LLVM,"onnx-mlir version 0.4.2, onnx version 1.21.0 (https://github.com/onnx/onnx-mlir.git 4a13c34aa695b228599d637cdb772c19b4b18dba)",onnx-mlir-llvm,true,,80,5,133208,0.0,0.0,defadaa3015f392437555de3b178b66b7c2a2f4dee03156175b5c29c39d916fd,6af9b6b204837890a1ca9f86b93e962b6ba86b2629a45293c2780abe3b44e64f,true,20271001
mm-rectangular,2fa842e74a5cfcbf59217c4e1d85f7cf2fd11e09dc5ef429f8510965e0835d00,matmul,ONNX-MLIR LLVM,"onnx-mlir version 0.4.2, onnx version 1.21.0 (https://github.com/onnx/onnx-mlir.git 4a13c34aa695b228599d637cdb772c19b4b18dba)",onnx-mlir-llvm,true,,81,5,135675,0.0,0.0,defadaa3015f392437555de3b178b66b7c2a2f4dee03156175b5c29c39d916fd,6af9b6b204837890a1ca9f86b93e962b6ba86b2629a45293c2780abe3b44e64f,true,20271002
mm-rectangular,2fa842e74a5cfcbf59217c4e1d85f7cf2fd11e09dc5ef429f8510965e0835d00,matmul,ONNX-MLIR LLVM,"onnx-mlir version 0.4.2, onnx version 1.21.0 (https://github.com/onnx/onnx-mlir.git 4a13c34aa695b228599d637cdb772c19b4b18dba)",onnx-mlir-llvm,true,,82,5,132525,0.0,0.0,defadaa3015f392437555de3b178b66b7c2a2f4dee03156175b5c29c39d916fd,6af9b6b204837890a1ca9f86b93e962b6ba86b2629a45293c2780abe3b44e64f,true,20271003
mm-rectangular,2fa842e74a5cfcbf59217c4e1d85f7cf2fd11e09dc5ef429f8510965e0835d00,matmul,ONNX-MLIR LLVM,"onnx-mlir version 0.4.2, onnx version 1.21.0 (https://github.com/onnx/onnx-mlir.git 4a13c34aa695b228599d637cdb772c19b4b18dba)",onnx-mlir-llvm,true,,83,5,132775,0.0,0.0,defadaa3015f392437555de3b178b66b7c2a2f4dee03156175b5c29c39d916fd,6af9b6b204837890a1ca9f86b93e962b6ba86b2629a45293c2780abe3b44e64f,true,20271004
mm-rectangular,2fa842e74a5cfcbf59217c4e1d85f7cf2fd11e09dc5ef429f8510965e0835d00,matmul,ONNX-MLIR LLVM,"onnx-mlir version 0.4.2, onnx version 1.21.0 (https://github.com/onnx/onnx-mlir.git 4a13c34aa695b228599d637cdb772c19b4b18dba)",onnx-mlir-llvm,true,,84,5,131625,0.0,0.0,defadaa3015f392437555de3b178b66b7c2a2f4dee03156175b5c29c39d916fd,6af9b6b204837890a1ca9f86b93e962b6ba86b2629a45293c2780abe3b44e64f,true,20271005
mm-rectangular,2fa842e74a5cfcbf59217c4e1d85f7cf2fd11e09dc5ef429f8510965e0835d00,matmul,ONNX-MLIR LLVM,"onnx-mlir version 0.4.2, onnx version 1.21.0 (https://github.com/onnx/onnx-mlir.git 4a13c34aa695b228599d637cdb772c19b4b18dba)",onnx-mlir-llvm,true,,85,5,130591,0.0,0.0,defadaa3015f392437555de3b178b66b7c2a2f4dee03156175b5c29c39d916fd,6af9b6b204837890a1ca9f86b93e962b6ba86b2629a45293c2780abe3b44e64f,true,20271006
mm-rectangular,2fa842e74a5cfcbf59217c4e1d85f7cf2fd11e09dc5ef429f8510965e0835d00,matmul,ONNX-MLIR LLVM,"onnx-mlir version 0.4.2, onnx version 1.21.0 (https://github.com/onnx/onnx-mlir.git 4a13c34aa695b228599d637cdb772c19b4b18dba)",onnx-mlir-llvm,true,,86,5,130350,0.0,0.0,defadaa3015f392437555de3b178b66b7c2a2f4dee03156175b5c29c39d916fd,6af9b6b204837890a1ca9f86b93e962b6ba86b2629a45293c2780abe3b44e64f,true,20271007
mm-rectangular,2fa842e74a5cfcbf59217c4e1d85f7cf2fd11e09dc5ef429f8510965e0835d00,matmul,ONNX-MLIR LLVM,"onnx-mlir version 0.4.2, onnx version 1.21.0 (https://github.com/onnx/onnx-mlir.git 4a13c34aa695b228599d637cdb772c19b4b18dba)",onnx-mlir-llvm,true,,87,5,128508,0.0,0.0,defadaa3015f392437555de3b178b66b7c2a2f4dee03156175b5c29c39d916fd,6af9b6b204837890a1ca9f86b93e962b6ba86b2629a45293c2780abe3b44e64f,true,20271008
mm-rectangular,2fa842e74a5cfcbf59217c4e1d85f7cf2fd11e09dc5ef429f8510965e0835d00,matmul,ONNX-MLIR LLVM,"onnx-mlir version 0.4.2, onnx version 1.21.0 (https://github.com/onnx/onnx-mlir.git 4a13c34aa695b228599d637cdb772c19b4b18dba)",onnx-mlir-llvm,true,,88,5,132583,0.0,0.0,defadaa3015f392437555de3b178b66b7c2a2f4dee03156175b5c29c39d916fd,6af9b6b204837890a1ca9f86b93e962b6ba86b2629a45293c2780abe3b44e64f,true,20271009
mm-rectangular,2fa842e74a5cfcbf59217c4e1d85f7cf2fd11e09dc5ef429f8510965e0835d00,matmul,ONNX-MLIR LLVM,"onnx-mlir version 0.4.2, onnx version 1.21.0 (https://github.com/onnx/onnx-mlir.git 4a13c34aa695b228599d637cdb772c19b4b18dba)",onnx-mlir-llvm,true,,89,5,134575,0.0,0.0,defadaa3015f392437555de3b178b66b7c2a2f4dee03156175b5c29c39d916fd,6af9b6b204837890a1ca9f86b93e962b6ba86b2629a45293c2780abe3b44e64f,true,20271010
mm-rectangular,2fa842e74a5cfcbf59217c4e1d85f7cf2fd11e09dc5ef429f8510965e0835d00,matmul,ONNX-MLIR LLVM,"onnx-mlir version 0.4.2, onnx version 1.21.0 (https://github.com/onnx/onnx-mlir.git 4a13c34aa695b228599d637cdb772c19b4b18dba)",onnx-mlir-llvm,true,,90,5,133575,0.0,0.0,defadaa3015f392437555de3b178b66b7c2a2f4dee03156175b5c29c39d916fd,6af9b6b204837890a1ca9f86b93e962b6ba86b2629a45293c2780abe3b44e64f,true,20271011
mm-rectangular,2fa842e74a5cfcbf59217c4e1d85f7cf2fd11e09dc5ef429f8510965e0835d00,matmul,ONNX-MLIR LLVM,"onnx-mlir version 0.4.2, onnx version 1.21.0 (https://github.com/onnx/onnx-mlir.git 4a13c34aa695b228599d637cdb772c19b4b18dba)",onnx-mlir-llvm,true,,91,5,136058,0.0,0.0,defadaa3015f392437555de3b178b66b7c2a2f4dee03156175b5c29c39d916fd,6af9b6b204837890a1ca9f86b93e962b6ba86b2629a45293c2780abe3b44e64f,true,20271012
mm-rectangular,2fa842e74a5cfcbf59217c4e1d85f7cf2fd11e09dc5ef429f8510965e0835d00,matmul,ONNX-MLIR LLVM,"onnx-mlir version 0.4.2, onnx version 1.21.0 (https://github.com/onnx/onnx-mlir.git 4a13c34aa695b228599d637cdb772c19b4b18dba)",onnx-mlir-llvm,true,,92,5,137291,0.0,0.0,defadaa3015f392437555de3b178b66b7c2a2f4dee03156175b5c29c39d916fd,6af9b6b204837890a1ca9f86b93e962b6ba86b2629a45293c2780abe3b44e64f,true,20271013
mm-rectangular,2fa842e74a5cfcbf59217c4e1d85f7cf2fd11e09dc5ef429f8510965e0835d00,matmul,ONNX-MLIR LLVM,"onnx-mlir version 0.4.2, onnx version 1.21.0 (https://github.com/onnx/onnx-mlir.git 4a13c34aa695b228599d637cdb772c19b4b18dba)",onnx-mlir-llvm,true,,93,5,136683,0.0,0.0,defadaa3015f392437555de3b178b66b7c2a2f4dee03156175b5c29c39d916fd,6af9b6b204837890a1ca9f86b93e962b6ba86b2629a45293c2780abe3b44e64f,true,20271014
mm-rectangular,2fa842e74a5cfcbf59217c4e1d85f7cf2fd11e09dc5ef429f8510965e0835d00,matmul,ONNX-MLIR LLVM,"onnx-mlir version 0.4.2, onnx version 1.21.0 (https://github.com/onnx/onnx-mlir.git 4a13c34aa695b228599d637cdb772c19b4b18dba)",onnx-mlir-llvm,true,,94,5,129125,0.0,0.0,defadaa3015f392437555de3b178b66b7c2a2f4dee03156175b5c29c39d916fd,6af9b6b204837890a1ca9f86b93e962b6ba86b2629a45293c2780abe3b44e64f,true,20271015
mm-rectangular,2fa842e74a5cfcbf59217c4e1d85f7cf2fd11e09dc5ef429f8510965e0835d00,matmul,ONNX-MLIR LLVM,"onnx-mlir version 0.4.2, onnx version 1.21.0 (https://github.com/onnx/onnx-mlir.git 4a13c34aa695b228599d637cdb772c19b4b18dba)",onnx-mlir-llvm,true,,95,5,129783,0.0,0.0,defadaa3015f392437555de3b178b66b7c2a2f4dee03156175b5c29c39d916fd,6af9b6b204837890a1ca9f86b93e962b6ba86b2629a45293c2780abe3b44e64f,true,20271016
mm-rectangular,2fa842e74a5cfcbf59217c4e1d85f7cf2fd11e09dc5ef429f8510965e0835d00,matmul,ONNX-MLIR LLVM,"onnx-mlir version 0.4.2, onnx version 1.21.0 (https://github.com/onnx/onnx-mlir.git 4a13c34aa695b228599d637cdb772c19b4b18dba)",onnx-mlir-llvm,true,,96,5,128558,0.0,0.0,defadaa3015f392437555de3b178b66b7c2a2f4dee03156175b5c29c39d916fd,6af9b6b204837890a1ca9f86b93e962b6ba86b2629a45293c2780abe3b44e64f,true,20271017
mm-rectangular,2fa842e74a5cfcbf59217c4e1d85f7cf2fd11e09dc5ef429f8510965e0835d00,matmul,ONNX-MLIR LLVM,"onnx-mlir version 0.4.2, onnx version 1.21.0 (https://github.com/onnx/onnx-mlir.git 4a13c34aa695b228599d637cdb772c19b4b18dba)",onnx-mlir-llvm,true,,97,5,131400,0.0,0.0,defadaa3015f392437555de3b178b66b7c2a2f4dee03156175b5c29c39d916fd,6af9b6b204837890a1ca9f86b93e962b6ba86b2629a45293c2780abe3b44e64f,true,20271018
mm-rectangular,2fa842e74a5cfcbf59217c4e1d85f7cf2fd11e09dc5ef429f8510965e0835d00,matmul,ONNX-MLIR LLVM,"onnx-mlir version 0.4.2, onnx version 1.21.0 (https://github.com/onnx/onnx-mlir.git 4a13c34aa695b228599d637cdb772c19b4b18dba)",onnx-mlir-llvm,true,,98,5,128558,0.0,0.0,defadaa3015f392437555de3b178b66b7c2a2f4dee03156175b5c29c39d916fd,6af9b6b204837890a1ca9f86b93e962b6ba86b2629a45293c2780abe3b44e64f,true,20271019
mm-rectangular,2fa842e74a5cfcbf59217c4e1d85f7cf2fd11e09dc5ef429f8510965e0835d00,matmul,ONNX-MLIR LLVM,"onnx-mlir version 0.4.2, onnx version 1.21.0 (https://github.com/onnx/onnx-mlir.git 4a13c34aa695b228599d637cdb772c19b4b18dba)",onnx-mlir-llvm,true,,99,5,130191,0.0,0.0,defadaa3015f392437555de3b178b66b7c2a2f4dee03156175b5c29c39d916fd,6af9b6b204837890a1ca9f86b93e962b6ba86b2629a45293c2780abe3b44e64f,true,20271020
ew-affine-1k,2fa842e74a5cfcbf59217c4e1d85f7cf2fd11e09dc5ef429f8510965e0835d00,elementwise,ONNX-MLIR LLVM,"onnx-mlir version 0.4.2, onnx version 1.21.0 (https://github.com/onnx/onnx-mlir.git 4a13c34aa695b228599d637cdb772c19b4b18dba)",onnx-mlir-llvm,true,,0,1000,1427,0.0,0.0,0cb79f31f8a7b41c399603c27f666d76d298fd807fb671bb9837aa07cf6bf292,4599e180b644b53b29b16ca78939526b4978e751965262d2cf1e4469d5e1e346,true,20270921
ew-affine-1k,2fa842e74a5cfcbf59217c4e1d85f7cf2fd11e09dc5ef429f8510965e0835d00,elementwise,ONNX-MLIR LLVM,"onnx-mlir version 0.4.2, onnx version 1.21.0 (https://github.com/onnx/onnx-mlir.git 4a13c34aa695b228599d637cdb772c19b4b18dba)",onnx-mlir-llvm,true,,1,1000,1349,0.0,0.0,0cb79f31f8a7b41c399603c27f666d76d298fd807fb671bb9837aa07cf6bf292,4599e180b644b53b29b16ca78939526b4978e751965262d2cf1e4469d5e1e346,true,20270922
ew-affine-1k,2fa842e74a5cfcbf59217c4e1d85f7cf2fd11e09dc5ef429f8510965e0835d00,elementwise,ONNX-MLIR LLVM,"onnx-mlir version 0.4.2, onnx version 1.21.0 (https://github.com/onnx/onnx-mlir.git 4a13c34aa695b228599d637cdb772c19b4b18dba)",onnx-mlir-llvm,true,,2,1000,1465,0.0,0.0,0cb79f31f8a7b41c399603c27f666d76d298fd807fb671bb9837aa07cf6bf292,4599e180b644b53b29b16ca78939526b4978e751965262d2cf1e4469d5e1e346,true,20270923
ew-affine-1k,2fa842e74a5cfcbf59217c4e1d85f7cf2fd11e09dc5ef429f8510965e0835d00,elementwise,ONNX-MLIR LLVM,"onnx-mlir version 0.4.2, onnx version 1.21.0 (https://github.com/onnx/onnx-mlir.git 4a13c34aa695b228599d637cdb772c19b4b18dba)",onnx-mlir-llvm,true,,3,1000,1508,0.0,0.0,0cb79f31f8a7b41c399603c27f666d76d298fd807fb671bb9837aa07cf6bf292,4599e180b644b53b29b16ca78939526b4978e751965262d2cf1e4469d5e1e346,true,20270924
ew-affine-1k,2fa842e74a5cfcbf59217c4e1d85f7cf2fd11e09dc5ef429f8510965e0835d00,elementwise,ONNX-MLIR LLVM,"onnx-mlir version 0.4.2, onnx version 1.21.0 (https://github.com/onnx/onnx-mlir.git 4a13c34aa695b228599d637cdb772c19b4b18dba)",onnx-mlir-llvm,true,,4,1000,1568,0.0,0.0,0cb79f31f8a7b41c399603c27f666d76d298fd807fb671bb9837aa07cf6bf292,4599e180b644b53b29b16ca78939526b4978e751965262d2cf1e4469d5e1e346,true,20270925
ew-affine-1k,2fa842e74a5cfcbf59217c4e1d85f7cf2fd11e09dc5ef429f8510965e0835d00,elementwise,ONNX-MLIR LLVM,"onnx-mlir version 0.4.2, onnx version 1.21.0 (https://github.com/onnx/onnx-mlir.git 4a13c34aa695b228599d637cdb772c19b4b18dba)",onnx-mlir-llvm,true,,5,1000,1526,0.0,0.0,0cb79f31f8a7b41c399603c27f666d76d298fd807fb671bb9837aa07cf6bf292,4599e180b644b53b29b16ca78939526b4978e751965262d2cf1e4469d5e1e346,true,20270926
ew-affine-1k,2fa842e74a5cfcbf59217c4e1d85f7cf2fd11e09dc5ef429f8510965e0835d00,elementwise,ONNX-MLIR LLVM,"onnx-mlir version 0.4.2, onnx version 1.21.0 (https://github.com/onnx/onnx-mlir.git 4a13c34aa695b228599d637cdb772c19b4b18dba)",onnx-mlir-llvm,true,,6,1000,1430,0.0,0.0,0cb79f31f8a7b41c399603c27f666d76d298fd807fb671bb9837aa07cf6bf292,4599e180b644b53b29b16ca78939526b4978e751965262d2cf1e4469d5e1e346,true,20270927
ew-affine-1k,2fa842e74a5cfcbf59217c4e1d85f7cf2fd11e09dc5ef429f8510965e0835d00,elementwise,ONNX-MLIR LLVM,"onnx-mlir version 0.4.2, onnx version 1.21.0 (https://github.com/onnx/onnx-mlir.git 4a13c34aa695b228599d637cdb772c19b4b18dba)",onnx-mlir-llvm,true,,7,1000,1331,0.0,0.0,0cb79f31f8a7b41c399603c27f666d76d298fd807fb671bb9837aa07cf6bf292,4599e180b644b53b29b16ca78939526b4978e751965262d2cf1e4469d5e1e346,true,20270928
ew-affine-1k,2fa842e74a5cfcbf59217c4e1d85f7cf2fd11e09dc5ef429f8510965e0835d00,elementwise,ONNX-MLIR LLVM,"onnx-mlir version 0.4.2, onnx version 1.21.0 (https://github.com/onnx/onnx-mlir.git 4a13c34aa695b228599d637cdb772c19b4b18dba)",onnx-mlir-llvm,true,,8,1000,1317,0.0,0.0,0cb79f31f8a7b41c399603c27f666d76d298fd807fb671bb9837aa07cf6bf292,4599e180b644b53b29b16ca78939526b4978e751965262d2cf1e4469d5e1e346,true,20270929
ew-affine-1k,2fa842e74a5cfcbf59217c4e1d85f7cf2fd11e09dc5ef429f8510965e0835d00,elementwise,ONNX-MLIR LLVM,"onnx-mlir version 0.4.2, onnx version 1.21.0 (https://github.com/onnx/onnx-mlir.git 4a13c34aa695b228599d637cdb772c19b4b18dba)",onnx-mlir-llvm,true,,9,1000,1281,0.0,0.0,0cb79f31f8a7b41c399603c27f666d76d298fd807fb671bb9837aa07cf6bf292,4599e180b644b53b29b16ca78939526b4978e751965262d2cf1e4469d5e1e346,true,20270930
ew-affine-1k,2fa842e74a5cfcbf59217c4e1d85f7cf2fd11e09dc5ef429f8510965e0835d00,elementwise,ONNX-MLIR LLVM,"onnx-mlir version 0.4.2, onnx version 1.21.0 (https://github.com/onnx/onnx-mlir.git 4a13c34aa695b228599d637cdb772c19b4b18dba)",onnx-mlir-llvm,true,,10,1000,1147,0.0,0.0,0cb79f31f8a7b41c399603c27f666d76d298fd807fb671bb9837aa07cf6bf292,4599e180b644b53b29b16ca78939526b4978e751965262d2cf1e4469d5e1e346,true,20270931
ew-affine-1k,2fa842e74a5cfcbf59217c4e1d85f7cf2fd11e09dc5ef429f8510965e0835d00,elementwise,ONNX-MLIR LLVM,"onnx-mlir version 0.4.2, onnx version 1.21.0 (https://github.com/onnx/onnx-mlir.git 4a13c34aa695b228599d637cdb772c19b4b18dba)",onnx-mlir-llvm,true,,11,1000,1340,0.0,0.0,0cb79f31f8a7b41c399603c27f666d76d298fd807fb671bb9837aa07cf6bf292,4599e180b644b53b29b16ca78939526b4978e751965262d2cf1e4469d5e1e346,true,20270932
ew-affine-1k,2fa842e74a5cfcbf59217c4e1d85f7cf2fd11e09dc5ef429f8510965e0835d00,elementwise,ONNX-MLIR LLVM,"onnx-mlir version 0.4.2, onnx version 1.21.0 (https://github.com/onnx/onnx-mlir.git 4a13c34aa695b228599d637cdb772c19b4b18dba)",onnx-mlir-llvm,true,,12,1000,1104,0.0,0.0,0cb79f31f8a7b41c399603c27f666d76d298fd807fb671bb9837aa07cf6bf292,4599e180b644b53b29b16ca78939526b4978e751965262d2cf1e4469d5e1e346,true,20270933
ew-affine-1k,2fa842e74a5cfcbf59217c4e1d85f7cf2fd11e09dc5ef429f8510965e0835d00,elementwise,ONNX-MLIR LLVM,"onnx-mlir version 0.4.2, onnx version 1.21.0 (https://github.com/onnx/onnx-mlir.git 4a13c34aa695b228599d637cdb772c19b4b18dba)",onnx-mlir-llvm,true,,13,1000,473,0.0,0.0,0cb79f31f8a7b41c399603c27f666d76d298fd807fb671bb9837aa07cf6bf292,4599e180b644b53b29b16ca78939526b4978e751965262d2cf1e4469d5e1e346,true,20270934
ew-affine-1k,2fa842e74a5cfcbf59217c4e1d85f7cf2fd11e09dc5ef429f8510965e0835d00,elementwise,ONNX-MLIR LLVM,"onnx-mlir version 0.4.2, onnx version 1.21.0 (https://github.com/onnx/onnx-mlir.git 4a13c34aa695b228599d637cdb772c19b4b18dba)",onnx-mlir-llvm,true,,14,1000,987,0.0,0.0,0cb79f31f8a7b41c399603c27f666d76d298fd807fb671bb9837aa07cf6bf292,4599e180b644b53b29b16ca78939526b4978e751965262d2cf1e4469d5e1e346,true,20270935
ew-affine-1k,2fa842e74a5cfcbf59217c4e1d85f7cf2fd11e09dc5ef429f8510965e0835d00,elementwise,ONNX-MLIR LLVM,"onnx-mlir version 0.4.2, onnx version 1.21.0 (https://github.com/onnx/onnx-mlir.git 4a13c34aa695b228599d637cdb772c19b4b18dba)",onnx-mlir-llvm,true,,15,1000,638,0.0,0.0,0cb79f31f8a7b41c399603c27f666d76d298fd807fb671bb9837aa07cf6bf292,4599e180b644b53b29b16ca78939526b4978e751965262d2cf1e4469d5e1e346,true,20270936
ew-affine-1k,2fa842e74a5cfcbf59217c4e1d85f7cf2fd11e09dc5ef429f8510965e0835d00,elementwise,ONNX-MLIR LLVM,"onnx-mlir version 0.4.2, onnx version 1.21.0 (https://github.com/onnx/onnx-mlir.git 4a13c34aa695b228599d637cdb772c19b4b18dba)",onnx-mlir-llvm,true,,16,1000,1115,0.0,0.0,0cb79f31f8a7b41c399603c27f666d76d298fd807fb671bb9837aa07cf6bf292,4599e180b644b53b29b16ca78939526b4978e751965262d2cf1e4469d5e1e346,true,20270937
ew-affine-1k,2fa842e74a5cfcbf59217c4e1d85f7cf2fd11e09dc5ef429f8510965e0835d00,elementwise,ONNX-MLIR LLVM,"onnx-mlir version 0.4.2, onnx version 1.21.0 (https://github.com/onnx/onnx-mlir.git 4a13c34aa695b228599d637cdb772c19b4b18dba)",onnx-mlir-llvm,true,,17,1000,638,0.0,0.0,0cb79f31f8a7b41c399603c27f666d76d298fd807fb671bb9837aa07cf6bf292,4599e180b644b53b29b16ca78939526b4978e751965262d2cf1e4469d5e1e346,true,20270938
ew-affine-1k,2fa842e74a5cfcbf59217c4e1d85f7cf2fd11e09dc5ef429f8510965e0835d00,elementwise,ONNX-MLIR LLVM,"onnx-mlir version 0.4.2, onnx version 1.21.0 (https://github.com/onnx/onnx-mlir.git 4a13c34aa695b228599d637cdb772c19b4b18dba)",onnx-mlir-llvm,true,,18,1000,879,0.0,0.0,0cb79f31f8a7b41c399603c27f666d76d298fd807fb671bb9837aa07cf6bf292,4599e180b644b53b29b16ca78939526b4978e751965262d2cf1e4469d5e1e346,true,20270939
ew-affine-1k,2fa842e74a5cfcbf59217c4e1d85f7cf2fd11e09dc5ef429f8510965e0835d00,elementwise,ONNX-MLIR LLVM,"onnx-mlir version 0.4.2, onnx version 1.21.0 (https://github.com/onnx/onnx-mlir.git 4a13c34aa695b228599d637cdb772c19b4b18dba)",onnx-mlir-llvm,true,,19,1000,779,0.0,0.0,0cb79f31f8a7b41c399603c27f666d76d298fd807fb671bb9837aa07cf6bf292,4599e180b644b53b29b16ca78939526b4978e751965262d2cf1e4469d5e1e346,true,20270940
ew-affine-1k,2fa842e74a5cfcbf59217c4e1d85f7cf2fd11e09dc5ef429f8510965e0835d00,elementwise,ONNX-MLIR LLVM,"onnx-mlir version 0.4.2, onnx version 1.21.0 (https://github.com/onnx/onnx-mlir.git 4a13c34aa695b228599d637cdb772c19b4b18dba)",onnx-mlir-llvm,true,,20,1000,825,0.0,0.0,0cb79f31f8a7b41c399603c27f666d76d298fd807fb671bb9837aa07cf6bf292,4599e180b644b53b29b16ca78939526b4978e751965262d2cf1e4469d5e1e346,true,20270941
ew-affine-1k,2fa842e74a5cfcbf59217c4e1d85f7cf2fd11e09dc5ef429f8510965e0835d00,elementwise,ONNX-MLIR LLVM,"onnx-mlir version 0.4.2, onnx version 1.21.0 (https://github.com/onnx/onnx-mlir.git 4a13c34aa695b228599d637cdb772c19b4b18dba)",onnx-mlir-llvm,true,,21,1000,1095,0.0,0.0,0cb79f31f8a7b41c399603c27f666d76d298fd807fb671bb9837aa07cf6bf292,4599e180b644b53b29b16ca78939526b4978e751965262d2cf1e4469d5e1e346,true,20270942
ew-affine-1k,2fa842e74a5cfcbf59217c4e1d85f7cf2fd11e09dc5ef429f8510965e0835d00,elementwise,ONNX-MLIR LLVM,"onnx-mlir version 0.4.2, onnx version 1.21.0 (https://github.com/onnx/onnx-mlir.git 4a13c34aa695b228599d637cdb772c19b4b18dba)",onnx-mlir-llvm,true,,22,1000,975,0.0,0.0,0cb79f31f8a7b41c399603c27f666d76d298fd807fb671bb9837aa07cf6bf292,4599e180b644b53b29b16ca78939526b4978e751965262d2cf1e4469d5e1e346,true,20270943
ew-affine-1k,2fa842e74a5cfcbf59217c4e1d85f7cf2fd11e09dc5ef429f8510965e0835d00,elementwise,ONNX-MLIR LLVM,"onnx-mlir version 0.4.2, onnx version 1.21.0 (https://github.com/onnx/onnx-mlir.git 4a13c34aa695b228599d637cdb772c19b4b18dba)",onnx-mlir-llvm,true,,23,1000,550,0.0,0.0,0cb79f31f8a7b41c399603c27f666d76d298fd807fb671bb9837aa07cf6bf292,4599e180b644b53b29b16ca78939526b4978e751965262d2cf1e4469d5e1e346,true,20270944
ew-affine-1k,2fa842e74a5cfcbf59217c4e1d85f7cf2fd11e09dc5ef429f8510965e0835d00,elementwise,ONNX-MLIR LLVM,"onnx-mlir version 0.4.2, onnx version 1.21.0 (https://github.com/onnx/onnx-mlir.git 4a13c34aa695b228599d637cdb772c19b4b18dba)",onnx-mlir-llvm,true,,24,1000,771,0.0,0.0,0cb79f31f8a7b41c399603c27f666d76d298fd807fb671bb9837aa07cf6bf292,4599e180b644b53b29b16ca78939526b4978e751965262d2cf1e4469d5e1e346,true,20270945
ew-affine-1k,2fa842e74a5cfcbf59217c4e1d85f7cf2fd11e09dc5ef429f8510965e0835d00,elementwise,ONNX-MLIR LLVM,"onnx-mlir version 0.4.2, onnx version 1.21.0 (https://github.com/onnx/onnx-mlir.git 4a13c34aa695b228599d637cdb772c19b4b18dba)",onnx-mlir-llvm,true,,25,1000,509,0.0,0.0,0cb79f31f8a7b41c399603c27f666d76d298fd807fb671bb9837aa07cf6bf292,4599e180b644b53b29b16ca78939526b4978e751965262d2cf1e4469d5e1e346,true,20270946
ew-affine-1k,2fa842e74a5cfcbf59217c4e1d85f7cf2fd11e09dc5ef429f8510965e0835d00,elementwise,ONNX-MLIR LLVM,"onnx-mlir version 0.4.2, onnx version 1.21.0 (https://github.com/onnx/onnx-mlir.git 4a13c34aa695b228599d637cdb772c19b4b18dba)",onnx-mlir-llvm,true,,26,1000,483,0.0,0.0,0cb79f31f8a7b41c399603c27f666d76d298fd807fb671bb9837aa07cf6bf292,4599e180b644b53b29b16ca78939526b4978e751965262d2cf1e4469d5e1e346,true,20270947
ew-affine-1k,2fa842e74a5cfcbf59217c4e1d85f7cf2fd11e09dc5ef429f8510965e0835d00,elementwise,ONNX-MLIR LLVM,"onnx-mlir version 0.4.2, onnx version 1.21.0 (https://github.com/onnx/onnx-mlir.git 4a13c34aa695b228599d637cdb772c19b4b18dba)",onnx-mlir-llvm,true,,27,1000,496,0.0,0.0,0cb79f31f8a7b41c399603c27f666d76d298fd807fb671bb9837aa07cf6bf292,4599e180b644b53b29b16ca78939526b4978e751965262d2cf1e4469d5e1e346,true,20270948
ew-affine-1k,2fa842e74a5cfcbf59217c4e1d85f7cf2fd11e09dc5ef429f8510965e0835d00,elementwise,ONNX-MLIR LLVM,"onnx-mlir version 0.4.2, onnx version 1.21.0 (https://github.com/onnx/onnx-mlir.git 4a13c34aa695b228599d637cdb772c19b4b18dba)",onnx-mlir-llvm,true,,28,1000,510,0.0,0.0,0cb79f31f8a7b41c399603c27f666d76d298fd807fb671bb9837aa07cf6bf292,4599e180b644b53b29b16ca78939526b4978e751965262d2cf1e4469d5e1e346,true,20270949
ew-affine-1k,2fa842e74a5cfcbf59217c4e1d85f7cf2fd11e09dc5ef429f8510965e0835d00,elementwise,ONNX-MLIR LLVM,"onnx-mlir version 0.4.2, onnx version 1.21.0 (https://github.com/onnx/onnx-mlir.git 4a13c34aa695b228599d637cdb772c19b4b18dba)",onnx-mlir-llvm,true,,29,1000,499,0.0,0.0,0cb79f31f8a7b41c399603c27f666d76d298fd807fb671bb9837aa07cf6bf292,4599e180b644b53b29b16ca78939526b4978e751965262d2cf1e4469d5e1e346,true,20270950
ew-affine-1k,2fa842e74a5cfcbf59217c4e1d85f7cf2fd11e09dc5ef429f8510965e0835d00,elementwise,ONNX-MLIR LLVM,"onnx-mlir version 0.4.2, onnx version 1.21.0 (https://github.com/onnx/onnx-mlir.git 4a13c34aa695b228599d637cdb772c19b4b18dba)",onnx-mlir-llvm,true,,30,1000,712,0.0,0.0,0cb79f31f8a7b41c399603c27f666d76d298fd807fb671bb9837aa07cf6bf292,4599e180b644b53b29b16ca78939526b4978e751965262d2cf1e4469d5e1e346,true,20270951
ew-affine-1k,2fa842e74a5cfcbf59217c4e1d85f7cf2fd11e09dc5ef429f8510965e0835d00,elementwise,ONNX-MLIR LLVM,"onnx-mlir version 0.4.2, onnx version 1.21.0 (https://github.com/onnx/onnx-mlir.git 4a13c34aa695b228599d637cdb772c19b4b18dba)",onnx-mlir-llvm,true,,31,1000,891,0.0,0.0,0cb79f31f8a7b41c399603c27f666d76d298fd807fb671bb9837aa07cf6bf292,4599e180b644b53b29b16ca78939526b4978e751965262d2cf1e4469d5e1e346,true,20270952
ew-affine-1k,2fa842e74a5cfcbf59217c4e1d85f7cf2fd11e09dc5ef429f8510965e0835d00,elementwise,ONNX-MLIR LLVM,"onnx-mlir version 0.4.2, onnx version 1.21.0 (https://github.com/onnx/onnx-mlir.git 4a13c34aa695b228599d637cdb772c19b4b18dba)",onnx-mlir-llvm,true,,32,1000,812,0.0,0.0,0cb79f31f8a7b41c399603c27f666d76d298fd807fb671bb9837aa07cf6bf292,4599e180b644b53b29b16ca78939526b4978e751965262d2cf1e4469d5e1e346,true,20270953
ew-affine-1k,2fa842e74a5cfcbf59217c4e1d85f7cf2fd11e09dc5ef429f8510965e0835d00,elementwise,ONNX-MLIR LLVM,"onnx-mlir version 0.4.2, onnx version 1.21.0 (https://github.com/onnx/onnx-mlir.git 4a13c34aa695b228599d637cdb772c19b4b18dba)",onnx-mlir-llvm,true,,33,1000,818,0.0,0.0,0cb79f31f8a7b41c399603c27f666d76d298fd807fb671bb9837aa07cf6bf292,4599e180b644b53b29b16ca78939526b4978e751965262d2cf1e4469d5e1e346,true,20270954
ew-affine-1k,2fa842e74a5cfcbf59217c4e1d85f7cf2fd11e09dc5ef429f8510965e0835d00,elementwise,ONNX-MLIR LLVM,"onnx-mlir version 0.4.2, onnx version 1.21.0 (https://github.com/onnx/onnx-mlir.git 4a13c34aa695b228599d637cdb772c19b4b18dba)",onnx-mlir-llvm,true,,34,1000,758,0.0,0.0,0cb79f31f8a7b41c399603c27f666d76d298fd807fb671bb9837aa07cf6bf292,4599e180b644b53b29b16ca78939526b4978e751965262d2cf1e4469d5e1e346,true,20270955
ew-affine-1k,2fa842e74a5cfcbf59217c4e1d85f7cf2fd11e09dc5ef429f8510965e0835d00,elementwise,ONNX-MLIR LLVM,"onnx-mlir version 0.4.2, onnx version 1.21.0 (https://github.com/onnx/onnx-mlir.git 4a13c34aa695b228599d637cdb772c19b4b18dba)",onnx-mlir-llvm,true,,35,1000,496,0.0,0.0,0cb79f31f8a7b41c399603c27f666d76d298fd807fb671bb9837aa07cf6bf292,4599e180b644b53b29b16ca78939526b4978e751965262d2cf1e4469d5e1e346,true,20270956
ew-affine-1k,2fa842e74a5cfcbf59217c4e1d85f7cf2fd11e09dc5ef429f8510965e0835d00,elementwise,ONNX-MLIR LLVM,"onnx-mlir version 0.4.2, onnx version 1.21.0 (https://github.com/onnx/onnx-mlir.git 4a13c34aa695b228599d637cdb772c19b4b18dba)",onnx-mlir-llvm,true,,36,1000,668,0.0,0.0,0cb79f31f8a7b41c399603c27f666d76d298fd807fb671bb9837aa07cf6bf292,4599e180b644b53b29b16ca78939526b4978e751965262d2cf1e4469d5e1e346,true,20270957
ew-affine-1k,2fa842e74a5cfcbf59217c4e1d85f7cf2fd11e09dc5ef429f8510965e0835d00,elementwise,ONNX-MLIR LLVM,"onnx-mlir version 0.4.2, onnx version 1.21.0 (https://github.com/onnx/onnx-mlir.git 4a13c34aa695b228599d637cdb772c19b4b18dba)",onnx-mlir-llvm,true,,37,1000,671,0.0,0.0,0cb79f31f8a7b41c399603c27f666d76d298fd807fb671bb9837aa07cf6bf292,4599e180b644b53b29b16ca78939526b4978e751965262d2cf1e4469d5e1e346,true,20270958
ew-affine-1k,2fa842e74a5cfcbf59217c4e1d85f7cf2fd11e09dc5ef429f8510965e0835d00,elementwise,ONNX-MLIR LLVM,"onnx-mlir version 0.4.2, onnx version 1.21.0 (https://github.com/onnx/onnx-mlir.git 4a13c34aa695b228599d637cdb772c19b4b18dba)",onnx-mlir-llvm,true,,38,1000,485,0.0,0.0,0cb79f31f8a7b41c399603c27f666d76d298fd807fb671bb9837aa07cf6bf292,4599e180b644b53b29b16ca78939526b4978e751965262d2cf1e4469d5e1e346,true,20270959
ew-affine-1k,2fa842e74a5cfcbf59217c4e1d85f7cf2fd11e09dc5ef429f8510965e0835d00,elementwise,ONNX-MLIR LLVM,"onnx-mlir version 0.4.2, onnx version 1.21.0 (https://github.com/onnx/onnx-mlir.git 4a13c34aa695b228599d637cdb772c19b4b18dba)",onnx-mlir-llvm,true,,39,1000,721,0.0,0.0,0cb79f31f8a7b41c399603c27f666d76d298fd807fb671bb9837aa07cf6bf292,4599e180b644b53b29b16ca78939526b4978e751965262d2cf1e4469d5e1e346,true,20270960
ew-affine-1k,2fa842e74a5cfcbf59217c4e1d85f7cf2fd11e09dc5ef429f8510965e0835d00,elementwise,ONNX-MLIR LLVM,"onnx-mlir version 0.4.2, onnx version 1.21.0 (https://github.com/onnx/onnx-mlir.git 4a13c34aa695b228599d637cdb772c19b4b18dba)",onnx-mlir-llvm,true,,40,1000,638,0.0,0.0,0cb79f31f8a7b41c399603c27f666d76d298fd807fb671bb9837aa07cf6bf292,4599e180b644b53b29b16ca78939526b4978e751965262d2cf1e4469d5e1e346,true,20270961
ew-affine-1k,2fa842e74a5cfcbf59217c4e1d85f7cf2fd11e09dc5ef429f8510965e0835d00,elementwise,ONNX-MLIR LLVM,"onnx-mlir version 0.4.2, onnx version 1.21.0 (https://github.com/onnx/onnx-mlir.git 4a13c34aa695b228599d637cdb772c19b4b18dba)",onnx-mlir-llvm,true,,41,1000,466,0.0,0.0,0cb79f31f8a7b41c399603c27f666d76d298fd807fb671bb9837aa07cf6bf292,4599e180b644b53b29b16ca78939526b4978e751965262d2cf1e4469d5e1e346,true,20270962
ew-affine-1k,2fa842e74a5cfcbf59217c4e1d85f7cf2fd11e09dc5ef429f8510965e0835d00,elementwise,ONNX-MLIR LLVM,"onnx-mlir version 0.4.2, onnx version 1.21.0 (https://github.com/onnx/onnx-mlir.git 4a13c34aa695b228599d637cdb772c19b4b18dba)",onnx-mlir-llvm,true,,42,1000,585,0.0,0.0,0cb79f31f8a7b41c399603c27f666d76d298fd807fb671bb9837aa07cf6bf292,4599e180b644b53b29b16ca78939526b4978e751965262d2cf1e4469d5e1e346,true,20270963
ew-affine-1k,2fa842e74a5cfcbf59217c4e1d85f7cf2fd11e09dc5ef429f8510965e0835d00,elementwise,ONNX-MLIR LLVM,"onnx-mlir version 0.4.2, onnx version 1.21.0 (https://github.com/onnx/onnx-mlir.git 4a13c34aa695b228599d637cdb772c19b4b18dba)",onnx-mlir-llvm,true,,43,1000,714,0.0,0.0,0cb79f31f8a7b41c399603c27f666d76d298fd807fb671bb9837aa07cf6bf292,4599e180b644b53b29b16ca78939526b4978e751965262d2cf1e4469d5e1e346,true,20270964
ew-affine-1k,2fa842e74a5cfcbf59217c4e1d85f7cf2fd11e09dc5ef429f8510965e0835d00,elementwise,ONNX-MLIR LLVM,"onnx-mlir version 0.4.2, onnx version 1.21.0 (https://github.com/onnx/onnx-mlir.git 4a13c34aa695b228599d637cdb772c19b4b18dba)",onnx-mlir-llvm,true,,44,1000,467,0.0,0.0,0cb79f31f8a7b41c399603c27f666d76d298fd807fb671bb9837aa07cf6bf292,4599e180b644b53b29b16ca78939526b4978e751965262d2cf1e4469d5e1e346,true,20270965
ew-affine-1k,2fa842e74a5cfcbf59217c4e1d85f7cf2fd11e09dc5ef429f8510965e0835d00,elementwise,ONNX-MLIR LLVM,"onnx-mlir version 0.4.2, onnx version 1.21.0 (https://github.com/onnx/onnx-mlir.git 4a13c34aa695b228599d637cdb772c19b4b18dba)",onnx-mlir-llvm,true,,45,1000,704,0.0,0.0,0cb79f31f8a7b41c399603c27f666d76d298fd807fb671bb9837aa07cf6bf292,4599e180b644b53b29b16ca78939526b4978e751965262d2cf1e4469d5e1e346,true,20270966
ew-affine-1k,2fa842e74a5cfcbf59217c4e1d85f7cf2fd11e09dc5ef429f8510965e0835d00,elementwise,ONNX-MLIR LLVM,"onnx-mlir version 0.4.2, onnx version 1.21.0 (https://github.com/onnx/onnx-mlir.git 4a13c34aa695b228599d637cdb772c19b4b18dba)",onnx-mlir-llvm,true,,46,1000,729,0.0,0.0,0cb79f31f8a7b41c399603c27f666d76d298fd807fb671bb9837aa07cf6bf292,4599e180b644b53b29b16ca78939526b4978e751965262d2cf1e4469d5e1e346,true,20270967
ew-affine-1k,2fa842e74a5cfcbf59217c4e1d85f7cf2fd11e09dc5ef429f8510965e0835d00,elementwise,ONNX-MLIR LLVM,"onnx-mlir version 0.4.2, onnx version 1.21.0 (https://github.com/onnx/onnx-mlir.git 4a13c34aa695b228599d637cdb772c19b4b18dba)",onnx-mlir-llvm,true,,47,1000,717,0.0,0.0,0cb79f31f8a7b41c399603c27f666d76d298fd807fb671bb9837aa07cf6bf292,4599e180b644b53b29b16ca78939526b4978e751965262d2cf1e4469d5e1e346,true,20270968
ew-affine-1k,2fa842e74a5cfcbf59217c4e1d85f7cf2fd11e09dc5ef429f8510965e0835d00,elementwise,ONNX-MLIR LLVM,"onnx-mlir version 0.4.2, onnx version 1.21.0 (https://github.com/onnx/onnx-mlir.git 4a13c34aa695b228599d637cdb772c19b4b18dba)",onnx-mlir-llvm,true,,48,1000,714,0.0,0.0,0cb79f31f8a7b41c399603c27f666d76d298fd807fb671bb9837aa07cf6bf292,4599e180b644b53b29b16ca78939526b4978e751965262d2cf1e4469d5e1e346,true,20270969
ew-affine-1k,2fa842e74a5cfcbf59217c4e1d85f7cf2fd11e09dc5ef429f8510965e0835d00,elementwise,ONNX-MLIR LLVM,"onnx-mlir version 0.4.2, onnx version 1.21.0 (https://github.com/onnx/onnx-mlir.git 4a13c34aa695b228599d637cdb772c19b4b18dba)",onnx-mlir-llvm,true,,49,1000,519,0.0,0.0,0cb79f31f8a7b41c399603c27f666d76d298fd807fb671bb9837aa07cf6bf292,4599e180b644b53b29b16ca78939526b4978e751965262d2cf1e4469d5e1e346,true,20270970
ew-affine-1k,2fa842e74a5cfcbf59217c4e1d85f7cf2fd11e09dc5ef429f8510965e0835d00,elementwise,ONNX-MLIR LLVM,"onnx-mlir version 0.4.2, onnx version 1.21.0 (https://github.com/onnx/onnx-mlir.git 4a13c34aa695b228599d637cdb772c19b4b18dba)",onnx-mlir-llvm,true,,50,1000,654,0.0,0.0,0cb79f31f8a7b41c399603c27f666d76d298fd807fb671bb9837aa07cf6bf292,4599e180b644b53b29b16ca78939526b4978e751965262d2cf1e4469d5e1e346,true,20270971
ew-affine-1k,2fa842e74a5cfcbf59217c4e1d85f7cf2fd11e09dc5ef429f8510965e0835d00,elementwise,ONNX-MLIR LLVM,"onnx-mlir version 0.4.2, onnx version 1.21.0 (https://github.com/onnx/onnx-mlir.git 4a13c34aa695b228599d637cdb772c19b4b18dba)",onnx-mlir-llvm,true,,51,1000,511,0.0,0.0,0cb79f31f8a7b41c399603c27f666d76d298fd807fb671bb9837aa07cf6bf292,4599e180b644b53b29b16ca78939526b4978e751965262d2cf1e4469d5e1e346,true,20270972
ew-affine-1k,2fa842e74a5cfcbf59217c4e1d85f7cf2fd11e09dc5ef429f8510965e0835d00,elementwise,ONNX-MLIR LLVM,"onnx-mlir version 0.4.2, onnx version 1.21.0 (https://github.com/onnx/onnx-mlir.git 4a13c34aa695b228599d637cdb772c19b4b18dba)",onnx-mlir-llvm,true,,52,1000,482,0.0,0.0,0cb79f31f8a7b41c399603c27f666d76d298fd807fb671bb9837aa07cf6bf292,4599e180b644b53b29b16ca78939526b4978e751965262d2cf1e4469d5e1e346,true,20270973
ew-affine-1k,2fa842e74a5cfcbf59217c4e1d85f7cf2fd11e09dc5ef429f8510965e0835d00,elementwise,ONNX-MLIR LLVM,"onnx-mlir version 0.4.2, onnx version 1.21.0 (https://github.com/onnx/onnx-mlir.git 4a13c34aa695b228599d637cdb772c19b4b18dba)",onnx-mlir-llvm,true,,53,1000,500,0.0,0.0,0cb79f31f8a7b41c399603c27f666d76d298fd807fb671bb9837aa07cf6bf292,4599e180b644b53b29b16ca78939526b4978e751965262d2cf1e4469d5e1e346,true,20270974
ew-affine-1k,2fa842e74a5cfcbf59217c4e1d85f7cf2fd11e09dc5ef429f8510965e0835d00,elementwise,ONNX-MLIR LLVM,"onnx-mlir version 0.4.2, onnx version 1.21.0 (https://github.com/onnx/onnx-mlir.git 4a13c34aa695b228599d637cdb772c19b4b18dba)",onnx-mlir-llvm,true,,54,1000,498,0.0,0.0,0cb79f31f8a7b41c399603c27f666d76d298fd807fb671bb9837aa07cf6bf292,4599e180b644b53b29b16ca78939526b4978e751965262d2cf1e4469d5e1e346,true,20270975
ew-affine-1k,2fa842e74a5cfcbf59217c4e1d85f7cf2fd11e09dc5ef429f8510965e0835d00,elementwise,ONNX-MLIR LLVM,"onnx-mlir version 0.4.2, onnx version 1.21.0 (https://github.com/onnx/onnx-mlir.git 4a13c34aa695b228599d637cdb772c19b4b18dba)",onnx-mlir-llvm,true,,55,1000,499,0.0,0.0,0cb79f31f8a7b41c399603c27f666d76d298fd807fb671bb9837aa07cf6bf292,4599e180b644b53b29b16ca78939526b4978e751965262d2cf1e4469d5e1e346,true,20270976
ew-affine-1k,2fa842e74a5cfcbf59217c4e1d85f7cf2fd11e09dc5ef429f8510965e0835d00,elementwise,ONNX-MLIR LLVM,"onnx-mlir version 0.4.2, onnx version 1.21.0 (https://github.com/onnx/onnx-mlir.git 4a13c34aa695b228599d637cdb772c19b4b18dba)",onnx-mlir-llvm,true,,56,1000,477,0.0,0.0,0cb79f31f8a7b41c399603c27f666d76d298fd807fb671bb9837aa07cf6bf292,4599e180b644b53b29b16ca78939526b4978e751965262d2cf1e4469d5e1e346,true,20270977
ew-affine-1k,2fa842e74a5cfcbf59217c4e1d85f7cf2fd11e09dc5ef429f8510965e0835d00,elementwise,ONNX-MLIR LLVM,"onnx-mlir version 0.4.2, onnx version 1.21.0 (https://github.com/onnx/onnx-mlir.git 4a13c34aa695b228599d637cdb772c19b4b18dba)",onnx-mlir-llvm,true,,57,1000,614,0.0,0.0,0cb79f31f8a7b41c399603c27f666d76d298fd807fb671bb9837aa07cf6bf292,4599e180b644b53b29b16ca78939526b4978e751965262d2cf1e4469d5e1e346,true,20270978
ew-affine-1k,2fa842e74a5cfcbf59217c4e1d85f7cf2fd11e09dc5ef429f8510965e0835d00,elementwise,ONNX-MLIR LLVM,"onnx-mlir version 0.4.2, onnx version 1.21.0 (https://github.com/onnx/onnx-mlir.git 4a13c34aa695b228599d637cdb772c19b4b18dba)",onnx-mlir-llvm,true,,58,1000,665,0.0,0.0,0cb79f31f8a7b41c399603c27f666d76d298fd807fb671bb9837aa07cf6bf292,4599e180b644b53b29b16ca78939526b4978e751965262d2cf1e4469d5e1e346,true,20270979
ew-affine-1k,2fa842e74a5cfcbf59217c4e1d85f7cf2fd11e09dc5ef429f8510965e0835d00,elementwise,ONNX-MLIR LLVM,"onnx-mlir version 0.4.2, onnx version 1.21.0 (https://github.com/onnx/onnx-mlir.git 4a13c34aa695b228599d637cdb772c19b4b18dba)",onnx-mlir-llvm,true,,59,1000,665,0.0,0.0,0cb79f31f8a7b41c399603c27f666d76d298fd807fb671bb9837aa07cf6bf292,4599e180b644b53b29b16ca78939526b4978e751965262d2cf1e4469d5e1e346,true,20270980
ew-affine-1k,2fa842e74a5cfcbf59217c4e1d85f7cf2fd11e09dc5ef429f8510965e0835d00,elementwise,ONNX-MLIR LLVM,"onnx-mlir version 0.4.2, onnx version 1.21.0 (https://github.com/onnx/onnx-mlir.git 4a13c34aa695b228599d637cdb772c19b4b18dba)",onnx-mlir-llvm,true,,60,1000,637,0.0,0.0,0cb79f31f8a7b41c399603c27f666d76d298fd807fb671bb9837aa07cf6bf292,4599e180b644b53b29b16ca78939526b4978e751965262d2cf1e4469d5e1e346,true,20270981
ew-affine-1k,2fa842e74a5cfcbf59217c4e1d85f7cf2fd11e09dc5ef429f8510965e0835d00,elementwise,ONNX-MLIR LLVM,"onnx-mlir version 0.4.2, onnx version 1.21.0 (https://github.com/onnx/onnx-mlir.git 4a13c34aa695b228599d637cdb772c19b4b18dba)",onnx-mlir-llvm,true,,61,1000,616,0.0,0.0,0cb79f31f8a7b41c399603c27f666d76d298fd807fb671bb9837aa07cf6bf292,4599e180b644b53b29b16ca78939526b4978e751965262d2cf1e4469d5e1e346,true,20270982
ew-affine-1k,2fa842e74a5cfcbf59217c4e1d85f7cf2fd11e09dc5ef429f8510965e0835d00,elementwise,ONNX-MLIR LLVM,"onnx-mlir version 0.4.2, onnx version 1.21.0 (https://github.com/onnx/onnx-mlir.git 4a13c34aa695b228599d637cdb772c19b4b18dba)",onnx-mlir-llvm,true,,62,1000,554,0.0,0.0,0cb79f31f8a7b41c399603c27f666d76d298fd807fb671bb9837aa07cf6bf292,4599e180b644b53b29b16ca78939526b4978e751965262d2cf1e4469d5e1e346,true,20270983
ew-affine-1k,2fa842e74a5cfcbf59217c4e1d85f7cf2fd11e09dc5ef429f8510965e0835d00,elementwise,ONNX-MLIR LLVM,"onnx-mlir version 0.4.2, onnx version 1.21.0 (https://github.com/onnx/onnx-mlir.git 4a13c34aa695b228599d637cdb772c19b4b18dba)",onnx-mlir-llvm,true,,63,1000,531,0.0,0.0,0cb79f31f8a7b41c399603c27f666d76d298fd807fb671bb9837aa07cf6bf292,4599e180b644b53b29b16ca78939526b4978e751965262d2cf1e4469d5e1e346,true,20270984
ew-affine-1k,2fa842e74a5cfcbf59217c4e1d85f7cf2fd11e09dc5ef429f8510965e0835d00,elementwise,ONNX-MLIR LLVM,"onnx-mlir version 0.4.2, onnx version 1.21.0 (https://github.com/onnx/onnx-mlir.git 4a13c34aa695b228599d637cdb772c19b4b18dba)",onnx-mlir-llvm,true,,64,1000,630,0.0,0.0,0cb79f31f8a7b41c399603c27f666d76d298fd807fb671bb9837aa07cf6bf292,4599e180b644b53b29b16ca78939526b4978e751965262d2cf1e4469d5e1e346,true,20270985
ew-affine-1k,2fa842e74a5cfcbf59217c4e1d85f7cf2fd11e09dc5ef429f8510965e0835d00,elementwise,ONNX-MLIR LLVM,"onnx-mlir version 0.4.2, onnx version 1.21.0 (https://github.com/onnx/onnx-mlir.git 4a13c34aa695b228599d637cdb772c19b4b18dba)",onnx-mlir-llvm,true,,65,1000,596,0.0,0.0,0cb79f31f8a7b41c399603c27f666d76d298fd807fb671bb9837aa07cf6bf292,4599e180b644b53b29b16ca78939526b4978e751965262d2cf1e4469d5e1e346,true,20270986
ew-affine-1k,2fa842e74a5cfcbf59217c4e1d85f7cf2fd11e09dc5ef429f8510965e0835d00,elementwise,ONNX-MLIR LLVM,"onnx-mlir version 0.4.2, onnx version 1.21.0 (https://github.com/onnx/onnx-mlir.git 4a13c34aa695b228599d637cdb772c19b4b18dba)",onnx-mlir-llvm,true,,66,1000,472,0.0,0.0,0cb79f31f8a7b41c399603c27f666d76d298fd807fb671bb9837aa07cf6bf292,4599e180b644b53b29b16ca78939526b4978e751965262d2cf1e4469d5e1e346,true,20270987
ew-affine-1k,2fa842e74a5cfcbf59217c4e1d85f7cf2fd11e09dc5ef429f8510965e0835d00,elementwise,ONNX-MLIR LLVM,"onnx-mlir version 0.4.2, onnx version 1.21.0 (https://github.com/onnx/onnx-mlir.git 4a13c34aa695b228599d637cdb772c19b4b18dba)",onnx-mlir-llvm,true,,67,1000,604,0.0,0.0,0cb79f31f8a7b41c399603c27f666d76d298fd807fb671bb9837aa07cf6bf292,4599e180b644b53b29b16ca78939526b4978e751965262d2cf1e4469d5e1e346,true,20270988
ew-affine-1k,2fa842e74a5cfcbf59217c4e1d85f7cf2fd11e09dc5ef429f8510965e0835d00,elementwise,ONNX-MLIR LLVM,"onnx-mlir version 0.4.2, onnx version 1.21.0 (https://github.com/onnx/onnx-mlir.git 4a13c34aa695b228599d637cdb772c19b4b18dba)",onnx-mlir-llvm,true,,68,1000,574,0.0,0.0,0cb79f31f8a7b41c399603c27f666d76d298fd807fb671bb9837aa07cf6bf292,4599e180b644b53b29b16ca78939526b4978e751965262d2cf1e4469d5e1e346,true,20270989
ew-affine-1k,2fa842e74a5cfcbf59217c4e1d85f7cf2fd11e09dc5ef429f8510965e0835d00,elementwise,ONNX-MLIR LLVM,"onnx-mlir version 0.4.2, onnx version 1.21.0 (https://github.com/onnx/onnx-mlir.git 4a13c34aa695b228599d637cdb772c19b4b18dba)",onnx-mlir-llvm,true,,69,1000,475,0.0,0.0,0cb79f31f8a7b41c399603c27f666d76d298fd807fb671bb9837aa07cf6bf292,4599e180b644b53b29b16ca78939526b4978e751965262d2cf1e4469d5e1e346,true,20270990
ew-affine-1k,2fa842e74a5cfcbf59217c4e1d85f7cf2fd11e09dc5ef429f8510965e0835d00,elementwise,ONNX-MLIR LLVM,"onnx-mlir version 0.4.2, onnx version 1.21.0 (https://github.com/onnx/onnx-mlir.git 4a13c34aa695b228599d637cdb772c19b4b18dba)",onnx-mlir-llvm,true,,70,1000,494,0.0,0.0,0cb79f31f8a7b41c399603c27f666d76d298fd807fb671bb9837aa07cf6bf292,4599e180b644b53b29b16ca78939526b4978e751965262d2cf1e4469d5e1e346,true,20270991
ew-affine-1k,2fa842e74a5cfcbf59217c4e1d85f7cf2fd11e09dc5ef429f8510965e0835d00,elementwise,ONNX-MLIR LLVM,"onnx-mlir version 0.4.2, onnx version 1.21.0 (https://github.com/onnx/onnx-mlir.git 4a13c34aa695b228599d637cdb772c19b4b18dba)",onnx-mlir-llvm,true,,71,1000,584,0.0,0.0,0cb79f31f8a7b41c399603c27f666d76d298fd807fb671bb9837aa07cf6bf292,4599e180b644b53b29b16ca78939526b4978e751965262d2cf1e4469d5e1e346,true,20270992
ew-affine-1k,2fa842e74a5cfcbf59217c4e1d85f7cf2fd11e09dc5ef429f8510965e0835d00,elementwise,ONNX-MLIR LLVM,"onnx-mlir version 0.4.2, onnx version 1.21.0 (https://github.com/onnx/onnx-mlir.git 4a13c34aa695b228599d637cdb772c19b4b18dba)",onnx-mlir-llvm,true,,72,1000,554,0.0,0.0,0cb79f31f8a7b41c399603c27f666d76d298fd807fb671bb9837aa07cf6bf292,4599e180b644b53b29b16ca78939526b4978e751965262d2cf1e4469d5e1e346,true,20270993
ew-affine-1k,2fa842e74a5cfcbf59217c4e1d85f7cf2fd11e09dc5ef429f8510965e0835d00,elementwise,ONNX-MLIR LLVM,"onnx-mlir version 0.4.2, onnx version 1.21.0 (https://github.com/onnx/onnx-mlir.git 4a13c34aa695b228599d637cdb772c19b4b18dba)",onnx-mlir-llvm,true,,73,1000,531,0.0,0.0,0cb79f31f8a7b41c399603c27f666d76d298fd807fb671bb9837aa07cf6bf292,4599e180b644b53b29b16ca78939526b4978e751965262d2cf1e4469d5e1e346,true,20270994
ew-affine-1k,2fa842e74a5cfcbf59217c4e1d85f7cf2fd11e09dc5ef429f8510965e0835d00,elementwise,ONNX-MLIR LLVM,"onnx-mlir version 0.4.2, onnx version 1.21.0 (https://github.com/onnx/onnx-mlir.git 4a13c34aa695b228599d637cdb772c19b4b18dba)",onnx-mlir-llvm,true,,74,1000,579,0.0,0.0,0cb79f31f8a7b41c399603c27f666d76d298fd807fb671bb9837aa07cf6bf292,4599e180b644b53b29b16ca78939526b4978e751965262d2cf1e4469d5e1e346,true,20270995
ew-affine-1k,2fa842e74a5cfcbf59217c4e1d85f7cf2fd11e09dc5ef429f8510965e0835d00,elementwise,ONNX-MLIR LLVM,"onnx-mlir version 0.4.2, onnx version 1.21.0 (https://github.com/onnx/onnx-mlir.git 4a13c34aa695b228599d637cdb772c19b4b18dba)",onnx-mlir-llvm,true,,75,1000,577,0.0,0.0,0cb79f31f8a7b41c399603c27f666d76d298fd807fb671bb9837aa07cf6bf292,4599e180b644b53b29b16ca78939526b4978e751965262d2cf1e4469d5e1e346,true,20270996
ew-affine-1k,2fa842e74a5cfcbf59217c4e1d85f7cf2fd11e09dc5ef429f8510965e0835d00,elementwise,ONNX-MLIR LLVM,"onnx-mlir version 0.4.2, onnx version 1.21.0 (https://github.com/onnx/onnx-mlir.git 4a13c34aa695b228599d637cdb772c19b4b18dba)",onnx-mlir-llvm,true,,76,1000,577,0.0,0.0,0cb79f31f8a7b41c399603c27f666d76d298fd807fb671bb9837aa07cf6bf292,4599e180b644b53b29b16ca78939526b4978e751965262d2cf1e4469d5e1e346,true,20270997
ew-affine-1k,2fa842e74a5cfcbf59217c4e1d85f7cf2fd11e09dc5ef429f8510965e0835d00,elementwise,ONNX-MLIR LLVM,"onnx-mlir version 0.4.2, onnx version 1.21.0 (https://github.com/onnx/onnx-mlir.git 4a13c34aa695b228599d637cdb772c19b4b18dba)",onnx-mlir-llvm,true,,77,1000,577,0.0,0.0,0cb79f31f8a7b41c399603c27f666d76d298fd807fb671bb9837aa07cf6bf292,4599e180b644b53b29b16ca78939526b4978e751965262d2cf1e4469d5e1e346,true,20270998
ew-affine-1k,2fa842e74a5cfcbf59217c4e1d85f7cf2fd11e09dc5ef429f8510965e0835d00,elementwise,ONNX-MLIR LLVM,"onnx-mlir version 0.4.2, onnx version 1.21.0 (https://github.com/onnx/onnx-mlir.git 4a13c34aa695b228599d637cdb772c19b4b18dba)",onnx-mlir-llvm,true,,78,1000,521,0.0,0.0,0cb79f31f8a7b41c399603c27f666d76d298fd807fb671bb9837aa07cf6bf292,4599e180b644b53b29b16ca78939526b4978e751965262d2cf1e4469d5e1e346,true,20270999
ew-affine-1k,2fa842e74a5cfcbf59217c4e1d85f7cf2fd11e09dc5ef429f8510965e0835d00,elementwise,ONNX-MLIR LLVM,"onnx-mlir version 0.4.2, onnx version 1.21.0 (https://github.com/onnx/onnx-mlir.git 4a13c34aa695b228599d637cdb772c19b4b18dba)",onnx-mlir-llvm,true,,79,1000,485,0.0,0.0,0cb79f31f8a7b41c399603c27f666d76d298fd807fb671bb9837aa07cf6bf292,4599e180b644b53b29b16ca78939526b4978e751965262d2cf1e4469d5e1e346,true,20271000
ew-affine-1k,2fa842e74a5cfcbf59217c4e1d85f7cf2fd11e09dc5ef429f8510965e0835d00,elementwise,ONNX-MLIR LLVM,"onnx-mlir version 0.4.2, onnx version 1.21.0 (https://github.com/onnx/onnx-mlir.git 4a13c34aa695b228599d637cdb772c19b4b18dba)",onnx-mlir-llvm,true,,80,1000,497,0.0,0.0,0cb79f31f8a7b41c399603c27f666d76d298fd807fb671bb9837aa07cf6bf292,4599e180b644b53b29b16ca78939526b4978e751965262d2cf1e4469d5e1e346,true,20271001
ew-affine-1k,2fa842e74a5cfcbf59217c4e1d85f7cf2fd11e09dc5ef429f8510965e0835d00,elementwise,ONNX-MLIR LLVM,"onnx-mlir version 0.4.2, onnx version 1.21.0 (https://github.com/onnx/onnx-mlir.git 4a13c34aa695b228599d637cdb772c19b4b18dba)",onnx-mlir-llvm,true,,81,1000,502,0.0,0.0,0cb79f31f8a7b41c399603c27f666d76d298fd807fb671bb9837aa07cf6bf292,4599e180b644b53b29b16ca78939526b4978e751965262d2cf1e4469d5e1e346,true,20271002
ew-affine-1k,2fa842e74a5cfcbf59217c4e1d85f7cf2fd11e09dc5ef429f8510965e0835d00,elementwise,ONNX-MLIR LLVM,"onnx-mlir version 0.4.2, onnx version 1.21.0 (https://github.com/onnx/onnx-mlir.git 4a13c34aa695b228599d637cdb772c19b4b18dba)",onnx-mlir-llvm,true,,82,1000,490,0.0,0.0,0cb79f31f8a7b41c399603c27f666d76d298fd807fb671bb9837aa07cf6bf292,4599e180b644b53b29b16ca78939526b4978e751965262d2cf1e4469d5e1e346,true,20271003
ew-affine-1k,2fa842e74a5cfcbf59217c4e1d85f7cf2fd11e09dc5ef429f8510965e0835d00,elementwise,ONNX-MLIR LLVM,"onnx-mlir version 0.4.2, onnx version 1.21.0 (https://github.com/onnx/onnx-mlir.git 4a13c34aa695b228599d637cdb772c19b4b18dba)",onnx-mlir-llvm,true,,83,1000,491,0.0,0.0,0cb79f31f8a7b41c399603c27f666d76d298fd807fb671bb9837aa07cf6bf292,4599e180b644b53b29b16ca78939526b4978e751965262d2cf1e4469d5e1e346,true,20271004
ew-affine-1k,2fa842e74a5cfcbf59217c4e1d85f7cf2fd11e09dc5ef429f8510965e0835d00,elementwise,ONNX-MLIR LLVM,"onnx-mlir version 0.4.2, onnx version 1.21.0 (https://github.com/onnx/onnx-mlir.git 4a13c34aa695b228599d637cdb772c19b4b18dba)",onnx-mlir-llvm,true,,84,1000,505,0.0,0.0,0cb79f31f8a7b41c399603c27f666d76d298fd807fb671bb9837aa07cf6bf292,4599e180b644b53b29b16ca78939526b4978e751965262d2cf1e4469d5e1e346,true,20271005
ew-affine-1k,2fa842e74a5cfcbf59217c4e1d85f7cf2fd11e09dc5ef429f8510965e0835d00,elementwise,ONNX-MLIR LLVM,"onnx-mlir version 0.4.2, onnx version 1.21.0 (https://github.com/onnx/onnx-mlir.git 4a13c34aa695b228599d637cdb772c19b4b18dba)",onnx-mlir-llvm,true,,85,1000,506,0.0,0.0,0cb79f31f8a7b41c399603c27f666d76d298fd807fb671bb9837aa07cf6bf292,4599e180b644b53b29b16ca78939526b4978e751965262d2cf1e4469d5e1e346,true,20271006
ew-affine-1k,2fa842e74a5cfcbf59217c4e1d85f7cf2fd11e09dc5ef429f8510965e0835d00,elementwise,ONNX-MLIR LLVM,"onnx-mlir version 0.4.2, onnx version 1.21.0 (https://github.com/onnx/onnx-mlir.git 4a13c34aa695b228599d637cdb772c19b4b18dba)",onnx-mlir-llvm,true,,86,1000,512,0.0,0.0,0cb79f31f8a7b41c399603c27f666d76d298fd807fb671bb9837aa07cf6bf292,4599e180b644b53b29b16ca78939526b4978e751965262d2cf1e4469d5e1e346,true,20271007
ew-affine-1k,2fa842e74a5cfcbf59217c4e1d85f7cf2fd11e09dc5ef429f8510965e0835d00,elementwise,ONNX-MLIR LLVM,"onnx-mlir version 0.4.2, onnx version 1.21.0 (https://github.com/onnx/onnx-mlir.git 4a13c34aa695b228599d637cdb772c19b4b18dba)",onnx-mlir-llvm,true,,87,1000,476,0.0,0.0,0cb79f31f8a7b41c399603c27f666d76d298fd807fb671bb9837aa07cf6bf292,4599e180b644b53b29b16ca78939526b4978e751965262d2cf1e4469d5e1e346,true,20271008
ew-affine-1k,2fa842e74a5cfcbf59217c4e1d85f7cf2fd11e09dc5ef429f8510965e0835d00,elementwise,ONNX-MLIR LLVM,"onnx-mlir version 0.4.2, onnx version 1.21.0 (https://github.com/onnx/onnx-mlir.git 4a13c34aa695b228599d637cdb772c19b4b18dba)",onnx-mlir-llvm,true,,88,1000,533,0.0,0.0,0cb79f31f8a7b41c399603c27f666d76d298fd807fb671bb9837aa07cf6bf292,4599e180b644b53b29b16ca78939526b4978e751965262d2cf1e4469d5e1e346,true,20271009
ew-affine-1k,2fa842e74a5cfcbf59217c4e1d85f7cf2fd11e09dc5ef429f8510965e0835d00,elementwise,ONNX-MLIR LLVM,"onnx-mlir version 0.4.2, onnx version 1.21.0 (https://github.com/onnx/onnx-mlir.git 4a13c34aa695b228599d637cdb772c19b4b18dba)",onnx-mlir-llvm,true,,89,1000,561,0.0,0.0,0cb79f31f8a7b41c399603c27f666d76d298fd807fb671bb9837aa07cf6bf292,4599e180b644b53b29b16ca78939526b4978e751965262d2cf1e4469d5e1e346,true,20271010
ew-affine-1k,2fa842e74a5cfcbf59217c4e1d85f7cf2fd11e09dc5ef429f8510965e0835d00,elementwise,ONNX-MLIR LLVM,"onnx-mlir version 0.4.2, onnx version 1.21.0 (https://github.com/onnx/onnx-mlir.git 4a13c34aa695b228599d637cdb772c19b4b18dba)",onnx-mlir-llvm,true,,90,1000,559,0.0,0.0,0cb79f31f8a7b41c399603c27f666d76d298fd807fb671bb9837aa07cf6bf292,4599e180b644b53b29b16ca78939526b4978e751965262d2cf1e4469d5e1e346,true,20271011
ew-affine-1k,2fa842e74a5cfcbf59217c4e1d85f7cf2fd11e09dc5ef429f8510965e0835d00,elementwise,ONNX-MLIR LLVM,"onnx-mlir version 0.4.2, onnx version 1.21.0 (https://github.com/onnx/onnx-mlir.git 4a13c34aa695b228599d637cdb772c19b4b18dba)",onnx-mlir-llvm,true,,91,1000,552,0.0,0.0,0cb79f31f8a7b41c399603c27f666d76d298fd807fb671bb9837aa07cf6bf292,4599e180b644b53b29b16ca78939526b4978e751965262d2cf1e4469d5e1e346,true,20271012
ew-affine-1k,2fa842e74a5cfcbf59217c4e1d85f7cf2fd11e09dc5ef429f8510965e0835d00,elementwise,ONNX-MLIR LLVM,"onnx-mlir version 0.4.2, onnx version 1.21.0 (https://github.com/onnx/onnx-mlir.git 4a13c34aa695b228599d637cdb772c19b4b18dba)",onnx-mlir-llvm,true,,92,1000,553,0.0,0.0,0cb79f31f8a7b41c399603c27f666d76d298fd807fb671bb9837aa07cf6bf292,4599e180b644b53b29b16ca78939526b4978e751965262d2cf1e4469d5e1e346,true,20271013
ew-affine-1k,2fa842e74a5cfcbf59217c4e1d85f7cf2fd11e09dc5ef429f8510965e0835d00,elementwise,ONNX-MLIR LLVM,"onnx-mlir version 0.4.2, onnx version 1.21.0 (https://github.com/onnx/onnx-mlir.git 4a13c34aa695b228599d637cdb772c19b4b18dba)",onnx-mlir-llvm,true,,93,1000,529,0.0,0.0,0cb79f31f8a7b41c399603c27f666d76d298fd807fb671bb9837aa07cf6bf292,4599e180b644b53b29b16ca78939526b4978e751965262d2cf1e4469d5e1e346,true,20271014
ew-affine-1k,2fa842e74a5cfcbf59217c4e1d85f7cf2fd11e09dc5ef429f8510965e0835d00,elementwise,ONNX-MLIR LLVM,"onnx-mlir version 0.4.2, onnx version 1.21.0 (https://github.com/onnx/onnx-mlir.git 4a13c34aa695b228599d637cdb772c19b4b18dba)",onnx-mlir-llvm,true,,94,1000,492,0.0,0.0,0cb79f31f8a7b41c399603c27f666d76d298fd807fb671bb9837aa07cf6bf292,4599e180b644b53b29b16ca78939526b4978e751965262d2cf1e4469d5e1e346,true,20271015
ew-affine-1k,2fa842e74a5cfcbf59217c4e1d85f7cf2fd11e09dc5ef429f8510965e0835d00,elementwise,ONNX-MLIR LLVM,"onnx-mlir version 0.4.2, onnx version 1.21.0 (https://github.com/onnx/onnx-mlir.git 4a13c34aa695b228599d637cdb772c19b4b18dba)",onnx-mlir-llvm,true,,95,1000,525,0.0,0.0,0cb79f31f8a7b41c399603c27f666d76d298fd807fb671bb9837aa07cf6bf292,4599e180b644b53b29b16ca78939526b4978e751965262d2cf1e4469d5e1e346,true,20271016
ew-affine-1k,2fa842e74a5cfcbf59217c4e1d85f7cf2fd11e09dc5ef429f8510965e0835d00,elementwise,ONNX-MLIR LLVM,"onnx-mlir version 0.4.2, onnx version 1.21.0 (https://github.com/onnx/onnx-mlir.git 4a13c34aa695b228599d637cdb772c19b4b18dba)",onnx-mlir-llvm,true,,96,1000,488,0.0,0.0,0cb79f31f8a7b41c399603c27f666d76d298fd807fb671bb9837aa07cf6bf292,4599e180b644b53b29b16ca78939526b4978e751965262d2cf1e4469d5e1e346,true,20271017
ew-affine-1k,2fa842e74a5cfcbf59217c4e1d85f7cf2fd11e09dc5ef429f8510965e0835d00,elementwise,ONNX-MLIR LLVM,"onnx-mlir version 0.4.2, onnx version 1.21.0 (https://github.com/onnx/onnx-mlir.git 4a13c34aa695b228599d637cdb772c19b4b18dba)",onnx-mlir-llvm,true,,97,1000,494,0.0,0.0,0cb79f31f8a7b41c399603c27f666d76d298fd807fb671bb9837aa07cf6bf292,4599e180b644b53b29b16ca78939526b4978e751965262d2cf1e4469d5e1e346,true,20271018
ew-affine-1k,2fa842e74a5cfcbf59217c4e1d85f7cf2fd11e09dc5ef429f8510965e0835d00,elementwise,ONNX-MLIR LLVM,"onnx-mlir version 0.4.2, onnx version 1.21.0 (https://github.com/onnx/onnx-mlir.git 4a13c34aa695b228599d637cdb772c19b4b18dba)",onnx-mlir-llvm,true,,98,1000,475,0.0,0.0,0cb79f31f8a7b41c399603c27f666d76d298fd807fb671bb9837aa07cf6bf292,4599e180b644b53b29b16ca78939526b4978e751965262d2cf1e4469d5e1e346,true,20271019
ew-affine-1k,2fa842e74a5cfcbf59217c4e1d85f7cf2fd11e09dc5ef429f8510965e0835d00,elementwise,ONNX-MLIR LLVM,"onnx-mlir version 0.4.2, onnx version 1.21.0 (https://github.com/onnx/onnx-mlir.git 4a13c34aa695b228599d637cdb772c19b4b18dba)",onnx-mlir-llvm,true,,99,1000,578,0.0,0.0,0cb79f31f8a7b41c399603c27f666d76d298fd807fb671bb9837aa07cf6bf292,4599e180b644b53b29b16ca78939526b4978e751965262d2cf1e4469d5e1e346,true,20271020
mm-square-64,2fa842e74a5cfcbf59217c4e1d85f7cf2fd11e09dc5ef429f8510965e0835d00,matmul,ONNX-MLIR LLVM,"onnx-mlir version 0.4.2, onnx version 1.21.0 (https://github.com/onnx/onnx-mlir.git 4a13c34aa695b228599d637cdb772c19b4b18dba)",onnx-mlir-llvm,true,,0,100,12009,0.0,0.0,3e146d6188fac6cfde8855044d81edd428c16085467eb02e1a3095d69e3c44ac,1adf2debc35a60b1ff2cf9dc58a38cae566dd05d815484f7f25c3d44fd0652a9,true,20270921
mm-square-64,2fa842e74a5cfcbf59217c4e1d85f7cf2fd11e09dc5ef429f8510965e0835d00,matmul,ONNX-MLIR LLVM,"onnx-mlir version 0.4.2, onnx version 1.21.0 (https://github.com/onnx/onnx-mlir.git 4a13c34aa695b228599d637cdb772c19b4b18dba)",onnx-mlir-llvm,true,,1,100,7703,0.0,0.0,3e146d6188fac6cfde8855044d81edd428c16085467eb02e1a3095d69e3c44ac,1adf2debc35a60b1ff2cf9dc58a38cae566dd05d815484f7f25c3d44fd0652a9,true,20270922
mm-square-64,2fa842e74a5cfcbf59217c4e1d85f7cf2fd11e09dc5ef429f8510965e0835d00,matmul,ONNX-MLIR LLVM,"onnx-mlir version 0.4.2, onnx version 1.21.0 (https://github.com/onnx/onnx-mlir.git 4a13c34aa695b228599d637cdb772c19b4b18dba)",onnx-mlir-llvm,true,,2,100,7061,0.0,0.0,3e146d6188fac6cfde8855044d81edd428c16085467eb02e1a3095d69e3c44ac,1adf2debc35a60b1ff2cf9dc58a38cae566dd05d815484f7f25c3d44fd0652a9,true,20270923
mm-square-64,2fa842e74a5cfcbf59217c4e1d85f7cf2fd11e09dc5ef429f8510965e0835d00,matmul,ONNX-MLIR LLVM,"onnx-mlir version 0.4.2, onnx version 1.21.0 (https://github.com/onnx/onnx-mlir.git 4a13c34aa695b228599d637cdb772c19b4b18dba)",onnx-mlir-llvm,true,,3,100,8027,0.0,0.0,3e146d6188fac6cfde8855044d81edd428c16085467eb02e1a3095d69e3c44ac,1adf2debc35a60b1ff2cf9dc58a38cae566dd05d815484f7f25c3d44fd0652a9,true,20270924
mm-square-64,2fa842e74a5cfcbf59217c4e1d85f7cf2fd11e09dc5ef429f8510965e0835d00,matmul,ONNX-MLIR LLVM,"onnx-mlir version 0.4.2, onnx version 1.21.0 (https://github.com/onnx/onnx-mlir.git 4a13c34aa695b228599d637cdb772c19b4b18dba)",onnx-mlir-llvm,true,,4,100,7168,0.0,0.0,3e146d6188fac6cfde8855044d81edd428c16085467eb02e1a3095d69e3c44ac,1adf2debc35a60b1ff2cf9dc58a38cae566dd05d815484f7f25c3d44fd0652a9,true,20270925
mm-square-64,2fa842e74a5cfcbf59217c4e1d85f7cf2fd11e09dc5ef429f8510965e0835d00,matmul,ONNX-MLIR LLVM,"onnx-mlir version 0.4.2, onnx version 1.21.0 (https://github.com/onnx/onnx-mlir.git 4a13c34aa695b228599d637cdb772c19b4b18dba)",onnx-mlir-llvm,true,,5,100,7387,0.0,0.0,3e146d6188fac6cfde8855044d81edd428c16085467eb02e1a3095d69e3c44ac,1adf2debc35a60b1ff2cf9dc58a38cae566dd05d815484f7f25c3d44fd0652a9,true,20270926
mm-square-64,2fa842e74a5cfcbf59217c4e1d85f7cf2fd11e09dc5ef429f8510965e0835d00,matmul,ONNX-MLIR LLVM,"onnx-mlir version 0.4.2, onnx version 1.21.0 (https://github.com/onnx/onnx-mlir.git 4a13c34aa695b228599d637cdb772c19b4b18dba)",onnx-mlir-llvm,true,,6,100,7269,0.0,0.0,3e146d6188fac6cfde8855044d81edd428c16085467eb02e1a3095d69e3c44ac,1adf2debc35a60b1ff2cf9dc58a38cae566dd05d815484f7f25c3d44fd0652a9,true,20270927
mm-square-64,2fa842e74a5cfcbf59217c4e1d85f7cf2fd11e09dc5ef429f8510965e0835d00,matmul,ONNX-MLIR LLVM,"onnx-mlir version 0.4.2, onnx version 1.21.0 (https://github.com/onnx/onnx-mlir.git 4a13c34aa695b228599d637cdb772c19b4b18dba)",onnx-mlir-llvm,true,,7,100,7157,0.0,0.0,3e146d6188fac6cfde8855044d81edd428c16085467eb02e1a3095d69e3c44ac,1adf2debc35a60b1ff2cf9dc58a38cae566dd05d815484f7f25c3d44fd0652a9,true,20270928
mm-square-64,2fa842e74a5cfcbf59217c4e1d85f7cf2fd11e09dc5ef429f8510965e0835d00,matmul,ONNX-MLIR LLVM,"onnx-mlir version 0.4.2, onnx version 1.21.0 (https://github.com/onnx/onnx-mlir.git 4a13c34aa695b228599d637cdb772c19b4b18dba)",onnx-mlir-llvm,true,,8,100,7209,0.0,0.0,3e146d6188fac6cfde8855044d81edd428c16085467eb02e1a3095d69e3c44ac,1adf2debc35a60b1ff2cf9dc58a38cae566dd05d815484f7f25c3d44fd0652a9,true,20270929
mm-square-64,2fa842e74a5cfcbf59217c4e1d85f7cf2fd11e09dc5ef429f8510965e0835d00,matmul,ONNX-MLIR LLVM,"onnx-mlir version 0.4.2, onnx version 1.21.0 (https://github.com/onnx/onnx-mlir.git 4a13c34aa695b228599d637cdb772c19b4b18dba)",onnx-mlir-llvm,true,,9,100,6919,0.0,0.0,3e146d6188fac6cfde8855044d81edd428c16085467eb02e1a3095d69e3c44ac,1adf2debc35a60b1ff2cf9dc58a38cae566dd05d815484f7f25c3d44fd0652a9,true,20270930
mm-square-64,2fa842e74a5cfcbf59217c4e1d85f7cf2fd11e09dc5ef429f8510965e0835d00,matmul,ONNX-MLIR LLVM,"onnx-mlir version 0.4.2, onnx version 1.21.0 (https://github.com/onnx/onnx-mlir.git 4a13c34aa695b228599d637cdb772c19b4b18dba)",onnx-mlir-llvm,true,,10,100,6991,0.0,0.0,3e146d6188fac6cfde8855044d81edd428c16085467eb02e1a3095d69e3c44ac,1adf2debc35a60b1ff2cf9dc58a38cae566dd05d815484f7f25c3d44fd0652a9,true,20270931
mm-square-64,2fa842e74a5cfcbf59217c4e1d85f7cf2fd11e09dc5ef429f8510965e0835d00,matmul,ONNX-MLIR LLVM,"onnx-mlir version 0.4.2, onnx version 1.21.0 (https://github.com/onnx/onnx-mlir.git 4a13c34aa695b228599d637cdb772c19b4b18dba)",onnx-mlir-llvm,true,,11,100,7068,0.0,0.0,3e146d6188fac6cfde8855044d81edd428c16085467eb02e1a3095d69e3c44ac,1adf2debc35a60b1ff2cf9dc58a38cae566dd05d815484f7f25c3d44fd0652a9,true,20270932
mm-square-64,2fa842e74a5cfcbf59217c4e1d85f7cf2fd11e09dc5ef429f8510965e0835d00,matmul,ONNX-MLIR LLVM,"onnx-mlir version 0.4.2, onnx version 1.21.0 (https://github.com/onnx/onnx-mlir.git 4a13c34aa695b228599d637cdb772c19b4b18dba)",onnx-mlir-llvm,true,,12,100,7074,0.0,0.0,3e146d6188fac6cfde8855044d81edd428c16085467eb02e1a3095d69e3c44ac,1adf2debc35a60b1ff2cf9dc58a38cae566dd05d815484f7f25c3d44fd0652a9,true,20270933
mm-square-64,2fa842e74a5cfcbf59217c4e1d85f7cf2fd11e09dc5ef429f8510965e0835d00,matmul,ONNX-MLIR LLVM,"onnx-mlir version 0.4.2, onnx version 1.21.0 (https://github.com/onnx/onnx-mlir.git 4a13c34aa695b228599d637cdb772c19b4b18dba)",onnx-mlir-llvm,true,,13,100,7024,0.0,0.0,3e146d6188fac6cfde8855044d81edd428c16085467eb02e1a3095d69e3c44ac,1adf2debc35a60b1ff2cf9dc58a38cae566dd05d815484f7f25c3d44fd0652a9,true,20270934
mm-square-64,2fa842e74a5cfcbf59217c4e1d85f7cf2fd11e09dc5ef429f8510965e0835d00,matmul,ONNX-MLIR LLVM,"onnx-mlir version 0.4.2, onnx version 1.21.0 (https://github.com/onnx/onnx-mlir.git 4a13c34aa695b228599d637cdb772c19b4b18dba)",onnx-mlir-llvm,true,,14,100,8353,0.0,0.0,3e146d6188fac6cfde8855044d81edd428c16085467eb02e1a3095d69e3c44ac,1adf2debc35a60b1ff2cf9dc58a38cae566dd05d815484f7f25c3d44fd0652a9,true,20270935
mm-square-64,2fa842e74a5cfcbf59217c4e1d85f7cf2fd11e09dc5ef429f8510965e0835d00,matmul,ONNX-MLIR LLVM,"onnx-mlir version 0.4.2, onnx version 1.21.0 (https://github.com/onnx/onnx-mlir.git 4a13c34aa695b228599d637cdb772c19b4b18dba)",onnx-mlir-llvm,true,,15,100,7937,0.0,0.0,3e146d6188fac6cfde8855044d81edd428c16085467eb02e1a3095d69e3c44ac,1adf2debc35a60b1ff2cf9dc58a38cae566dd05d815484f7f25c3d44fd0652a9,true,20270936
mm-square-64,2fa842e74a5cfcbf59217c4e1d85f7cf2fd11e09dc5ef429f8510965e0835d00,matmul,ONNX-MLIR LLVM,"onnx-mlir version 0.4.2, onnx version 1.21.0 (https://github.com/onnx/onnx-mlir.git 4a13c34aa695b228599d637cdb772c19b4b18dba)",onnx-mlir-llvm,true,,16,100,7162,0.0,0.0,3e146d6188fac6cfde8855044d81edd428c16085467eb02e1a3095d69e3c44ac,1adf2debc35a60b1ff2cf9dc58a38cae566dd05d815484f7f25c3d44fd0652a9,true,20270937
mm-square-64,2fa842e74a5cfcbf59217c4e1d85f7cf2fd11e09dc5ef429f8510965e0835d00,matmul,ONNX-MLIR LLVM,"onnx-mlir version 0.4.2, onnx version 1.21.0 (https://github.com/onnx/onnx-mlir.git 4a13c34aa695b228599d637cdb772c19b4b18dba)",onnx-mlir-llvm,true,,17,100,7597,0.0,0.0,3e146d6188fac6cfde8855044d81edd428c16085467eb02e1a3095d69e3c44ac,1adf2debc35a60b1ff2cf9dc58a38cae566dd05d815484f7f25c3d44fd0652a9,true,20270938
mm-square-64,2fa842e74a5cfcbf59217c4e1d85f7cf2fd11e09dc5ef429f8510965e0835d00,matmul,ONNX-MLIR LLVM,"onnx-mlir version 0.4.2, onnx version 1.21.0 (https://github.com/onnx/onnx-mlir.git 4a13c34aa695b228599d637cdb772c19b4b18dba)",onnx-mlir-llvm,true,,18,100,7110,0.0,0.0,3e146d6188fac6cfde8855044d81edd428c16085467eb02e1a3095d69e3c44ac,1adf2debc35a60b1ff2cf9dc58a38cae566dd05d815484f7f25c3d44fd0652a9,true,20270939
mm-square-64,2fa842e74a5cfcbf59217c4e1d85f7cf2fd11e09dc5ef429f8510965e0835d00,matmul,ONNX-MLIR LLVM,"onnx-mlir version 0.4.2, onnx version 1.21.0 (https://github.com/onnx/onnx-mlir.git 4a13c34aa695b228599d637cdb772c19b4b18dba)",onnx-mlir-llvm,true,,19,100,6923,0.0,0.0,3e146d6188fac6cfde8855044d81edd428c16085467eb02e1a3095d69e3c44ac,1adf2debc35a60b1ff2cf9dc58a38cae566dd05d815484f7f25c3d44fd0652a9,true,20270940
mm-square-64,2fa842e74a5cfcbf59217c4e1d85f7cf2fd11e09dc5ef429f8510965e0835d00,matmul,ONNX-MLIR LLVM,"onnx-mlir version 0.4.2, onnx version 1.21.0 (https://github.com/onnx/onnx-mlir.git 4a13c34aa695b228599d637cdb772c19b4b18dba)",onnx-mlir-llvm,true,,20,100,7111,0.0,0.0,3e146d6188fac6cfde8855044d81edd428c16085467eb02e1a3095d69e3c44ac,1adf2debc35a60b1ff2cf9dc58a38cae566dd05d815484f7f25c3d44fd0652a9,true,20270941
mm-square-64,2fa842e74a5cfcbf59217c4e1d85f7cf2fd11e09dc5ef429f8510965e0835d00,matmul,ONNX-MLIR LLVM,"onnx-mlir version 0.4.2, onnx version 1.21.0 (https://github.com/onnx/onnx-mlir.git 4a13c34aa695b228599d637cdb772c19b4b18dba)",onnx-mlir-llvm,true,,21,100,7636,0.0,0.0,3e146d6188fac6cfde8855044d81edd428c16085467eb02e1a3095d69e3c44ac,1adf2debc35a60b1ff2cf9dc58a38cae566dd05d815484f7f25c3d44fd0652a9,true,20270942
mm-square-64,2fa842e74a5cfcbf59217c4e1d85f7cf2fd11e09dc5ef429f8510965e0835d00,matmul,ONNX-MLIR LLVM,"onnx-mlir version 0.4.2, onnx version 1.21.0 (https://github.com/onnx/onnx-mlir.git 4a13c34aa695b228599d637cdb772c19b4b18dba)",onnx-mlir-llvm,true,,22,100,11397,0.0,0.0,3e146d6188fac6cfde8855044d81edd428c16085467eb02e1a3095d69e3c44ac,1adf2debc35a60b1ff2cf9dc58a38cae566dd05d815484f7f25c3d44fd0652a9,true,20270943
mm-square-64,2fa842e74a5cfcbf59217c4e1d85f7cf2fd11e09dc5ef429f8510965e0835d00,matmul,ONNX-MLIR LLVM,"onnx-mlir version 0.4.2, onnx version 1.21.0 (https://github.com/onnx/onnx-mlir.git 4a13c34aa695b228599d637cdb772c19b4b18dba)",onnx-mlir-llvm,true,,23,100,7851,0.0,0.0,3e146d6188fac6cfde8855044d81edd428c16085467eb02e1a3095d69e3c44ac,1adf2debc35a60b1ff2cf9dc58a38cae566dd05d815484f7f25c3d44fd0652a9,true,20270944
mm-square-64,2fa842e74a5cfcbf59217c4e1d85f7cf2fd11e09dc5ef429f8510965e0835d00,matmul,ONNX-MLIR LLVM,"onnx-mlir version 0.4.2, onnx version 1.21.0 (https://github.com/onnx/onnx-mlir.git 4a13c34aa695b228599d637cdb772c19b4b18dba)",onnx-mlir-llvm,true,,24,100,7073,0.0,0.0,3e146d6188fac6cfde8855044d81edd428c16085467eb02e1a3095d69e3c44ac,1adf2debc35a60b1ff2cf9dc58a38cae566dd05d815484f7f25c3d44fd0652a9,true,20270945
mm-square-64,2fa842e74a5cfcbf59217c4e1d85f7cf2fd11e09dc5ef429f8510965e0835d00,matmul,ONNX-MLIR LLVM,"onnx-mlir version 0.4.2, onnx version 1.21.0 (https://github.com/onnx/onnx-mlir.git 4a13c34aa695b228599d637cdb772c19b4b18dba)",onnx-mlir-llvm,true,,25,100,7381,0.0,0.0,3e146d6188fac6cfde8855044d81edd428c16085467eb02e1a3095d69e3c44ac,1adf2debc35a60b1ff2cf9dc58a38cae566dd05d815484f7f25c3d44fd0652a9,true,20270946
mm-square-64,2fa842e74a5cfcbf59217c4e1d85f7cf2fd11e09dc5ef429f8510965e0835d00,matmul,ONNX-MLIR LLVM,"onnx-mlir version 0.4.2, onnx version 1.21.0 (https://github.com/onnx/onnx-mlir.git 4a13c34aa695b228599d637cdb772c19b4b18dba)",onnx-mlir-llvm,true,,26,100,7394,0.0,0.0,3e146d6188fac6cfde8855044d81edd428c16085467eb02e1a3095d69e3c44ac,1adf2debc35a60b1ff2cf9dc58a38cae566dd05d815484f7f25c3d44fd0652a9,true,20270947
mm-square-64,2fa842e74a5cfcbf59217c4e1d85f7cf2fd11e09dc5ef429f8510965e0835d00,matmul,ONNX-MLIR LLVM,"onnx-mlir version 0.4.2, onnx version 1.21.0 (https://github.com/onnx/onnx-mlir.git 4a13c34aa695b228599d637cdb772c19b4b18dba)",onnx-mlir-llvm,true,,27,100,7182,0.0,0.0,3e146d6188fac6cfde8855044d81edd428c16085467eb02e1a3095d69e3c44ac,1adf2debc35a60b1ff2cf9dc58a38cae566dd05d815484f7f25c3d44fd0652a9,true,20270948
mm-square-64,2fa842e74a5cfcbf59217c4e1d85f7cf2fd11e09dc5ef429f8510965e0835d00,matmul,ONNX-MLIR LLVM,"onnx-mlir version 0.4.2, onnx version 1.21.0 (https://github.com/onnx/onnx-mlir.git 4a13c34aa695b228599d637cdb772c19b4b18dba)",onnx-mlir-llvm,true,,28,100,9558,0.0,0.0,3e146d6188fac6cfde8855044d81edd428c16085467eb02e1a3095d69e3c44ac,1adf2debc35a60b1ff2cf9dc58a38cae566dd05d815484f7f25c3d44fd0652a9,true,20270949
mm-square-64,2fa842e74a5cfcbf59217c4e1d85f7cf2fd11e09dc5ef429f8510965e0835d00,matmul,ONNX-MLIR LLVM,"onnx-mlir version 0.4.2, onnx version 1.21.0 (https://github.com/onnx/onnx-mlir.git 4a13c34aa695b228599d637cdb772c19b4b18dba)",onnx-mlir-llvm,true,,29,100,9332,0.0,0.0,3e146d6188fac6cfde8855044d81edd428c16085467eb02e1a3095d69e3c44ac,1adf2debc35a60b1ff2cf9dc58a38cae566dd05d815484f7f25c3d44fd0652a9,true,20270950
mm-square-64,2fa842e74a5cfcbf59217c4e1d85f7cf2fd11e09dc5ef429f8510965e0835d00,matmul,ONNX-MLIR LLVM,"onnx-mlir version 0.4.2, onnx version 1.21.0 (https://github.com/onnx/onnx-mlir.git 4a13c34aa695b228599d637cdb772c19b4b18dba)",onnx-mlir-llvm,true,,30,100,7110,0.0,0.0,3e146d6188fac6cfde8855044d81edd428c16085467eb02e1a3095d69e3c44ac,1adf2debc35a60b1ff2cf9dc58a38cae566dd05d815484f7f25c3d44fd0652a9,true,20270951
mm-square-64,2fa842e74a5cfcbf59217c4e1d85f7cf2fd11e09dc5ef429f8510965e0835d00,matmul,ONNX-MLIR LLVM,"onnx-mlir version 0.4.2, onnx version 1.21.0 (https://github.com/onnx/onnx-mlir.git 4a13c34aa695b228599d637cdb772c19b4b18dba)",onnx-mlir-llvm,true,,31,100,6897,0.0,0.0,3e146d6188fac6cfde8855044d81edd428c16085467eb02e1a3095d69e3c44ac,1adf2debc35a60b1ff2cf9dc58a38cae566dd05d815484f7f25c3d44fd0652a9,true,20270952
mm-square-64,2fa842e74a5cfcbf59217c4e1d85f7cf2fd11e09dc5ef429f8510965e0835d00,matmul,ONNX-MLIR LLVM,"onnx-mlir version 0.4.2, onnx version 1.21.0 (https://github.com/onnx/onnx-mlir.git 4a13c34aa695b228599d637cdb772c19b4b18dba)",onnx-mlir-llvm,true,,32,100,7147,0.0,0.0,3e146d6188fac6cfde8855044d81edd428c16085467eb02e1a3095d69e3c44ac,1adf2debc35a60b1ff2cf9dc58a38cae566dd05d815484f7f25c3d44fd0652a9,true,20270953
mm-square-64,2fa842e74a5cfcbf59217c4e1d85f7cf2fd11e09dc5ef429f8510965e0835d00,matmul,ONNX-MLIR LLVM,"onnx-mlir version 0.4.2, onnx version 1.21.0 (https://github.com/onnx/onnx-mlir.git 4a13c34aa695b228599d637cdb772c19b4b18dba)",onnx-mlir-llvm,true,,33,100,7060,0.0,0.0,3e146d6188fac6cfde8855044d81edd428c16085467eb02e1a3095d69e3c44ac,1adf2debc35a60b1ff2cf9dc58a38cae566dd05d815484f7f25c3d44fd0652a9,true,20270954
mm-square-64,2fa842e74a5cfcbf59217c4e1d85f7cf2fd11e09dc5ef429f8510965e0835d00,matmul,ONNX-MLIR LLVM,"onnx-mlir version 0.4.2, onnx version 1.21.0 (https://github.com/onnx/onnx-mlir.git 4a13c34aa695b228599d637cdb772c19b4b18dba)",onnx-mlir-llvm,true,,34,100,6981,0.0,0.0,3e146d6188fac6cfde8855044d81edd428c16085467eb02e1a3095d69e3c44ac,1adf2debc35a60b1ff2cf9dc58a38cae566dd05d815484f7f25c3d44fd0652a9,true,20270955
mm-square-64,2fa842e74a5cfcbf59217c4e1d85f7cf2fd11e09dc5ef429f8510965e0835d00,matmul,ONNX-MLIR LLVM,"onnx-mlir version 0.4.2, onnx version 1.21.0 (https://github.com/onnx/onnx-mlir.git 4a13c34aa695b228599d637cdb772c19b4b18dba)",onnx-mlir-llvm,true,,35,100,7955,0.0,0.0,3e146d6188fac6cfde8855044d81edd428c16085467eb02e1a3095d69e3c44ac,1adf2debc35a60b1ff2cf9dc58a38cae566dd05d815484f7f25c3d44fd0652a9,true,20270956
mm-square-64,2fa842e74a5cfcbf59217c4e1d85f7cf2fd11e09dc5ef429f8510965e0835d00,matmul,ONNX-MLIR LLVM,"onnx-mlir version 0.4.2, onnx version 1.21.0 (https://github.com/onnx/onnx-mlir.git 4a13c34aa695b228599d637cdb772c19b4b18dba)",onnx-mlir-llvm,true,,36,100,7118,0.0,0.0,3e146d6188fac6cfde8855044d81edd428c16085467eb02e1a3095d69e3c44ac,1adf2debc35a60b1ff2cf9dc58a38cae566dd05d815484f7f25c3d44fd0652a9,true,20270957
mm-square-64,2fa842e74a5cfcbf59217c4e1d85f7cf2fd11e09dc5ef429f8510965e0835d00,matmul,ONNX-MLIR LLVM,"onnx-mlir version 0.4.2, onnx version 1.21.0 (https://github.com/onnx/onnx-mlir.git 4a13c34aa695b228599d637cdb772c19b4b18dba)",onnx-mlir-llvm,true,,37,100,7592,0.0,0.0,3e146d6188fac6cfde8855044d81edd428c16085467eb02e1a3095d69e3c44ac,1adf2debc35a60b1ff2cf9dc58a38cae566dd05d815484f7f25c3d44fd0652a9,true,20270958
mm-square-64,2fa842e74a5cfcbf59217c4e1d85f7cf2fd11e09dc5ef429f8510965e0835d00,matmul,ONNX-MLIR LLVM,"onnx-mlir version 0.4.2, onnx version 1.21.0 (https://github.com/onnx/onnx-mlir.git 4a13c34aa695b228599d637cdb772c19b4b18dba)",onnx-mlir-llvm,true,,38,100,7085,0.0,0.0,3e146d6188fac6cfde8855044d81edd428c16085467eb02e1a3095d69e3c44ac,1adf2debc35a60b1ff2cf9dc58a38cae566dd05d815484f7f25c3d44fd0652a9,true,20270959
mm-square-64,2fa842e74a5cfcbf59217c4e1d85f7cf2fd11e09dc5ef429f8510965e0835d00,matmul,ONNX-MLIR LLVM,"onnx-mlir version 0.4.2, onnx version 1.21.0 (https://github.com/onnx/onnx-mlir.git 4a13c34aa695b228599d637cdb772c19b4b18dba)",onnx-mlir-llvm,true,,39,100,7012,0.0,0.0,3e146d6188fac6cfde8855044d81edd428c16085467eb02e1a3095d69e3c44ac,1adf2debc35a60b1ff2cf9dc58a38cae566dd05d815484f7f25c3d44fd0652a9,true,20270960
mm-square-64,2fa842e74a5cfcbf59217c4e1d85f7cf2fd11e09dc5ef429f8510965e0835d00,matmul,ONNX-MLIR LLVM,"onnx-mlir version 0.4.2, onnx version 1.21.0 (https://github.com/onnx/onnx-mlir.git 4a13c34aa695b228599d637cdb772c19b4b18dba)",onnx-mlir-llvm,true,,40,100,7138,0.0,0.0,3e146d6188fac6cfde8855044d81edd428c16085467eb02e1a3095d69e3c44ac,1adf2debc35a60b1ff2cf9dc58a38cae566dd05d815484f7f25c3d44fd0652a9,true,20270961
mm-square-64,2fa842e74a5cfcbf59217c4e1d85f7cf2fd11e09dc5ef429f8510965e0835d00,matmul,ONNX-MLIR LLVM,"onnx-mlir version 0.4.2, onnx version 1.21.0 (https://github.com/onnx/onnx-mlir.git 4a13c34aa695b228599d637cdb772c19b4b18dba)",onnx-mlir-llvm,true,,41,100,8141,0.0,0.0,3e146d6188fac6cfde8855044d81edd428c16085467eb02e1a3095d69e3c44ac,1adf2debc35a60b1ff2cf9dc58a38cae566dd05d815484f7f25c3d44fd0652a9,true,20270962
mm-square-64,2fa842e74a5cfcbf59217c4e1d85f7cf2fd11e09dc5ef429f8510965e0835d00,matmul,ONNX-MLIR LLVM,"onnx-mlir version 0.4.2, onnx version 1.21.0 (https://github.com/onnx/onnx-mlir.git 4a13c34aa695b228599d637cdb772c19b4b18dba)",onnx-mlir-llvm,true,,42,100,7918,0.0,0.0,3e146d6188fac6cfde8855044d81edd428c16085467eb02e1a3095d69e3c44ac,1adf2debc35a60b1ff2cf9dc58a38cae566dd05d815484f7f25c3d44fd0652a9,true,20270963
mm-square-64,2fa842e74a5cfcbf59217c4e1d85f7cf2fd11e09dc5ef429f8510965e0835d00,matmul,ONNX-MLIR LLVM,"onnx-mlir version 0.4.2, onnx version 1.21.0 (https://github.com/onnx/onnx-mlir.git 4a13c34aa695b228599d637cdb772c19b4b18dba)",onnx-mlir-llvm,true,,43,100,8980,0.0,0.0,3e146d6188fac6cfde8855044d81edd428c16085467eb02e1a3095d69e3c44ac,1adf2debc35a60b1ff2cf9dc58a38cae566dd05d815484f7f25c3d44fd0652a9,true,20270964
mm-square-64,2fa842e74a5cfcbf59217c4e1d85f7cf2fd11e09dc5ef429f8510965e0835d00,matmul,ONNX-MLIR LLVM,"onnx-mlir version 0.4.2, onnx version 1.21.0 (https://github.com/onnx/onnx-mlir.git 4a13c34aa695b228599d637cdb772c19b4b18dba)",onnx-mlir-llvm,true,,44,100,8022,0.0,0.0,3e146d6188fac6cfde8855044d81edd428c16085467eb02e1a3095d69e3c44ac,1adf2debc35a60b1ff2cf9dc58a38cae566dd05d815484f7f25c3d44fd0652a9,true,20270965
mm-square-64,2fa842e74a5cfcbf59217c4e1d85f7cf2fd11e09dc5ef429f8510965e0835d00,matmul,ONNX-MLIR LLVM,"onnx-mlir version 0.4.2, onnx version 1.21.0 (https://github.com/onnx/onnx-mlir.git 4a13c34aa695b228599d637cdb772c19b4b18dba)",onnx-mlir-llvm,true,,45,100,7200,0.0,0.0,3e146d6188fac6cfde8855044d81edd428c16085467eb02e1a3095d69e3c44ac,1adf2debc35a60b1ff2cf9dc58a38cae566dd05d815484f7f25c3d44fd0652a9,true,20270966
mm-square-64,2fa842e74a5cfcbf59217c4e1d85f7cf2fd11e09dc5ef429f8510965e0835d00,matmul,ONNX-MLIR LLVM,"onnx-mlir version 0.4.2, onnx version 1.21.0 (https://github.com/onnx/onnx-mlir.git 4a13c34aa695b228599d637cdb772c19b4b18dba)",onnx-mlir-llvm,true,,46,100,7104,0.0,0.0,3e146d6188fac6cfde8855044d81edd428c16085467eb02e1a3095d69e3c44ac,1adf2debc35a60b1ff2cf9dc58a38cae566dd05d815484f7f25c3d44fd0652a9,true,20270967
mm-square-64,2fa842e74a5cfcbf59217c4e1d85f7cf2fd11e09dc5ef429f8510965e0835d00,matmul,ONNX-MLIR LLVM,"onnx-mlir version 0.4.2, onnx version 1.21.0 (https://github.com/onnx/onnx-mlir.git 4a13c34aa695b228599d637cdb772c19b4b18dba)",onnx-mlir-llvm,true,,47,100,7270,0.0,0.0,3e146d6188fac6cfde8855044d81edd428c16085467eb02e1a3095d69e3c44ac,1adf2debc35a60b1ff2cf9dc58a38cae566dd05d815484f7f25c3d44fd0652a9,true,20270968
mm-square-64,2fa842e74a5cfcbf59217c4e1d85f7cf2fd11e09dc5ef429f8510965e0835d00,matmul,ONNX-MLIR LLVM,"onnx-mlir version 0.4.2, onnx version 1.21.0 (https://github.com/onnx/onnx-mlir.git 4a13c34aa695b228599d637cdb772c19b4b18dba)",onnx-mlir-llvm,true,,48,100,7321,0.0,0.0,3e146d6188fac6cfde8855044d81edd428c16085467eb02e1a3095d69e3c44ac,1adf2debc35a60b1ff2cf9dc58a38cae566dd05d815484f7f25c3d44fd0652a9,true,20270969
mm-square-64,2fa842e74a5cfcbf59217c4e1d85f7cf2fd11e09dc5ef429f8510965e0835d00,matmul,ONNX-MLIR LLVM,"onnx-mlir version 0.4.2, onnx version 1.21.0 (https://github.com/onnx/onnx-mlir.git 4a13c34aa695b228599d637cdb772c19b4b18dba)",onnx-mlir-llvm,true,,49,100,7376,0.0,0.0,3e146d6188fac6cfde8855044d81edd428c16085467eb02e1a3095d69e3c44ac,1adf2debc35a60b1ff2cf9dc58a38cae566dd05d815484f7f25c3d44fd0652a9,true,20270970
mm-square-64,2fa842e74a5cfcbf59217c4e1d85f7cf2fd11e09dc5ef429f8510965e0835d00,matmul,ONNX-MLIR LLVM,"onnx-mlir version 0.4.2, onnx version 1.21.0 (https://github.com/onnx/onnx-mlir.git 4a13c34aa695b228599d637cdb772c19b4b18dba)",onnx-mlir-llvm,true,,50,100,6937,0.0,0.0,3e146d6188fac6cfde8855044d81edd428c16085467eb02e1a3095d69e3c44ac,1adf2debc35a60b1ff2cf9dc58a38cae566dd05d815484f7f25c3d44fd0652a9,true,20270971
mm-square-64,2fa842e74a5cfcbf59217c4e1d85f7cf2fd11e09dc5ef429f8510965e0835d00,matmul,ONNX-MLIR LLVM,"onnx-mlir version 0.4.2, onnx version 1.21.0 (https://github.com/onnx/onnx-mlir.git 4a13c34aa695b228599d637cdb772c19b4b18dba)",onnx-mlir-llvm,true,,51,100,6926,0.0,0.0,3e146d6188fac6cfde8855044d81edd428c16085467eb02e1a3095d69e3c44ac,1adf2debc35a60b1ff2cf9dc58a38cae566dd05d815484f7f25c3d44fd0652a9,true,20270972
mm-square-64,2fa842e74a5cfcbf59217c4e1d85f7cf2fd11e09dc5ef429f8510965e0835d00,matmul,ONNX-MLIR LLVM,"onnx-mlir version 0.4.2, onnx version 1.21.0 (https://github.com/onnx/onnx-mlir.git 4a13c34aa695b228599d637cdb772c19b4b18dba)",onnx-mlir-llvm,true,,52,100,7050,0.0,0.0,3e146d6188fac6cfde8855044d81edd428c16085467eb02e1a3095d69e3c44ac,1adf2debc35a60b1ff2cf9dc58a38cae566dd05d815484f7f25c3d44fd0652a9,true,20270973
mm-square-64,2fa842e74a5cfcbf59217c4e1d85f7cf2fd11e09dc5ef429f8510965e0835d00,matmul,ONNX-MLIR LLVM,"onnx-mlir version 0.4.2, onnx version 1.21.0 (https://github.com/onnx/onnx-mlir.git 4a13c34aa695b228599d637cdb772c19b4b18dba)",onnx-mlir-llvm,true,,53,100,6890,0.0,0.0,3e146d6188fac6cfde8855044d81edd428c16085467eb02e1a3095d69e3c44ac,1adf2debc35a60b1ff2cf9dc58a38cae566dd05d815484f7f25c3d44fd0652a9,true,20270974
mm-square-64,2fa842e74a5cfcbf59217c4e1d85f7cf2fd11e09dc5ef429f8510965e0835d00,matmul,ONNX-MLIR LLVM,"onnx-mlir version 0.4.2, onnx version 1.21.0 (https://github.com/onnx/onnx-mlir.git 4a13c34aa695b228599d637cdb772c19b4b18dba)",onnx-mlir-llvm,true,,54,100,6917,0.0,0.0,3e146d6188fac6cfde8855044d81edd428c16085467eb02e1a3095d69e3c44ac,1adf2debc35a60b1ff2cf9dc58a38cae566dd05d815484f7f25c3d44fd0652a9,true,20270975
mm-square-64,2fa842e74a5cfcbf59217c4e1d85f7cf2fd11e09dc5ef429f8510965e0835d00,matmul,ONNX-MLIR LLVM,"onnx-mlir version 0.4.2, onnx version 1.21.0 (https://github.com/onnx/onnx-mlir.git 4a13c34aa695b228599d637cdb772c19b4b18dba)",onnx-mlir-llvm,true,,55,100,6886,0.0,0.0,3e146d6188fac6cfde8855044d81edd428c16085467eb02e1a3095d69e3c44ac,1adf2debc35a60b1ff2cf9dc58a38cae566dd05d815484f7f25c3d44fd0652a9,true,20270976
mm-square-64,2fa842e74a5cfcbf59217c4e1d85f7cf2fd11e09dc5ef429f8510965e0835d00,matmul,ONNX-MLIR LLVM,"onnx-mlir version 0.4.2, onnx version 1.21.0 (https://github.com/onnx/onnx-mlir.git 4a13c34aa695b228599d637cdb772c19b4b18dba)",onnx-mlir-llvm,true,,56,100,6888,0.0,0.0,3e146d6188fac6cfde8855044d81edd428c16085467eb02e1a3095d69e3c44ac,1adf2debc35a60b1ff2cf9dc58a38cae566dd05d815484f7f25c3d44fd0652a9,true,20270977
mm-square-64,2fa842e74a5cfcbf59217c4e1d85f7cf2fd11e09dc5ef429f8510965e0835d00,matmul,ONNX-MLIR LLVM,"onnx-mlir version 0.4.2, onnx version 1.21.0 (https://github.com/onnx/onnx-mlir.git 4a13c34aa695b228599d637cdb772c19b4b18dba)",onnx-mlir-llvm,true,,57,100,7945,0.0,0.0,3e146d6188fac6cfde8855044d81edd428c16085467eb02e1a3095d69e3c44ac,1adf2debc35a60b1ff2cf9dc58a38cae566dd05d815484f7f25c3d44fd0652a9,true,20270978
mm-square-64,2fa842e74a5cfcbf59217c4e1d85f7cf2fd11e09dc5ef429f8510965e0835d00,matmul,ONNX-MLIR LLVM,"onnx-mlir version 0.4.2, onnx version 1.21.0 (https://github.com/onnx/onnx-mlir.git 4a13c34aa695b228599d637cdb772c19b4b18dba)",onnx-mlir-llvm,true,,58,100,7123,0.0,0.0,3e146d6188fac6cfde8855044d81edd428c16085467eb02e1a3095d69e3c44ac,1adf2debc35a60b1ff2cf9dc58a38cae566dd05d815484f7f25c3d44fd0652a9,true,20270979
mm-square-64,2fa842e74a5cfcbf59217c4e1d85f7cf2fd11e09dc5ef429f8510965e0835d00,matmul,ONNX-MLIR LLVM,"onnx-mlir version 0.4.2, onnx version 1.21.0 (https://github.com/onnx/onnx-mlir.git 4a13c34aa695b228599d637cdb772c19b4b18dba)",onnx-mlir-llvm,true,,59,100,7563,0.0,0.0,3e146d6188fac6cfde8855044d81edd428c16085467eb02e1a3095d69e3c44ac,1adf2debc35a60b1ff2cf9dc58a38cae566dd05d815484f7f25c3d44fd0652a9,true,20270980
mm-square-64,2fa842e74a5cfcbf59217c4e1d85f7cf2fd11e09dc5ef429f8510965e0835d00,matmul,ONNX-MLIR LLVM,"onnx-mlir version 0.4.2, onnx version 1.21.0 (https://github.com/onnx/onnx-mlir.git 4a13c34aa695b228599d637cdb772c19b4b18dba)",onnx-mlir-llvm,true,,60,100,7142,0.0,0.0,3e146d6188fac6cfde8855044d81edd428c16085467eb02e1a3095d69e3c44ac,1adf2debc35a60b1ff2cf9dc58a38cae566dd05d815484f7f25c3d44fd0652a9,true,20270981
mm-square-64,2fa842e74a5cfcbf59217c4e1d85f7cf2fd11e09dc5ef429f8510965e0835d00,matmul,ONNX-MLIR LLVM,"onnx-mlir version 0.4.2, onnx version 1.21.0 (https://github.com/onnx/onnx-mlir.git 4a13c34aa695b228599d637cdb772c19b4b18dba)",onnx-mlir-llvm,true,,61,100,7076,0.0,0.0,3e146d6188fac6cfde8855044d81edd428c16085467eb02e1a3095d69e3c44ac,1adf2debc35a60b1ff2cf9dc58a38cae566dd05d815484f7f25c3d44fd0652a9,true,20270982
mm-square-64,2fa842e74a5cfcbf59217c4e1d85f7cf2fd11e09dc5ef429f8510965e0835d00,matmul,ONNX-MLIR LLVM,"onnx-mlir version 0.4.2, onnx version 1.21.0 (https://github.com/onnx/onnx-mlir.git 4a13c34aa695b228599d637cdb772c19b4b18dba)",onnx-mlir-llvm,true,,62,100,7089,0.0,0.0,3e146d6188fac6cfde8855044d81edd428c16085467eb02e1a3095d69e3c44ac,1adf2debc35a60b1ff2cf9dc58a38cae566dd05d815484f7f25c3d44fd0652a9,true,20270983
mm-square-64,2fa842e74a5cfcbf59217c4e1d85f7cf2fd11e09dc5ef429f8510965e0835d00,matmul,ONNX-MLIR LLVM,"onnx-mlir version 0.4.2, onnx version 1.21.0 (https://github.com/onnx/onnx-mlir.git 4a13c34aa695b228599d637cdb772c19b4b18dba)",onnx-mlir-llvm,true,,63,100,7312,0.0,0.0,3e146d6188fac6cfde8855044d81edd428c16085467eb02e1a3095d69e3c44ac,1adf2debc35a60b1ff2cf9dc58a38cae566dd05d815484f7f25c3d44fd0652a9,true,20270984
mm-square-64,2fa842e74a5cfcbf59217c4e1d85f7cf2fd11e09dc5ef429f8510965e0835d00,matmul,ONNX-MLIR LLVM,"onnx-mlir version 0.4.2, onnx version 1.21.0 (https://github.com/onnx/onnx-mlir.git 4a13c34aa695b228599d637cdb772c19b4b18dba)",onnx-mlir-llvm,true,,64,100,7925,0.0,0.0,3e146d6188fac6cfde8855044d81edd428c16085467eb02e1a3095d69e3c44ac,1adf2debc35a60b1ff2cf9dc58a38cae566dd05d815484f7f25c3d44fd0652a9,true,20270985
mm-square-64,2fa842e74a5cfcbf59217c4e1d85f7cf2fd11e09dc5ef429f8510965e0835d00,matmul,ONNX-MLIR LLVM,"onnx-mlir version 0.4.2, onnx version 1.21.0 (https://github.com/onnx/onnx-mlir.git 4a13c34aa695b228599d637cdb772c19b4b18dba)",onnx-mlir-llvm,true,,65,100,7812,0.0,0.0,3e146d6188fac6cfde8855044d81edd428c16085467eb02e1a3095d69e3c44ac,1adf2debc35a60b1ff2cf9dc58a38cae566dd05d815484f7f25c3d44fd0652a9,true,20270986
mm-square-64,2fa842e74a5cfcbf59217c4e1d85f7cf2fd11e09dc5ef429f8510965e0835d00,matmul,ONNX-MLIR LLVM,"onnx-mlir version 0.4.2, onnx version 1.21.0 (https://github.com/onnx/onnx-mlir.git 4a13c34aa695b228599d637cdb772c19b4b18dba)",onnx-mlir-llvm,true,,66,100,7608,0.0,0.0,3e146d6188fac6cfde8855044d81edd428c16085467eb02e1a3095d69e3c44ac,1adf2debc35a60b1ff2cf9dc58a38cae566dd05d815484f7f25c3d44fd0652a9,true,20270987
mm-square-64,2fa842e74a5cfcbf59217c4e1d85f7cf2fd11e09dc5ef429f8510965e0835d00,matmul,ONNX-MLIR LLVM,"onnx-mlir version 0.4.2, onnx version 1.21.0 (https://github.com/onnx/onnx-mlir.git 4a13c34aa695b228599d637cdb772c19b4b18dba)",onnx-mlir-llvm,true,,67,100,7677,0.0,0.0,3e146d6188fac6cfde8855044d81edd428c16085467eb02e1a3095d69e3c44ac,1adf2debc35a60b1ff2cf9dc58a38cae566dd05d815484f7f25c3d44fd0652a9,true,20270988
mm-square-64,2fa842e74a5cfcbf59217c4e1d85f7cf2fd11e09dc5ef429f8510965e0835d00,matmul,ONNX-MLIR LLVM,"onnx-mlir version 0.4.2, onnx version 1.21.0 (https://github.com/onnx/onnx-mlir.git 4a13c34aa695b228599d637cdb772c19b4b18dba)",onnx-mlir-llvm,true,,68,100,7063,0.0,0.0,3e146d6188fac6cfde8855044d81edd428c16085467eb02e1a3095d69e3c44ac,1adf2debc35a60b1ff2cf9dc58a38cae566dd05d815484f7f25c3d44fd0652a9,true,20270989
mm-square-64,2fa842e74a5cfcbf59217c4e1d85f7cf2fd11e09dc5ef429f8510965e0835d00,matmul,ONNX-MLIR LLVM,"onnx-mlir version 0.4.2, onnx version 1.21.0 (https://github.com/onnx/onnx-mlir.git 4a13c34aa695b228599d637cdb772c19b4b18dba)",onnx-mlir-llvm,true,,69,100,7071,0.0,0.0,3e146d6188fac6cfde8855044d81edd428c16085467eb02e1a3095d69e3c44ac,1adf2debc35a60b1ff2cf9dc58a38cae566dd05d815484f7f25c3d44fd0652a9,true,20270990
mm-square-64,2fa842e74a5cfcbf59217c4e1d85f7cf2fd11e09dc5ef429f8510965e0835d00,matmul,ONNX-MLIR LLVM,"onnx-mlir version 0.4.2, onnx version 1.21.0 (https://github.com/onnx/onnx-mlir.git 4a13c34aa695b228599d637cdb772c19b4b18dba)",onnx-mlir-llvm,true,,70,100,7321,0.0,0.0,3e146d6188fac6cfde8855044d81edd428c16085467eb02e1a3095d69e3c44ac,1adf2debc35a60b1ff2cf9dc58a38cae566dd05d815484f7f25c3d44fd0652a9,true,20270991
mm-square-64,2fa842e74a5cfcbf59217c4e1d85f7cf2fd11e09dc5ef429f8510965e0835d00,matmul,ONNX-MLIR LLVM,"onnx-mlir version 0.4.2, onnx version 1.21.0 (https://github.com/onnx/onnx-mlir.git 4a13c34aa695b228599d637cdb772c19b4b18dba)",onnx-mlir-llvm,true,,71,100,7157,0.0,0.0,3e146d6188fac6cfde8855044d81edd428c16085467eb02e1a3095d69e3c44ac,1adf2debc35a60b1ff2cf9dc58a38cae566dd05d815484f7f25c3d44fd0652a9,true,20270992
mm-square-64,2fa842e74a5cfcbf59217c4e1d85f7cf2fd11e09dc5ef429f8510965e0835d00,matmul,ONNX-MLIR LLVM,"onnx-mlir version 0.4.2, onnx version 1.21.0 (https://github.com/onnx/onnx-mlir.git 4a13c34aa695b228599d637cdb772c19b4b18dba)",onnx-mlir-llvm,true,,72,100,7282,0.0,0.0,3e146d6188fac6cfde8855044d81edd428c16085467eb02e1a3095d69e3c44ac,1adf2debc35a60b1ff2cf9dc58a38cae566dd05d815484f7f25c3d44fd0652a9,true,20270993
mm-square-64,2fa842e74a5cfcbf59217c4e1d85f7cf2fd11e09dc5ef429f8510965e0835d00,matmul,ONNX-MLIR LLVM,"onnx-mlir version 0.4.2, onnx version 1.21.0 (https://github.com/onnx/onnx-mlir.git 4a13c34aa695b228599d637cdb772c19b4b18dba)",onnx-mlir-llvm,true,,73,100,7424,0.0,0.0,3e146d6188fac6cfde8855044d81edd428c16085467eb02e1a3095d69e3c44ac,1adf2debc35a60b1ff2cf9dc58a38cae566dd05d815484f7f25c3d44fd0652a9,true,20270994
mm-square-64,2fa842e74a5cfcbf59217c4e1d85f7cf2fd11e09dc5ef429f8510965e0835d00,matmul,ONNX-MLIR LLVM,"onnx-mlir version 0.4.2, onnx version 1.21.0 (https://github.com/onnx/onnx-mlir.git 4a13c34aa695b228599d637cdb772c19b4b18dba)",onnx-mlir-llvm,true,,74,100,7771,0.0,0.0,3e146d6188fac6cfde8855044d81edd428c16085467eb02e1a3095d69e3c44ac,1adf2debc35a60b1ff2cf9dc58a38cae566dd05d815484f7f25c3d44fd0652a9,true,20270995
mm-square-64,2fa842e74a5cfcbf59217c4e1d85f7cf2fd11e09dc5ef429f8510965e0835d00,matmul,ONNX-MLIR LLVM,"onnx-mlir version 0.4.2, onnx version 1.21.0 (https://github.com/onnx/onnx-mlir.git 4a13c34aa695b228599d637cdb772c19b4b18dba)",onnx-mlir-llvm,true,,75,100,7206,0.0,0.0,3e146d6188fac6cfde8855044d81edd428c16085467eb02e1a3095d69e3c44ac,1adf2debc35a60b1ff2cf9dc58a38cae566dd05d815484f7f25c3d44fd0652a9,true,20270996
mm-square-64,2fa842e74a5cfcbf59217c4e1d85f7cf2fd11e09dc5ef429f8510965e0835d00,matmul,ONNX-MLIR LLVM,"onnx-mlir version 0.4.2, onnx version 1.21.0 (https://github.com/onnx/onnx-mlir.git 4a13c34aa695b228599d637cdb772c19b4b18dba)",onnx-mlir-llvm,true,,76,100,7323,0.0,0.0,3e146d6188fac6cfde8855044d81edd428c16085467eb02e1a3095d69e3c44ac,1adf2debc35a60b1ff2cf9dc58a38cae566dd05d815484f7f25c3d44fd0652a9,true,20270997
mm-square-64,2fa842e74a5cfcbf59217c4e1d85f7cf2fd11e09dc5ef429f8510965e0835d00,matmul,ONNX-MLIR LLVM,"onnx-mlir version 0.4.2, onnx version 1.21.0 (https://github.com/onnx/onnx-mlir.git 4a13c34aa695b228599d637cdb772c19b4b18dba)",onnx-mlir-llvm,true,,77,100,7818,0.0,0.0,3e146d6188fac6cfde8855044d81edd428c16085467eb02e1a3095d69e3c44ac,1adf2debc35a60b1ff2cf9dc58a38cae566dd05d815484f7f25c3d44fd0652a9,true,20270998
mm-square-64,2fa842e74a5cfcbf59217c4e1d85f7cf2fd11e09dc5ef429f8510965e0835d00,matmul,ONNX-MLIR LLVM,"onnx-mlir version 0.4.2, onnx version 1.21.0 (https://github.com/onnx/onnx-mlir.git 4a13c34aa695b228599d637cdb772c19b4b18dba)",onnx-mlir-llvm,true,,78,100,7070,0.0,0.0,3e146d6188fac6cfde8855044d81edd428c16085467eb02e1a3095d69e3c44ac,1adf2debc35a60b1ff2cf9dc58a38cae566dd05d815484f7f25c3d44fd0652a9,true,20270999
mm-square-64,2fa842e74a5cfcbf59217c4e1d85f7cf2fd11e09dc5ef429f8510965e0835d00,matmul,ONNX-MLIR LLVM,"onnx-mlir version 0.4.2, onnx version 1.21.0 (https://github.com/onnx/onnx-mlir.git 4a13c34aa695b228599d637cdb772c19b4b18dba)",onnx-mlir-llvm,true,,79,100,7104,0.0,0.0,3e146d6188fac6cfde8855044d81edd428c16085467eb02e1a3095d69e3c44ac,1adf2debc35a60b1ff2cf9dc58a38cae566dd05d815484f7f25c3d44fd0652a9,true,20271000
mm-square-64,2fa842e74a5cfcbf59217c4e1d85f7cf2fd11e09dc5ef429f8510965e0835d00,matmul,ONNX-MLIR LLVM,"onnx-mlir version 0.4.2, onnx version 1.21.0 (https://github.com/onnx/onnx-mlir.git 4a13c34aa695b228599d637cdb772c19b4b18dba)",onnx-mlir-llvm,true,,80,100,7892,0.0,0.0,3e146d6188fac6cfde8855044d81edd428c16085467eb02e1a3095d69e3c44ac,1adf2debc35a60b1ff2cf9dc58a38cae566dd05d815484f7f25c3d44fd0652a9,true,20271001
mm-square-64,2fa842e74a5cfcbf59217c4e1d85f7cf2fd11e09dc5ef429f8510965e0835d00,matmul,ONNX-MLIR LLVM,"onnx-mlir version 0.4.2, onnx version 1.21.0 (https://github.com/onnx/onnx-mlir.git 4a13c34aa695b228599d637cdb772c19b4b18dba)",onnx-mlir-llvm,true,,81,100,7524,0.0,0.0,3e146d6188fac6cfde8855044d81edd428c16085467eb02e1a3095d69e3c44ac,1adf2debc35a60b1ff2cf9dc58a38cae566dd05d815484f7f25c3d44fd0652a9,true,20271002
mm-square-64,2fa842e74a5cfcbf59217c4e1d85f7cf2fd11e09dc5ef429f8510965e0835d00,matmul,ONNX-MLIR LLVM,"onnx-mlir version 0.4.2, onnx version 1.21.0 (https://github.com/onnx/onnx-mlir.git 4a13c34aa695b228599d637cdb772c19b4b18dba)",onnx-mlir-llvm,true,,82,100,7076,0.0,0.0,3e146d6188fac6cfde8855044d81edd428c16085467eb02e1a3095d69e3c44ac,1adf2debc35a60b1ff2cf9dc58a38cae566dd05d815484f7f25c3d44fd0652a9,true,20271003
mm-square-64,2fa842e74a5cfcbf59217c4e1d85f7cf2fd11e09dc5ef429f8510965e0835d00,matmul,ONNX-MLIR LLVM,"onnx-mlir version 0.4.2, onnx version 1.21.0 (https://github.com/onnx/onnx-mlir.git 4a13c34aa695b228599d637cdb772c19b4b18dba)",onnx-mlir-llvm,true,,83,100,7130,0.0,0.0,3e146d6188fac6cfde8855044d81edd428c16085467eb02e1a3095d69e3c44ac,1adf2debc35a60b1ff2cf9dc58a38cae566dd05d815484f7f25c3d44fd0652a9,true,20271004
mm-square-64,2fa842e74a5cfcbf59217c4e1d85f7cf2fd11e09dc5ef429f8510965e0835d00,matmul,ONNX-MLIR LLVM,"onnx-mlir version 0.4.2, onnx version 1.21.0 (https://github.com/onnx/onnx-mlir.git 4a13c34aa695b228599d637cdb772c19b4b18dba)",onnx-mlir-llvm,true,,84,100,7099,0.0,0.0,3e146d6188fac6cfde8855044d81edd428c16085467eb02e1a3095d69e3c44ac,1adf2debc35a60b1ff2cf9dc58a38cae566dd05d815484f7f25c3d44fd0652a9,true,20271005
mm-square-64,2fa842e74a5cfcbf59217c4e1d85f7cf2fd11e09dc5ef429f8510965e0835d00,matmul,ONNX-MLIR LLVM,"onnx-mlir version 0.4.2, onnx version 1.21.0 (https://github.com/onnx/onnx-mlir.git 4a13c34aa695b228599d637cdb772c19b4b18dba)",onnx-mlir-llvm,true,,85,100,7037,0.0,0.0,3e146d6188fac6cfde8855044d81edd428c16085467eb02e1a3095d69e3c44ac,1adf2debc35a60b1ff2cf9dc58a38cae566dd05d815484f7f25c3d44fd0652a9,true,20271006
mm-square-64,2fa842e74a5cfcbf59217c4e1d85f7cf2fd11e09dc5ef429f8510965e0835d00,matmul,ONNX-MLIR LLVM,"onnx-mlir version 0.4.2, onnx version 1.21.0 (https://github.com/onnx/onnx-mlir.git 4a13c34aa695b228599d637cdb772c19b4b18dba)",onnx-mlir-llvm,true,,86,100,6899,0.0,0.0,3e146d6188fac6cfde8855044d81edd428c16085467eb02e1a3095d69e3c44ac,1adf2debc35a60b1ff2cf9dc58a38cae566dd05d815484f7f25c3d44fd0652a9,true,20271007
mm-square-64,2fa842e74a5cfcbf59217c4e1d85f7cf2fd11e09dc5ef429f8510965e0835d00,matmul,ONNX-MLIR LLVM,"onnx-mlir version 0.4.2, onnx version 1.21.0 (https://github.com/onnx/onnx-mlir.git 4a13c34aa695b228599d637cdb772c19b4b18dba)",onnx-mlir-llvm,true,,87,100,7042,0.0,0.0,3e146d6188fac6cfde8855044d81edd428c16085467eb02e1a3095d69e3c44ac,1adf2debc35a60b1ff2cf9dc58a38cae566dd05d815484f7f25c3d44fd0652a9,true,20271008
mm-square-64,2fa842e74a5cfcbf59217c4e1d85f7cf2fd11e09dc5ef429f8510965e0835d00,matmul,ONNX-MLIR LLVM,"onnx-mlir version 0.4.2, onnx version 1.21.0 (https://github.com/onnx/onnx-mlir.git 4a13c34aa695b228599d637cdb772c19b4b18dba)",onnx-mlir-llvm,true,,88,100,7014,0.0,0.0,3e146d6188fac6cfde8855044d81edd428c16085467eb02e1a3095d69e3c44ac,1adf2debc35a60b1ff2cf9dc58a38cae566dd05d815484f7f25c3d44fd0652a9,true,20271009
mm-square-64,2fa842e74a5cfcbf59217c4e1d85f7cf2fd11e09dc5ef429f8510965e0835d00,matmul,ONNX-MLIR LLVM,"onnx-mlir version 0.4.2, onnx version 1.21.0 (https://github.com/onnx/onnx-mlir.git 4a13c34aa695b228599d637cdb772c19b4b18dba)",onnx-mlir-llvm,true,,89,100,7017,0.0,0.0,3e146d6188fac6cfde8855044d81edd428c16085467eb02e1a3095d69e3c44ac,1adf2debc35a60b1ff2cf9dc58a38cae566dd05d815484f7f25c3d44fd0652a9,true,20271010
mm-square-64,2fa842e74a5cfcbf59217c4e1d85f7cf2fd11e09dc5ef429f8510965e0835d00,matmul,ONNX-MLIR LLVM,"onnx-mlir version 0.4.2, onnx version 1.21.0 (https://github.com/onnx/onnx-mlir.git 4a13c34aa695b228599d637cdb772c19b4b18dba)",onnx-mlir-llvm,true,,90,100,7094,0.0,0.0,3e146d6188fac6cfde8855044d81edd428c16085467eb02e1a3095d69e3c44ac,1adf2debc35a60b1ff2cf9dc58a38cae566dd05d815484f7f25c3d44fd0652a9,true,20271011
mm-square-64,2fa842e74a5cfcbf59217c4e1d85f7cf2fd11e09dc5ef429f8510965e0835d00,matmul,ONNX-MLIR LLVM,"onnx-mlir version 0.4.2, onnx version 1.21.0 (https://github.com/onnx/onnx-mlir.git 4a13c34aa695b228599d637cdb772c19b4b18dba)",onnx-mlir-llvm,true,,91,100,7133,0.0,0.0,3e146d6188fac6cfde8855044d81edd428c16085467eb02e1a3095d69e3c44ac,1adf2debc35a60b1ff2cf9dc58a38cae566dd05d815484f7f25c3d44fd0652a9,true,20271012
mm-square-64,2fa842e74a5cfcbf59217c4e1d85f7cf2fd11e09dc5ef429f8510965e0835d00,matmul,ONNX-MLIR LLVM,"onnx-mlir version 0.4.2, onnx version 1.21.0 (https://github.com/onnx/onnx-mlir.git 4a13c34aa695b228599d637cdb772c19b4b18dba)",onnx-mlir-llvm,true,,92,100,7178,0.0,0.0,3e146d6188fac6cfde8855044d81edd428c16085467eb02e1a3095d69e3c44ac,1adf2debc35a60b1ff2cf9dc58a38cae566dd05d815484f7f25c3d44fd0652a9,true,20271013
mm-square-64,2fa842e74a5cfcbf59217c4e1d85f7cf2fd11e09dc5ef429f8510965e0835d00,matmul,ONNX-MLIR LLVM,"onnx-mlir version 0.4.2, onnx version 1.21.0 (https://github.com/onnx/onnx-mlir.git 4a13c34aa695b228599d637cdb772c19b4b18dba)",onnx-mlir-llvm,true,,93,100,7456,0.0,0.0,3e146d6188fac6cfde8855044d81edd428c16085467eb02e1a3095d69e3c44ac,1adf2debc35a60b1ff2cf9dc58a38cae566dd05d815484f7f25c3d44fd0652a9,true,20271014
mm-square-64,2fa842e74a5cfcbf59217c4e1d85f7cf2fd11e09dc5ef429f8510965e0835d00,matmul,ONNX-MLIR LLVM,"onnx-mlir version 0.4.2, onnx version 1.21.0 (https://github.com/onnx/onnx-mlir.git 4a13c34aa695b228599d637cdb772c19b4b18dba)",onnx-mlir-llvm,true,,94,100,7377,0.0,0.0,3e146d6188fac6cfde8855044d81edd428c16085467eb02e1a3095d69e3c44ac,1adf2debc35a60b1ff2cf9dc58a38cae566dd05d815484f7f25c3d44fd0652a9,true,20271015
mm-square-64,2fa842e74a5cfcbf59217c4e1d85f7cf2fd11e09dc5ef429f8510965e0835d00,matmul,ONNX-MLIR LLVM,"onnx-mlir version 0.4.2, onnx version 1.21.0 (https://github.com/onnx/onnx-mlir.git 4a13c34aa695b228599d637cdb772c19b4b18dba)",onnx-mlir-llvm,true,,95,100,6937,0.0,0.0,3e146d6188fac6cfde8855044d81edd428c16085467eb02e1a3095d69e3c44ac,1adf2debc35a60b1ff2cf9dc58a38cae566dd05d815484f7f25c3d44fd0652a9,true,20271016
mm-square-64,2fa842e74a5cfcbf59217c4e1d85f7cf2fd11e09dc5ef429f8510965e0835d00,matmul,ONNX-MLIR LLVM,"onnx-mlir version 0.4.2, onnx version 1.21.0 (https://github.com/onnx/onnx-mlir.git 4a13c34aa695b228599d637cdb772c19b4b18dba)",onnx-mlir-llvm,true,,96,100,6882,0.0,0.0,3e146d6188fac6cfde8855044d81edd428c16085467eb02e1a3095d69e3c44ac,1adf2debc35a60b1ff2cf9dc58a38cae566dd05d815484f7f25c3d44fd0652a9,true,20271017
mm-square-64,2fa842e74a5cfcbf59217c4e1d85f7cf2fd11e09dc5ef429f8510965e0835d00,matmul,ONNX-MLIR LLVM,"onnx-mlir version 0.4.2, onnx version 1.21.0 (https://github.com/onnx/onnx-mlir.git 4a13c34aa695b228599d637cdb772c19b4b18dba)",onnx-mlir-llvm,true,,97,100,7278,0.0,0.0,3e146d6188fac6cfde8855044d81edd428c16085467eb02e1a3095d69e3c44ac,1adf2debc35a60b1ff2cf9dc58a38cae566dd05d815484f7f25c3d44fd0652a9,true,20271018
mm-square-64,2fa842e74a5cfcbf59217c4e1d85f7cf2fd11e09dc5ef429f8510965e0835d00,matmul,ONNX-MLIR LLVM,"onnx-mlir version 0.4.2, onnx version 1.21.0 (https://github.com/onnx/onnx-mlir.git 4a13c34aa695b228599d637cdb772c19b4b18dba)",onnx-mlir-llvm,true,,98,100,6941,0.0,0.0,3e146d6188fac6cfde8855044d81edd428c16085467eb02e1a3095d69e3c44ac,1adf2debc35a60b1ff2cf9dc58a38cae566dd05d815484f7f25c3d44fd0652a9,true,20271019
mm-square-64,2fa842e74a5cfcbf59217c4e1d85f7cf2fd11e09dc5ef429f8510965e0835d00,matmul,ONNX-MLIR LLVM,"onnx-mlir version 0.4.2, onnx version 1.21.0 (https://github.com/onnx/onnx-mlir.git 4a13c34aa695b228599d637cdb772c19b4b18dba)",onnx-mlir-llvm,true,,99,100,6875,0.0,0.0,3e146d6188fac6cfde8855044d81edd428c16085467eb02e1a3095d69e3c44ac,1adf2debc35a60b1ff2cf9dc58a38cae566dd05d815484f7f25c3d44fd0652a9,true,20271020
mm-square-256,2fa842e74a5cfcbf59217c4e1d85f7cf2fd11e09dc5ef429f8510965e0835d00,matmul,ONNX-MLIR LLVM,"onnx-mlir version 0.4.2, onnx version 1.21.0 (https://github.com/onnx/onnx-mlir.git 4a13c34aa695b228599d637cdb772c19b4b18dba)",onnx-mlir-llvm,true,,0,5,742883,0.0,0.0,a9457dbdebb57768f77702c7e7f57c39f514a58ff4bf637eb7a08ebc6ad3f1ce,7a1fa3692860bbc6cf5fd667a1b0820e429bd4f454d32c2c3aa4fce0da5faa12,true,20270921
mm-square-256,2fa842e74a5cfcbf59217c4e1d85f7cf2fd11e09dc5ef429f8510965e0835d00,matmul,ONNX-MLIR LLVM,"onnx-mlir version 0.4.2, onnx version 1.21.0 (https://github.com/onnx/onnx-mlir.git 4a13c34aa695b228599d637cdb772c19b4b18dba)",onnx-mlir-llvm,true,,1,5,742675,0.0,0.0,a9457dbdebb57768f77702c7e7f57c39f514a58ff4bf637eb7a08ebc6ad3f1ce,7a1fa3692860bbc6cf5fd667a1b0820e429bd4f454d32c2c3aa4fce0da5faa12,true,20270922
mm-square-256,2fa842e74a5cfcbf59217c4e1d85f7cf2fd11e09dc5ef429f8510965e0835d00,matmul,ONNX-MLIR LLVM,"onnx-mlir version 0.4.2, onnx version 1.21.0 (https://github.com/onnx/onnx-mlir.git 4a13c34aa695b228599d637cdb772c19b4b18dba)",onnx-mlir-llvm,true,,2,5,806633,0.0,0.0,a9457dbdebb57768f77702c7e7f57c39f514a58ff4bf637eb7a08ebc6ad3f1ce,7a1fa3692860bbc6cf5fd667a1b0820e429bd4f454d32c2c3aa4fce0da5faa12,true,20270923
mm-square-256,2fa842e74a5cfcbf59217c4e1d85f7cf2fd11e09dc5ef429f8510965e0835d00,matmul,ONNX-MLIR LLVM,"onnx-mlir version 0.4.2, onnx version 1.21.0 (https://github.com/onnx/onnx-mlir.git 4a13c34aa695b228599d637cdb772c19b4b18dba)",onnx-mlir-llvm,true,,3,5,699883,0.0,0.0,a9457dbdebb57768f77702c7e7f57c39f514a58ff4bf637eb7a08ebc6ad3f1ce,7a1fa3692860bbc6cf5fd667a1b0820e429bd4f454d32c2c3aa4fce0da5faa12,true,20270924
mm-square-256,2fa842e74a5cfcbf59217c4e1d85f7cf2fd11e09dc5ef429f8510965e0835d00,matmul,ONNX-MLIR LLVM,"onnx-mlir version 0.4.2, onnx version 1.21.0 (https://github.com/onnx/onnx-mlir.git 4a13c34aa695b228599d637cdb772c19b4b18dba)",onnx-mlir-llvm,true,,4,5,620516,0.0,0.0,a9457dbdebb57768f77702c7e7f57c39f514a58ff4bf637eb7a08ebc6ad3f1ce,7a1fa3692860bbc6cf5fd667a1b0820e429bd4f454d32c2c3aa4fce0da5faa12,true,20270925
mm-square-256,2fa842e74a5cfcbf59217c4e1d85f7cf2fd11e09dc5ef429f8510965e0835d00,matmul,ONNX-MLIR LLVM,"onnx-mlir version 0.4.2, onnx version 1.21.0 (https://github.com/onnx/onnx-mlir.git 4a13c34aa695b228599d637cdb772c19b4b18dba)",onnx-mlir-llvm,true,,5,5,709575,0.0,0.0,a9457dbdebb57768f77702c7e7f57c39f514a58ff4bf637eb7a08ebc6ad3f1ce,7a1fa3692860bbc6cf5fd667a1b0820e429bd4f454d32c2c3aa4fce0da5faa12,true,20270926
mm-square-256,2fa842e74a5cfcbf59217c4e1d85f7cf2fd11e09dc5ef429f8510965e0835d00,matmul,ONNX-MLIR LLVM,"onnx-mlir version 0.4.2, onnx version 1.21.0 (https://github.com/onnx/onnx-mlir.git 4a13c34aa695b228599d637cdb772c19b4b18dba)",onnx-mlir-llvm,true,,6,5,626041,0.0,0.0,a9457dbdebb57768f77702c7e7f57c39f514a58ff4bf637eb7a08ebc6ad3f1ce,7a1fa3692860bbc6cf5fd667a1b0820e429bd4f454d32c2c3aa4fce0da5faa12,true,20270927
mm-square-256,2fa842e74a5cfcbf59217c4e1d85f7cf2fd11e09dc5ef429f8510965e0835d00,matmul,ONNX-MLIR LLVM,"onnx-mlir version 0.4.2, onnx version 1.21.0 (https://github.com/onnx/onnx-mlir.git 4a13c34aa695b228599d637cdb772c19b4b18dba)",onnx-mlir-llvm,true,,7,5,623408,0.0,0.0,a9457dbdebb57768f77702c7e7f57c39f514a58ff4bf637eb7a08ebc6ad3f1ce,7a1fa3692860bbc6cf5fd667a1b0820e429bd4f454d32c2c3aa4fce0da5faa12,true,20270928
mm-square-256,2fa842e74a5cfcbf59217c4e1d85f7cf2fd11e09dc5ef429f8510965e0835d00,matmul,ONNX-MLIR LLVM,"onnx-mlir version 0.4.2, onnx version 1.21.0 (https://github.com/onnx/onnx-mlir.git 4a13c34aa695b228599d637cdb772c19b4b18dba)",onnx-mlir-llvm,true,,8,5,531883,0.0,0.0,a9457dbdebb57768f77702c7e7f57c39f514a58ff4bf637eb7a08ebc6ad3f1ce,7a1fa3692860bbc6cf5fd667a1b0820e429bd4f454d32c2c3aa4fce0da5faa12,true,20270929
mm-square-256,2fa842e74a5cfcbf59217c4e1d85f7cf2fd11e09dc5ef429f8510965e0835d00,matmul,ONNX-MLIR LLVM,"onnx-mlir version 0.4.2, onnx version 1.21.0 (https://github.com/onnx/onnx-mlir.git 4a13c34aa695b228599d637cdb772c19b4b18dba)",onnx-mlir-llvm,true,,9,5,539875,0.0,0.0,a9457dbdebb57768f77702c7e7f57c39f514a58ff4bf637eb7a08ebc6ad3f1ce,7a1fa3692860bbc6cf5fd667a1b0820e429bd4f454d32c2c3aa4fce0da5faa12,true,20270930
mm-square-256,2fa842e74a5cfcbf59217c4e1d85f7cf2fd11e09dc5ef429f8510965e0835d00,matmul,ONNX-MLIR LLVM,"onnx-mlir version 0.4.2, onnx version 1.21.0 (https://github.com/onnx/onnx-mlir.git 4a13c34aa695b228599d637cdb772c19b4b18dba)",onnx-mlir-llvm,true,,10,5,534600,0.0,0.0,a9457dbdebb57768f77702c7e7f57c39f514a58ff4bf637eb7a08ebc6ad3f1ce,7a1fa3692860bbc6cf5fd667a1b0820e429bd4f454d32c2c3aa4fce0da5faa12,true,20270931
mm-square-256,2fa842e74a5cfcbf59217c4e1d85f7cf2fd11e09dc5ef429f8510965e0835d00,matmul,ONNX-MLIR LLVM,"onnx-mlir version 0.4.2, onnx version 1.21.0 (https://github.com/onnx/onnx-mlir.git 4a13c34aa695b228599d637cdb772c19b4b18dba)",onnx-mlir-llvm,true,,11,5,595925,0.0,0.0,a9457dbdebb57768f77702c7e7f57c39f514a58ff4bf637eb7a08ebc6ad3f1ce,7a1fa3692860bbc6cf5fd667a1b0820e429bd4f454d32c2c3aa4fce0da5faa12,true,20270932
mm-square-256,2fa842e74a5cfcbf59217c4e1d85f7cf2fd11e09dc5ef429f8510965e0835d00,matmul,ONNX-MLIR LLVM,"onnx-mlir version 0.4.2, onnx version 1.21.0 (https://github.com/onnx/onnx-mlir.git 4a13c34aa695b228599d637cdb772c19b4b18dba)",onnx-mlir-llvm,true,,12,5,536183,0.0,0.0,a9457dbdebb57768f77702c7e7f57c39f514a58ff4bf637eb7a08ebc6ad3f1ce,7a1fa3692860bbc6cf5fd667a1b0820e429bd4f454d32c2c3aa4fce0da5faa12,true,20270933
mm-square-256,2fa842e74a5cfcbf59217c4e1d85f7cf2fd11e09dc5ef429f8510965e0835d00,matmul,ONNX-MLIR LLVM,"onnx-mlir version 0.4.2, onnx version 1.21.0 (https://github.com/onnx/onnx-mlir.git 4a13c34aa695b228599d637cdb772c19b4b18dba)",onnx-mlir-llvm,true,,13,5,565483,0.0,0.0,a9457dbdebb57768f77702c7e7f57c39f514a58ff4bf637eb7a08ebc6ad3f1ce,7a1fa3692860bbc6cf5fd667a1b0820e429bd4f454d32c2c3aa4fce0da5faa12,true,20270934
mm-square-256,2fa842e74a5cfcbf59217c4e1d85f7cf2fd11e09dc5ef429f8510965e0835d00,matmul,ONNX-MLIR LLVM,"onnx-mlir version 0.4.2, onnx version 1.21.0 (https://github.com/onnx/onnx-mlir.git 4a13c34aa695b228599d637cdb772c19b4b18dba)",onnx-mlir-llvm,true,,14,5,560391,0.0,0.0,a9457dbdebb57768f77702c7e7f57c39f514a58ff4bf637eb7a08ebc6ad3f1ce,7a1fa3692860bbc6cf5fd667a1b0820e429bd4f454d32c2c3aa4fce0da5faa12,true,20270935
mm-square-256,2fa842e74a5cfcbf59217c4e1d85f7cf2fd11e09dc5ef429f8510965e0835d00,matmul,ONNX-MLIR LLVM,"onnx-mlir version 0.4.2, onnx version 1.21.0 (https://github.com/onnx/onnx-mlir.git 4a13c34aa695b228599d637cdb772c19b4b18dba)",onnx-mlir-llvm,true,,15,5,519300,0.0,0.0,a9457dbdebb57768f77702c7e7f57c39f514a58ff4bf637eb7a08ebc6ad3f1ce,7a1fa3692860bbc6cf5fd667a1b0820e429bd4f454d32c2c3aa4fce0da5faa12,true,20270936
mm-square-256,2fa842e74a5cfcbf59217c4e1d85f7cf2fd11e09dc5ef429f8510965e0835d00,matmul,ONNX-MLIR LLVM,"onnx-mlir version 0.4.2, onnx version 1.21.0 (https://github.com/onnx/onnx-mlir.git 4a13c34aa695b228599d637cdb772c19b4b18dba)",onnx-mlir-llvm,true,,16,5,532133,0.0,0.0,a9457dbdebb57768f77702c7e7f57c39f514a58ff4bf637eb7a08ebc6ad3f1ce,7a1fa3692860bbc6cf5fd667a1b0820e429bd4f454d32c2c3aa4fce0da5faa12,true,20270937
mm-square-256,2fa842e74a5cfcbf59217c4e1d85f7cf2fd11e09dc5ef429f8510965e0835d00,matmul,ONNX-MLIR LLVM,"onnx-mlir version 0.4.2, onnx version 1.21.0 (https://github.com/onnx/onnx-mlir.git 4a13c34aa695b228599d637cdb772c19b4b18dba)",onnx-mlir-llvm,true,,17,5,528941,0.0,0.0,a9457dbdebb57768f77702c7e7f57c39f514a58ff4bf637eb7a08ebc6ad3f1ce,7a1fa3692860bbc6cf5fd667a1b0820e429bd4f454d32c2c3aa4fce0da5faa12,true,20270938
mm-square-256,2fa842e74a5cfcbf59217c4e1d85f7cf2fd11e09dc5ef429f8510965e0835d00,matmul,ONNX-MLIR LLVM,"onnx-mlir version 0.4.2, onnx version 1.21.0 (https://github.com/onnx/onnx-mlir.git 4a13c34aa695b228599d637cdb772c19b4b18dba)",onnx-mlir-llvm,true,,18,5,525066,0.0,0.0,a9457dbdebb57768f77702c7e7f57c39f514a58ff4bf637eb7a08ebc6ad3f1ce,7a1fa3692860bbc6cf5fd667a1b0820e429bd4f454d32c2c3aa4fce0da5faa12,true,20270939
mm-square-256,2fa842e74a5cfcbf59217c4e1d85f7cf2fd11e09dc5ef429f8510965e0835d00,matmul,ONNX-MLIR LLVM,"onnx-mlir version 0.4.2, onnx version 1.21.0 (https://github.com/onnx/onnx-mlir.git 4a13c34aa695b228599d637cdb772c19b4b18dba)",onnx-mlir-llvm,true,,19,5,519466,0.0,0.0,a9457dbdebb57768f77702c7e7f57c39f514a58ff4bf637eb7a08ebc6ad3f1ce,7a1fa3692860bbc6cf5fd667a1b0820e429bd4f454d32c2c3aa4fce0da5faa12,true,20270940
mm-square-256,2fa842e74a5cfcbf59217c4e1d85f7cf2fd11e09dc5ef429f8510965e0835d00,matmul,ONNX-MLIR LLVM,"onnx-mlir version 0.4.2, onnx version 1.21.0 (https://github.com/onnx/onnx-mlir.git 4a13c34aa695b228599d637cdb772c19b4b18dba)",onnx-mlir-llvm,true,,20,5,529600,0.0,0.0,a9457dbdebb57768f77702c7e7f57c39f514a58ff4bf637eb7a08ebc6ad3f1ce,7a1fa3692860bbc6cf5fd667a1b0820e429bd4f454d32c2c3aa4fce0da5faa12,true,20270941
mm-square-256,2fa842e74a5cfcbf59217c4e1d85f7cf2fd11e09dc5ef429f8510965e0835d00,matmul,ONNX-MLIR LLVM,"onnx-mlir version 0.4.2, onnx version 1.21.0 (https://github.com/onnx/onnx-mlir.git 4a13c34aa695b228599d637cdb772c19b4b18dba)",onnx-mlir-llvm,true,,21,5,519716,0.0,0.0,a9457dbdebb57768f77702c7e7f57c39f514a58ff4bf637eb7a08ebc6ad3f1ce,7a1fa3692860bbc6cf5fd667a1b0820e429bd4f454d32c2c3aa4fce0da5faa12,true,20270942
mm-square-256,2fa842e74a5cfcbf59217c4e1d85f7cf2fd11e09dc5ef429f8510965e0835d00,matmul,ONNX-MLIR LLVM,"onnx-mlir version 0.4.2, onnx version 1.21.0 (https://github.com/onnx/onnx-mlir.git 4a13c34aa695b228599d637cdb772c19b4b18dba)",onnx-mlir-llvm,true,,22,5,529400,0.0,0.0,a9457dbdebb57768f77702c7e7f57c39f514a58ff4bf637eb7a08ebc6ad3f1ce,7a1fa3692860bbc6cf5fd667a1b0820e429bd4f454d32c2c3aa4fce0da5faa12,true,20270943
mm-square-256,2fa842e74a5cfcbf59217c4e1d85f7cf2fd11e09dc5ef429f8510965e0835d00,matmul,ONNX-MLIR LLVM,"onnx-mlir version 0.4.2, onnx version 1.21.0 (https://github.com/onnx/onnx-mlir.git 4a13c34aa695b228599d637cdb772c19b4b18dba)",onnx-mlir-llvm,true,,23,5,514825,0.0,0.0,a9457dbdebb57768f77702c7e7f57c39f514a58ff4bf637eb7a08ebc6ad3f1ce,7a1fa3692860bbc6cf5fd667a1b0820e429bd4f454d32c2c3aa4fce0da5faa12,true,20270944
mm-square-256,2fa842e74a5cfcbf59217c4e1d85f7cf2fd11e09dc5ef429f8510965e0835d00,matmul,ONNX-MLIR LLVM,"onnx-mlir version 0.4.2, onnx version 1.21.0 (https://github.com/onnx/onnx-mlir.git 4a13c34aa695b228599d637cdb772c19b4b18dba)",onnx-mlir-llvm,true,,24,5,529391,0.0,0.0,a9457dbdebb57768f77702c7e7f57c39f514a58ff4bf637eb7a08ebc6ad3f1ce,7a1fa3692860bbc6cf5fd667a1b0820e429bd4f454d32c2c3aa4fce0da5faa12,true,20270945
mm-square-256,2fa842e74a5cfcbf59217c4e1d85f7cf2fd11e09dc5ef429f8510965e0835d00,matmul,ONNX-MLIR LLVM,"onnx-mlir version 0.4.2, onnx version 1.21.0 (https://github.com/onnx/onnx-mlir.git 4a13c34aa695b228599d637cdb772c19b4b18dba)",onnx-mlir-llvm,true,,25,5,505241,0.0,0.0,a9457dbdebb57768f77702c7e7f57c39f514a58ff4bf637eb7a08ebc6ad3f1ce,7a1fa3692860bbc6cf5fd667a1b0820e429bd4f454d32c2c3aa4fce0da5faa12,true,20270946
mm-square-256,2fa842e74a5cfcbf59217c4e1d85f7cf2fd11e09dc5ef429f8510965e0835d00,matmul,ONNX-MLIR LLVM,"onnx-mlir version 0.4.2, onnx version 1.21.0 (https://github.com/onnx/onnx-mlir.git 4a13c34aa695b228599d637cdb772c19b4b18dba)",onnx-mlir-llvm,true,,26,5,499800,0.0,0.0,a9457dbdebb57768f77702c7e7f57c39f514a58ff4bf637eb7a08ebc6ad3f1ce,7a1fa3692860bbc6cf5fd667a1b0820e429bd4f454d32c2c3aa4fce0da5faa12,true,20270947
mm-square-256,2fa842e74a5cfcbf59217c4e1d85f7cf2fd11e09dc5ef429f8510965e0835d00,matmul,ONNX-MLIR LLVM,"onnx-mlir version 0.4.2, onnx version 1.21.0 (https://github.com/onnx/onnx-mlir.git 4a13c34aa695b228599d637cdb772c19b4b18dba)",onnx-mlir-llvm,true,,27,5,516766,0.0,0.0,a9457dbdebb57768f77702c7e7f57c39f514a58ff4bf637eb7a08ebc6ad3f1ce,7a1fa3692860bbc6cf5fd667a1b0820e429bd4f454d32c2c3aa4fce0da5faa12,true,20270948
mm-square-256,2fa842e74a5cfcbf59217c4e1d85f7cf2fd11e09dc5ef429f8510965e0835d00,matmul,ONNX-MLIR LLVM,"onnx-mlir version 0.4.2, onnx version 1.21.0 (https://github.com/onnx/onnx-mlir.git 4a13c34aa695b228599d637cdb772c19b4b18dba)",onnx-mlir-llvm,true,,28,5,516975,0.0,0.0,a9457dbdebb57768f77702c7e7f57c39f514a58ff4bf637eb7a08ebc6ad3f1ce,7a1fa3692860bbc6cf5fd667a1b0820e429bd4f454d32c2c3aa4fce0da5faa12,true,20270949
mm-square-256,2fa842e74a5cfcbf59217c4e1d85f7cf2fd11e09dc5ef429f8510965e0835d00,matmul,ONNX-MLIR LLVM,"onnx-mlir version 0.4.2, onnx version 1.21.0 (https://github.com/onnx/onnx-mlir.git 4a13c34aa695b228599d637cdb772c19b4b18dba)",onnx-mlir-llvm,true,,29,5,515475,0.0,0.0,a9457dbdebb57768f77702c7e7f57c39f514a58ff4bf637eb7a08ebc6ad3f1ce,7a1fa3692860bbc6cf5fd667a1b0820e429bd4f454d32c2c3aa4fce0da5faa12,true,20270950
mm-square-256,2fa842e74a5cfcbf59217c4e1d85f7cf2fd11e09dc5ef429f8510965e0835d00,matmul,ONNX-MLIR LLVM,"onnx-mlir version 0.4.2, onnx version 1.21.0 (https://github.com/onnx/onnx-mlir.git 4a13c34aa695b228599d637cdb772c19b4b18dba)",onnx-mlir-llvm,true,,30,5,504325,0.0,0.0,a9457dbdebb57768f77702c7e7f57c39f514a58ff4bf637eb7a08ebc6ad3f1ce,7a1fa3692860bbc6cf5fd667a1b0820e429bd4f454d32c2c3aa4fce0da5faa12,true,20270951
mm-square-256,2fa842e74a5cfcbf59217c4e1d85f7cf2fd11e09dc5ef429f8510965e0835d00,matmul,ONNX-MLIR LLVM,"onnx-mlir version 0.4.2, onnx version 1.21.0 (https://github.com/onnx/onnx-mlir.git 4a13c34aa695b228599d637cdb772c19b4b18dba)",onnx-mlir-llvm,true,,31,5,504550,0.0,0.0,a9457dbdebb57768f77702c7e7f57c39f514a58ff4bf637eb7a08ebc6ad3f1ce,7a1fa3692860bbc6cf5fd667a1b0820e429bd4f454d32c2c3aa4fce0da5faa12,true,20270952
mm-square-256,2fa842e74a5cfcbf59217c4e1d85f7cf2fd11e09dc5ef429f8510965e0835d00,matmul,ONNX-MLIR LLVM,"onnx-mlir version 0.4.2, onnx version 1.21.0 (https://github.com/onnx/onnx-mlir.git 4a13c34aa695b228599d637cdb772c19b4b18dba)",onnx-mlir-llvm,true,,32,5,501216,0.0,0.0,a9457dbdebb57768f77702c7e7f57c39f514a58ff4bf637eb7a08ebc6ad3f1ce,7a1fa3692860bbc6cf5fd667a1b0820e429bd4f454d32c2c3aa4fce0da5faa12,true,20270953
mm-square-256,2fa842e74a5cfcbf59217c4e1d85f7cf2fd11e09dc5ef429f8510965e0835d00,matmul,ONNX-MLIR LLVM,"onnx-mlir version 0.4.2, onnx version 1.21.0 (https://github.com/onnx/onnx-mlir.git 4a13c34aa695b228599d637cdb772c19b4b18dba)",onnx-mlir-llvm,true,,33,5,504191,0.0,0.0,a9457dbdebb57768f77702c7e7f57c39f514a58ff4bf637eb7a08ebc6ad3f1ce,7a1fa3692860bbc6cf5fd667a1b0820e429bd4f454d32c2c3aa4fce0da5faa12,true,20270954
mm-square-256,2fa842e74a5cfcbf59217c4e1d85f7cf2fd11e09dc5ef429f8510965e0835d00,matmul,ONNX-MLIR LLVM,"onnx-mlir version 0.4.2, onnx version 1.21.0 (https://github.com/onnx/onnx-mlir.git 4a13c34aa695b228599d637cdb772c19b4b18dba)",onnx-mlir-llvm,true,,34,5,524266,0.0,0.0,a9457dbdebb57768f77702c7e7f57c39f514a58ff4bf637eb7a08ebc6ad3f1ce,7a1fa3692860bbc6cf5fd667a1b0820e429bd4f454d32c2c3aa4fce0da5faa12,true,20270955
mm-square-256,2fa842e74a5cfcbf59217c4e1d85f7cf2fd11e09dc5ef429f8510965e0835d00,matmul,ONNX-MLIR LLVM,"onnx-mlir version 0.4.2, onnx version 1.21.0 (https://github.com/onnx/onnx-mlir.git 4a13c34aa695b228599d637cdb772c19b4b18dba)",onnx-mlir-llvm,true,,35,5,520716,0.0,0.0,a9457dbdebb57768f77702c7e7f57c39f514a58ff4bf637eb7a08ebc6ad3f1ce,7a1fa3692860bbc6cf5fd667a1b0820e429bd4f454d32c2c3aa4fce0da5faa12,true,20270956
mm-square-256,2fa842e74a5cfcbf59217c4e1d85f7cf2fd11e09dc5ef429f8510965e0835d00,matmul,ONNX-MLIR LLVM,"onnx-mlir version 0.4.2, onnx version 1.21.0 (https://github.com/onnx/onnx-mlir.git 4a13c34aa695b228599d637cdb772c19b4b18dba)",onnx-mlir-llvm,true,,36,5,514050,0.0,0.0,a9457dbdebb57768f77702c7e7f57c39f514a58ff4bf637eb7a08ebc6ad3f1ce,7a1fa3692860bbc6cf5fd667a1b0820e429bd4f454d32c2c3aa4fce0da5faa12,true,20270957
mm-square-256,2fa842e74a5cfcbf59217c4e1d85f7cf2fd11e09dc5ef429f8510965e0835d00,matmul,ONNX-MLIR LLVM,"onnx-mlir version 0.4.2, onnx version 1.21.0 (https://github.com/onnx/onnx-mlir.git 4a13c34aa695b228599d637cdb772c19b4b18dba)",onnx-mlir-llvm,true,,37,5,508825,0.0,0.0,a9457dbdebb57768f77702c7e7f57c39f514a58ff4bf637eb7a08ebc6ad3f1ce,7a1fa3692860bbc6cf5fd667a1b0820e429bd4f454d32c2c3aa4fce0da5faa12,true,20270958
mm-square-256,2fa842e74a5cfcbf59217c4e1d85f7cf2fd11e09dc5ef429f8510965e0835d00,matmul,ONNX-MLIR LLVM,"onnx-mlir version 0.4.2, onnx version 1.21.0 (https://github.com/onnx/onnx-mlir.git 4a13c34aa695b228599d637cdb772c19b4b18dba)",onnx-mlir-llvm,true,,38,5,506666,0.0,0.0,a9457dbdebb57768f77702c7e7f57c39f514a58ff4bf637eb7a08ebc6ad3f1ce,7a1fa3692860bbc6cf5fd667a1b0820e429bd4f454d32c2c3aa4fce0da5faa12,true,20270959
mm-square-256,2fa842e74a5cfcbf59217c4e1d85f7cf2fd11e09dc5ef429f8510965e0835d00,matmul,ONNX-MLIR LLVM,"onnx-mlir version 0.4.2, onnx version 1.21.0 (https://github.com/onnx/onnx-mlir.git 4a13c34aa695b228599d637cdb772c19b4b18dba)",onnx-mlir-llvm,true,,39,5,505841,0.0,0.0,a9457dbdebb57768f77702c7e7f57c39f514a58ff4bf637eb7a08ebc6ad3f1ce,7a1fa3692860bbc6cf5fd667a1b0820e429bd4f454d32c2c3aa4fce0da5faa12,true,20270960
mm-square-256,2fa842e74a5cfcbf59217c4e1d85f7cf2fd11e09dc5ef429f8510965e0835d00,matmul,ONNX-MLIR LLVM,"onnx-mlir version 0.4.2, onnx version 1.21.0 (https://github.com/onnx/onnx-mlir.git 4a13c34aa695b228599d637cdb772c19b4b18dba)",onnx-mlir-llvm,true,,40,5,522475,0.0,0.0,a9457dbdebb57768f77702c7e7f57c39f514a58ff4bf637eb7a08ebc6ad3f1ce,7a1fa3692860bbc6cf5fd667a1b0820e429bd4f454d32c2c3aa4fce0da5faa12,true,20270961
mm-square-256,2fa842e74a5cfcbf59217c4e1d85f7cf2fd11e09dc5ef429f8510965e0835d00,matmul,ONNX-MLIR LLVM,"onnx-mlir version 0.4.2, onnx version 1.21.0 (https://github.com/onnx/onnx-mlir.git 4a13c34aa695b228599d637cdb772c19b4b18dba)",onnx-mlir-llvm,true,,41,5,524866,0.0,0.0,a9457dbdebb57768f77702c7e7f57c39f514a58ff4bf637eb7a08ebc6ad3f1ce,7a1fa3692860bbc6cf5fd667a1b0820e429bd4f454d32c2c3aa4fce0da5faa12,true,20270962
mm-square-256,2fa842e74a5cfcbf59217c4e1d85f7cf2fd11e09dc5ef429f8510965e0835d00,matmul,ONNX-MLIR LLVM,"onnx-mlir version 0.4.2, onnx version 1.21.0 (https://github.com/onnx/onnx-mlir.git 4a13c34aa695b228599d637cdb772c19b4b18dba)",onnx-mlir-llvm,true,,42,5,512025,0.0,0.0,a9457dbdebb57768f77702c7e7f57c39f514a58ff4bf637eb7a08ebc6ad3f1ce,7a1fa3692860bbc6cf5fd667a1b0820e429bd4f454d32c2c3aa4fce0da5faa12,true,20270963
mm-square-256,2fa842e74a5cfcbf59217c4e1d85f7cf2fd11e09dc5ef429f8510965e0835d00,matmul,ONNX-MLIR LLVM,"onnx-mlir version 0.4.2, onnx version 1.21.0 (https://github.com/onnx/onnx-mlir.git 4a13c34aa695b228599d637cdb772c19b4b18dba)",onnx-mlir-llvm,true,,43,5,502550,0.0,0.0,a9457dbdebb57768f77702c7e7f57c39f514a58ff4bf637eb7a08ebc6ad3f1ce,7a1fa3692860bbc6cf5fd667a1b0820e429bd4f454d32c2c3aa4fce0da5faa12,true,20270964
mm-square-256,2fa842e74a5cfcbf59217c4e1d85f7cf2fd11e09dc5ef429f8510965e0835d00,matmul,ONNX-MLIR LLVM,"onnx-mlir version 0.4.2, onnx version 1.21.0 (https://github.com/onnx/onnx-mlir.git 4a13c34aa695b228599d637cdb772c19b4b18dba)",onnx-mlir-llvm,true,,44,5,515675,0.0,0.0,a9457dbdebb57768f77702c7e7f57c39f514a58ff4bf637eb7a08ebc6ad3f1ce,7a1fa3692860bbc6cf5fd667a1b0820e429bd4f454d32c2c3aa4fce0da5faa12,true,20270965
mm-square-256,2fa842e74a5cfcbf59217c4e1d85f7cf2fd11e09dc5ef429f8510965e0835d00,matmul,ONNX-MLIR LLVM,"onnx-mlir version 0.4.2, onnx version 1.21.0 (https://github.com/onnx/onnx-mlir.git 4a13c34aa695b228599d637cdb772c19b4b18dba)",onnx-mlir-llvm,true,,45,5,507691,0.0,0.0,a9457dbdebb57768f77702c7e7f57c39f514a58ff4bf637eb7a08ebc6ad3f1ce,7a1fa3692860bbc6cf5fd667a1b0820e429bd4f454d32c2c3aa4fce0da5faa12,true,20270966
mm-square-256,2fa842e74a5cfcbf59217c4e1d85f7cf2fd11e09dc5ef429f8510965e0835d00,matmul,ONNX-MLIR LLVM,"onnx-mlir version 0.4.2, onnx version 1.21.0 (https://github.com/onnx/onnx-mlir.git 4a13c34aa695b228599d637cdb772c19b4b18dba)",onnx-mlir-llvm,true,,46,5,513050,0.0,0.0,a9457dbdebb57768f77702c7e7f57c39f514a58ff4bf637eb7a08ebc6ad3f1ce,7a1fa3692860bbc6cf5fd667a1b0820e429bd4f454d32c2c3aa4fce0da5faa12,true,20270967
mm-square-256,2fa842e74a5cfcbf59217c4e1d85f7cf2fd11e09dc5ef429f8510965e0835d00,matmul,ONNX-MLIR LLVM,"onnx-mlir version 0.4.2, onnx version 1.21.0 (https://github.com/onnx/onnx-mlir.git 4a13c34aa695b228599d637cdb772c19b4b18dba)",onnx-mlir-llvm,true,,47,5,528108,0.0,0.0,a9457dbdebb57768f77702c7e7f57c39f514a58ff4bf637eb7a08ebc6ad3f1ce,7a1fa3692860bbc6cf5fd667a1b0820e429bd4f454d32c2c3aa4fce0da5faa12,true,20270968
mm-square-256,2fa842e74a5cfcbf59217c4e1d85f7cf2fd11e09dc5ef429f8510965e0835d00,matmul,ONNX-MLIR LLVM,"onnx-mlir version 0.4.2, onnx version 1.21.0 (https://github.com/onnx/onnx-mlir.git 4a13c34aa695b228599d637cdb772c19b4b18dba)",onnx-mlir-llvm,true,,48,5,513700,0.0,0.0,a9457dbdebb57768f77702c7e7f57c39f514a58ff4bf637eb7a08ebc6ad3f1ce,7a1fa3692860bbc6cf5fd667a1b0820e429bd4f454d32c2c3aa4fce0da5faa12,true,20270969
mm-square-256,2fa842e74a5cfcbf59217c4e1d85f7cf2fd11e09dc5ef429f8510965e0835d00,matmul,ONNX-MLIR LLVM,"onnx-mlir version 0.4.2, onnx version 1.21.0 (https://github.com/onnx/onnx-mlir.git 4a13c34aa695b228599d637cdb772c19b4b18dba)",onnx-mlir-llvm,true,,49,5,505383,0.0,0.0,a9457dbdebb57768f77702c7e7f57c39f514a58ff4bf637eb7a08ebc6ad3f1ce,7a1fa3692860bbc6cf5fd667a1b0820e429bd4f454d32c2c3aa4fce0da5faa12,true,20270970
mm-square-256,2fa842e74a5cfcbf59217c4e1d85f7cf2fd11e09dc5ef429f8510965e0835d00,matmul,ONNX-MLIR LLVM,"onnx-mlir version 0.4.2, onnx version 1.21.0 (https://github.com/onnx/onnx-mlir.git 4a13c34aa695b228599d637cdb772c19b4b18dba)",onnx-mlir-llvm,true,,50,5,516750,0.0,0.0,a9457dbdebb57768f77702c7e7f57c39f514a58ff4bf637eb7a08ebc6ad3f1ce,7a1fa3692860bbc6cf5fd667a1b0820e429bd4f454d32c2c3aa4fce0da5faa12,true,20270971
mm-square-256,2fa842e74a5cfcbf59217c4e1d85f7cf2fd11e09dc5ef429f8510965e0835d00,matmul,ONNX-MLIR LLVM,"onnx-mlir version 0.4.2, onnx version 1.21.0 (https://github.com/onnx/onnx-mlir.git 4a13c34aa695b228599d637cdb772c19b4b18dba)",onnx-mlir-llvm,true,,51,5,505666,0.0,0.0,a9457dbdebb57768f77702c7e7f57c39f514a58ff4bf637eb7a08ebc6ad3f1ce,7a1fa3692860bbc6cf5fd667a1b0820e429bd4f454d32c2c3aa4fce0da5faa12,true,20270972
mm-square-256,2fa842e74a5cfcbf59217c4e1d85f7cf2fd11e09dc5ef429f8510965e0835d00,matmul,ONNX-MLIR LLVM,"onnx-mlir version 0.4.2, onnx version 1.21.0 (https://github.com/onnx/onnx-mlir.git 4a13c34aa695b228599d637cdb772c19b4b18dba)",onnx-mlir-llvm,true,,52,5,503725,0.0,0.0,a9457dbdebb57768f77702c7e7f57c39f514a58ff4bf637eb7a08ebc6ad3f1ce,7a1fa3692860bbc6cf5fd667a1b0820e429bd4f454d32c2c3aa4fce0da5faa12,true,20270973
mm-square-256,2fa842e74a5cfcbf59217c4e1d85f7cf2fd11e09dc5ef429f8510965e0835d00,matmul,ONNX-MLIR LLVM,"onnx-mlir version 0.4.2, onnx version 1.21.0 (https://github.com/onnx/onnx-mlir.git 4a13c34aa695b228599d637cdb772c19b4b18dba)",onnx-mlir-llvm,true,,53,5,514125,0.0,0.0,a9457dbdebb57768f77702c7e7f57c39f514a58ff4bf637eb7a08ebc6ad3f1ce,7a1fa3692860bbc6cf5fd667a1b0820e429bd4f454d32c2c3aa4fce0da5faa12,true,20270974
mm-square-256,2fa842e74a5cfcbf59217c4e1d85f7cf2fd11e09dc5ef429f8510965e0835d00,matmul,ONNX-MLIR LLVM,"onnx-mlir version 0.4.2, onnx version 1.21.0 (https://github.com/onnx/onnx-mlir.git 4a13c34aa695b228599d637cdb772c19b4b18dba)",onnx-mlir-llvm,true,,54,5,526916,0.0,0.0,a9457dbdebb57768f77702c7e7f57c39f514a58ff4bf637eb7a08ebc6ad3f1ce,7a1fa3692860bbc6cf5fd667a1b0820e429bd4f454d32c2c3aa4fce0da5faa12,true,20270975
mm-square-256,2fa842e74a5cfcbf59217c4e1d85f7cf2fd11e09dc5ef429f8510965e0835d00,matmul,ONNX-MLIR LLVM,"onnx-mlir version 0.4.2, onnx version 1.21.0 (https://github.com/onnx/onnx-mlir.git 4a13c34aa695b228599d637cdb772c19b4b18dba)",onnx-mlir-llvm,true,,55,5,503733,0.0,0.0,a9457dbdebb57768f77702c7e7f57c39f514a58ff4bf637eb7a08ebc6ad3f1ce,7a1fa3692860bbc6cf5fd667a1b0820e429bd4f454d32c2c3aa4fce0da5faa12,true,20270976
mm-square-256,2fa842e74a5cfcbf59217c4e1d85f7cf2fd11e09dc5ef429f8510965e0835d00,matmul,ONNX-MLIR LLVM,"onnx-mlir version 0.4.2, onnx version 1.21.0 (https://github.com/onnx/onnx-mlir.git 4a13c34aa695b228599d637cdb772c19b4b18dba)",onnx-mlir-llvm,true,,56,5,511016,0.0,0.0,a9457dbdebb57768f77702c7e7f57c39f514a58ff4bf637eb7a08ebc6ad3f1ce,7a1fa3692860bbc6cf5fd667a1b0820e429bd4f454d32c2c3aa4fce0da5faa12,true,20270977
mm-square-256,2fa842e74a5cfcbf59217c4e1d85f7cf2fd11e09dc5ef429f8510965e0835d00,matmul,ONNX-MLIR LLVM,"onnx-mlir version 0.4.2, onnx version 1.21.0 (https://github.com/onnx/onnx-mlir.git 4a13c34aa695b228599d637cdb772c19b4b18dba)",onnx-mlir-llvm,true,,57,5,508758,0.0,0.0,a9457dbdebb57768f77702c7e7f57c39f514a58ff4bf637eb7a08ebc6ad3f1ce,7a1fa3692860bbc6cf5fd667a1b0820e429bd4f454d32c2c3aa4fce0da5faa12,true,20270978
mm-square-256,2fa842e74a5cfcbf59217c4e1d85f7cf2fd11e09dc5ef429f8510965e0835d00,matmul,ONNX-MLIR LLVM,"onnx-mlir version 0.4.2, onnx version 1.21.0 (https://github.com/onnx/onnx-mlir.git 4a13c34aa695b228599d637cdb772c19b4b18dba)",onnx-mlir-llvm,true,,58,5,505050,0.0,0.0,a9457dbdebb57768f77702c7e7f57c39f514a58ff4bf637eb7a08ebc6ad3f1ce,7a1fa3692860bbc6cf5fd667a1b0820e429bd4f454d32c2c3aa4fce0da5faa12,true,20270979
mm-square-256,2fa842e74a5cfcbf59217c4e1d85f7cf2fd11e09dc5ef429f8510965e0835d00,matmul,ONNX-MLIR LLVM,"onnx-mlir version 0.4.2, onnx version 1.21.0 (https://github.com/onnx/onnx-mlir.git 4a13c34aa695b228599d637cdb772c19b4b18dba)",onnx-mlir-llvm,true,,59,5,505725,0.0,0.0,a9457dbdebb57768f77702c7e7f57c39f514a58ff4bf637eb7a08ebc6ad3f1ce,7a1fa3692860bbc6cf5fd667a1b0820e429bd4f454d32c2c3aa4fce0da5faa12,true,20270980
mm-square-256,2fa842e74a5cfcbf59217c4e1d85f7cf2fd11e09dc5ef429f8510965e0835d00,matmul,ONNX-MLIR LLVM,"onnx-mlir version 0.4.2, onnx version 1.21.0 (https://github.com/onnx/onnx-mlir.git 4a13c34aa695b228599d637cdb772c19b4b18dba)",onnx-mlir-llvm,true,,60,5,521950,0.0,0.0,a9457dbdebb57768f77702c7e7f57c39f514a58ff4bf637eb7a08ebc6ad3f1ce,7a1fa3692860bbc6cf5fd667a1b0820e429bd4f454d32c2c3aa4fce0da5faa12,true,20270981
mm-square-256,2fa842e74a5cfcbf59217c4e1d85f7cf2fd11e09dc5ef429f8510965e0835d00,matmul,ONNX-MLIR LLVM,"onnx-mlir version 0.4.2, onnx version 1.21.0 (https://github.com/onnx/onnx-mlir.git 4a13c34aa695b228599d637cdb772c19b4b18dba)",onnx-mlir-llvm,true,,61,5,509175,0.0,0.0,a9457dbdebb57768f77702c7e7f57c39f514a58ff4bf637eb7a08ebc6ad3f1ce,7a1fa3692860bbc6cf5fd667a1b0820e429bd4f454d32c2c3aa4fce0da5faa12,true,20270982
mm-square-256,2fa842e74a5cfcbf59217c4e1d85f7cf2fd11e09dc5ef429f8510965e0835d00,matmul,ONNX-MLIR LLVM,"onnx-mlir version 0.4.2, onnx version 1.21.0 (https://github.com/onnx/onnx-mlir.git 4a13c34aa695b228599d637cdb772c19b4b18dba)",onnx-mlir-llvm,true,,62,5,505516,0.0,0.0,a9457dbdebb57768f77702c7e7f57c39f514a58ff4bf637eb7a08ebc6ad3f1ce,7a1fa3692860bbc6cf5fd667a1b0820e429bd4f454d32c2c3aa4fce0da5faa12,true,20270983
mm-square-256,2fa842e74a5cfcbf59217c4e1d85f7cf2fd11e09dc5ef429f8510965e0835d00,matmul,ONNX-MLIR LLVM,"onnx-mlir version 0.4.2, onnx version 1.21.0 (https://github.com/onnx/onnx-mlir.git 4a13c34aa695b228599d637cdb772c19b4b18dba)",onnx-mlir-llvm,true,,63,5,511466,0.0,0.0,a9457dbdebb57768f77702c7e7f57c39f514a58ff4bf637eb7a08ebc6ad3f1ce,7a1fa3692860bbc6cf5fd667a1b0820e429bd4f454d32c2c3aa4fce0da5faa12,true,20270984
mm-square-256,2fa842e74a5cfcbf59217c4e1d85f7cf2fd11e09dc5ef429f8510965e0835d00,matmul,ONNX-MLIR LLVM,"onnx-mlir version 0.4.2, onnx version 1.21.0 (https://github.com/onnx/onnx-mlir.git 4a13c34aa695b228599d637cdb772c19b4b18dba)",onnx-mlir-llvm,true,,64,5,505166,0.0,0.0,a9457dbdebb57768f77702c7e7f57c39f514a58ff4bf637eb7a08ebc6ad3f1ce,7a1fa3692860bbc6cf5fd667a1b0820e429bd4f454d32c2c3aa4fce0da5faa12,true,20270985
mm-square-256,2fa842e74a5cfcbf59217c4e1d85f7cf2fd11e09dc5ef429f8510965e0835d00,matmul,ONNX-MLIR LLVM,"onnx-mlir version 0.4.2, onnx version 1.21.0 (https://github.com/onnx/onnx-mlir.git 4a13c34aa695b228599d637cdb772c19b4b18dba)",onnx-mlir-llvm,true,,65,5,500491,0.0,0.0,a9457dbdebb57768f77702c7e7f57c39f514a58ff4bf637eb7a08ebc6ad3f1ce,7a1fa3692860bbc6cf5fd667a1b0820e429bd4f454d32c2c3aa4fce0da5faa12,true,20270986
mm-square-256,2fa842e74a5cfcbf59217c4e1d85f7cf2fd11e09dc5ef429f8510965e0835d00,matmul,ONNX-MLIR LLVM,"onnx-mlir version 0.4.2, onnx version 1.21.0 (https://github.com/onnx/onnx-mlir.git 4a13c34aa695b228599d637cdb772c19b4b18dba)",onnx-mlir-llvm,true,,66,5,507208,0.0,0.0,a9457dbdebb57768f77702c7e7f57c39f514a58ff4bf637eb7a08ebc6ad3f1ce,7a1fa3692860bbc6cf5fd667a1b0820e429bd4f454d32c2c3aa4fce0da5faa12,true,20270987
mm-square-256,2fa842e74a5cfcbf59217c4e1d85f7cf2fd11e09dc5ef429f8510965e0835d00,matmul,ONNX-MLIR LLVM,"onnx-mlir version 0.4.2, onnx version 1.21.0 (https://github.com/onnx/onnx-mlir.git 4a13c34aa695b228599d637cdb772c19b4b18dba)",onnx-mlir-llvm,true,,67,5,505533,0.0,0.0,a9457dbdebb57768f77702c7e7f57c39f514a58ff4bf637eb7a08ebc6ad3f1ce,7a1fa3692860bbc6cf5fd667a1b0820e429bd4f454d32c2c3aa4fce0da5faa12,true,20270988
mm-square-256,2fa842e74a5cfcbf59217c4e1d85f7cf2fd11e09dc5ef429f8510965e0835d00,matmul,ONNX-MLIR LLVM,"onnx-mlir version 0.4.2, onnx version 1.21.0 (https://github.com/onnx/onnx-mlir.git 4a13c34aa695b228599d637cdb772c19b4b18dba)",onnx-mlir-llvm,true,,68,5,504508,0.0,0.0,a9457dbdebb57768f77702c7e7f57c39f514a58ff4bf637eb7a08ebc6ad3f1ce,7a1fa3692860bbc6cf5fd667a1b0820e429bd4f454d32c2c3aa4fce0da5faa12,true,20270989
mm-square-256,2fa842e74a5cfcbf59217c4e1d85f7cf2fd11e09dc5ef429f8510965e0835d00,matmul,ONNX-MLIR LLVM,"onnx-mlir version 0.4.2, onnx version 1.21.0 (https://github.com/onnx/onnx-mlir.git 4a13c34aa695b228599d637cdb772c19b4b18dba)",onnx-mlir-llvm,true,,69,5,501183,0.0,0.0,a9457dbdebb57768f77702c7e7f57c39f514a58ff4bf637eb7a08ebc6ad3f1ce,7a1fa3692860bbc6cf5fd667a1b0820e429bd4f454d32c2c3aa4fce0da5faa12,true,20270990
mm-square-256,2fa842e74a5cfcbf59217c4e1d85f7cf2fd11e09dc5ef429f8510965e0835d00,matmul,ONNX-MLIR LLVM,"onnx-mlir version 0.4.2, onnx version 1.21.0 (https://github.com/onnx/onnx-mlir.git 4a13c34aa695b228599d637cdb772c19b4b18dba)",onnx-mlir-llvm,true,,70,5,504283,0.0,0.0,a9457dbdebb57768f77702c7e7f57c39f514a58ff4bf637eb7a08ebc6ad3f1ce,7a1fa3692860bbc6cf5fd667a1b0820e429bd4f454d32c2c3aa4fce0da5faa12,true,20270991
mm-square-256,2fa842e74a5cfcbf59217c4e1d85f7cf2fd11e09dc5ef429f8510965e0835d00,matmul,ONNX-MLIR LLVM,"onnx-mlir version 0.4.2, onnx version 1.21.0 (https://github.com/onnx/onnx-mlir.git 4a13c34aa695b228599d637cdb772c19b4b18dba)",onnx-mlir-llvm,true,,71,5,502066,0.0,0.0,a9457dbdebb57768f77702c7e7f57c39f514a58ff4bf637eb7a08ebc6ad3f1ce,7a1fa3692860bbc6cf5fd667a1b0820e429bd4f454d32c2c3aa4fce0da5faa12,true,20270992
mm-square-256,2fa842e74a5cfcbf59217c4e1d85f7cf2fd11e09dc5ef429f8510965e0835d00,matmul,ONNX-MLIR LLVM,"onnx-mlir version 0.4.2, onnx version 1.21.0 (https://github.com/onnx/onnx-mlir.git 4a13c34aa695b228599d637cdb772c19b4b18dba)",onnx-mlir-llvm,true,,72,5,501733,0.0,0.0,a9457dbdebb57768f77702c7e7f57c39f514a58ff4bf637eb7a08ebc6ad3f1ce,7a1fa3692860bbc6cf5fd667a1b0820e429bd4f454d32c2c3aa4fce0da5faa12,true,20270993
mm-square-256,2fa842e74a5cfcbf59217c4e1d85f7cf2fd11e09dc5ef429f8510965e0835d00,matmul,ONNX-MLIR LLVM,"onnx-mlir version 0.4.2, onnx version 1.21.0 (https://github.com/onnx/onnx-mlir.git 4a13c34aa695b228599d637cdb772c19b4b18dba)",onnx-mlir-llvm,true,,73,5,513566,0.0,0.0,a9457dbdebb57768f77702c7e7f57c39f514a58ff4bf637eb7a08ebc6ad3f1ce,7a1fa3692860bbc6cf5fd667a1b0820e429bd4f454d32c2c3aa4fce0da5faa12,true,20270994
mm-square-256,2fa842e74a5cfcbf59217c4e1d85f7cf2fd11e09dc5ef429f8510965e0835d00,matmul,ONNX-MLIR LLVM,"onnx-mlir version 0.4.2, onnx version 1.21.0 (https://github.com/onnx/onnx-mlir.git 4a13c34aa695b228599d637cdb772c19b4b18dba)",onnx-mlir-llvm,true,,74,5,512416,0.0,0.0,a9457dbdebb57768f77702c7e7f57c39f514a58ff4bf637eb7a08ebc6ad3f1ce,7a1fa3692860bbc6cf5fd667a1b0820e429bd4f454d32c2c3aa4fce0da5faa12,true,20270995
mm-square-256,2fa842e74a5cfcbf59217c4e1d85f7cf2fd11e09dc5ef429f8510965e0835d00,matmul,ONNX-MLIR LLVM,"onnx-mlir version 0.4.2, onnx version 1.21.0 (https://github.com/onnx/onnx-mlir.git 4a13c34aa695b228599d637cdb772c19b4b18dba)",onnx-mlir-llvm,true,,75,5,513116,0.0,0.0,a9457dbdebb57768f77702c7e7f57c39f514a58ff4bf637eb7a08ebc6ad3f1ce,7a1fa3692860bbc6cf5fd667a1b0820e429bd4f454d32c2c3aa4fce0da5faa12,true,20270996
mm-square-256,2fa842e74a5cfcbf59217c4e1d85f7cf2fd11e09dc5ef429f8510965e0835d00,matmul,ONNX-MLIR LLVM,"onnx-mlir version 0.4.2, onnx version 1.21.0 (https://github.com/onnx/onnx-mlir.git 4a13c34aa695b228599d637cdb772c19b4b18dba)",onnx-mlir-llvm,true,,76,5,510966,0.0,0.0,a9457dbdebb57768f77702c7e7f57c39f514a58ff4bf637eb7a08ebc6ad3f1ce,7a1fa3692860bbc6cf5fd667a1b0820e429bd4f454d32c2c3aa4fce0da5faa12,true,20270997
mm-square-256,2fa842e74a5cfcbf59217c4e1d85f7cf2fd11e09dc5ef429f8510965e0835d00,matmul,ONNX-MLIR LLVM,"onnx-mlir version 0.4.2, onnx version 1.21.0 (https://github.com/onnx/onnx-mlir.git 4a13c34aa695b228599d637cdb772c19b4b18dba)",onnx-mlir-llvm,true,,77,5,512141,0.0,0.0,a9457dbdebb57768f77702c7e7f57c39f514a58ff4bf637eb7a08ebc6ad3f1ce,7a1fa3692860bbc6cf5fd667a1b0820e429bd4f454d32c2c3aa4fce0da5faa12,true,20270998
mm-square-256,2fa842e74a5cfcbf59217c4e1d85f7cf2fd11e09dc5ef429f8510965e0835d00,matmul,ONNX-MLIR LLVM,"onnx-mlir version 0.4.2, onnx version 1.21.0 (https://github.com/onnx/onnx-mlir.git 4a13c34aa695b228599d637cdb772c19b4b18dba)",onnx-mlir-llvm,true,,78,5,504283,0.0,0.0,a9457dbdebb57768f77702c7e7f57c39f514a58ff4bf637eb7a08ebc6ad3f1ce,7a1fa3692860bbc6cf5fd667a1b0820e429bd4f454d32c2c3aa4fce0da5faa12,true,20270999
mm-square-256,2fa842e74a5cfcbf59217c4e1d85f7cf2fd11e09dc5ef429f8510965e0835d00,matmul,ONNX-MLIR LLVM,"onnx-mlir version 0.4.2, onnx version 1.21.0 (https://github.com/onnx/onnx-mlir.git 4a13c34aa695b228599d637cdb772c19b4b18dba)",onnx-mlir-llvm,true,,79,5,510591,0.0,0.0,a9457dbdebb57768f77702c7e7f57c39f514a58ff4bf637eb7a08ebc6ad3f1ce,7a1fa3692860bbc6cf5fd667a1b0820e429bd4f454d32c2c3aa4fce0da5faa12,true,20271000
mm-square-256,2fa842e74a5cfcbf59217c4e1d85f7cf2fd11e09dc5ef429f8510965e0835d00,matmul,ONNX-MLIR LLVM,"onnx-mlir version 0.4.2, onnx version 1.21.0 (https://github.com/onnx/onnx-mlir.git 4a13c34aa695b228599d637cdb772c19b4b18dba)",onnx-mlir-llvm,true,,80,5,506216,0.0,0.0,a9457dbdebb57768f77702c7e7f57c39f514a58ff4bf637eb7a08ebc6ad3f1ce,7a1fa3692860bbc6cf5fd667a1b0820e429bd4f454d32c2c3aa4fce0da5faa12,true,20271001
mm-square-256,2fa842e74a5cfcbf59217c4e1d85f7cf2fd11e09dc5ef429f8510965e0835d00,matmul,ONNX-MLIR LLVM,"onnx-mlir version 0.4.2, onnx version 1.21.0 (https://github.com/onnx/onnx-mlir.git 4a13c34aa695b228599d637cdb772c19b4b18dba)",onnx-mlir-llvm,true,,81,5,502133,0.0,0.0,a9457dbdebb57768f77702c7e7f57c39f514a58ff4bf637eb7a08ebc6ad3f1ce,7a1fa3692860bbc6cf5fd667a1b0820e429bd4f454d32c2c3aa4fce0da5faa12,true,20271002
mm-square-256,2fa842e74a5cfcbf59217c4e1d85f7cf2fd11e09dc5ef429f8510965e0835d00,matmul,ONNX-MLIR LLVM,"onnx-mlir version 0.4.2, onnx version 1.21.0 (https://github.com/onnx/onnx-mlir.git 4a13c34aa695b228599d637cdb772c19b4b18dba)",onnx-mlir-llvm,true,,82,5,499916,0.0,0.0,a9457dbdebb57768f77702c7e7f57c39f514a58ff4bf637eb7a08ebc6ad3f1ce,7a1fa3692860bbc6cf5fd667a1b0820e429bd4f454d32c2c3aa4fce0da5faa12,true,20271003
mm-square-256,2fa842e74a5cfcbf59217c4e1d85f7cf2fd11e09dc5ef429f8510965e0835d00,matmul,ONNX-MLIR LLVM,"onnx-mlir version 0.4.2, onnx version 1.21.0 (https://github.com/onnx/onnx-mlir.git 4a13c34aa695b228599d637cdb772c19b4b18dba)",onnx-mlir-llvm,true,,83,5,505266,0.0,0.0,a9457dbdebb57768f77702c7e7f57c39f514a58ff4bf637eb7a08ebc6ad3f1ce,7a1fa3692860bbc6cf5fd667a1b0820e429bd4f454d32c2c3aa4fce0da5faa12,true,20271004
mm-square-256,2fa842e74a5cfcbf59217c4e1d85f7cf2fd11e09dc5ef429f8510965e0835d00,matmul,ONNX-MLIR LLVM,"onnx-mlir version 0.4.2, onnx version 1.21.0 (https://github.com/onnx/onnx-mlir.git 4a13c34aa695b228599d637cdb772c19b4b18dba)",onnx-mlir-llvm,true,,84,5,500158,0.0,0.0,a9457dbdebb57768f77702c7e7f57c39f514a58ff4bf637eb7a08ebc6ad3f1ce,7a1fa3692860bbc6cf5fd667a1b0820e429bd4f454d32c2c3aa4fce0da5faa12,true,20271005
mm-square-256,2fa842e74a5cfcbf59217c4e1d85f7cf2fd11e09dc5ef429f8510965e0835d00,matmul,ONNX-MLIR LLVM,"onnx-mlir version 0.4.2, onnx version 1.21.0 (https://github.com/onnx/onnx-mlir.git 4a13c34aa695b228599d637cdb772c19b4b18dba)",onnx-mlir-llvm,true,,85,5,501508,0.0,0.0,a9457dbdebb57768f77702c7e7f57c39f514a58ff4bf637eb7a08ebc6ad3f1ce,7a1fa3692860bbc6cf5fd667a1b0820e429bd4f454d32c2c3aa4fce0da5faa12,true,20271006
mm-square-256,2fa842e74a5cfcbf59217c4e1d85f7cf2fd11e09dc5ef429f8510965e0835d00,matmul,ONNX-MLIR LLVM,"onnx-mlir version 0.4.2, onnx version 1.21.0 (https://github.com/onnx/onnx-mlir.git 4a13c34aa695b228599d637cdb772c19b4b18dba)",onnx-mlir-llvm,true,,86,5,501608,0.0,0.0,a9457dbdebb57768f77702c7e7f57c39f514a58ff4bf637eb7a08ebc6ad3f1ce,7a1fa3692860bbc6cf5fd667a1b0820e429bd4f454d32c2c3aa4fce0da5faa12,true,20271007
mm-square-256,2fa842e74a5cfcbf59217c4e1d85f7cf2fd11e09dc5ef429f8510965e0835d00,matmul,ONNX-MLIR LLVM,"onnx-mlir version 0.4.2, onnx version 1.21.0 (https://github.com/onnx/onnx-mlir.git 4a13c34aa695b228599d637cdb772c19b4b18dba)",onnx-mlir-llvm,true,,87,5,501841,0.0,0.0,a9457dbdebb57768f77702c7e7f57c39f514a58ff4bf637eb7a08ebc6ad3f1ce,7a1fa3692860bbc6cf5fd667a1b0820e429bd4f454d32c2c3aa4fce0da5faa12,true,20271008
mm-square-256,2fa842e74a5cfcbf59217c4e1d85f7cf2fd11e09dc5ef429f8510965e0835d00,matmul,ONNX-MLIR LLVM,"onnx-mlir version 0.4.2, onnx version 1.21.0 (https://github.com/onnx/onnx-mlir.git 4a13c34aa695b228599d637cdb772c19b4b18dba)",onnx-mlir-llvm,true,,88,5,506000,0.0,0.0,a9457dbdebb57768f77702c7e7f57c39f514a58ff4bf637eb7a08ebc6ad3f1ce,7a1fa3692860bbc6cf5fd667a1b0820e429bd4f454d32c2c3aa4fce0da5faa12,true,20271009
mm-square-256,2fa842e74a5cfcbf59217c4e1d85f7cf2fd11e09dc5ef429f8510965e0835d00,matmul,ONNX-MLIR LLVM,"onnx-mlir version 0.4.2, onnx version 1.21.0 (https://github.com/onnx/onnx-mlir.git 4a13c34aa695b228599d637cdb772c19b4b18dba)",onnx-mlir-llvm,true,,89,5,506708,0.0,0.0,a9457dbdebb57768f77702c7e7f57c39f514a58ff4bf637eb7a08ebc6ad3f1ce,7a1fa3692860bbc6cf5fd667a1b0820e429bd4f454d32c2c3aa4fce0da5faa12,true,20271010
mm-square-256,2fa842e74a5cfcbf59217c4e1d85f7cf2fd11e09dc5ef429f8510965e0835d00,matmul,ONNX-MLIR LLVM,"onnx-mlir version 0.4.2, onnx version 1.21.0 (https://github.com/onnx/onnx-mlir.git 4a13c34aa695b228599d637cdb772c19b4b18dba)",onnx-mlir-llvm,true,,90,5,508550,0.0,0.0,a9457dbdebb57768f77702c7e7f57c39f514a58ff4bf637eb7a08ebc6ad3f1ce,7a1fa3692860bbc6cf5fd667a1b0820e429bd4f454d32c2c3aa4fce0da5faa12,true,20271011
mm-square-256,2fa842e74a5cfcbf59217c4e1d85f7cf2fd11e09dc5ef429f8510965e0835d00,matmul,ONNX-MLIR LLVM,"onnx-mlir version 0.4.2, onnx version 1.21.0 (https://github.com/onnx/onnx-mlir.git 4a13c34aa695b228599d637cdb772c19b4b18dba)",onnx-mlir-llvm,true,,91,5,501325,0.0,0.0,a9457dbdebb57768f77702c7e7f57c39f514a58ff4bf637eb7a08ebc6ad3f1ce,7a1fa3692860bbc6cf5fd667a1b0820e429bd4f454d32c2c3aa4fce0da5faa12,true,20271012
mm-square-256,2fa842e74a5cfcbf59217c4e1d85f7cf2fd11e09dc5ef429f8510965e0835d00,matmul,ONNX-MLIR LLVM,"onnx-mlir version 0.4.2, onnx version 1.21.0 (https://github.com/onnx/onnx-mlir.git 4a13c34aa695b228599d637cdb772c19b4b18dba)",onnx-mlir-llvm,true,,92,5,508650,0.0,0.0,a9457dbdebb57768f77702c7e7f57c39f514a58ff4bf637eb7a08ebc6ad3f1ce,7a1fa3692860bbc6cf5fd667a1b0820e429bd4f454d32c2c3aa4fce0da5faa12,true,20271013
mm-square-256,2fa842e74a5cfcbf59217c4e1d85f7cf2fd11e09dc5ef429f8510965e0835d00,matmul,ONNX-MLIR LLVM,"onnx-mlir version 0.4.2, onnx version 1.21.0 (https://github.com/onnx/onnx-mlir.git 4a13c34aa695b228599d637cdb772c19b4b18dba)",onnx-mlir-llvm,true,,93,5,522291,0.0,0.0,a9457dbdebb57768f77702c7e7f57c39f514a58ff4bf637eb7a08ebc6ad3f1ce,7a1fa3692860bbc6cf5fd667a1b0820e429bd4f454d32c2c3aa4fce0da5faa12,true,20271014
mm-square-256,2fa842e74a5cfcbf59217c4e1d85f7cf2fd11e09dc5ef429f8510965e0835d00,matmul,ONNX-MLIR LLVM,"onnx-mlir version 0.4.2, onnx version 1.21.0 (https://github.com/onnx/onnx-mlir.git 4a13c34aa695b228599d637cdb772c19b4b18dba)",onnx-mlir-llvm,true,,94,5,506616,0.0,0.0,a9457dbdebb57768f77702c7e7f57c39f514a58ff4bf637eb7a08ebc6ad3f1ce,7a1fa3692860bbc6cf5fd667a1b0820e429bd4f454d32c2c3aa4fce0da5faa12,true,20271015
mm-square-256,2fa842e74a5cfcbf59217c4e1d85f7cf2fd11e09dc5ef429f8510965e0835d00,matmul,ONNX-MLIR LLVM,"onnx-mlir version 0.4.2, onnx version 1.21.0 (https://github.com/onnx/onnx-mlir.git 4a13c34aa695b228599d637cdb772c19b4b18dba)",onnx-mlir-llvm,true,,95,5,506491,0.0,0.0,a9457dbdebb57768f77702c7e7f57c39f514a58ff4bf637eb7a08ebc6ad3f1ce,7a1fa3692860bbc6cf5fd667a1b0820e429bd4f454d32c2c3aa4fce0da5faa12,true,20271016
mm-square-256,2fa842e74a5cfcbf59217c4e1d85f7cf2fd11e09dc5ef429f8510965e0835d00,matmul,ONNX-MLIR LLVM,"onnx-mlir version 0.4.2, onnx version 1.21.0 (https://github.com/onnx/onnx-mlir.git 4a13c34aa695b228599d637cdb772c19b4b18dba)",onnx-mlir-llvm,true,,96,5,507575,0.0,0.0,a9457dbdebb57768f77702c7e7f57c39f514a58ff4bf637eb7a08ebc6ad3f1ce,7a1fa3692860bbc6cf5fd667a1b0820e429bd4f454d32c2c3aa4fce0da5faa12,true,20271017
mm-square-256,2fa842e74a5cfcbf59217c4e1d85f7cf2fd11e09dc5ef429f8510965e0835d00,matmul,ONNX-MLIR LLVM,"onnx-mlir version 0.4.2, onnx version 1.21.0 (https://github.com/onnx/onnx-mlir.git 4a13c34aa695b228599d637cdb772c19b4b18dba)",onnx-mlir-llvm,true,,97,5,506708,0.0,0.0,a9457dbdebb57768f77702c7e7f57c39f514a58ff4bf637eb7a08ebc6ad3f1ce,7a1fa3692860bbc6cf5fd667a1b0820e429bd4f454d32c2c3aa4fce0da5faa12,true,20271018
mm-square-256,2fa842e74a5cfcbf59217c4e1d85f7cf2fd11e09dc5ef429f8510965e0835d00,matmul,ONNX-MLIR LLVM,"onnx-mlir version 0.4.2, onnx version 1.21.0 (https://github.com/onnx/onnx-mlir.git 4a13c34aa695b228599d637cdb772c19b4b18dba)",onnx-mlir-llvm,true,,98,5,503816,0.0,0.0,a9457dbdebb57768f77702c7e7f57c39f514a58ff4bf637eb7a08ebc6ad3f1ce,7a1fa3692860bbc6cf5fd667a1b0820e429bd4f454d32c2c3aa4fce0da5faa12,true,20271019
mm-square-256,2fa842e74a5cfcbf59217c4e1d85f7cf2fd11e09dc5ef429f8510965e0835d00,matmul,ONNX-MLIR LLVM,"onnx-mlir version 0.4.2, onnx version 1.21.0 (https://github.com/onnx/onnx-mlir.git 4a13c34aa695b228599d637cdb772c19b4b18dba)",onnx-mlir-llvm,true,,99,5,509625,0.0,0.0,a9457dbdebb57768f77702c7e7f57c39f514a58ff4bf637eb7a08ebc6ad3f1ce,7a1fa3692860bbc6cf5fd667a1b0820e429bd4f454d32c2c3aa4fce0da5faa12,true,20271020
conv-strided,2fa842e74a5cfcbf59217c4e1d85f7cf2fd11e09dc5ef429f8510965e0835d00,convolution,ONNX-MLIR LLVM,"onnx-mlir version 0.4.2, onnx version 1.21.0 (https://github.com/onnx/onnx-mlir.git 4a13c34aa695b228599d637cdb772c19b4b18dba)",onnx-mlir-llvm,true,,0,1,7156042,1.6689300537109375e-06,0.007803691914887167,28b184a7f782c6b17e7ecd32c25cc3de9d3e4ab9f78c4f8ecc3e7a708b478775,1d0c2d355235f8b1393c28f44c4df419e87bc8b90ded2926046a242af24aae5b,true,20270921
conv-strided,2fa842e74a5cfcbf59217c4e1d85f7cf2fd11e09dc5ef429f8510965e0835d00,convolution,ONNX-MLIR LLVM,"onnx-mlir version 0.4.2, onnx version 1.21.0 (https://github.com/onnx/onnx-mlir.git 4a13c34aa695b228599d637cdb772c19b4b18dba)",onnx-mlir-llvm,true,,1,1,7138458,1.6689300537109375e-06,0.007803691914887167,28b184a7f782c6b17e7ecd32c25cc3de9d3e4ab9f78c4f8ecc3e7a708b478775,1d0c2d355235f8b1393c28f44c4df419e87bc8b90ded2926046a242af24aae5b,true,20270922
conv-strided,2fa842e74a5cfcbf59217c4e1d85f7cf2fd11e09dc5ef429f8510965e0835d00,convolution,ONNX-MLIR LLVM,"onnx-mlir version 0.4.2, onnx version 1.21.0 (https://github.com/onnx/onnx-mlir.git 4a13c34aa695b228599d637cdb772c19b4b18dba)",onnx-mlir-llvm,true,,2,1,7164708,1.6689300537109375e-06,0.007803691914887167,28b184a7f782c6b17e7ecd32c25cc3de9d3e4ab9f78c4f8ecc3e7a708b478775,1d0c2d355235f8b1393c28f44c4df419e87bc8b90ded2926046a242af24aae5b,true,20270923
conv-strided,2fa842e74a5cfcbf59217c4e1d85f7cf2fd11e09dc5ef429f8510965e0835d00,convolution,ONNX-MLIR LLVM,"onnx-mlir version 0.4.2, onnx version 1.21.0 (https://github.com/onnx/onnx-mlir.git 4a13c34aa695b228599d637cdb772c19b4b18dba)",onnx-mlir-llvm,true,,3,1,7272334,1.6689300537109375e-06,0.007803691914887167,28b184a7f782c6b17e7ecd32c25cc3de9d3e4ab9f78c4f8ecc3e7a708b478775,1d0c2d355235f8b1393c28f44c4df419e87bc8b90ded2926046a242af24aae5b,true,20270924
conv-strided,2fa842e74a5cfcbf59217c4e1d85f7cf2fd11e09dc5ef429f8510965e0835d00,convolution,ONNX-MLIR LLVM,"onnx-mlir version 0.4.2, onnx version 1.21.0 (https://github.com/onnx/onnx-mlir.git 4a13c34aa695b228599d637cdb772c19b4b18dba)",onnx-mlir-llvm,true,,4,1,7283083,1.6689300537109375e-06,0.007803691914887167,28b184a7f782c6b17e7ecd32c25cc3de9d3e4ab9f78c4f8ecc3e7a708b478775,1d0c2d355235f8b1393c28f44c4df419e87bc8b90ded2926046a242af24aae5b,true,20270925
conv-strided,2fa842e74a5cfcbf59217c4e1d85f7cf2fd11e09dc5ef429f8510965e0835d00,convolution,ONNX-MLIR LLVM,"onnx-mlir version 0.4.2, onnx version 1.21.0 (https://github.com/onnx/onnx-mlir.git 4a13c34aa695b228599d637cdb772c19b4b18dba)",onnx-mlir-llvm,true,,5,1,7178333,1.6689300537109375e-06,0.007803691914887167,28b184a7f782c6b17e7ecd32c25cc3de9d3e4ab9f78c4f8ecc3e7a708b478775,1d0c2d355235f8b1393c28f44c4df419e87bc8b90ded2926046a242af24aae5b,true,20270926
conv-strided,2fa842e74a5cfcbf59217c4e1d85f7cf2fd11e09dc5ef429f8510965e0835d00,convolution,ONNX-MLIR LLVM,"onnx-mlir version 0.4.2, onnx version 1.21.0 (https://github.com/onnx/onnx-mlir.git 4a13c34aa695b228599d637cdb772c19b4b18dba)",onnx-mlir-llvm,true,,6,1,7072000,1.6689300537109375e-06,0.007803691914887167,28b184a7f782c6b17e7ecd32c25cc3de9d3e4ab9f78c4f8ecc3e7a708b478775,1d0c2d355235f8b1393c28f44c4df419e87bc8b90ded2926046a242af24aae5b,true,20270927
conv-strided,2fa842e74a5cfcbf59217c4e1d85f7cf2fd11e09dc5ef429f8510965e0835d00,convolution,ONNX-MLIR LLVM,"onnx-mlir version 0.4.2, onnx version 1.21.0 (https://github.com/onnx/onnx-mlir.git 4a13c34aa695b228599d637cdb772c19b4b18dba)",onnx-mlir-llvm,true,,7,1,7030375,1.6689300537109375e-06,0.007803691914887167,28b184a7f782c6b17e7ecd32c25cc3de9d3e4ab9f78c4f8ecc3e7a708b478775,1d0c2d355235f8b1393c28f44c4df419e87bc8b90ded2926046a242af24aae5b,true,20270928
conv-strided,2fa842e74a5cfcbf59217c4e1d85f7cf2fd11e09dc5ef429f8510965e0835d00,convolution,ONNX-MLIR LLVM,"onnx-mlir version 0.4.2, onnx version 1.21.0 (https://github.com/onnx/onnx-mlir.git 4a13c34aa695b228599d637cdb772c19b4b18dba)",onnx-mlir-llvm,true,,8,1,7078500,1.6689300537109375e-06,0.007803691914887167,28b184a7f782c6b17e7ecd32c25cc3de9d3e4ab9f78c4f8ecc3e7a708b478775,1d0c2d355235f8b1393c28f44c4df419e87bc8b90ded2926046a242af24aae5b,true,20270929
conv-strided,2fa842e74a5cfcbf59217c4e1d85f7cf2fd11e09dc5ef429f8510965e0835d00,convolution,ONNX-MLIR LLVM,"onnx-mlir version 0.4.2, onnx version 1.21.0 (https://github.com/onnx/onnx-mlir.git 4a13c34aa695b228599d637cdb772c19b4b18dba)",onnx-mlir-llvm,true,,9,1,7179458,1.6689300537109375e-06,0.007803691914887167,28b184a7f782c6b17e7ecd32c25cc3de9d3e4ab9f78c4f8ecc3e7a708b478775,1d0c2d355235f8b1393c28f44c4df419e87bc8b90ded2926046a242af24aae5b,true,20270930
conv-strided,2fa842e74a5cfcbf59217c4e1d85f7cf2fd11e09dc5ef429f8510965e0835d00,convolution,ONNX-MLIR LLVM,"onnx-mlir version 0.4.2, onnx version 1.21.0 (https://github.com/onnx/onnx-mlir.git 4a13c34aa695b228599d637cdb772c19b4b18dba)",onnx-mlir-llvm,true,,10,1,7134084,1.6689300537109375e-06,0.007803691914887167,28b184a7f782c6b17e7ecd32c25cc3de9d3e4ab9f78c4f8ecc3e7a708b478775,1d0c2d355235f8b1393c28f44c4df419e87bc8b90ded2926046a242af24aae5b,true,20270931
conv-strided,2fa842e74a5cfcbf59217c4e1d85f7cf2fd11e09dc5ef429f8510965e0835d00,convolution,ONNX-MLIR LLVM,"onnx-mlir version 0.4.2, onnx version 1.21.0 (https://github.com/onnx/onnx-mlir.git 4a13c34aa695b228599d637cdb772c19b4b18dba)",onnx-mlir-llvm,true,,11,1,7188625,1.6689300537109375e-06,0.007803691914887167,28b184a7f782c6b17e7ecd32c25cc3de9d3e4ab9f78c4f8ecc3e7a708b478775,1d0c2d355235f8b1393c28f44c4df419e87bc8b90ded2926046a242af24aae5b,true,20270932
conv-strided,2fa842e74a5cfcbf59217c4e1d85f7cf2fd11e09dc5ef429f8510965e0835d00,convolution,ONNX-MLIR LLVM,"onnx-mlir version 0.4.2, onnx version 1.21.0 (https://github.com/onnx/onnx-mlir.git 4a13c34aa695b228599d637cdb772c19b4b18dba)",onnx-mlir-llvm,true,,12,1,7126958,1.6689300537109375e-06,0.007803691914887167,28b184a7f782c6b17e7ecd32c25cc3de9d3e4ab9f78c4f8ecc3e7a708b478775,1d0c2d355235f8b1393c28f44c4df419e87bc8b90ded2926046a242af24aae5b,true,20270933
conv-strided,2fa842e74a5cfcbf59217c4e1d85f7cf2fd11e09dc5ef429f8510965e0835d00,convolution,ONNX-MLIR LLVM,"onnx-mlir version 0.4.2, onnx version 1.21.0 (https://github.com/onnx/onnx-mlir.git 4a13c34aa695b228599d637cdb772c19b4b18dba)",onnx-mlir-llvm,true,,13,1,7133625,1.6689300537109375e-06,0.007803691914887167,28b184a7f782c6b17e7ecd32c25cc3de9d3e4ab9f78c4f8ecc3e7a708b478775,1d0c2d355235f8b1393c28f44c4df419e87bc8b90ded2926046a242af24aae5b,true,20270934
conv-strided,2fa842e74a5cfcbf59217c4e1d85f7cf2fd11e09dc5ef429f8510965e0835d00,convolution,ONNX-MLIR LLVM,"onnx-mlir version 0.4.2, onnx version 1.21.0 (https://github.com/onnx/onnx-mlir.git 4a13c34aa695b228599d637cdb772c19b4b18dba)",onnx-mlir-llvm,true,,14,1,7102333,1.6689300537109375e-06,0.007803691914887167,28b184a7f782c6b17e7ecd32c25cc3de9d3e4ab9f78c4f8ecc3e7a708b478775,1d0c2d355235f8b1393c28f44c4df419e87bc8b90ded2926046a242af24aae5b,true,20270935
conv-strided,2fa842e74a5cfcbf59217c4e1d85f7cf2fd11e09dc5ef429f8510965e0835d00,convolution,ONNX-MLIR LLVM,"onnx-mlir version 0.4.2, onnx version 1.21.0 (https://github.com/onnx/onnx-mlir.git 4a13c34aa695b228599d637cdb772c19b4b18dba)",onnx-mlir-llvm,true,,15,1,7094375,1.6689300537109375e-06,0.007803691914887167,28b184a7f782c6b17e7ecd32c25cc3de9d3e4ab9f78c4f8ecc3e7a708b478775,1d0c2d355235f8b1393c28f44c4df419e87bc8b90ded2926046a242af24aae5b,true,20270936
conv-strided,2fa842e74a5cfcbf59217c4e1d85f7cf2fd11e09dc5ef429f8510965e0835d00,convolution,ONNX-MLIR LLVM,"onnx-mlir version 0.4.2, onnx version 1.21.0 (https://github.com/onnx/onnx-mlir.git 4a13c34aa695b228599d637cdb772c19b4b18dba)",onnx-mlir-llvm,true,,16,1,7177500,1.6689300537109375e-06,0.007803691914887167,28b184a7f782c6b17e7ecd32c25cc3de9d3e4ab9f78c4f8ecc3e7a708b478775,1d0c2d355235f8b1393c28f44c4df419e87bc8b90ded2926046a242af24aae5b,true,20270937
conv-strided,2fa842e74a5cfcbf59217c4e1d85f7cf2fd11e09dc5ef429f8510965e0835d00,convolution,ONNX-MLIR LLVM,"onnx-mlir version 0.4.2, onnx version 1.21.0 (https://github.com/onnx/onnx-mlir.git 4a13c34aa695b228599d637cdb772c19b4b18dba)",onnx-mlir-llvm,true,,17,1,7068709,1.6689300537109375e-06,0.007803691914887167,28b184a7f782c6b17e7ecd32c25cc3de9d3e4ab9f78c4f8ecc3e7a708b478775,1d0c2d355235f8b1393c28f44c4df419e87bc8b90ded2926046a242af24aae5b,true,20270938
conv-strided,2fa842e74a5cfcbf59217c4e1d85f7cf2fd11e09dc5ef429f8510965e0835d00,convolution,ONNX-MLIR LLVM,"onnx-mlir version 0.4.2, onnx version 1.21.0 (https://github.com/onnx/onnx-mlir.git 4a13c34aa695b228599d637cdb772c19b4b18dba)",onnx-mlir-llvm,true,,18,1,7065750,1.6689300537109375e-06,0.007803691914887167,28b184a7f782c6b17e7ecd32c25cc3de9d3e4ab9f78c4f8ecc3e7a708b478775,1d0c2d355235f8b1393c28f44c4df419e87bc8b90ded2926046a242af24aae5b,true,20270939
conv-strided,2fa842e74a5cfcbf59217c4e1d85f7cf2fd11e09dc5ef429f8510965e0835d00,convolution,ONNX-MLIR LLVM,"onnx-mlir version 0.4.2, onnx version 1.21.0 (https://github.com/onnx/onnx-mlir.git 4a13c34aa695b228599d637cdb772c19b4b18dba)",onnx-mlir-llvm,true,,19,1,7087042,1.6689300537109375e-06,0.007803691914887167,28b184a7f782c6b17e7ecd32c25cc3de9d3e4ab9f78c4f8ecc3e7a708b478775,1d0c2d355235f8b1393c28f44c4df419e87bc8b90ded2926046a242af24aae5b,true,20270940
conv-strided,2fa842e74a5cfcbf59217c4e1d85f7cf2fd11e09dc5ef429f8510965e0835d00,convolution,ONNX-MLIR LLVM,"onnx-mlir version 0.4.2, onnx version 1.21.0 (https://github.com/onnx/onnx-mlir.git 4a13c34aa695b228599d637cdb772c19b4b18dba)",onnx-mlir-llvm,true,,20,1,7059417,1.6689300537109375e-06,0.007803691914887167,28b184a7f782c6b17e7ecd32c25cc3de9d3e4ab9f78c4f8ecc3e7a708b478775,1d0c2d355235f8b1393c28f44c4df419e87bc8b90ded2926046a242af24aae5b,true,20270941
conv-strided,2fa842e74a5cfcbf59217c4e1d85f7cf2fd11e09dc5ef429f8510965e0835d00,convolution,ONNX-MLIR LLVM,"onnx-mlir version 0.4.2, onnx version 1.21.0 (https://github.com/onnx/onnx-mlir.git 4a13c34aa695b228599d637cdb772c19b4b18dba)",onnx-mlir-llvm,true,,21,1,7046791,1.6689300537109375e-06,0.007803691914887167,28b184a7f782c6b17e7ecd32c25cc3de9d3e4ab9f78c4f8ecc3e7a708b478775,1d0c2d355235f8b1393c28f44c4df419e87bc8b90ded2926046a242af24aae5b,true,20270942
conv-strided,2fa842e74a5cfcbf59217c4e1d85f7cf2fd11e09dc5ef429f8510965e0835d00,convolution,ONNX-MLIR LLVM,"onnx-mlir version 0.4.2, onnx version 1.21.0 (https://github.com/onnx/onnx-mlir.git 4a13c34aa695b228599d637cdb772c19b4b18dba)",onnx-mlir-llvm,true,,22,1,6992916,1.6689300537109375e-06,0.007803691914887167,28b184a7f782c6b17e7ecd32c25cc3de9d3e4ab9f78c4f8ecc3e7a708b478775,1d0c2d355235f8b1393c28f44c4df419e87bc8b90ded2926046a242af24aae5b,true,20270943
conv-strided,2fa842e74a5cfcbf59217c4e1d85f7cf2fd11e09dc5ef429f8510965e0835d00,convolution,ONNX-MLIR LLVM,"onnx-mlir version 0.4.2, onnx version 1.21.0 (https://github.com/onnx/onnx-mlir.git 4a13c34aa695b228599d637cdb772c19b4b18dba)",onnx-mlir-llvm,true,,23,1,7008541,1.6689300537109375e-06,0.007803691914887167,28b184a7f782c6b17e7ecd32c25cc3de9d3e4ab9f78c4f8ecc3e7a708b478775,1d0c2d355235f8b1393c28f44c4df419e87bc8b90ded2926046a242af24aae5b,true,20270944
conv-strided,2fa842e74a5cfcbf59217c4e1d85f7cf2fd11e09dc5ef429f8510965e0835d00,convolution,ONNX-MLIR LLVM,"onnx-mlir version 0.4.2, onnx version 1.21.0 (https://github.com/onnx/onnx-mlir.git 4a13c34aa695b228599d637cdb772c19b4b18dba)",onnx-mlir-llvm,true,,24,1,7030333,1.6689300537109375e-06,0.007803691914887167,28b184a7f782c6b17e7ecd32c25cc3de9d3e4ab9f78c4f8ecc3e7a708b478775,1d0c2d355235f8b1393c28f44c4df419e87bc8b90ded2926046a242af24aae5b,true,20270945
conv-strided,2fa842e74a5cfcbf59217c4e1d85f7cf2fd11e09dc5ef429f8510965e0835d00,convolution,ONNX-MLIR LLVM,"onnx-mlir version 0.4.2, onnx version 1.21.0 (https://github.com/onnx/onnx-mlir.git 4a13c34aa695b228599d637cdb772c19b4b18dba)",onnx-mlir-llvm,true,,25,1,7150333,1.6689300537109375e-06,0.007803691914887167,28b184a7f782c6b17e7ecd32c25cc3de9d3e4ab9f78c4f8ecc3e7a708b478775,1d0c2d355235f8b1393c28f44c4df419e87bc8b90ded2926046a242af24aae5b,true,20270946
conv-strided,2fa842e74a5cfcbf59217c4e1d85f7cf2fd11e09dc5ef429f8510965e0835d00,convolution,ONNX-MLIR LLVM,"onnx-mlir version 0.4.2, onnx version 1.21.0 (https://github.com/onnx/onnx-mlir.git 4a13c34aa695b228599d637cdb772c19b4b18dba)",onnx-mlir-llvm,true,,26,1,7082917,1.6689300537109375e-06,0.007803691914887167,28b184a7f782c6b17e7ecd32c25cc3de9d3e4ab9f78c4f8ecc3e7a708b478775,1d0c2d355235f8b1393c28f44c4df419e87bc8b90ded2926046a242af24aae5b,true,20270947
conv-strided,2fa842e74a5cfcbf59217c4e1d85f7cf2fd11e09dc5ef429f8510965e0835d00,convolution,ONNX-MLIR LLVM,"onnx-mlir version 0.4.2, onnx version 1.21.0 (https://github.com/onnx/onnx-mlir.git 4a13c34aa695b228599d637cdb772c19b4b18dba)",onnx-mlir-llvm,true,,27,1,7073959,1.6689300537109375e-06,0.007803691914887167,28b184a7f782c6b17e7ecd32c25cc3de9d3e4ab9f78c4f8ecc3e7a708b478775,1d0c2d355235f8b1393c28f44c4df419e87bc8b90ded2926046a242af24aae5b,true,20270948
conv-strided,2fa842e74a5cfcbf59217c4e1d85f7cf2fd11e09dc5ef429f8510965e0835d00,convolution,ONNX-MLIR LLVM,"onnx-mlir version 0.4.2, onnx version 1.21.0 (https://github.com/onnx/onnx-mlir.git 4a13c34aa695b228599d637cdb772c19b4b18dba)",onnx-mlir-llvm,true,,28,1,7035583,1.6689300537109375e-06,0.007803691914887167,28b184a7f782c6b17e7ecd32c25cc3de9d3e4ab9f78c4f8ecc3e7a708b478775,1d0c2d355235f8b1393c28f44c4df419e87bc8b90ded2926046a242af24aae5b,true,20270949
conv-strided,2fa842e74a5cfcbf59217c4e1d85f7cf2fd11e09dc5ef429f8510965e0835d00,convolution,ONNX-MLIR LLVM,"onnx-mlir version 0.4.2, onnx version 1.21.0 (https://github.com/onnx/onnx-mlir.git 4a13c34aa695b228599d637cdb772c19b4b18dba)",onnx-mlir-llvm,true,,29,1,6996666,1.6689300537109375e-06,0.007803691914887167,28b184a7f782c6b17e7ecd32c25cc3de9d3e4ab9f78c4f8ecc3e7a708b478775,1d0c2d355235f8b1393c28f44c4df419e87bc8b90ded2926046a242af24aae5b,true,20270950
conv-strided,2fa842e74a5cfcbf59217c4e1d85f7cf2fd11e09dc5ef429f8510965e0835d00,convolution,ONNX-MLIR LLVM,"onnx-mlir version 0.4.2, onnx version 1.21.0 (https://github.com/onnx/onnx-mlir.git 4a13c34aa695b228599d637cdb772c19b4b18dba)",onnx-mlir-llvm,true,,30,1,7014375,1.6689300537109375e-06,0.007803691914887167,28b184a7f782c6b17e7ecd32c25cc3de9d3e4ab9f78c4f8ecc3e7a708b478775,1d0c2d355235f8b1393c28f44c4df419e87bc8b90ded2926046a242af24aae5b,true,20270951
conv-strided,2fa842e74a5cfcbf59217c4e1d85f7cf2fd11e09dc5ef429f8510965e0835d00,convolution,ONNX-MLIR LLVM,"onnx-mlir version 0.4.2, onnx version 1.21.0 (https://github.com/onnx/onnx-mlir.git 4a13c34aa695b228599d637cdb772c19b4b18dba)",onnx-mlir-llvm,true,,31,1,7006875,1.6689300537109375e-06,0.007803691914887167,28b184a7f782c6b17e7ecd32c25cc3de9d3e4ab9f78c4f8ecc3e7a708b478775,1d0c2d355235f8b1393c28f44c4df419e87bc8b90ded2926046a242af24aae5b,true,20270952
conv-strided,2fa842e74a5cfcbf59217c4e1d85f7cf2fd11e09dc5ef429f8510965e0835d00,convolution,ONNX-MLIR LLVM,"onnx-mlir version 0.4.2, onnx version 1.21.0 (https://github.com/onnx/onnx-mlir.git 4a13c34aa695b228599d637cdb772c19b4b18dba)",onnx-mlir-llvm,true,,32,1,7083042,1.6689300537109375e-06,0.007803691914887167,28b184a7f782c6b17e7ecd32c25cc3de9d3e4ab9f78c4f8ecc3e7a708b478775,1d0c2d355235f8b1393c28f44c4df419e87bc8b90ded2926046a242af24aae5b,true,20270953
conv-strided,2fa842e74a5cfcbf59217c4e1d85f7cf2fd11e09dc5ef429f8510965e0835d00,convolution,ONNX-MLIR LLVM,"onnx-mlir version 0.4.2, onnx version 1.21.0 (https://github.com/onnx/onnx-mlir.git 4a13c34aa695b228599d637cdb772c19b4b18dba)",onnx-mlir-llvm,true,,33,1,7056792,1.6689300537109375e-06,0.007803691914887167,28b184a7f782c6b17e7ecd32c25cc3de9d3e4ab9f78c4f8ecc3e7a708b478775,1d0c2d355235f8b1393c28f44c4df419e87bc8b90ded2926046a242af24aae5b,true,20270954
conv-strided,2fa842e74a5cfcbf59217c4e1d85f7cf2fd11e09dc5ef429f8510965e0835d00,convolution,ONNX-MLIR LLVM,"onnx-mlir version 0.4.2, onnx version 1.21.0 (https://github.com/onnx/onnx-mlir.git 4a13c34aa695b228599d637cdb772c19b4b18dba)",onnx-mlir-llvm,true,,34,1,7077833,1.6689300537109375e-06,0.007803691914887167,28b184a7f782c6b17e7ecd32c25cc3de9d3e4ab9f78c4f8ecc3e7a708b478775,1d0c2d355235f8b1393c28f44c4df419e87bc8b90ded2926046a242af24aae5b,true,20270955
conv-strided,2fa842e74a5cfcbf59217c4e1d85f7cf2fd11e09dc5ef429f8510965e0835d00,convolution,ONNX-MLIR LLVM,"onnx-mlir version 0.4.2, onnx version 1.21.0 (https://github.com/onnx/onnx-mlir.git 4a13c34aa695b228599d637cdb772c19b4b18dba)",onnx-mlir-llvm,true,,35,1,6993458,1.6689300537109375e-06,0.007803691914887167,28b184a7f782c6b17e7ecd32c25cc3de9d3e4ab9f78c4f8ecc3e7a708b478775,1d0c2d355235f8b1393c28f44c4df419e87bc8b90ded2926046a242af24aae5b,true,20270956
conv-strided,2fa842e74a5cfcbf59217c4e1d85f7cf2fd11e09dc5ef429f8510965e0835d00,convolution,ONNX-MLIR LLVM,"onnx-mlir version 0.4.2, onnx version 1.21.0 (https://github.com/onnx/onnx-mlir.git 4a13c34aa695b228599d637cdb772c19b4b18dba)",onnx-mlir-llvm,true,,36,1,6998917,1.6689300537109375e-06,0.007803691914887167,28b184a7f782c6b17e7ecd32c25cc3de9d3e4ab9f78c4f8ecc3e7a708b478775,1d0c2d355235f8b1393c28f44c4df419e87bc8b90ded2926046a242af24aae5b,true,20270957
conv-strided,2fa842e74a5cfcbf59217c4e1d85f7cf2fd11e09dc5ef429f8510965e0835d00,convolution,ONNX-MLIR LLVM,"onnx-mlir version 0.4.2, onnx version 1.21.0 (https://github.com/onnx/onnx-mlir.git 4a13c34aa695b228599d637cdb772c19b4b18dba)",onnx-mlir-llvm,true,,37,1,7086208,1.6689300537109375e-06,0.007803691914887167,28b184a7f782c6b17e7ecd32c25cc3de9d3e4ab9f78c4f8ecc3e7a708b478775,1d0c2d355235f8b1393c28f44c4df419e87bc8b90ded2926046a242af24aae5b,true,20270958
conv-strided,2fa842e74a5cfcbf59217c4e1d85f7cf2fd11e09dc5ef429f8510965e0835d00,convolution,ONNX-MLIR LLVM,"onnx-mlir version 0.4.2, onnx version 1.21.0 (https://github.com/onnx/onnx-mlir.git 4a13c34aa695b228599d637cdb772c19b4b18dba)",onnx-mlir-llvm,true,,38,1,7135083,1.6689300537109375e-06,0.007803691914887167,28b184a7f782c6b17e7ecd32c25cc3de9d3e4ab9f78c4f8ecc3e7a708b478775,1d0c2d355235f8b1393c28f44c4df419e87bc8b90ded2926046a242af24aae5b,true,20270959
conv-strided,2fa842e74a5cfcbf59217c4e1d85f7cf2fd11e09dc5ef429f8510965e0835d00,convolution,ONNX-MLIR LLVM,"onnx-mlir version 0.4.2, onnx version 1.21.0 (https://github.com/onnx/onnx-mlir.git 4a13c34aa695b228599d637cdb772c19b4b18dba)",onnx-mlir-llvm,true,,39,1,7092208,1.6689300537109375e-06,0.007803691914887167,28b184a7f782c6b17e7ecd32c25cc3de9d3e4ab9f78c4f8ecc3e7a708b478775,1d0c2d355235f8b1393c28f44c4df419e87bc8b90ded2926046a242af24aae5b,true,20270960
conv-strided,2fa842e74a5cfcbf59217c4e1d85f7cf2fd11e09dc5ef429f8510965e0835d00,convolution,ONNX-MLIR LLVM,"onnx-mlir version 0.4.2, onnx version 1.21.0 (https://github.com/onnx/onnx-mlir.git 4a13c34aa695b228599d637cdb772c19b4b18dba)",onnx-mlir-llvm,true,,40,1,7059500,1.6689300537109375e-06,0.007803691914887167,28b184a7f782c6b17e7ecd32c25cc3de9d3e4ab9f78c4f8ecc3e7a708b478775,1d0c2d355235f8b1393c28f44c4df419e87bc8b90ded2926046a242af24aae5b,true,20270961
conv-strided,2fa842e74a5cfcbf59217c4e1d85f7cf2fd11e09dc5ef429f8510965e0835d00,convolution,ONNX-MLIR LLVM,"onnx-mlir version 0.4.2, onnx version 1.21.0 (https://github.com/onnx/onnx-mlir.git 4a13c34aa695b228599d637cdb772c19b4b18dba)",onnx-mlir-llvm,true,,41,1,6973625,1.6689300537109375e-06,0.007803691914887167,28b184a7f782c6b17e7ecd32c25cc3de9d3e4ab9f78c4f8ecc3e7a708b478775,1d0c2d355235f8b1393c28f44c4df419e87bc8b90ded2926046a242af24aae5b,true,20270962
conv-strided,2fa842e74a5cfcbf59217c4e1d85f7cf2fd11e09dc5ef429f8510965e0835d00,convolution,ONNX-MLIR LLVM,"onnx-mlir version 0.4.2, onnx version 1.21.0 (https://github.com/onnx/onnx-mlir.git 4a13c34aa695b228599d637cdb772c19b4b18dba)",onnx-mlir-llvm,true,,42,1,7022584,1.6689300537109375e-06,0.007803691914887167,28b184a7f782c6b17e7ecd32c25cc3de9d3e4ab9f78c4f8ecc3e7a708b478775,1d0c2d355235f8b1393c28f44c4df419e87bc8b90ded2926046a242af24aae5b,true,20270963
conv-strided,2fa842e74a5cfcbf59217c4e1d85f7cf2fd11e09dc5ef429f8510965e0835d00,convolution,ONNX-MLIR LLVM,"onnx-mlir version 0.4.2, onnx version 1.21.0 (https://github.com/onnx/onnx-mlir.git 4a13c34aa695b228599d637cdb772c19b4b18dba)",onnx-mlir-llvm,true,,43,1,7017667,1.6689300537109375e-06,0.007803691914887167,28b184a7f782c6b17e7ecd32c25cc3de9d3e4ab9f78c4f8ecc3e7a708b478775,1d0c2d355235f8b1393c28f44c4df419e87bc8b90ded2926046a242af24aae5b,true,20270964
conv-strided,2fa842e74a5cfcbf59217c4e1d85f7cf2fd11e09dc5ef429f8510965e0835d00,convolution,ONNX-MLIR LLVM,"onnx-mlir version 0.4.2, onnx version 1.21.0 (https://github.com/onnx/onnx-mlir.git 4a13c34aa695b228599d637cdb772c19b4b18dba)",onnx-mlir-llvm,true,,44,1,7121833,1.6689300537109375e-06,0.007803691914887167,28b184a7f782c6b17e7ecd32c25cc3de9d3e4ab9f78c4f8ecc3e7a708b478775,1d0c2d355235f8b1393c28f44c4df419e87bc8b90ded2926046a242af24aae5b,true,20270965
conv-strided,2fa842e74a5cfcbf59217c4e1d85f7cf2fd11e09dc5ef429f8510965e0835d00,convolution,ONNX-MLIR LLVM,"onnx-mlir version 0.4.2, onnx version 1.21.0 (https://github.com/onnx/onnx-mlir.git 4a13c34aa695b228599d637cdb772c19b4b18dba)",onnx-mlir-llvm,true,,45,1,7097833,1.6689300537109375e-06,0.007803691914887167,28b184a7f782c6b17e7ecd32c25cc3de9d3e4ab9f78c4f8ecc3e7a708b478775,1d0c2d355235f8b1393c28f44c4df419e87bc8b90ded2926046a242af24aae5b,true,20270966
conv-strided,2fa842e74a5cfcbf59217c4e1d85f7cf2fd11e09dc5ef429f8510965e0835d00,convolution,ONNX-MLIR LLVM,"onnx-mlir version 0.4.2, onnx version 1.21.0 (https://github.com/onnx/onnx-mlir.git 4a13c34aa695b228599d637cdb772c19b4b18dba)",onnx-mlir-llvm,true,,46,1,7079417,1.6689300537109375e-06,0.007803691914887167,28b184a7f782c6b17e7ecd32c25cc3de9d3e4ab9f78c4f8ecc3e7a708b478775,1d0c2d355235f8b1393c28f44c4df419e87bc8b90ded2926046a242af24aae5b,true,20270967
conv-strided,2fa842e74a5cfcbf59217c4e1d85f7cf2fd11e09dc5ef429f8510965e0835d00,convolution,ONNX-MLIR LLVM,"onnx-mlir version 0.4.2, onnx version 1.21.0 (https://github.com/onnx/onnx-mlir.git 4a13c34aa695b228599d637cdb772c19b4b18dba)",onnx-mlir-llvm,true,,47,1,7005709,1.6689300537109375e-06,0.007803691914887167,28b184a7f782c6b17e7ecd32c25cc3de9d3e4ab9f78c4f8ecc3e7a708b478775,1d0c2d355235f8b1393c28f44c4df419e87bc8b90ded2926046a242af24aae5b,true,20270968
conv-strided,2fa842e74a5cfcbf59217c4e1d85f7cf2fd11e09dc5ef429f8510965e0835d00,convolution,ONNX-MLIR LLVM,"onnx-mlir version 0.4.2, onnx version 1.21.0 (https://github.com/onnx/onnx-mlir.git 4a13c34aa695b228599d637cdb772c19b4b18dba)",onnx-mlir-llvm,true,,48,1,7005291,1.6689300537109375e-06,0.007803691914887167,28b184a7f782c6b17e7ecd32c25cc3de9d3e4ab9f78c4f8ecc3e7a708b478775,1d0c2d355235f8b1393c28f44c4df419e87bc8b90ded2926046a242af24aae5b,true,20270969
conv-strided,2fa842e74a5cfcbf59217c4e1d85f7cf2fd11e09dc5ef429f8510965e0835d00,convolution,ONNX-MLIR LLVM,"onnx-mlir version 0.4.2, onnx version 1.21.0 (https://github.com/onnx/onnx-mlir.git 4a13c34aa695b228599d637cdb772c19b4b18dba)",onnx-mlir-llvm,true,,49,1,7097000,1.6689300537109375e-06,0.007803691914887167,28b184a7f782c6b17e7ecd32c25cc3de9d3e4ab9f78c4f8ecc3e7a708b478775,1d0c2d355235f8b1393c28f44c4df419e87bc8b90ded2926046a242af24aae5b,true,20270970
conv-strided,2fa842e74a5cfcbf59217c4e1d85f7cf2fd11e09dc5ef429f8510965e0835d00,convolution,ONNX-MLIR LLVM,"onnx-mlir version 0.4.2, onnx version 1.21.0 (https://github.com/onnx/onnx-mlir.git 4a13c34aa695b228599d637cdb772c19b4b18dba)",onnx-mlir-llvm,true,,50,1,7019917,1.6689300537109375e-06,0.007803691914887167,28b184a7f782c6b17e7ecd32c25cc3de9d3e4ab9f78c4f8ecc3e7a708b478775,1d0c2d355235f8b1393c28f44c4df419e87bc8b90ded2926046a242af24aae5b,true,20270971
conv-strided,2fa842e74a5cfcbf59217c4e1d85f7cf2fd11e09dc5ef429f8510965e0835d00,convolution,ONNX-MLIR LLVM,"onnx-mlir version 0.4.2, onnx version 1.21.0 (https://github.com/onnx/onnx-mlir.git 4a13c34aa695b228599d637cdb772c19b4b18dba)",onnx-mlir-llvm,true,,51,1,7006792,1.6689300537109375e-06,0.007803691914887167,28b184a7f782c6b17e7ecd32c25cc3de9d3e4ab9f78c4f8ecc3e7a708b478775,1d0c2d355235f8b1393c28f44c4df419e87bc8b90ded2926046a242af24aae5b,true,20270972
conv-strided,2fa842e74a5cfcbf59217c4e1d85f7cf2fd11e09dc5ef429f8510965e0835d00,convolution,ONNX-MLIR LLVM,"onnx-mlir version 0.4.2, onnx version 1.21.0 (https://github.com/onnx/onnx-mlir.git 4a13c34aa695b228599d637cdb772c19b4b18dba)",onnx-mlir-llvm,true,,52,1,7091584,1.6689300537109375e-06,0.007803691914887167,28b184a7f782c6b17e7ecd32c25cc3de9d3e4ab9f78c4f8ecc3e7a708b478775,1d0c2d355235f8b1393c28f44c4df419e87bc8b90ded2926046a242af24aae5b,true,20270973
conv-strided,2fa842e74a5cfcbf59217c4e1d85f7cf2fd11e09dc5ef429f8510965e0835d00,convolution,ONNX-MLIR LLVM,"onnx-mlir version 0.4.2, onnx version 1.21.0 (https://github.com/onnx/onnx-mlir.git 4a13c34aa695b228599d637cdb772c19b4b18dba)",onnx-mlir-llvm,true,,53,1,7083167,1.6689300537109375e-06,0.007803691914887167,28b184a7f782c6b17e7ecd32c25cc3de9d3e4ab9f78c4f8ecc3e7a708b478775,1d0c2d355235f8b1393c28f44c4df419e87bc8b90ded2926046a242af24aae5b,true,20270974
conv-strided,2fa842e74a5cfcbf59217c4e1d85f7cf2fd11e09dc5ef429f8510965e0835d00,convolution,ONNX-MLIR LLVM,"onnx-mlir version 0.4.2, onnx version 1.21.0 (https://github.com/onnx/onnx-mlir.git 4a13c34aa695b228599d637cdb772c19b4b18dba)",onnx-mlir-llvm,true,,54,1,7147125,1.6689300537109375e-06,0.007803691914887167,28b184a7f782c6b17e7ecd32c25cc3de9d3e4ab9f78c4f8ecc3e7a708b478775,1d0c2d355235f8b1393c28f44c4df419e87bc8b90ded2926046a242af24aae5b,true,20270975
conv-strided,2fa842e74a5cfcbf59217c4e1d85f7cf2fd11e09dc5ef429f8510965e0835d00,convolution,ONNX-MLIR LLVM,"onnx-mlir version 0.4.2, onnx version 1.21.0 (https://github.com/onnx/onnx-mlir.git 4a13c34aa695b228599d637cdb772c19b4b18dba)",onnx-mlir-llvm,true,,55,1,7074292,1.6689300537109375e-06,0.007803691914887167,28b184a7f782c6b17e7ecd32c25cc3de9d3e4ab9f78c4f8ecc3e7a708b478775,1d0c2d355235f8b1393c28f44c4df419e87bc8b90ded2926046a242af24aae5b,true,20270976
conv-strided,2fa842e74a5cfcbf59217c4e1d85f7cf2fd11e09dc5ef429f8510965e0835d00,convolution,ONNX-MLIR LLVM,"onnx-mlir version 0.4.2, onnx version 1.21.0 (https://github.com/onnx/onnx-mlir.git 4a13c34aa695b228599d637cdb772c19b4b18dba)",onnx-mlir-llvm,true,,56,1,7061291,1.6689300537109375e-06,0.007803691914887167,28b184a7f782c6b17e7ecd32c25cc3de9d3e4ab9f78c4f8ecc3e7a708b478775,1d0c2d355235f8b1393c28f44c4df419e87bc8b90ded2926046a242af24aae5b,true,20270977
conv-strided,2fa842e74a5cfcbf59217c4e1d85f7cf2fd11e09dc5ef429f8510965e0835d00,convolution,ONNX-MLIR LLVM,"onnx-mlir version 0.4.2, onnx version 1.21.0 (https://github.com/onnx/onnx-mlir.git 4a13c34aa695b228599d637cdb772c19b4b18dba)",onnx-mlir-llvm,true,,57,1,7006500,1.6689300537109375e-06,0.007803691914887167,28b184a7f782c6b17e7ecd32c25cc3de9d3e4ab9f78c4f8ecc3e7a708b478775,1d0c2d355235f8b1393c28f44c4df419e87bc8b90ded2926046a242af24aae5b,true,20270978
conv-strided,2fa842e74a5cfcbf59217c4e1d85f7cf2fd11e09dc5ef429f8510965e0835d00,convolution,ONNX-MLIR LLVM,"onnx-mlir version 0.4.2, onnx version 1.21.0 (https://github.com/onnx/onnx-mlir.git 4a13c34aa695b228599d637cdb772c19b4b18dba)",onnx-mlir-llvm,true,,58,1,6998125,1.6689300537109375e-06,0.007803691914887167,28b184a7f782c6b17e7ecd32c25cc3de9d3e4ab9f78c4f8ecc3e7a708b478775,1d0c2d355235f8b1393c28f44c4df419e87bc8b90ded2926046a242af24aae5b,true,20270979
conv-strided,2fa842e74a5cfcbf59217c4e1d85f7cf2fd11e09dc5ef429f8510965e0835d00,convolution,ONNX-MLIR LLVM,"onnx-mlir version 0.4.2, onnx version 1.21.0 (https://github.com/onnx/onnx-mlir.git 4a13c34aa695b228599d637cdb772c19b4b18dba)",onnx-mlir-llvm,true,,59,1,7008833,1.6689300537109375e-06,0.007803691914887167,28b184a7f782c6b17e7ecd32c25cc3de9d3e4ab9f78c4f8ecc3e7a708b478775,1d0c2d355235f8b1393c28f44c4df419e87bc8b90ded2926046a242af24aae5b,true,20270980
conv-strided,2fa842e74a5cfcbf59217c4e1d85f7cf2fd11e09dc5ef429f8510965e0835d00,convolution,ONNX-MLIR LLVM,"onnx-mlir version 0.4.2, onnx version 1.21.0 (https://github.com/onnx/onnx-mlir.git 4a13c34aa695b228599d637cdb772c19b4b18dba)",onnx-mlir-llvm,true,,60,1,7006625,1.6689300537109375e-06,0.007803691914887167,28b184a7f782c6b17e7ecd32c25cc3de9d3e4ab9f78c4f8ecc3e7a708b478775,1d0c2d355235f8b1393c28f44c4df419e87bc8b90ded2926046a242af24aae5b,true,20270981
conv-strided,2fa842e74a5cfcbf59217c4e1d85f7cf2fd11e09dc5ef429f8510965e0835d00,convolution,ONNX-MLIR LLVM,"onnx-mlir version 0.4.2, onnx version 1.21.0 (https://github.com/onnx/onnx-mlir.git 4a13c34aa695b228599d637cdb772c19b4b18dba)",onnx-mlir-llvm,true,,61,1,7151458,1.6689300537109375e-06,0.007803691914887167,28b184a7f782c6b17e7ecd32c25cc3de9d3e4ab9f78c4f8ecc3e7a708b478775,1d0c2d355235f8b1393c28f44c4df419e87bc8b90ded2926046a242af24aae5b,true,20270982
conv-strided,2fa842e74a5cfcbf59217c4e1d85f7cf2fd11e09dc5ef429f8510965e0835d00,convolution,ONNX-MLIR LLVM,"onnx-mlir version 0.4.2, onnx version 1.21.0 (https://github.com/onnx/onnx-mlir.git 4a13c34aa695b228599d637cdb772c19b4b18dba)",onnx-mlir-llvm,true,,62,1,7038000,1.6689300537109375e-06,0.007803691914887167,28b184a7f782c6b17e7ecd32c25cc3de9d3e4ab9f78c4f8ecc3e7a708b478775,1d0c2d355235f8b1393c28f44c4df419e87bc8b90ded2926046a242af24aae5b,true,20270983
conv-strided,2fa842e74a5cfcbf59217c4e1d85f7cf2fd11e09dc5ef429f8510965e0835d00,convolution,ONNX-MLIR LLVM,"onnx-mlir version 0.4.2, onnx version 1.21.0 (https://github.com/onnx/onnx-mlir.git 4a13c34aa695b228599d637cdb772c19b4b18dba)",onnx-mlir-llvm,true,,63,1,7042917,1.6689300537109375e-06,0.007803691914887167,28b184a7f782c6b17e7ecd32c25cc3de9d3e4ab9f78c4f8ecc3e7a708b478775,1d0c2d355235f8b1393c28f44c4df419e87bc8b90ded2926046a242af24aae5b,true,20270984
conv-strided,2fa842e74a5cfcbf59217c4e1d85f7cf2fd11e09dc5ef429f8510965e0835d00,convolution,ONNX-MLIR LLVM,"onnx-mlir version 0.4.2, onnx version 1.21.0 (https://github.com/onnx/onnx-mlir.git 4a13c34aa695b228599d637cdb772c19b4b18dba)",onnx-mlir-llvm,true,,64,1,7013333,1.6689300537109375e-06,0.007803691914887167,28b184a7f782c6b17e7ecd32c25cc3de9d3e4ab9f78c4f8ecc3e7a708b478775,1d0c2d355235f8b1393c28f44c4df419e87bc8b90ded2926046a242af24aae5b,true,20270985
conv-strided,2fa842e74a5cfcbf59217c4e1d85f7cf2fd11e09dc5ef429f8510965e0835d00,convolution,ONNX-MLIR LLVM,"onnx-mlir version 0.4.2, onnx version 1.21.0 (https://github.com/onnx/onnx-mlir.git 4a13c34aa695b228599d637cdb772c19b4b18dba)",onnx-mlir-llvm,true,,65,1,7075750,1.6689300537109375e-06,0.007803691914887167,28b184a7f782c6b17e7ecd32c25cc3de9d3e4ab9f78c4f8ecc3e7a708b478775,1d0c2d355235f8b1393c28f44c4df419e87bc8b90ded2926046a242af24aae5b,true,20270986
conv-strided,2fa842e74a5cfcbf59217c4e1d85f7cf2fd11e09dc5ef429f8510965e0835d00,convolution,ONNX-MLIR LLVM,"onnx-mlir version 0.4.2, onnx version 1.21.0 (https://github.com/onnx/onnx-mlir.git 4a13c34aa695b228599d637cdb772c19b4b18dba)",onnx-mlir-llvm,true,,66,1,7121834,1.6689300537109375e-06,0.007803691914887167,28b184a7f782c6b17e7ecd32c25cc3de9d3e4ab9f78c4f8ecc3e7a708b478775,1d0c2d355235f8b1393c28f44c4df419e87bc8b90ded2926046a242af24aae5b,true,20270987
conv-strided,2fa842e74a5cfcbf59217c4e1d85f7cf2fd11e09dc5ef429f8510965e0835d00,convolution,ONNX-MLIR LLVM,"onnx-mlir version 0.4.2, onnx version 1.21.0 (https://github.com/onnx/onnx-mlir.git 4a13c34aa695b228599d637cdb772c19b4b18dba)",onnx-mlir-llvm,true,,67,1,7070167,1.6689300537109375e-06,0.007803691914887167,28b184a7f782c6b17e7ecd32c25cc3de9d3e4ab9f78c4f8ecc3e7a708b478775,1d0c2d355235f8b1393c28f44c4df419e87bc8b90ded2926046a242af24aae5b,true,20270988
conv-strided,2fa842e74a5cfcbf59217c4e1d85f7cf2fd11e09dc5ef429f8510965e0835d00,convolution,ONNX-MLIR LLVM,"onnx-mlir version 0.4.2, onnx version 1.21.0 (https://github.com/onnx/onnx-mlir.git 4a13c34aa695b228599d637cdb772c19b4b18dba)",onnx-mlir-llvm,true,,68,1,7038709,1.6689300537109375e-06,0.007803691914887167,28b184a7f782c6b17e7ecd32c25cc3de9d3e4ab9f78c4f8ecc3e7a708b478775,1d0c2d355235f8b1393c28f44c4df419e87bc8b90ded2926046a242af24aae5b,true,20270989
conv-strided,2fa842e74a5cfcbf59217c4e1d85f7cf2fd11e09dc5ef429f8510965e0835d00,convolution,ONNX-MLIR LLVM,"onnx-mlir version 0.4.2, onnx version 1.21.0 (https://github.com/onnx/onnx-mlir.git 4a13c34aa695b228599d637cdb772c19b4b18dba)",onnx-mlir-llvm,true,,69,1,7002959,1.6689300537109375e-06,0.007803691914887167,28b184a7f782c6b17e7ecd32c25cc3de9d3e4ab9f78c4f8ecc3e7a708b478775,1d0c2d355235f8b1393c28f44c4df419e87bc8b90ded2926046a242af24aae5b,true,20270990
conv-strided,2fa842e74a5cfcbf59217c4e1d85f7cf2fd11e09dc5ef429f8510965e0835d00,convolution,ONNX-MLIR LLVM,"onnx-mlir version 0.4.2, onnx version 1.21.0 (https://github.com/onnx/onnx-mlir.git 4a13c34aa695b228599d637cdb772c19b4b18dba)",onnx-mlir-llvm,true,,70,1,7029041,1.6689300537109375e-06,0.007803691914887167,28b184a7f782c6b17e7ecd32c25cc3de9d3e4ab9f78c4f8ecc3e7a708b478775,1d0c2d355235f8b1393c28f44c4df419e87bc8b90ded2926046a242af24aae5b,true,20270991
conv-strided,2fa842e74a5cfcbf59217c4e1d85f7cf2fd11e09dc5ef429f8510965e0835d00,convolution,ONNX-MLIR LLVM,"onnx-mlir version 0.4.2, onnx version 1.21.0 (https://github.com/onnx/onnx-mlir.git 4a13c34aa695b228599d637cdb772c19b4b18dba)",onnx-mlir-llvm,true,,71,1,7012417,1.6689300537109375e-06,0.007803691914887167,28b184a7f782c6b17e7ecd32c25cc3de9d3e4ab9f78c4f8ecc3e7a708b478775,1d0c2d355235f8b1393c28f44c4df419e87bc8b90ded2926046a242af24aae5b,true,20270992
conv-strided,2fa842e74a5cfcbf59217c4e1d85f7cf2fd11e09dc5ef429f8510965e0835d00,convolution,ONNX-MLIR LLVM,"onnx-mlir version 0.4.2, onnx version 1.21.0 (https://github.com/onnx/onnx-mlir.git 4a13c34aa695b228599d637cdb772c19b4b18dba)",onnx-mlir-llvm,true,,72,1,7045292,1.6689300537109375e-06,0.007803691914887167,28b184a7f782c6b17e7ecd32c25cc3de9d3e4ab9f78c4f8ecc3e7a708b478775,1d0c2d355235f8b1393c28f44c4df419e87bc8b90ded2926046a242af24aae5b,true,20270993
conv-strided,2fa842e74a5cfcbf59217c4e1d85f7cf2fd11e09dc5ef429f8510965e0835d00,convolution,ONNX-MLIR LLVM,"onnx-mlir version 0.4.2, onnx version 1.21.0 (https://github.com/onnx/onnx-mlir.git 4a13c34aa695b228599d637cdb772c19b4b18dba)",onnx-mlir-llvm,true,,73,1,7103917,1.6689300537109375e-06,0.007803691914887167,28b184a7f782c6b17e7ecd32c25cc3de9d3e4ab9f78c4f8ecc3e7a708b478775,1d0c2d355235f8b1393c28f44c4df419e87bc8b90ded2926046a242af24aae5b,true,20270994
conv-strided,2fa842e74a5cfcbf59217c4e1d85f7cf2fd11e09dc5ef429f8510965e0835d00,convolution,ONNX-MLIR LLVM,"onnx-mlir version 0.4.2, onnx version 1.21.0 (https://github.com/onnx/onnx-mlir.git 4a13c34aa695b228599d637cdb772c19b4b18dba)",onnx-mlir-llvm,true,,74,1,7044333,1.6689300537109375e-06,0.007803691914887167,28b184a7f782c6b17e7ecd32c25cc3de9d3e4ab9f78c4f8ecc3e7a708b478775,1d0c2d355235f8b1393c28f44c4df419e87bc8b90ded2926046a242af24aae5b,true,20270995
conv-strided,2fa842e74a5cfcbf59217c4e1d85f7cf2fd11e09dc5ef429f8510965e0835d00,convolution,ONNX-MLIR LLVM,"onnx-mlir version 0.4.2, onnx version 1.21.0 (https://github.com/onnx/onnx-mlir.git 4a13c34aa695b228599d637cdb772c19b4b18dba)",onnx-mlir-llvm,true,,75,1,7040625,1.6689300537109375e-06,0.007803691914887167,28b184a7f782c6b17e7ecd32c25cc3de9d3e4ab9f78c4f8ecc3e7a708b478775,1d0c2d355235f8b1393c28f44c4df419e87bc8b90ded2926046a242af24aae5b,true,20270996
conv-strided,2fa842e74a5cfcbf59217c4e1d85f7cf2fd11e09dc5ef429f8510965e0835d00,convolution,ONNX-MLIR LLVM,"onnx-mlir version 0.4.2, onnx version 1.21.0 (https://github.com/onnx/onnx-mlir.git 4a13c34aa695b228599d637cdb772c19b4b18dba)",onnx-mlir-llvm,true,,76,1,7018250,1.6689300537109375e-06,0.007803691914887167,28b184a7f782c6b17e7ecd32c25cc3de9d3e4ab9f78c4f8ecc3e7a708b478775,1d0c2d355235f8b1393c28f44c4df419e87bc8b90ded2926046a242af24aae5b,true,20270997
conv-strided,2fa842e74a5cfcbf59217c4e1d85f7cf2fd11e09dc5ef429f8510965e0835d00,convolution,ONNX-MLIR LLVM,"onnx-mlir version 0.4.2, onnx version 1.21.0 (https://github.com/onnx/onnx-mlir.git 4a13c34aa695b228599d637cdb772c19b4b18dba)",onnx-mlir-llvm,true,,77,1,7084250,1.6689300537109375e-06,0.007803691914887167,28b184a7f782c6b17e7ecd32c25cc3de9d3e4ab9f78c4f8ecc3e7a708b478775,1d0c2d355235f8b1393c28f44c4df419e87bc8b90ded2926046a242af24aae5b,true,20270998
conv-strided,2fa842e74a5cfcbf59217c4e1d85f7cf2fd11e09dc5ef429f8510965e0835d00,convolution,ONNX-MLIR LLVM,"onnx-mlir version 0.4.2, onnx version 1.21.0 (https://github.com/onnx/onnx-mlir.git 4a13c34aa695b228599d637cdb772c19b4b18dba)",onnx-mlir-llvm,true,,78,1,7051542,1.6689300537109375e-06,0.007803691914887167,28b184a7f782c6b17e7ecd32c25cc3de9d3e4ab9f78c4f8ecc3e7a708b478775,1d0c2d355235f8b1393c28f44c4df419e87bc8b90ded2926046a242af24aae5b,true,20270999
conv-strided,2fa842e74a5cfcbf59217c4e1d85f7cf2fd11e09dc5ef429f8510965e0835d00,convolution,ONNX-MLIR LLVM,"onnx-mlir version 0.4.2, onnx version 1.21.0 (https://github.com/onnx/onnx-mlir.git 4a13c34aa695b228599d637cdb772c19b4b18dba)",onnx-mlir-llvm,true,,79,1,7016625,1.6689300537109375e-06,0.007803691914887167,28b184a7f782c6b17e7ecd32c25cc3de9d3e4ab9f78c4f8ecc3e7a708b478775,1d0c2d355235f8b1393c28f44c4df419e87bc8b90ded2926046a242af24aae5b,true,20271000
conv-strided,2fa842e74a5cfcbf59217c4e1d85f7cf2fd11e09dc5ef429f8510965e0835d00,convolution,ONNX-MLIR LLVM,"onnx-mlir version 0.4.2, onnx version 1.21.0 (https://github.com/onnx/onnx-mlir.git 4a13c34aa695b228599d637cdb772c19b4b18dba)",onnx-mlir-llvm,true,,80,1,7103875,1.6689300537109375e-06,0.007803691914887167,28b184a7f782c6b17e7ecd32c25cc3de9d3e4ab9f78c4f8ecc3e7a708b478775,1d0c2d355235f8b1393c28f44c4df419e87bc8b90ded2926046a242af24aae5b,true,20271001
conv-strided,2fa842e74a5cfcbf59217c4e1d85f7cf2fd11e09dc5ef429f8510965e0835d00,convolution,ONNX-MLIR LLVM,"onnx-mlir version 0.4.2, onnx version 1.21.0 (https://github.com/onnx/onnx-mlir.git 4a13c34aa695b228599d637cdb772c19b4b18dba)",onnx-mlir-llvm,true,,81,1,7054584,1.6689300537109375e-06,0.007803691914887167,28b184a7f782c6b17e7ecd32c25cc3de9d3e4ab9f78c4f8ecc3e7a708b478775,1d0c2d355235f8b1393c28f44c4df419e87bc8b90ded2926046a242af24aae5b,true,20271002
conv-strided,2fa842e74a5cfcbf59217c4e1d85f7cf2fd11e09dc5ef429f8510965e0835d00,convolution,ONNX-MLIR LLVM,"onnx-mlir version 0.4.2, onnx version 1.21.0 (https://github.com/onnx/onnx-mlir.git 4a13c34aa695b228599d637cdb772c19b4b18dba)",onnx-mlir-llvm,true,,82,1,7133209,1.6689300537109375e-06,0.007803691914887167,28b184a7f782c6b17e7ecd32c25cc3de9d3e4ab9f78c4f8ecc3e7a708b478775,1d0c2d355235f8b1393c28f44c4df419e87bc8b90ded2926046a242af24aae5b,true,20271003
conv-strided,2fa842e74a5cfcbf59217c4e1d85f7cf2fd11e09dc5ef429f8510965e0835d00,convolution,ONNX-MLIR LLVM,"onnx-mlir version 0.4.2, onnx version 1.21.0 (https://github.com/onnx/onnx-mlir.git 4a13c34aa695b228599d637cdb772c19b4b18dba)",onnx-mlir-llvm,true,,83,1,7095917,1.6689300537109375e-06,0.007803691914887167,28b184a7f782c6b17e7ecd32c25cc3de9d3e4ab9f78c4f8ecc3e7a708b478775,1d0c2d355235f8b1393c28f44c4df419e87bc8b90ded2926046a242af24aae5b,true,20271004
conv-strided,2fa842e74a5cfcbf59217c4e1d85f7cf2fd11e09dc5ef429f8510965e0835d00,convolution,ONNX-MLIR LLVM,"onnx-mlir version 0.4.2, onnx version 1.21.0 (https://github.com/onnx/onnx-mlir.git 4a13c34aa695b228599d637cdb772c19b4b18dba)",onnx-mlir-llvm,true,,84,1,7064167,1.6689300537109375e-06,0.007803691914887167,28b184a7f782c6b17e7ecd32c25cc3de9d3e4ab9f78c4f8ecc3e7a708b478775,1d0c2d355235f8b1393c28f44c4df419e87bc8b90ded2926046a242af24aae5b,true,20271005
conv-strided,2fa842e74a5cfcbf59217c4e1d85f7cf2fd11e09dc5ef429f8510965e0835d00,convolution,ONNX-MLIR LLVM,"onnx-mlir version 0.4.2, onnx version 1.21.0 (https://github.com/onnx/onnx-mlir.git 4a13c34aa695b228599d637cdb772c19b4b18dba)",onnx-mlir-llvm,true,,85,1,7019000,1.6689300537109375e-06,0.007803691914887167,28b184a7f782c6b17e7ecd32c25cc3de9d3e4ab9f78c4f8ecc3e7a708b478775,1d0c2d355235f8b1393c28f44c4df419e87bc8b90ded2926046a242af24aae5b,true,20271006
conv-strided,2fa842e74a5cfcbf59217c4e1d85f7cf2fd11e09dc5ef429f8510965e0835d00,convolution,ONNX-MLIR LLVM,"onnx-mlir version 0.4.2, onnx version 1.21.0 (https://github.com/onnx/onnx-mlir.git 4a13c34aa695b228599d637cdb772c19b4b18dba)",onnx-mlir-llvm,true,,86,1,6991292,1.6689300537109375e-06,0.007803691914887167,28b184a7f782c6b17e7ecd32c25cc3de9d3e4ab9f78c4f8ecc3e7a708b478775,1d0c2d355235f8b1393c28f44c4df419e87bc8b90ded2926046a242af24aae5b,true,20271007
conv-strided,2fa842e74a5cfcbf59217c4e1d85f7cf2fd11e09dc5ef429f8510965e0835d00,convolution,ONNX-MLIR LLVM,"onnx-mlir version 0.4.2, onnx version 1.21.0 (https://github.com/onnx/onnx-mlir.git 4a13c34aa695b228599d637cdb772c19b4b18dba)",onnx-mlir-llvm,true,,87,1,6996042,1.6689300537109375e-06,0.007803691914887167,28b184a7f782c6b17e7ecd32c25cc3de9d3e4ab9f78c4f8ecc3e7a708b478775,1d0c2d355235f8b1393c28f44c4df419e87bc8b90ded2926046a242af24aae5b,true,20271008
conv-strided,2fa842e74a5cfcbf59217c4e1d85f7cf2fd11e09dc5ef429f8510965e0835d00,convolution,ONNX-MLIR LLVM,"onnx-mlir version 0.4.2, onnx version 1.21.0 (https://github.com/onnx/onnx-mlir.git 4a13c34aa695b228599d637cdb772c19b4b18dba)",onnx-mlir-llvm,true,,88,1,7015000,1.6689300537109375e-06,0.007803691914887167,28b184a7f782c6b17e7ecd32c25cc3de9d3e4ab9f78c4f8ecc3e7a708b478775,1d0c2d355235f8b1393c28f44c4df419e87bc8b90ded2926046a242af24aae5b,true,20271009
conv-strided,2fa842e74a5cfcbf59217c4e1d85f7cf2fd11e09dc5ef429f8510965e0835d00,convolution,ONNX-MLIR LLVM,"onnx-mlir version 0.4.2, onnx version 1.21.0 (https://github.com/onnx/onnx-mlir.git 4a13c34aa695b228599d637cdb772c19b4b18dba)",onnx-mlir-llvm,true,,89,1,7114625,1.6689300537109375e-06,0.007803691914887167,28b184a7f782c6b17e7ecd32c25cc3de9d3e4ab9f78c4f8ecc3e7a708b478775,1d0c2d355235f8b1393c28f44c4df419e87bc8b90ded2926046a242af24aae5b,true,20271010
conv-strided,2fa842e74a5cfcbf59217c4e1d85f7cf2fd11e09dc5ef429f8510965e0835d00,convolution,ONNX-MLIR LLVM,"onnx-mlir version 0.4.2, onnx version 1.21.0 (https://github.com/onnx/onnx-mlir.git 4a13c34aa695b228599d637cdb772c19b4b18dba)",onnx-mlir-llvm,true,,90,1,7067167,1.6689300537109375e-06,0.007803691914887167,28b184a7f782c6b17e7ecd32c25cc3de9d3e4ab9f78c4f8ecc3e7a708b478775,1d0c2d355235f8b1393c28f44c4df419e87bc8b90ded2926046a242af24aae5b,true,20271011
conv-strided,2fa842e74a5cfcbf59217c4e1d85f7cf2fd11e09dc5ef429f8510965e0835d00,convolution,ONNX-MLIR LLVM,"onnx-mlir version 0.4.2, onnx version 1.21.0 (https://github.com/onnx/onnx-mlir.git 4a13c34aa695b228599d637cdb772c19b4b18dba)",onnx-mlir-llvm,true,,91,1,7015625,1.6689300537109375e-06,0.007803691914887167,28b184a7f782c6b17e7ecd32c25cc3de9d3e4ab9f78c4f8ecc3e7a708b478775,1d0c2d355235f8b1393c28f44c4df419e87bc8b90ded2926046a242af24aae5b,true,20271012
conv-strided,2fa842e74a5cfcbf59217c4e1d85f7cf2fd11e09dc5ef429f8510965e0835d00,convolution,ONNX-MLIR LLVM,"onnx-mlir version 0.4.2, onnx version 1.21.0 (https://github.com/onnx/onnx-mlir.git 4a13c34aa695b228599d637cdb772c19b4b18dba)",onnx-mlir-llvm,true,,92,1,6999959,1.6689300537109375e-06,0.007803691914887167,28b184a7f782c6b17e7ecd32c25cc3de9d3e4ab9f78c4f8ecc3e7a708b478775,1d0c2d355235f8b1393c28f44c4df419e87bc8b90ded2926046a242af24aae5b,true,20271013
conv-strided,2fa842e74a5cfcbf59217c4e1d85f7cf2fd11e09dc5ef429f8510965e0835d00,convolution,ONNX-MLIR LLVM,"onnx-mlir version 0.4.2, onnx version 1.21.0 (https://github.com/onnx/onnx-mlir.git 4a13c34aa695b228599d637cdb772c19b4b18dba)",onnx-mlir-llvm,true,,93,1,7039292,1.6689300537109375e-06,0.007803691914887167,28b184a7f782c6b17e7ecd32c25cc3de9d3e4ab9f78c4f8ecc3e7a708b478775,1d0c2d355235f8b1393c28f44c4df419e87bc8b90ded2926046a242af24aae5b,true,20271014
conv-strided,2fa842e74a5cfcbf59217c4e1d85f7cf2fd11e09dc5ef429f8510965e0835d00,convolution,ONNX-MLIR LLVM,"onnx-mlir version 0.4.2, onnx version 1.21.0 (https://github.com/onnx/onnx-mlir.git 4a13c34aa695b228599d637cdb772c19b4b18dba)",onnx-mlir-llvm,true,,94,1,7101250,1.6689300537109375e-06,0.007803691914887167,28b184a7f782c6b17e7ecd32c25cc3de9d3e4ab9f78c4f8ecc3e7a708b478775,1d0c2d355235f8b1393c28f44c4df419e87bc8b90ded2926046a242af24aae5b,true,20271015
conv-strided,2fa842e74a5cfcbf59217c4e1d85f7cf2fd11e09dc5ef429f8510965e0835d00,convolution,ONNX-MLIR LLVM,"onnx-mlir version 0.4.2, onnx version 1.21.0 (https://github.com/onnx/onnx-mlir.git 4a13c34aa695b228599d637cdb772c19b4b18dba)",onnx-mlir-llvm,true,,95,1,7073041,1.6689300537109375e-06,0.007803691914887167,28b184a7f782c6b17e7ecd32c25cc3de9d3e4ab9f78c4f8ecc3e7a708b478775,1d0c2d355235f8b1393c28f44c4df419e87bc8b90ded2926046a242af24aae5b,true,20271016
conv-strided,2fa842e74a5cfcbf59217c4e1d85f7cf2fd11e09dc5ef429f8510965e0835d00,convolution,ONNX-MLIR LLVM,"onnx-mlir version 0.4.2, onnx version 1.21.0 (https://github.com/onnx/onnx-mlir.git 4a13c34aa695b228599d637cdb772c19b4b18dba)",onnx-mlir-llvm,true,,96,1,7050625,1.6689300537109375e-06,0.007803691914887167,28b184a7f782c6b17e7ecd32c25cc3de9d3e4ab9f78c4f8ecc3e7a708b478775,1d0c2d355235f8b1393c28f44c4df419e87bc8b90ded2926046a242af24aae5b,true,20271017
conv-strided,2fa842e74a5cfcbf59217c4e1d85f7cf2fd11e09dc5ef429f8510965e0835d00,convolution,ONNX-MLIR LLVM,"onnx-mlir version 0.4.2, onnx version 1.21.0 (https://github.com/onnx/onnx-mlir.git 4a13c34aa695b228599d637cdb772c19b4b18dba)",onnx-mlir-llvm,true,,97,1,7008334,1.6689300537109375e-06,0.007803691914887167,28b184a7f782c6b17e7ecd32c25cc3de9d3e4ab9f78c4f8ecc3e7a708b478775,1d0c2d355235f8b1393c28f44c4df419e87bc8b90ded2926046a242af24aae5b,true,20271018
conv-strided,2fa842e74a5cfcbf59217c4e1d85f7cf2fd11e09dc5ef429f8510965e0835d00,convolution,ONNX-MLIR LLVM,"onnx-mlir version 0.4.2, onnx version 1.21.0 (https://github.com/onnx/onnx-mlir.git 4a13c34aa695b228599d637cdb772c19b4b18dba)",onnx-mlir-llvm,true,,98,1,6987959,1.6689300537109375e-06,0.007803691914887167,28b184a7f782c6b17e7ecd32c25cc3de9d3e4ab9f78c4f8ecc3e7a708b478775,1d0c2d355235f8b1393c28f44c4df419e87bc8b90ded2926046a242af24aae5b,true,20271019
conv-strided,2fa842e74a5cfcbf59217c4e1d85f7cf2fd11e09dc5ef429f8510965e0835d00,convolution,ONNX-MLIR LLVM,"onnx-mlir version 0.4.2, onnx version 1.21.0 (https://github.com/onnx/onnx-mlir.git 4a13c34aa695b228599d637cdb772c19b4b18dba)",onnx-mlir-llvm,true,,99,1,7002083,1.6689300537109375e-06,0.007803691914887167,28b184a7f782c6b17e7ecd32c25cc3de9d3e4ab9f78c4f8ecc3e7a708b478775,1d0c2d355235f8b1393c28f44c4df419e87bc8b90ded2926046a242af24aae5b,true,20271020
conv-pointwise,2fa842e74a5cfcbf59217c4e1d85f7cf2fd11e09dc5ef429f8510965e0835d00,convolution,ONNX-MLIR LLVM,"onnx-mlir version 0.4.2, onnx version 1.21.0 (https://github.com/onnx/onnx-mlir.git 4a13c34aa695b228599d637cdb772c19b4b18dba)",onnx-mlir-llvm,true,,0,1,736125,0.0,0.0,2015e0220ad9194b33df0c0c3061d37f1a9cf794a492025d7505660e599b8d27,7b6178d0f5bd6cf3d5c1911276658c4d34537ff8dde9d83dd9e5fb84d7a2c44a,true,20270921
conv-pointwise,2fa842e74a5cfcbf59217c4e1d85f7cf2fd11e09dc5ef429f8510965e0835d00,convolution,ONNX-MLIR LLVM,"onnx-mlir version 0.4.2, onnx version 1.21.0 (https://github.com/onnx/onnx-mlir.git 4a13c34aa695b228599d637cdb772c19b4b18dba)",onnx-mlir-llvm,true,,1,1,756292,0.0,0.0,2015e0220ad9194b33df0c0c3061d37f1a9cf794a492025d7505660e599b8d27,7b6178d0f5bd6cf3d5c1911276658c4d34537ff8dde9d83dd9e5fb84d7a2c44a,true,20270922
conv-pointwise,2fa842e74a5cfcbf59217c4e1d85f7cf2fd11e09dc5ef429f8510965e0835d00,convolution,ONNX-MLIR LLVM,"onnx-mlir version 0.4.2, onnx version 1.21.0 (https://github.com/onnx/onnx-mlir.git 4a13c34aa695b228599d637cdb772c19b4b18dba)",onnx-mlir-llvm,true,,2,1,719250,0.0,0.0,2015e0220ad9194b33df0c0c3061d37f1a9cf794a492025d7505660e599b8d27,7b6178d0f5bd6cf3d5c1911276658c4d34537ff8dde9d83dd9e5fb84d7a2c44a,true,20270923
conv-pointwise,2fa842e74a5cfcbf59217c4e1d85f7cf2fd11e09dc5ef429f8510965e0835d00,convolution,ONNX-MLIR LLVM,"onnx-mlir version 0.4.2, onnx version 1.21.0 (https://github.com/onnx/onnx-mlir.git 4a13c34aa695b228599d637cdb772c19b4b18dba)",onnx-mlir-llvm,true,,3,1,914417,0.0,0.0,2015e0220ad9194b33df0c0c3061d37f1a9cf794a492025d7505660e599b8d27,7b6178d0f5bd6cf3d5c1911276658c4d34537ff8dde9d83dd9e5fb84d7a2c44a,true,20270924
conv-pointwise,2fa842e74a5cfcbf59217c4e1d85f7cf2fd11e09dc5ef429f8510965e0835d00,convolution,ONNX-MLIR LLVM,"onnx-mlir version 0.4.2, onnx version 1.21.0 (https://github.com/onnx/onnx-mlir.git 4a13c34aa695b228599d637cdb772c19b4b18dba)",onnx-mlir-llvm,true,,4,1,1176917,0.0,0.0,2015e0220ad9194b33df0c0c3061d37f1a9cf794a492025d7505660e599b8d27,7b6178d0f5bd6cf3d5c1911276658c4d34537ff8dde9d83dd9e5fb84d7a2c44a,true,20270925
conv-pointwise,2fa842e74a5cfcbf59217c4e1d85f7cf2fd11e09dc5ef429f8510965e0835d00,convolution,ONNX-MLIR LLVM,"onnx-mlir version 0.4.2, onnx version 1.21.0 (https://github.com/onnx/onnx-mlir.git 4a13c34aa695b228599d637cdb772c19b4b18dba)",onnx-mlir-llvm,true,,5,1,889250,0.0,0.0,2015e0220ad9194b33df0c0c3061d37f1a9cf794a492025d7505660e599b8d27,7b6178d0f5bd6cf3d5c1911276658c4d34537ff8dde9d83dd9e5fb84d7a2c44a,true,20270926
conv-pointwise,2fa842e74a5cfcbf59217c4e1d85f7cf2fd11e09dc5ef429f8510965e0835d00,convolution,ONNX-MLIR LLVM,"onnx-mlir version 0.4.2, onnx version 1.21.0 (https://github.com/onnx/onnx-mlir.git 4a13c34aa695b228599d637cdb772c19b4b18dba)",onnx-mlir-llvm,true,,6,1,924042,0.0,0.0,2015e0220ad9194b33df0c0c3061d37f1a9cf794a492025d7505660e599b8d27,7b6178d0f5bd6cf3d5c1911276658c4d34537ff8dde9d83dd9e5fb84d7a2c44a,true,20270927
conv-pointwise,2fa842e74a5cfcbf59217c4e1d85f7cf2fd11e09dc5ef429f8510965e0835d00,convolution,ONNX-MLIR LLVM,"onnx-mlir version 0.4.2, onnx version 1.21.0 (https://github.com/onnx/onnx-mlir.git 4a13c34aa695b228599d637cdb772c19b4b18dba)",onnx-mlir-llvm,true,,7,1,798500,0.0,0.0,2015e0220ad9194b33df0c0c3061d37f1a9cf794a492025d7505660e599b8d27,7b6178d0f5bd6cf3d5c1911276658c4d34537ff8dde9d83dd9e5fb84d7a2c44a,true,20270928
conv-pointwise,2fa842e74a5cfcbf59217c4e1d85f7cf2fd11e09dc5ef429f8510965e0835d00,convolution,ONNX-MLIR LLVM,"onnx-mlir version 0.4.2, onnx version 1.21.0 (https://github.com/onnx/onnx-mlir.git 4a13c34aa695b228599d637cdb772c19b4b18dba)",onnx-mlir-llvm,true,,8,1,999333,0.0,0.0,2015e0220ad9194b33df0c0c3061d37f1a9cf794a492025d7505660e599b8d27,7b6178d0f5bd6cf3d5c1911276658c4d34537ff8dde9d83dd9e5fb84d7a2c44a,true,20270929
conv-pointwise,2fa842e74a5cfcbf59217c4e1d85f7cf2fd11e09dc5ef429f8510965e0835d00,convolution,ONNX-MLIR LLVM,"onnx-mlir version 0.4.2, onnx version 1.21.0 (https://github.com/onnx/onnx-mlir.git 4a13c34aa695b228599d637cdb772c19b4b18dba)",onnx-mlir-llvm,true,,9,1,809708,0.0,0.0,2015e0220ad9194b33df0c0c3061d37f1a9cf794a492025d7505660e599b8d27,7b6178d0f5bd6cf3d5c1911276658c4d34537ff8dde9d83dd9e5fb84d7a2c44a,true,20270930
conv-pointwise,2fa842e74a5cfcbf59217c4e1d85f7cf2fd11e09dc5ef429f8510965e0835d00,convolution,ONNX-MLIR LLVM,"onnx-mlir version 0.4.2, onnx version 1.21.0 (https://github.com/onnx/onnx-mlir.git 4a13c34aa695b228599d637cdb772c19b4b18dba)",onnx-mlir-llvm,true,,10,1,735750,0.0,0.0,2015e0220ad9194b33df0c0c3061d37f1a9cf794a492025d7505660e599b8d27,7b6178d0f5bd6cf3d5c1911276658c4d34537ff8dde9d83dd9e5fb84d7a2c44a,true,20270931
conv-pointwise,2fa842e74a5cfcbf59217c4e1d85f7cf2fd11e09dc5ef429f8510965e0835d00,convolution,ONNX-MLIR LLVM,"onnx-mlir version 0.4.2, onnx version 1.21.0 (https://github.com/onnx/onnx-mlir.git 4a13c34aa695b228599d637cdb772c19b4b18dba)",onnx-mlir-llvm,true,,11,1,848292,0.0,0.0,2015e0220ad9194b33df0c0c3061d37f1a9cf794a492025d7505660e599b8d27,7b6178d0f5bd6cf3d5c1911276658c4d34537ff8dde9d83dd9e5fb84d7a2c44a,true,20270932
conv-pointwise,2fa842e74a5cfcbf59217c4e1d85f7cf2fd11e09dc5ef429f8510965e0835d00,convolution,ONNX-MLIR LLVM,"onnx-mlir version 0.4.2, onnx version 1.21.0 (https://github.com/onnx/onnx-mlir.git 4a13c34aa695b228599d637cdb772c19b4b18dba)",onnx-mlir-llvm,true,,12,1,1130750,0.0,0.0,2015e0220ad9194b33df0c0c3061d37f1a9cf794a492025d7505660e599b8d27,7b6178d0f5bd6cf3d5c1911276658c4d34537ff8dde9d83dd9e5fb84d7a2c44a,true,20270933
conv-pointwise,2fa842e74a5cfcbf59217c4e1d85f7cf2fd11e09dc5ef429f8510965e0835d00,convolution,ONNX-MLIR LLVM,"onnx-mlir version 0.4.2, onnx version 1.21.0 (https://github.com/onnx/onnx-mlir.git 4a13c34aa695b228599d637cdb772c19b4b18dba)",onnx-mlir-llvm,true,,13,1,844583,0.0,0.0,2015e0220ad9194b33df0c0c3061d37f1a9cf794a492025d7505660e599b8d27,7b6178d0f5bd6cf3d5c1911276658c4d34537ff8dde9d83dd9e5fb84d7a2c44a,true,20270934
conv-pointwise,2fa842e74a5cfcbf59217c4e1d85f7cf2fd11e09dc5ef429f8510965e0835d00,convolution,ONNX-MLIR LLVM,"onnx-mlir version 0.4.2, onnx version 1.21.0 (https://github.com/onnx/onnx-mlir.git 4a13c34aa695b228599d637cdb772c19b4b18dba)",onnx-mlir-llvm,true,,14,1,1218291,0.0,0.0,2015e0220ad9194b33df0c0c3061d37f1a9cf794a492025d7505660e599b8d27,7b6178d0f5bd6cf3d5c1911276658c4d34537ff8dde9d83dd9e5fb84d7a2c44a,true,20270935
conv-pointwise,2fa842e74a5cfcbf59217c4e1d85f7cf2fd11e09dc5ef429f8510965e0835d00,convolution,ONNX-MLIR LLVM,"onnx-mlir version 0.4.2, onnx version 1.21.0 (https://github.com/onnx/onnx-mlir.git 4a13c34aa695b228599d637cdb772c19b4b18dba)",onnx-mlir-llvm,true,,15,1,1183625,0.0,0.0,2015e0220ad9194b33df0c0c3061d37f1a9cf794a492025d7505660e599b8d27,7b6178d0f5bd6cf3d5c1911276658c4d34537ff8dde9d83dd9e5fb84d7a2c44a,true,20270936
conv-pointwise,2fa842e74a5cfcbf59217c4e1d85f7cf2fd11e09dc5ef429f8510965e0835d00,convolution,ONNX-MLIR LLVM,"onnx-mlir version 0.4.2, onnx version 1.21.0 (https://github.com/onnx/onnx-mlir.git 4a13c34aa695b228599d637cdb772c19b4b18dba)",onnx-mlir-llvm,true,,16,1,1303208,0.0,0.0,2015e0220ad9194b33df0c0c3061d37f1a9cf794a492025d7505660e599b8d27,7b6178d0f5bd6cf3d5c1911276658c4d34537ff8dde9d83dd9e5fb84d7a2c44a,true,20270937
conv-pointwise,2fa842e74a5cfcbf59217c4e1d85f7cf2fd11e09dc5ef429f8510965e0835d00,convolution,ONNX-MLIR LLVM,"onnx-mlir version 0.4.2, onnx version 1.21.0 (https://github.com/onnx/onnx-mlir.git 4a13c34aa695b228599d637cdb772c19b4b18dba)",onnx-mlir-llvm,true,,17,1,1265000,0.0,0.0,2015e0220ad9194b33df0c0c3061d37f1a9cf794a492025d7505660e599b8d27,7b6178d0f5bd6cf3d5c1911276658c4d34537ff8dde9d83dd9e5fb84d7a2c44a,true,20270938
conv-pointwise,2fa842e74a5cfcbf59217c4e1d85f7cf2fd11e09dc5ef429f8510965e0835d00,convolution,ONNX-MLIR LLVM,"onnx-mlir version 0.4.2, onnx version 1.21.0 (https://github.com/onnx/onnx-mlir.git 4a13c34aa695b228599d637cdb772c19b4b18dba)",onnx-mlir-llvm,true,,18,1,1011833,0.0,0.0,2015e0220ad9194b33df0c0c3061d37f1a9cf794a492025d7505660e599b8d27,7b6178d0f5bd6cf3d5c1911276658c4d34537ff8dde9d83dd9e5fb84d7a2c44a,true,20270939
conv-pointwise,2fa842e74a5cfcbf59217c4e1d85f7cf2fd11e09dc5ef429f8510965e0835d00,convolution,ONNX-MLIR LLVM,"onnx-mlir version 0.4.2, onnx version 1.21.0 (https://github.com/onnx/onnx-mlir.git 4a13c34aa695b228599d637cdb772c19b4b18dba)",onnx-mlir-llvm,true,,19,1,1102334,0.0,0.0,2015e0220ad9194b33df0c0c3061d37f1a9cf794a492025d7505660e599b8d27,7b6178d0f5bd6cf3d5c1911276658c4d34537ff8dde9d83dd9e5fb84d7a2c44a,true,20270940
conv-pointwise,2fa842e74a5cfcbf59217c4e1d85f7cf2fd11e09dc5ef429f8510965e0835d00,convolution,ONNX-MLIR LLVM,"onnx-mlir version 0.4.2, onnx version 1.21.0 (https://github.com/onnx/onnx-mlir.git 4a13c34aa695b228599d637cdb772c19b4b18dba)",onnx-mlir-llvm,true,,20,1,1001667,0.0,0.0,2015e0220ad9194b33df0c0c3061d37f1a9cf794a492025d7505660e599b8d27,7b6178d0f5bd6cf3d5c1911276658c4d34537ff8dde9d83dd9e5fb84d7a2c44a,true,20270941
conv-pointwise,2fa842e74a5cfcbf59217c4e1d85f7cf2fd11e09dc5ef429f8510965e0835d00,convolution,ONNX-MLIR LLVM,"onnx-mlir version 0.4.2, onnx version 1.21.0 (https://github.com/onnx/onnx-mlir.git 4a13c34aa695b228599d637cdb772c19b4b18dba)",onnx-mlir-llvm,true,,21,1,1118583,0.0,0.0,2015e0220ad9194b33df0c0c3061d37f1a9cf794a492025d7505660e599b8d27,7b6178d0f5bd6cf3d5c1911276658c4d34537ff8dde9d83dd9e5fb84d7a2c44a,true,20270942
conv-pointwise,2fa842e74a5cfcbf59217c4e1d85f7cf2fd11e09dc5ef429f8510965e0835d00,convolution,ONNX-MLIR LLVM,"onnx-mlir version 0.4.2, onnx version 1.21.0 (https://github.com/onnx/onnx-mlir.git 4a13c34aa695b228599d637cdb772c19b4b18dba)",onnx-mlir-llvm,true,,22,1,1103333,0.0,0.0,2015e0220ad9194b33df0c0c3061d37f1a9cf794a492025d7505660e599b8d27,7b6178d0f5bd6cf3d5c1911276658c4d34537ff8dde9d83dd9e5fb84d7a2c44a,true,20270943
conv-pointwise,2fa842e74a5cfcbf59217c4e1d85f7cf2fd11e09dc5ef429f8510965e0835d00,convolution,ONNX-MLIR LLVM,"onnx-mlir version 0.4.2, onnx version 1.21.0 (https://github.com/onnx/onnx-mlir.git 4a13c34aa695b228599d637cdb772c19b4b18dba)",onnx-mlir-llvm,true,,23,1,1097542,0.0,0.0,2015e0220ad9194b33df0c0c3061d37f1a9cf794a492025d7505660e599b8d27,7b6178d0f5bd6cf3d5c1911276658c4d34537ff8dde9d83dd9e5fb84d7a2c44a,true,20270944
conv-pointwise,2fa842e74a5cfcbf59217c4e1d85f7cf2fd11e09dc5ef429f8510965e0835d00,convolution,ONNX-MLIR LLVM,"onnx-mlir version 0.4.2, onnx version 1.21.0 (https://github.com/onnx/onnx-mlir.git 4a13c34aa695b228599d637cdb772c19b4b18dba)",onnx-mlir-llvm,true,,24,1,1113084,0.0,0.0,2015e0220ad9194b33df0c0c3061d37f1a9cf794a492025d7505660e599b8d27,7b6178d0f5bd6cf3d5c1911276658c4d34537ff8dde9d83dd9e5fb84d7a2c44a,true,20270945
conv-pointwise,2fa842e74a5cfcbf59217c4e1d85f7cf2fd11e09dc5ef429f8510965e0835d00,convolution,ONNX-MLIR LLVM,"onnx-mlir version 0.4.2, onnx version 1.21.0 (https://github.com/onnx/onnx-mlir.git 4a13c34aa695b228599d637cdb772c19b4b18dba)",onnx-mlir-llvm,true,,25,1,1156125,0.0,0.0,2015e0220ad9194b33df0c0c3061d37f1a9cf794a492025d7505660e599b8d27,7b6178d0f5bd6cf3d5c1911276658c4d34537ff8dde9d83dd9e5fb84d7a2c44a,true,20270946
conv-pointwise,2fa842e74a5cfcbf59217c4e1d85f7cf2fd11e09dc5ef429f8510965e0835d00,convolution,ONNX-MLIR LLVM,"onnx-mlir version 0.4.2, onnx version 1.21.0 (https://github.com/onnx/onnx-mlir.git 4a13c34aa695b228599d637cdb772c19b4b18dba)",onnx-mlir-llvm,true,,26,1,881250,0.0,0.0,2015e0220ad9194b33df0c0c3061d37f1a9cf794a492025d7505660e599b8d27,7b6178d0f5bd6cf3d5c1911276658c4d34537ff8dde9d83dd9e5fb84d7a2c44a,true,20270947
conv-pointwise,2fa842e74a5cfcbf59217c4e1d85f7cf2fd11e09dc5ef429f8510965e0835d00,convolution,ONNX-MLIR LLVM,"onnx-mlir version 0.4.2, onnx version 1.21.0 (https://github.com/onnx/onnx-mlir.git 4a13c34aa695b228599d637cdb772c19b4b18dba)",onnx-mlir-llvm,true,,27,1,877500,0.0,0.0,2015e0220ad9194b33df0c0c3061d37f1a9cf794a492025d7505660e599b8d27,7b6178d0f5bd6cf3d5c1911276658c4d34537ff8dde9d83dd9e5fb84d7a2c44a,true,20270948
conv-pointwise,2fa842e74a5cfcbf59217c4e1d85f7cf2fd11e09dc5ef429f8510965e0835d00,convolution,ONNX-MLIR LLVM,"onnx-mlir version 0.4.2, onnx version 1.21.0 (https://github.com/onnx/onnx-mlir.git 4a13c34aa695b228599d637cdb772c19b4b18dba)",onnx-mlir-llvm,true,,28,1,944083,0.0,0.0,2015e0220ad9194b33df0c0c3061d37f1a9cf794a492025d7505660e599b8d27,7b6178d0f5bd6cf3d5c1911276658c4d34537ff8dde9d83dd9e5fb84d7a2c44a,true,20270949
conv-pointwise,2fa842e74a5cfcbf59217c4e1d85f7cf2fd11e09dc5ef429f8510965e0835d00,convolution,ONNX-MLIR LLVM,"onnx-mlir version 0.4.2, onnx version 1.21.0 (https://github.com/onnx/onnx-mlir.git 4a13c34aa695b228599d637cdb772c19b4b18dba)",onnx-mlir-llvm,true,,29,1,850125,0.0,0.0,2015e0220ad9194b33df0c0c3061d37f1a9cf794a492025d7505660e599b8d27,7b6178d0f5bd6cf3d5c1911276658c4d34537ff8dde9d83dd9e5fb84d7a2c44a,true,20270950
conv-pointwise,2fa842e74a5cfcbf59217c4e1d85f7cf2fd11e09dc5ef429f8510965e0835d00,convolution,ONNX-MLIR LLVM,"onnx-mlir version 0.4.2, onnx version 1.21.0 (https://github.com/onnx/onnx-mlir.git 4a13c34aa695b228599d637cdb772c19b4b18dba)",onnx-mlir-llvm,true,,30,1,863792,0.0,0.0,2015e0220ad9194b33df0c0c3061d37f1a9cf794a492025d7505660e599b8d27,7b6178d0f5bd6cf3d5c1911276658c4d34537ff8dde9d83dd9e5fb84d7a2c44a,true,20270951
conv-pointwise,2fa842e74a5cfcbf59217c4e1d85f7cf2fd11e09dc5ef429f8510965e0835d00,convolution,ONNX-MLIR LLVM,"onnx-mlir version 0.4.2, onnx version 1.21.0 (https://github.com/onnx/onnx-mlir.git 4a13c34aa695b228599d637cdb772c19b4b18dba)",onnx-mlir-llvm,true,,31,1,823375,0.0,0.0,2015e0220ad9194b33df0c0c3061d37f1a9cf794a492025d7505660e599b8d27,7b6178d0f5bd6cf3d5c1911276658c4d34537ff8dde9d83dd9e5fb84d7a2c44a,true,20270952
conv-pointwise,2fa842e74a5cfcbf59217c4e1d85f7cf2fd11e09dc5ef429f8510965e0835d00,convolution,ONNX-MLIR LLVM,"onnx-mlir version 0.4.2, onnx version 1.21.0 (https://github.com/onnx/onnx-mlir.git 4a13c34aa695b228599d637cdb772c19b4b18dba)",onnx-mlir-llvm,true,,32,1,988166,0.0,0.0,2015e0220ad9194b33df0c0c3061d37f1a9cf794a492025d7505660e599b8d27,7b6178d0f5bd6cf3d5c1911276658c4d34537ff8dde9d83dd9e5fb84d7a2c44a,true,20270953
conv-pointwise,2fa842e74a5cfcbf59217c4e1d85f7cf2fd11e09dc5ef429f8510965e0835d00,convolution,ONNX-MLIR LLVM,"onnx-mlir version 0.4.2, onnx version 1.21.0 (https://github.com/onnx/onnx-mlir.git 4a13c34aa695b228599d637cdb772c19b4b18dba)",onnx-mlir-llvm,true,,33,1,793458,0.0,0.0,2015e0220ad9194b33df0c0c3061d37f1a9cf794a492025d7505660e599b8d27,7b6178d0f5bd6cf3d5c1911276658c4d34537ff8dde9d83dd9e5fb84d7a2c44a,true,20270954
conv-pointwise,2fa842e74a5cfcbf59217c4e1d85f7cf2fd11e09dc5ef429f8510965e0835d00,convolution,ONNX-MLIR LLVM,"onnx-mlir version 0.4.2, onnx version 1.21.0 (https://github.com/onnx/onnx-mlir.git 4a13c34aa695b228599d637cdb772c19b4b18dba)",onnx-mlir-llvm,true,,34,1,710541,0.0,0.0,2015e0220ad9194b33df0c0c3061d37f1a9cf794a492025d7505660e599b8d27,7b6178d0f5bd6cf3d5c1911276658c4d34537ff8dde9d83dd9e5fb84d7a2c44a,true,20270955
conv-pointwise,2fa842e74a5cfcbf59217c4e1d85f7cf2fd11e09dc5ef429f8510965e0835d00,convolution,ONNX-MLIR LLVM,"onnx-mlir version 0.4.2, onnx version 1.21.0 (https://github.com/onnx/onnx-mlir.git 4a13c34aa695b228599d637cdb772c19b4b18dba)",onnx-mlir-llvm,true,,35,1,706708,0.0,0.0,2015e0220ad9194b33df0c0c3061d37f1a9cf794a492025d7505660e599b8d27,7b6178d0f5bd6cf3d5c1911276658c4d34537ff8dde9d83dd9e5fb84d7a2c44a,true,20270956
conv-pointwise,2fa842e74a5cfcbf59217c4e1d85f7cf2fd11e09dc5ef429f8510965e0835d00,convolution,ONNX-MLIR LLVM,"onnx-mlir version 0.4.2, onnx version 1.21.0 (https://github.com/onnx/onnx-mlir.git 4a13c34aa695b228599d637cdb772c19b4b18dba)",onnx-mlir-llvm,true,,36,1,716625,0.0,0.0,2015e0220ad9194b33df0c0c3061d37f1a9cf794a492025d7505660e599b8d27,7b6178d0f5bd6cf3d5c1911276658c4d34537ff8dde9d83dd9e5fb84d7a2c44a,true,20270957
conv-pointwise,2fa842e74a5cfcbf59217c4e1d85f7cf2fd11e09dc5ef429f8510965e0835d00,convolution,ONNX-MLIR LLVM,"onnx-mlir version 0.4.2, onnx version 1.21.0 (https://github.com/onnx/onnx-mlir.git 4a13c34aa695b228599d637cdb772c19b4b18dba)",onnx-mlir-llvm,true,,37,1,753667,0.0,0.0,2015e0220ad9194b33df0c0c3061d37f1a9cf794a492025d7505660e599b8d27,7b6178d0f5bd6cf3d5c1911276658c4d34537ff8dde9d83dd9e5fb84d7a2c44a,true,20270958
conv-pointwise,2fa842e74a5cfcbf59217c4e1d85f7cf2fd11e09dc5ef429f8510965e0835d00,convolution,ONNX-MLIR LLVM,"onnx-mlir version 0.4.2, onnx version 1.21.0 (https://github.com/onnx/onnx-mlir.git 4a13c34aa695b228599d637cdb772c19b4b18dba)",onnx-mlir-llvm,true,,38,1,1088291,0.0,0.0,2015e0220ad9194b33df0c0c3061d37f1a9cf794a492025d7505660e599b8d27,7b6178d0f5bd6cf3d5c1911276658c4d34537ff8dde9d83dd9e5fb84d7a2c44a,true,20270959
conv-pointwise,2fa842e74a5cfcbf59217c4e1d85f7cf2fd11e09dc5ef429f8510965e0835d00,convolution,ONNX-MLIR LLVM,"onnx-mlir version 0.4.2, onnx version 1.21.0 (https://github.com/onnx/onnx-mlir.git 4a13c34aa695b228599d637cdb772c19b4b18dba)",onnx-mlir-llvm,true,,39,1,847333,0.0,0.0,2015e0220ad9194b33df0c0c3061d37f1a9cf794a492025d7505660e599b8d27,7b6178d0f5bd6cf3d5c1911276658c4d34537ff8dde9d83dd9e5fb84d7a2c44a,true,20270960
conv-pointwise,2fa842e74a5cfcbf59217c4e1d85f7cf2fd11e09dc5ef429f8510965e0835d00,convolution,ONNX-MLIR LLVM,"onnx-mlir version 0.4.2, onnx version 1.21.0 (https://github.com/onnx/onnx-mlir.git 4a13c34aa695b228599d637cdb772c19b4b18dba)",onnx-mlir-llvm,true,,40,1,912667,0.0,0.0,2015e0220ad9194b33df0c0c3061d37f1a9cf794a492025d7505660e599b8d27,7b6178d0f5bd6cf3d5c1911276658c4d34537ff8dde9d83dd9e5fb84d7a2c44a,true,20270961
conv-pointwise,2fa842e74a5cfcbf59217c4e1d85f7cf2fd11e09dc5ef429f8510965e0835d00,convolution,ONNX-MLIR LLVM,"onnx-mlir version 0.4.2, onnx version 1.21.0 (https://github.com/onnx/onnx-mlir.git 4a13c34aa695b228599d637cdb772c19b4b18dba)",onnx-mlir-llvm,true,,41,1,794333,0.0,0.0,2015e0220ad9194b33df0c0c3061d37f1a9cf794a492025d7505660e599b8d27,7b6178d0f5bd6cf3d5c1911276658c4d34537ff8dde9d83dd9e5fb84d7a2c44a,true,20270962
conv-pointwise,2fa842e74a5cfcbf59217c4e1d85f7cf2fd11e09dc5ef429f8510965e0835d00,convolution,ONNX-MLIR LLVM,"onnx-mlir version 0.4.2, onnx version 1.21.0 (https://github.com/onnx/onnx-mlir.git 4a13c34aa695b228599d637cdb772c19b4b18dba)",onnx-mlir-llvm,true,,42,1,923458,0.0,0.0,2015e0220ad9194b33df0c0c3061d37f1a9cf794a492025d7505660e599b8d27,7b6178d0f5bd6cf3d5c1911276658c4d34537ff8dde9d83dd9e5fb84d7a2c44a,true,20270963
conv-pointwise,2fa842e74a5cfcbf59217c4e1d85f7cf2fd11e09dc5ef429f8510965e0835d00,convolution,ONNX-MLIR LLVM,"onnx-mlir version 0.4.2, onnx version 1.21.0 (https://github.com/onnx/onnx-mlir.git 4a13c34aa695b228599d637cdb772c19b4b18dba)",onnx-mlir-llvm,true,,43,1,836042,0.0,0.0,2015e0220ad9194b33df0c0c3061d37f1a9cf794a492025d7505660e599b8d27,7b6178d0f5bd6cf3d5c1911276658c4d34537ff8dde9d83dd9e5fb84d7a2c44a,true,20270964
conv-pointwise,2fa842e74a5cfcbf59217c4e1d85f7cf2fd11e09dc5ef429f8510965e0835d00,convolution,ONNX-MLIR LLVM,"onnx-mlir version 0.4.2, onnx version 1.21.0 (https://github.com/onnx/onnx-mlir.git 4a13c34aa695b228599d637cdb772c19b4b18dba)",onnx-mlir-llvm,true,,44,1,1028125,0.0,0.0,2015e0220ad9194b33df0c0c3061d37f1a9cf794a492025d7505660e599b8d27,7b6178d0f5bd6cf3d5c1911276658c4d34537ff8dde9d83dd9e5fb84d7a2c44a,true,20270965
conv-pointwise,2fa842e74a5cfcbf59217c4e1d85f7cf2fd11e09dc5ef429f8510965e0835d00,convolution,ONNX-MLIR LLVM,"onnx-mlir version 0.4.2, onnx version 1.21.0 (https://github.com/onnx/onnx-mlir.git 4a13c34aa695b228599d637cdb772c19b4b18dba)",onnx-mlir-llvm,true,,45,1,964959,0.0,0.0,2015e0220ad9194b33df0c0c3061d37f1a9cf794a492025d7505660e599b8d27,7b6178d0f5bd6cf3d5c1911276658c4d34537ff8dde9d83dd9e5fb84d7a2c44a,true,20270966
conv-pointwise,2fa842e74a5cfcbf59217c4e1d85f7cf2fd11e09dc5ef429f8510965e0835d00,convolution,ONNX-MLIR LLVM,"onnx-mlir version 0.4.2, onnx version 1.21.0 (https://github.com/onnx/onnx-mlir.git 4a13c34aa695b228599d637cdb772c19b4b18dba)",onnx-mlir-llvm,true,,46,1,789750,0.0,0.0,2015e0220ad9194b33df0c0c3061d37f1a9cf794a492025d7505660e599b8d27,7b6178d0f5bd6cf3d5c1911276658c4d34537ff8dde9d83dd9e5fb84d7a2c44a,true,20270967
conv-pointwise,2fa842e74a5cfcbf59217c4e1d85f7cf2fd11e09dc5ef429f8510965e0835d00,convolution,ONNX-MLIR LLVM,"onnx-mlir version 0.4.2, onnx version 1.21.0 (https://github.com/onnx/onnx-mlir.git 4a13c34aa695b228599d637cdb772c19b4b18dba)",onnx-mlir-llvm,true,,47,1,789208,0.0,0.0,2015e0220ad9194b33df0c0c3061d37f1a9cf794a492025d7505660e599b8d27,7b6178d0f5bd6cf3d5c1911276658c4d34537ff8dde9d83dd9e5fb84d7a2c44a,true,20270968
conv-pointwise,2fa842e74a5cfcbf59217c4e1d85f7cf2fd11e09dc5ef429f8510965e0835d00,convolution,ONNX-MLIR LLVM,"onnx-mlir version 0.4.2, onnx version 1.21.0 (https://github.com/onnx/onnx-mlir.git 4a13c34aa695b228599d637cdb772c19b4b18dba)",onnx-mlir-llvm,true,,48,1,761375,0.0,0.0,2015e0220ad9194b33df0c0c3061d37f1a9cf794a492025d7505660e599b8d27,7b6178d0f5bd6cf3d5c1911276658c4d34537ff8dde9d83dd9e5fb84d7a2c44a,true,20270969
conv-pointwise,2fa842e74a5cfcbf59217c4e1d85f7cf2fd11e09dc5ef429f8510965e0835d00,convolution,ONNX-MLIR LLVM,"onnx-mlir version 0.4.2, onnx version 1.21.0 (https://github.com/onnx/onnx-mlir.git 4a13c34aa695b228599d637cdb772c19b4b18dba)",onnx-mlir-llvm,true,,49,1,923667,0.0,0.0,2015e0220ad9194b33df0c0c3061d37f1a9cf794a492025d7505660e599b8d27,7b6178d0f5bd6cf3d5c1911276658c4d34537ff8dde9d83dd9e5fb84d7a2c44a,true,20270970
conv-pointwise,2fa842e74a5cfcbf59217c4e1d85f7cf2fd11e09dc5ef429f8510965e0835d00,convolution,ONNX-MLIR LLVM,"onnx-mlir version 0.4.2, onnx version 1.21.0 (https://github.com/onnx/onnx-mlir.git 4a13c34aa695b228599d637cdb772c19b4b18dba)",onnx-mlir-llvm,true,,50,1,828292,0.0,0.0,2015e0220ad9194b33df0c0c3061d37f1a9cf794a492025d7505660e599b8d27,7b6178d0f5bd6cf3d5c1911276658c4d34537ff8dde9d83dd9e5fb84d7a2c44a,true,20270971
conv-pointwise,2fa842e74a5cfcbf59217c4e1d85f7cf2fd11e09dc5ef429f8510965e0835d00,convolution,ONNX-MLIR LLVM,"onnx-mlir version 0.4.2, onnx version 1.21.0 (https://github.com/onnx/onnx-mlir.git 4a13c34aa695b228599d637cdb772c19b4b18dba)",onnx-mlir-llvm,true,,51,1,823042,0.0,0.0,2015e0220ad9194b33df0c0c3061d37f1a9cf794a492025d7505660e599b8d27,7b6178d0f5bd6cf3d5c1911276658c4d34537ff8dde9d83dd9e5fb84d7a2c44a,true,20270972
conv-pointwise,2fa842e74a5cfcbf59217c4e1d85f7cf2fd11e09dc5ef429f8510965e0835d00,convolution,ONNX-MLIR LLVM,"onnx-mlir version 0.4.2, onnx version 1.21.0 (https://github.com/onnx/onnx-mlir.git 4a13c34aa695b228599d637cdb772c19b4b18dba)",onnx-mlir-llvm,true,,52,1,762542,0.0,0.0,2015e0220ad9194b33df0c0c3061d37f1a9cf794a492025d7505660e599b8d27,7b6178d0f5bd6cf3d5c1911276658c4d34537ff8dde9d83dd9e5fb84d7a2c44a,true,20270973
conv-pointwise,2fa842e74a5cfcbf59217c4e1d85f7cf2fd11e09dc5ef429f8510965e0835d00,convolution,ONNX-MLIR LLVM,"onnx-mlir version 0.4.2, onnx version 1.21.0 (https://github.com/onnx/onnx-mlir.git 4a13c34aa695b228599d637cdb772c19b4b18dba)",onnx-mlir-llvm,true,,53,1,749500,0.0,0.0,2015e0220ad9194b33df0c0c3061d37f1a9cf794a492025d7505660e599b8d27,7b6178d0f5bd6cf3d5c1911276658c4d34537ff8dde9d83dd9e5fb84d7a2c44a,true,20270974
conv-pointwise,2fa842e74a5cfcbf59217c4e1d85f7cf2fd11e09dc5ef429f8510965e0835d00,convolution,ONNX-MLIR LLVM,"onnx-mlir version 0.4.2, onnx version 1.21.0 (https://github.com/onnx/onnx-mlir.git 4a13c34aa695b228599d637cdb772c19b4b18dba)",onnx-mlir-llvm,true,,54,1,759250,0.0,0.0,2015e0220ad9194b33df0c0c3061d37f1a9cf794a492025d7505660e599b8d27,7b6178d0f5bd6cf3d5c1911276658c4d34537ff8dde9d83dd9e5fb84d7a2c44a,true,20270975
conv-pointwise,2fa842e74a5cfcbf59217c4e1d85f7cf2fd11e09dc5ef429f8510965e0835d00,convolution,ONNX-MLIR LLVM,"onnx-mlir version 0.4.2, onnx version 1.21.0 (https://github.com/onnx/onnx-mlir.git 4a13c34aa695b228599d637cdb772c19b4b18dba)",onnx-mlir-llvm,true,,55,1,704709,0.0,0.0,2015e0220ad9194b33df0c0c3061d37f1a9cf794a492025d7505660e599b8d27,7b6178d0f5bd6cf3d5c1911276658c4d34537ff8dde9d83dd9e5fb84d7a2c44a,true,20270976
conv-pointwise,2fa842e74a5cfcbf59217c4e1d85f7cf2fd11e09dc5ef429f8510965e0835d00,convolution,ONNX-MLIR LLVM,"onnx-mlir version 0.4.2, onnx version 1.21.0 (https://github.com/onnx/onnx-mlir.git 4a13c34aa695b228599d637cdb772c19b4b18dba)",onnx-mlir-llvm,true,,56,1,732667,0.0,0.0,2015e0220ad9194b33df0c0c3061d37f1a9cf794a492025d7505660e599b8d27,7b6178d0f5bd6cf3d5c1911276658c4d34537ff8dde9d83dd9e5fb84d7a2c44a,true,20270977
conv-pointwise,2fa842e74a5cfcbf59217c4e1d85f7cf2fd11e09dc5ef429f8510965e0835d00,convolution,ONNX-MLIR LLVM,"onnx-mlir version 0.4.2, onnx version 1.21.0 (https://github.com/onnx/onnx-mlir.git 4a13c34aa695b228599d637cdb772c19b4b18dba)",onnx-mlir-llvm,true,,57,1,858416,0.0,0.0,2015e0220ad9194b33df0c0c3061d37f1a9cf794a492025d7505660e599b8d27,7b6178d0f5bd6cf3d5c1911276658c4d34537ff8dde9d83dd9e5fb84d7a2c44a,true,20270978
conv-pointwise,2fa842e74a5cfcbf59217c4e1d85f7cf2fd11e09dc5ef429f8510965e0835d00,convolution,ONNX-MLIR LLVM,"onnx-mlir version 0.4.2, onnx version 1.21.0 (https://github.com/onnx/onnx-mlir.git 4a13c34aa695b228599d637cdb772c19b4b18dba)",onnx-mlir-llvm,true,,58,1,938750,0.0,0.0,2015e0220ad9194b33df0c0c3061d37f1a9cf794a492025d7505660e599b8d27,7b6178d0f5bd6cf3d5c1911276658c4d34537ff8dde9d83dd9e5fb84d7a2c44a,true,20270979
conv-pointwise,2fa842e74a5cfcbf59217c4e1d85f7cf2fd11e09dc5ef429f8510965e0835d00,convolution,ONNX-MLIR LLVM,"onnx-mlir version 0.4.2, onnx version 1.21.0 (https://github.com/onnx/onnx-mlir.git 4a13c34aa695b228599d637cdb772c19b4b18dba)",onnx-mlir-llvm,true,,59,1,888917,0.0,0.0,2015e0220ad9194b33df0c0c3061d37f1a9cf794a492025d7505660e599b8d27,7b6178d0f5bd6cf3d5c1911276658c4d34537ff8dde9d83dd9e5fb84d7a2c44a,true,20270980
conv-pointwise,2fa842e74a5cfcbf59217c4e1d85f7cf2fd11e09dc5ef429f8510965e0835d00,convolution,ONNX-MLIR LLVM,"onnx-mlir version 0.4.2, onnx version 1.21.0 (https://github.com/onnx/onnx-mlir.git 4a13c34aa695b228599d637cdb772c19b4b18dba)",onnx-mlir-llvm,true,,60,1,933625,0.0,0.0,2015e0220ad9194b33df0c0c3061d37f1a9cf794a492025d7505660e599b8d27,7b6178d0f5bd6cf3d5c1911276658c4d34537ff8dde9d83dd9e5fb84d7a2c44a,true,20270981
conv-pointwise,2fa842e74a5cfcbf59217c4e1d85f7cf2fd11e09dc5ef429f8510965e0835d00,convolution,ONNX-MLIR LLVM,"onnx-mlir version 0.4.2, onnx version 1.21.0 (https://github.com/onnx/onnx-mlir.git 4a13c34aa695b228599d637cdb772c19b4b18dba)",onnx-mlir-llvm,true,,61,1,804833,0.0,0.0,2015e0220ad9194b33df0c0c3061d37f1a9cf794a492025d7505660e599b8d27,7b6178d0f5bd6cf3d5c1911276658c4d34537ff8dde9d83dd9e5fb84d7a2c44a,true,20270982
conv-pointwise,2fa842e74a5cfcbf59217c4e1d85f7cf2fd11e09dc5ef429f8510965e0835d00,convolution,ONNX-MLIR LLVM,"onnx-mlir version 0.4.2, onnx version 1.21.0 (https://github.com/onnx/onnx-mlir.git 4a13c34aa695b228599d637cdb772c19b4b18dba)",onnx-mlir-llvm,true,,62,1,761333,0.0,0.0,2015e0220ad9194b33df0c0c3061d37f1a9cf794a492025d7505660e599b8d27,7b6178d0f5bd6cf3d5c1911276658c4d34537ff8dde9d83dd9e5fb84d7a2c44a,true,20270983
conv-pointwise,2fa842e74a5cfcbf59217c4e1d85f7cf2fd11e09dc5ef429f8510965e0835d00,convolution,ONNX-MLIR LLVM,"onnx-mlir version 0.4.2, onnx version 1.21.0 (https://github.com/onnx/onnx-mlir.git 4a13c34aa695b228599d637cdb772c19b4b18dba)",onnx-mlir-llvm,true,,63,1,752458,0.0,0.0,2015e0220ad9194b33df0c0c3061d37f1a9cf794a492025d7505660e599b8d27,7b6178d0f5bd6cf3d5c1911276658c4d34537ff8dde9d83dd9e5fb84d7a2c44a,true,20270984
conv-pointwise,2fa842e74a5cfcbf59217c4e1d85f7cf2fd11e09dc5ef429f8510965e0835d00,convolution,ONNX-MLIR LLVM,"onnx-mlir version 0.4.2, onnx version 1.21.0 (https://github.com/onnx/onnx-mlir.git 4a13c34aa695b228599d637cdb772c19b4b18dba)",onnx-mlir-llvm,true,,64,1,727125,0.0,0.0,2015e0220ad9194b33df0c0c3061d37f1a9cf794a492025d7505660e599b8d27,7b6178d0f5bd6cf3d5c1911276658c4d34537ff8dde9d83dd9e5fb84d7a2c44a,true,20270985
conv-pointwise,2fa842e74a5cfcbf59217c4e1d85f7cf2fd11e09dc5ef429f8510965e0835d00,convolution,ONNX-MLIR LLVM,"onnx-mlir version 0.4.2, onnx version 1.21.0 (https://github.com/onnx/onnx-mlir.git 4a13c34aa695b228599d637cdb772c19b4b18dba)",onnx-mlir-llvm,true,,65,1,776458,0.0,0.0,2015e0220ad9194b33df0c0c3061d37f1a9cf794a492025d7505660e599b8d27,7b6178d0f5bd6cf3d5c1911276658c4d34537ff8dde9d83dd9e5fb84d7a2c44a,true,20270986
conv-pointwise,2fa842e74a5cfcbf59217c4e1d85f7cf2fd11e09dc5ef429f8510965e0835d00,convolution,ONNX-MLIR LLVM,"onnx-mlir version 0.4.2, onnx version 1.21.0 (https://github.com/onnx/onnx-mlir.git 4a13c34aa695b228599d637cdb772c19b4b18dba)",onnx-mlir-llvm,true,,66,1,755708,0.0,0.0,2015e0220ad9194b33df0c0c3061d37f1a9cf794a492025d7505660e599b8d27,7b6178d0f5bd6cf3d5c1911276658c4d34537ff8dde9d83dd9e5fb84d7a2c44a,true,20270987
conv-pointwise,2fa842e74a5cfcbf59217c4e1d85f7cf2fd11e09dc5ef429f8510965e0835d00,convolution,ONNX-MLIR LLVM,"onnx-mlir version 0.4.2, onnx version 1.21.0 (https://github.com/onnx/onnx-mlir.git 4a13c34aa695b228599d637cdb772c19b4b18dba)",onnx-mlir-llvm,true,,67,1,802750,0.0,0.0,2015e0220ad9194b33df0c0c3061d37f1a9cf794a492025d7505660e599b8d27,7b6178d0f5bd6cf3d5c1911276658c4d34537ff8dde9d83dd9e5fb84d7a2c44a,true,20270988
conv-pointwise,2fa842e74a5cfcbf59217c4e1d85f7cf2fd11e09dc5ef429f8510965e0835d00,convolution,ONNX-MLIR LLVM,"onnx-mlir version 0.4.2, onnx version 1.21.0 (https://github.com/onnx/onnx-mlir.git 4a13c34aa695b228599d637cdb772c19b4b18dba)",onnx-mlir-llvm,true,,68,1,784750,0.0,0.0,2015e0220ad9194b33df0c0c3061d37f1a9cf794a492025d7505660e599b8d27,7b6178d0f5bd6cf3d5c1911276658c4d34537ff8dde9d83dd9e5fb84d7a2c44a,true,20270989
conv-pointwise,2fa842e74a5cfcbf59217c4e1d85f7cf2fd11e09dc5ef429f8510965e0835d00,convolution,ONNX-MLIR LLVM,"onnx-mlir version 0.4.2, onnx version 1.21.0 (https://github.com/onnx/onnx-mlir.git 4a13c34aa695b228599d637cdb772c19b4b18dba)",onnx-mlir-llvm,true,,69,1,792916,0.0,0.0,2015e0220ad9194b33df0c0c3061d37f1a9cf794a492025d7505660e599b8d27,7b6178d0f5bd6cf3d5c1911276658c4d34537ff8dde9d83dd9e5fb84d7a2c44a,true,20270990
conv-pointwise,2fa842e74a5cfcbf59217c4e1d85f7cf2fd11e09dc5ef429f8510965e0835d00,convolution,ONNX-MLIR LLVM,"onnx-mlir version 0.4.2, onnx version 1.21.0 (https://github.com/onnx/onnx-mlir.git 4a13c34aa695b228599d637cdb772c19b4b18dba)",onnx-mlir-llvm,true,,70,1,798875,0.0,0.0,2015e0220ad9194b33df0c0c3061d37f1a9cf794a492025d7505660e599b8d27,7b6178d0f5bd6cf3d5c1911276658c4d34537ff8dde9d83dd9e5fb84d7a2c44a,true,20270991
conv-pointwise,2fa842e74a5cfcbf59217c4e1d85f7cf2fd11e09dc5ef429f8510965e0835d00,convolution,ONNX-MLIR LLVM,"onnx-mlir version 0.4.2, onnx version 1.21.0 (https://github.com/onnx/onnx-mlir.git 4a13c34aa695b228599d637cdb772c19b4b18dba)",onnx-mlir-llvm,true,,71,1,793667,0.0,0.0,2015e0220ad9194b33df0c0c3061d37f1a9cf794a492025d7505660e599b8d27,7b6178d0f5bd6cf3d5c1911276658c4d34537ff8dde9d83dd9e5fb84d7a2c44a,true,20270992
conv-pointwise,2fa842e74a5cfcbf59217c4e1d85f7cf2fd11e09dc5ef429f8510965e0835d00,convolution,ONNX-MLIR LLVM,"onnx-mlir version 0.4.2, onnx version 1.21.0 (https://github.com/onnx/onnx-mlir.git 4a13c34aa695b228599d637cdb772c19b4b18dba)",onnx-mlir-llvm,true,,72,1,838042,0.0,0.0,2015e0220ad9194b33df0c0c3061d37f1a9cf794a492025d7505660e599b8d27,7b6178d0f5bd6cf3d5c1911276658c4d34537ff8dde9d83dd9e5fb84d7a2c44a,true,20270993
conv-pointwise,2fa842e74a5cfcbf59217c4e1d85f7cf2fd11e09dc5ef429f8510965e0835d00,convolution,ONNX-MLIR LLVM,"onnx-mlir version 0.4.2, onnx version 1.21.0 (https://github.com/onnx/onnx-mlir.git 4a13c34aa695b228599d637cdb772c19b4b18dba)",onnx-mlir-llvm,true,,73,1,741042,0.0,0.0,2015e0220ad9194b33df0c0c3061d37f1a9cf794a492025d7505660e599b8d27,7b6178d0f5bd6cf3d5c1911276658c4d34537ff8dde9d83dd9e5fb84d7a2c44a,true,20270994
conv-pointwise,2fa842e74a5cfcbf59217c4e1d85f7cf2fd11e09dc5ef429f8510965e0835d00,convolution,ONNX-MLIR LLVM,"onnx-mlir version 0.4.2, onnx version 1.21.0 (https://github.com/onnx/onnx-mlir.git 4a13c34aa695b228599d637cdb772c19b4b18dba)",onnx-mlir-llvm,true,,74,1,745125,0.0,0.0,2015e0220ad9194b33df0c0c3061d37f1a9cf794a492025d7505660e599b8d27,7b6178d0f5bd6cf3d5c1911276658c4d34537ff8dde9d83dd9e5fb84d7a2c44a,true,20270995
conv-pointwise,2fa842e74a5cfcbf59217c4e1d85f7cf2fd11e09dc5ef429f8510965e0835d00,convolution,ONNX-MLIR LLVM,"onnx-mlir version 0.4.2, onnx version 1.21.0 (https://github.com/onnx/onnx-mlir.git 4a13c34aa695b228599d637cdb772c19b4b18dba)",onnx-mlir-llvm,true,,75,1,828459,0.0,0.0,2015e0220ad9194b33df0c0c3061d37f1a9cf794a492025d7505660e599b8d27,7b6178d0f5bd6cf3d5c1911276658c4d34537ff8dde9d83dd9e5fb84d7a2c44a,true,20270996
conv-pointwise,2fa842e74a5cfcbf59217c4e1d85f7cf2fd11e09dc5ef429f8510965e0835d00,convolution,ONNX-MLIR LLVM,"onnx-mlir version 0.4.2, onnx version 1.21.0 (https://github.com/onnx/onnx-mlir.git 4a13c34aa695b228599d637cdb772c19b4b18dba)",onnx-mlir-llvm,true,,76,1,789000,0.0,0.0,2015e0220ad9194b33df0c0c3061d37f1a9cf794a492025d7505660e599b8d27,7b6178d0f5bd6cf3d5c1911276658c4d34537ff8dde9d83dd9e5fb84d7a2c44a,true,20270997
conv-pointwise,2fa842e74a5cfcbf59217c4e1d85f7cf2fd11e09dc5ef429f8510965e0835d00,convolution,ONNX-MLIR LLVM,"onnx-mlir version 0.4.2, onnx version 1.21.0 (https://github.com/onnx/onnx-mlir.git 4a13c34aa695b228599d637cdb772c19b4b18dba)",onnx-mlir-llvm,true,,77,1,817917,0.0,0.0,2015e0220ad9194b33df0c0c3061d37f1a9cf794a492025d7505660e599b8d27,7b6178d0f5bd6cf3d5c1911276658c4d34537ff8dde9d83dd9e5fb84d7a2c44a,true,20270998
conv-pointwise,2fa842e74a5cfcbf59217c4e1d85f7cf2fd11e09dc5ef429f8510965e0835d00,convolution,ONNX-MLIR LLVM,"onnx-mlir version 0.4.2, onnx version 1.21.0 (https://github.com/onnx/onnx-mlir.git 4a13c34aa695b228599d637cdb772c19b4b18dba)",onnx-mlir-llvm,true,,78,1,933333,0.0,0.0,2015e0220ad9194b33df0c0c3061d37f1a9cf794a492025d7505660e599b8d27,7b6178d0f5bd6cf3d5c1911276658c4d34537ff8dde9d83dd9e5fb84d7a2c44a,true,20270999
conv-pointwise,2fa842e74a5cfcbf59217c4e1d85f7cf2fd11e09dc5ef429f8510965e0835d00,convolution,ONNX-MLIR LLVM,"onnx-mlir version 0.4.2, onnx version 1.21.0 (https://github.com/onnx/onnx-mlir.git 4a13c34aa695b228599d637cdb772c19b4b18dba)",onnx-mlir-llvm,true,,79,1,896750,0.0,0.0,2015e0220ad9194b33df0c0c3061d37f1a9cf794a492025d7505660e599b8d27,7b6178d0f5bd6cf3d5c1911276658c4d34537ff8dde9d83dd9e5fb84d7a2c44a,true,20271000
conv-pointwise,2fa842e74a5cfcbf59217c4e1d85f7cf2fd11e09dc5ef429f8510965e0835d00,convolution,ONNX-MLIR LLVM,"onnx-mlir version 0.4.2, onnx version 1.21.0 (https://github.com/onnx/onnx-mlir.git 4a13c34aa695b228599d637cdb772c19b4b18dba)",onnx-mlir-llvm,true,,80,1,908417,0.0,0.0,2015e0220ad9194b33df0c0c3061d37f1a9cf794a492025d7505660e599b8d27,7b6178d0f5bd6cf3d5c1911276658c4d34537ff8dde9d83dd9e5fb84d7a2c44a,true,20271001
conv-pointwise,2fa842e74a5cfcbf59217c4e1d85f7cf2fd11e09dc5ef429f8510965e0835d00,convolution,ONNX-MLIR LLVM,"onnx-mlir version 0.4.2, onnx version 1.21.0 (https://github.com/onnx/onnx-mlir.git 4a13c34aa695b228599d637cdb772c19b4b18dba)",onnx-mlir-llvm,true,,81,1,784583,0.0,0.0,2015e0220ad9194b33df0c0c3061d37f1a9cf794a492025d7505660e599b8d27,7b6178d0f5bd6cf3d5c1911276658c4d34537ff8dde9d83dd9e5fb84d7a2c44a,true,20271002
conv-pointwise,2fa842e74a5cfcbf59217c4e1d85f7cf2fd11e09dc5ef429f8510965e0835d00,convolution,ONNX-MLIR LLVM,"onnx-mlir version 0.4.2, onnx version 1.21.0 (https://github.com/onnx/onnx-mlir.git 4a13c34aa695b228599d637cdb772c19b4b18dba)",onnx-mlir-llvm,true,,82,1,925875,0.0,0.0,2015e0220ad9194b33df0c0c3061d37f1a9cf794a492025d7505660e599b8d27,7b6178d0f5bd6cf3d5c1911276658c4d34537ff8dde9d83dd9e5fb84d7a2c44a,true,20271003
conv-pointwise,2fa842e74a5cfcbf59217c4e1d85f7cf2fd11e09dc5ef429f8510965e0835d00,convolution,ONNX-MLIR LLVM,"onnx-mlir version 0.4.2, onnx version 1.21.0 (https://github.com/onnx/onnx-mlir.git 4a13c34aa695b228599d637cdb772c19b4b18dba)",onnx-mlir-llvm,true,,83,1,916833,0.0,0.0,2015e0220ad9194b33df0c0c3061d37f1a9cf794a492025d7505660e599b8d27,7b6178d0f5bd6cf3d5c1911276658c4d34537ff8dde9d83dd9e5fb84d7a2c44a,true,20271004
conv-pointwise,2fa842e74a5cfcbf59217c4e1d85f7cf2fd11e09dc5ef429f8510965e0835d00,convolution,ONNX-MLIR LLVM,"onnx-mlir version 0.4.2, onnx version 1.21.0 (https://github.com/onnx/onnx-mlir.git 4a13c34aa695b228599d637cdb772c19b4b18dba)",onnx-mlir-llvm,true,,84,1,780292,0.0,0.0,2015e0220ad9194b33df0c0c3061d37f1a9cf794a492025d7505660e599b8d27,7b6178d0f5bd6cf3d5c1911276658c4d34537ff8dde9d83dd9e5fb84d7a2c44a,true,20271005
conv-pointwise,2fa842e74a5cfcbf59217c4e1d85f7cf2fd11e09dc5ef429f8510965e0835d00,convolution,ONNX-MLIR LLVM,"onnx-mlir version 0.4.2, onnx version 1.21.0 (https://github.com/onnx/onnx-mlir.git 4a13c34aa695b228599d637cdb772c19b4b18dba)",onnx-mlir-llvm,true,,85,1,785291,0.0,0.0,2015e0220ad9194b33df0c0c3061d37f1a9cf794a492025d7505660e599b8d27,7b6178d0f5bd6cf3d5c1911276658c4d34537ff8dde9d83dd9e5fb84d7a2c44a,true,20271006
conv-pointwise,2fa842e74a5cfcbf59217c4e1d85f7cf2fd11e09dc5ef429f8510965e0835d00,convolution,ONNX-MLIR LLVM,"onnx-mlir version 0.4.2, onnx version 1.21.0 (https://github.com/onnx/onnx-mlir.git 4a13c34aa695b228599d637cdb772c19b4b18dba)",onnx-mlir-llvm,true,,86,1,717708,0.0,0.0,2015e0220ad9194b33df0c0c3061d37f1a9cf794a492025d7505660e599b8d27,7b6178d0f5bd6cf3d5c1911276658c4d34537ff8dde9d83dd9e5fb84d7a2c44a,true,20271007
conv-pointwise,2fa842e74a5cfcbf59217c4e1d85f7cf2fd11e09dc5ef429f8510965e0835d00,convolution,ONNX-MLIR LLVM,"onnx-mlir version 0.4.2, onnx version 1.21.0 (https://github.com/onnx/onnx-mlir.git 4a13c34aa695b228599d637cdb772c19b4b18dba)",onnx-mlir-llvm,true,,87,1,730541,0.0,0.0,2015e0220ad9194b33df0c0c3061d37f1a9cf794a492025d7505660e599b8d27,7b6178d0f5bd6cf3d5c1911276658c4d34537ff8dde9d83dd9e5fb84d7a2c44a,true,20271008
conv-pointwise,2fa842e74a5cfcbf59217c4e1d85f7cf2fd11e09dc5ef429f8510965e0835d00,convolution,ONNX-MLIR LLVM,"onnx-mlir version 0.4.2, onnx version 1.21.0 (https://github.com/onnx/onnx-mlir.git 4a13c34aa695b228599d637cdb772c19b4b18dba)",onnx-mlir-llvm,true,,88,1,795625,0.0,0.0,2015e0220ad9194b33df0c0c3061d37f1a9cf794a492025d7505660e599b8d27,7b6178d0f5bd6cf3d5c1911276658c4d34537ff8dde9d83dd9e5fb84d7a2c44a,true,20271009
conv-pointwise,2fa842e74a5cfcbf59217c4e1d85f7cf2fd11e09dc5ef429f8510965e0835d00,convolution,ONNX-MLIR LLVM,"onnx-mlir version 0.4.2, onnx version 1.21.0 (https://github.com/onnx/onnx-mlir.git 4a13c34aa695b228599d637cdb772c19b4b18dba)",onnx-mlir-llvm,true,,89,1,760042,0.0,0.0,2015e0220ad9194b33df0c0c3061d37f1a9cf794a492025d7505660e599b8d27,7b6178d0f5bd6cf3d5c1911276658c4d34537ff8dde9d83dd9e5fb84d7a2c44a,true,20271010
conv-pointwise,2fa842e74a5cfcbf59217c4e1d85f7cf2fd11e09dc5ef429f8510965e0835d00,convolution,ONNX-MLIR LLVM,"onnx-mlir version 0.4.2, onnx version 1.21.0 (https://github.com/onnx/onnx-mlir.git 4a13c34aa695b228599d637cdb772c19b4b18dba)",onnx-mlir-llvm,true,,90,1,732583,0.0,0.0,2015e0220ad9194b33df0c0c3061d37f1a9cf794a492025d7505660e599b8d27,7b6178d0f5bd6cf3d5c1911276658c4d34537ff8dde9d83dd9e5fb84d7a2c44a,true,20271011
conv-pointwise,2fa842e74a5cfcbf59217c4e1d85f7cf2fd11e09dc5ef429f8510965e0835d00,convolution,ONNX-MLIR LLVM,"onnx-mlir version 0.4.2, onnx version 1.21.0 (https://github.com/onnx/onnx-mlir.git 4a13c34aa695b228599d637cdb772c19b4b18dba)",onnx-mlir-llvm,true,,91,1,771083,0.0,0.0,2015e0220ad9194b33df0c0c3061d37f1a9cf794a492025d7505660e599b8d27,7b6178d0f5bd6cf3d5c1911276658c4d34537ff8dde9d83dd9e5fb84d7a2c44a,true,20271012
conv-pointwise,2fa842e74a5cfcbf59217c4e1d85f7cf2fd11e09dc5ef429f8510965e0835d00,convolution,ONNX-MLIR LLVM,"onnx-mlir version 0.4.2, onnx version 1.21.0 (https://github.com/onnx/onnx-mlir.git 4a13c34aa695b228599d637cdb772c19b4b18dba)",onnx-mlir-llvm,true,,92,1,763667,0.0,0.0,2015e0220ad9194b33df0c0c3061d37f1a9cf794a492025d7505660e599b8d27,7b6178d0f5bd6cf3d5c1911276658c4d34537ff8dde9d83dd9e5fb84d7a2c44a,true,20271013
conv-pointwise,2fa842e74a5cfcbf59217c4e1d85f7cf2fd11e09dc5ef429f8510965e0835d00,convolution,ONNX-MLIR LLVM,"onnx-mlir version 0.4.2, onnx version 1.21.0 (https://github.com/onnx/onnx-mlir.git 4a13c34aa695b228599d637cdb772c19b4b18dba)",onnx-mlir-llvm,true,,93,1,758416,0.0,0.0,2015e0220ad9194b33df0c0c3061d37f1a9cf794a492025d7505660e599b8d27,7b6178d0f5bd6cf3d5c1911276658c4d34537ff8dde9d83dd9e5fb84d7a2c44a,true,20271014
conv-pointwise,2fa842e74a5cfcbf59217c4e1d85f7cf2fd11e09dc5ef429f8510965e0835d00,convolution,ONNX-MLIR LLVM,"onnx-mlir version 0.4.2, onnx version 1.21.0 (https://github.com/onnx/onnx-mlir.git 4a13c34aa695b228599d637cdb772c19b4b18dba)",onnx-mlir-llvm,true,,94,1,706125,0.0,0.0,2015e0220ad9194b33df0c0c3061d37f1a9cf794a492025d7505660e599b8d27,7b6178d0f5bd6cf3d5c1911276658c4d34537ff8dde9d83dd9e5fb84d7a2c44a,true,20271015
conv-pointwise,2fa842e74a5cfcbf59217c4e1d85f7cf2fd11e09dc5ef429f8510965e0835d00,convolution,ONNX-MLIR LLVM,"onnx-mlir version 0.4.2, onnx version 1.21.0 (https://github.com/onnx/onnx-mlir.git 4a13c34aa695b228599d637cdb772c19b4b18dba)",onnx-mlir-llvm,true,,95,1,705708,0.0,0.0,2015e0220ad9194b33df0c0c3061d37f1a9cf794a492025d7505660e599b8d27,7b6178d0f5bd6cf3d5c1911276658c4d34537ff8dde9d83dd9e5fb84d7a2c44a,true,20271016
conv-pointwise,2fa842e74a5cfcbf59217c4e1d85f7cf2fd11e09dc5ef429f8510965e0835d00,convolution,ONNX-MLIR LLVM,"onnx-mlir version 0.4.2, onnx version 1.21.0 (https://github.com/onnx/onnx-mlir.git 4a13c34aa695b228599d637cdb772c19b4b18dba)",onnx-mlir-llvm,true,,96,1,706167,0.0,0.0,2015e0220ad9194b33df0c0c3061d37f1a9cf794a492025d7505660e599b8d27,7b6178d0f5bd6cf3d5c1911276658c4d34537ff8dde9d83dd9e5fb84d7a2c44a,true,20271017
conv-pointwise,2fa842e74a5cfcbf59217c4e1d85f7cf2fd11e09dc5ef429f8510965e0835d00,convolution,ONNX-MLIR LLVM,"onnx-mlir version 0.4.2, onnx version 1.21.0 (https://github.com/onnx/onnx-mlir.git 4a13c34aa695b228599d637cdb772c19b4b18dba)",onnx-mlir-llvm,true,,97,1,709958,0.0,0.0,2015e0220ad9194b33df0c0c3061d37f1a9cf794a492025d7505660e599b8d27,7b6178d0f5bd6cf3d5c1911276658c4d34537ff8dde9d83dd9e5fb84d7a2c44a,true,20271018
conv-pointwise,2fa842e74a5cfcbf59217c4e1d85f7cf2fd11e09dc5ef429f8510965e0835d00,convolution,ONNX-MLIR LLVM,"onnx-mlir version 0.4.2, onnx version 1.21.0 (https://github.com/onnx/onnx-mlir.git 4a13c34aa695b228599d637cdb772c19b4b18dba)",onnx-mlir-llvm,true,,98,1,722625,0.0,0.0,2015e0220ad9194b33df0c0c3061d37f1a9cf794a492025d7505660e599b8d27,7b6178d0f5bd6cf3d5c1911276658c4d34537ff8dde9d83dd9e5fb84d7a2c44a,true,20271019
conv-pointwise,2fa842e74a5cfcbf59217c4e1d85f7cf2fd11e09dc5ef429f8510965e0835d00,convolution,ONNX-MLIR LLVM,"onnx-mlir version 0.4.2, onnx version 1.21.0 (https://github.com/onnx/onnx-mlir.git 4a13c34aa695b228599d637cdb772c19b4b18dba)",onnx-mlir-llvm,true,,99,1,737333,0.0,0.0,2015e0220ad9194b33df0c0c3061d37f1a9cf794a492025d7505660e599b8d27,7b6178d0f5bd6cf3d5c1911276658c4d34537ff8dde9d83dd9e5fb84d7a2c44a,true,20271020
red-sum-row,2fa842e74a5cfcbf59217c4e1d85f7cf2fd11e09dc5ef429f8510965e0835d00,reduction,ONNX-MLIR LLVM,"onnx-mlir version 0.4.2, onnx version 1.21.0 (https://github.com/onnx/onnx-mlir.git 4a13c34aa695b228599d637cdb772c19b4b18dba)",onnx-mlir-llvm,true,,0,100,84260,5.7220458984375e-05,7.468756325103012e-05,e6bb5cf9009d89c31a794b66f807b1cea8638a0089d156dab71d84be49862be7,e49064200a53f7b44fe3c4e721f05ffaf1541c994a2c8f5d298457f81ae16f96,true,20270921
red-sum-row,2fa842e74a5cfcbf59217c4e1d85f7cf2fd11e09dc5ef429f8510965e0835d00,reduction,ONNX-MLIR LLVM,"onnx-mlir version 0.4.2, onnx version 1.21.0 (https://github.com/onnx/onnx-mlir.git 4a13c34aa695b228599d637cdb772c19b4b18dba)",onnx-mlir-llvm,true,,1,100,65062,5.7220458984375e-05,7.468756325103012e-05,e6bb5cf9009d89c31a794b66f807b1cea8638a0089d156dab71d84be49862be7,e49064200a53f7b44fe3c4e721f05ffaf1541c994a2c8f5d298457f81ae16f96,true,20270922
red-sum-row,2fa842e74a5cfcbf59217c4e1d85f7cf2fd11e09dc5ef429f8510965e0835d00,reduction,ONNX-MLIR LLVM,"onnx-mlir version 0.4.2, onnx version 1.21.0 (https://github.com/onnx/onnx-mlir.git 4a13c34aa695b228599d637cdb772c19b4b18dba)",onnx-mlir-llvm,true,,2,100,86138,5.7220458984375e-05,7.468756325103012e-05,e6bb5cf9009d89c31a794b66f807b1cea8638a0089d156dab71d84be49862be7,e49064200a53f7b44fe3c4e721f05ffaf1541c994a2c8f5d298457f81ae16f96,true,20270923
red-sum-row,2fa842e74a5cfcbf59217c4e1d85f7cf2fd11e09dc5ef429f8510965e0835d00,reduction,ONNX-MLIR LLVM,"onnx-mlir version 0.4.2, onnx version 1.21.0 (https://github.com/onnx/onnx-mlir.git 4a13c34aa695b228599d637cdb772c19b4b18dba)",onnx-mlir-llvm,true,,3,100,75760,5.7220458984375e-05,7.468756325103012e-05,e6bb5cf9009d89c31a794b66f807b1cea8638a0089d156dab71d84be49862be7,e49064200a53f7b44fe3c4e721f05ffaf1541c994a2c8f5d298457f81ae16f96,true,20270924
red-sum-row,2fa842e74a5cfcbf59217c4e1d85f7cf2fd11e09dc5ef429f8510965e0835d00,reduction,ONNX-MLIR LLVM,"onnx-mlir version 0.4.2, onnx version 1.21.0 (https://github.com/onnx/onnx-mlir.git 4a13c34aa695b228599d637cdb772c19b4b18dba)",onnx-mlir-llvm,true,,4,100,73321,5.7220458984375e-05,7.468756325103012e-05,e6bb5cf9009d89c31a794b66f807b1cea8638a0089d156dab71d84be49862be7,e49064200a53f7b44fe3c4e721f05ffaf1541c994a2c8f5d298457f81ae16f96,true,20270925
red-sum-row,2fa842e74a5cfcbf59217c4e1d85f7cf2fd11e09dc5ef429f8510965e0835d00,reduction,ONNX-MLIR LLVM,"onnx-mlir version 0.4.2, onnx version 1.21.0 (https://github.com/onnx/onnx-mlir.git 4a13c34aa695b228599d637cdb772c19b4b18dba)",onnx-mlir-llvm,true,,5,100,75824,5.7220458984375e-05,7.468756325103012e-05,e6bb5cf9009d89c31a794b66f807b1cea8638a0089d156dab71d84be49862be7,e49064200a53f7b44fe3c4e721f05ffaf1541c994a2c8f5d298457f81ae16f96,true,20270926
red-sum-row,2fa842e74a5cfcbf59217c4e1d85f7cf2fd11e09dc5ef429f8510965e0835d00,reduction,ONNX-MLIR LLVM,"onnx-mlir version 0.4.2, onnx version 1.21.0 (https://github.com/onnx/onnx-mlir.git 4a13c34aa695b228599d637cdb772c19b4b18dba)",onnx-mlir-llvm,true,,6,100,69600,5.7220458984375e-05,7.468756325103012e-05,e6bb5cf9009d89c31a794b66f807b1cea8638a0089d156dab71d84be49862be7,e49064200a53f7b44fe3c4e721f05ffaf1541c994a2c8f5d298457f81ae16f96,true,20270927
red-sum-row,2fa842e74a5cfcbf59217c4e1d85f7cf2fd11e09dc5ef429f8510965e0835d00,reduction,ONNX-MLIR LLVM,"onnx-mlir version 0.4.2, onnx version 1.21.0 (https://github.com/onnx/onnx-mlir.git 4a13c34aa695b228599d637cdb772c19b4b18dba)",onnx-mlir-llvm,true,,7,100,66685,5.7220458984375e-05,7.468756325103012e-05,e6bb5cf9009d89c31a794b66f807b1cea8638a0089d156dab71d84be49862be7,e49064200a53f7b44fe3c4e721f05ffaf1541c994a2c8f5d298457f81ae16f96,true,20270928
red-sum-row,2fa842e74a5cfcbf59217c4e1d85f7cf2fd11e09dc5ef429f8510965e0835d00,reduction,ONNX-MLIR LLVM,"onnx-mlir version 0.4.2, onnx version 1.21.0 (https://github.com/onnx/onnx-mlir.git 4a13c34aa695b228599d637cdb772c19b4b18dba)",onnx-mlir-llvm,true,,8,100,64102,5.7220458984375e-05,7.468756325103012e-05,e6bb5cf9009d89c31a794b66f807b1cea8638a0089d156dab71d84be49862be7,e49064200a53f7b44fe3c4e721f05ffaf1541c994a2c8f5d298457f81ae16f96,true,20270929
red-sum-row,2fa842e74a5cfcbf59217c4e1d85f7cf2fd11e09dc5ef429f8510965e0835d00,reduction,ONNX-MLIR LLVM,"onnx-mlir version 0.4.2, onnx version 1.21.0 (https://github.com/onnx/onnx-mlir.git 4a13c34aa695b228599d637cdb772c19b4b18dba)",onnx-mlir-llvm,true,,9,100,60592,5.7220458984375e-05,7.468756325103012e-05,e6bb5cf9009d89c31a794b66f807b1cea8638a0089d156dab71d84be49862be7,e49064200a53f7b44fe3c4e721f05ffaf1541c994a2c8f5d298457f81ae16f96,true,20270930
red-sum-row,2fa842e74a5cfcbf59217c4e1d85f7cf2fd11e09dc5ef429f8510965e0835d00,reduction,ONNX-MLIR LLVM,"onnx-mlir version 0.4.2, onnx version 1.21.0 (https://github.com/onnx/onnx-mlir.git 4a13c34aa695b228599d637cdb772c19b4b18dba)",onnx-mlir-llvm,true,,10,100,61164,5.7220458984375e-05,7.468756325103012e-05,e6bb5cf9009d89c31a794b66f807b1cea8638a0089d156dab71d84be49862be7,e49064200a53f7b44fe3c4e721f05ffaf1541c994a2c8f5d298457f81ae16f96,true,20270931
red-sum-row,2fa842e74a5cfcbf59217c4e1d85f7cf2fd11e09dc5ef429f8510965e0835d00,reduction,ONNX-MLIR LLVM,"onnx-mlir version 0.4.2, onnx version 1.21.0 (https://github.com/onnx/onnx-mlir.git 4a13c34aa695b228599d637cdb772c19b4b18dba)",onnx-mlir-llvm,true,,11,100,62013,5.7220458984375e-05,7.468756325103012e-05,e6bb5cf9009d89c31a794b66f807b1cea8638a0089d156dab71d84be49862be7,e49064200a53f7b44fe3c4e721f05ffaf1541c994a2c8f5d298457f81ae16f96,true,20270932
red-sum-row,2fa842e74a5cfcbf59217c4e1d85f7cf2fd11e09dc5ef429f8510965e0835d00,reduction,ONNX-MLIR LLVM,"onnx-mlir version 0.4.2, onnx version 1.21.0 (https://github.com/onnx/onnx-mlir.git 4a13c34aa695b228599d637cdb772c19b4b18dba)",onnx-mlir-llvm,true,,12,100,60022,5.7220458984375e-05,7.468756325103012e-05,e6bb5cf9009d89c31a794b66f807b1cea8638a0089d156dab71d84be49862be7,e49064200a53f7b44fe3c4e721f05ffaf1541c994a2c8f5d298457f81ae16f96,true,20270933
red-sum-row,2fa842e74a5cfcbf59217c4e1d85f7cf2fd11e09dc5ef429f8510965e0835d00,reduction,ONNX-MLIR LLVM,"onnx-mlir version 0.4.2, onnx version 1.21.0 (https://github.com/onnx/onnx-mlir.git 4a13c34aa695b228599d637cdb772c19b4b18dba)",onnx-mlir-llvm,true,,13,100,60664,5.7220458984375e-05,7.468756325103012e-05,e6bb5cf9009d89c31a794b66f807b1cea8638a0089d156dab71d84be49862be7,e49064200a53f7b44fe3c4e721f05ffaf1541c994a2c8f5d298457f81ae16f96,true,20270934
red-sum-row,2fa842e74a5cfcbf59217c4e1d85f7cf2fd11e09dc5ef429f8510965e0835d00,reduction,ONNX-MLIR LLVM,"onnx-mlir version 0.4.2, onnx version 1.21.0 (https://github.com/onnx/onnx-mlir.git 4a13c34aa695b228599d637cdb772c19b4b18dba)",onnx-mlir-llvm,true,,14,100,62532,5.7220458984375e-05,7.468756325103012e-05,e6bb5cf9009d89c31a794b66f807b1cea8638a0089d156dab71d84be49862be7,e49064200a53f7b44fe3c4e721f05ffaf1541c994a2c8f5d298457f81ae16f96,true,20270935
red-sum-row,2fa842e74a5cfcbf59217c4e1d85f7cf2fd11e09dc5ef429f8510965e0835d00,reduction,ONNX-MLIR LLVM,"onnx-mlir version 0.4.2, onnx version 1.21.0 (https://github.com/onnx/onnx-mlir.git 4a13c34aa695b228599d637cdb772c19b4b18dba)",onnx-mlir-llvm,true,,15,100,61595,5.7220458984375e-05,7.468756325103012e-05,e6bb5cf9009d89c31a794b66f807b1cea8638a0089d156dab71d84be49862be7,e49064200a53f7b44fe3c4e721f05ffaf1541c994a2c8f5d298457f81ae16f96,true,20270936
red-sum-row,2fa842e74a5cfcbf59217c4e1d85f7cf2fd11e09dc5ef429f8510965e0835d00,reduction,ONNX-MLIR LLVM,"onnx-mlir version 0.4.2, onnx version 1.21.0 (https://github.com/onnx/onnx-mlir.git 4a13c34aa695b228599d637cdb772c19b4b18dba)",onnx-mlir-llvm,true,,16,100,61697,5.7220458984375e-05,7.468756325103012e-05,e6bb5cf9009d89c31a794b66f807b1cea8638a0089d156dab71d84be49862be7,e49064200a53f7b44fe3c4e721f05ffaf1541c994a2c8f5d298457f81ae16f96,true,20270937
red-sum-row,2fa842e74a5cfcbf59217c4e1d85f7cf2fd11e09dc5ef429f8510965e0835d00,reduction,ONNX-MLIR LLVM,"onnx-mlir version 0.4.2, onnx version 1.21.0 (https://github.com/onnx/onnx-mlir.git 4a13c34aa695b228599d637cdb772c19b4b18dba)",onnx-mlir-llvm,true,,17,100,60360,5.7220458984375e-05,7.468756325103012e-05,e6bb5cf9009d89c31a794b66f807b1cea8638a0089d156dab71d84be49862be7,e49064200a53f7b44fe3c4e721f05ffaf1541c994a2c8f5d298457f81ae16f96,true,20270938
red-sum-row,2fa842e74a5cfcbf59217c4e1d85f7cf2fd11e09dc5ef429f8510965e0835d00,reduction,ONNX-MLIR LLVM,"onnx-mlir version 0.4.2, onnx version 1.21.0 (https://github.com/onnx/onnx-mlir.git 4a13c34aa695b228599d637cdb772c19b4b18dba)",onnx-mlir-llvm,true,,18,100,60641,5.7220458984375e-05,7.468756325103012e-05,e6bb5cf9009d89c31a794b66f807b1cea8638a0089d156dab71d84be49862be7,e49064200a53f7b44fe3c4e721f05ffaf1541c994a2c8f5d298457f81ae16f96,true,20270939
red-sum-row,2fa842e74a5cfcbf59217c4e1d85f7cf2fd11e09dc5ef429f8510965e0835d00,reduction,ONNX-MLIR LLVM,"onnx-mlir version 0.4.2, onnx version 1.21.0 (https://github.com/onnx/onnx-mlir.git 4a13c34aa695b228599d637cdb772c19b4b18dba)",onnx-mlir-llvm,true,,19,100,61891,5.7220458984375e-05,7.468756325103012e-05,e6bb5cf9009d89c31a794b66f807b1cea8638a0089d156dab71d84be49862be7,e49064200a53f7b44fe3c4e721f05ffaf1541c994a2c8f5d298457f81ae16f96,true,20270940
red-sum-row,2fa842e74a5cfcbf59217c4e1d85f7cf2fd11e09dc5ef429f8510965e0835d00,reduction,ONNX-MLIR LLVM,"onnx-mlir version 0.4.2, onnx version 1.21.0 (https://github.com/onnx/onnx-mlir.git 4a13c34aa695b228599d637cdb772c19b4b18dba)",onnx-mlir-llvm,true,,20,100,60140,5.7220458984375e-05,7.468756325103012e-05,e6bb5cf9009d89c31a794b66f807b1cea8638a0089d156dab71d84be49862be7,e49064200a53f7b44fe3c4e721f05ffaf1541c994a2c8f5d298457f81ae16f96,true,20270941
red-sum-row,2fa842e74a5cfcbf59217c4e1d85f7cf2fd11e09dc5ef429f8510965e0835d00,reduction,ONNX-MLIR LLVM,"onnx-mlir version 0.4.2, onnx version 1.21.0 (https://github.com/onnx/onnx-mlir.git 4a13c34aa695b228599d637cdb772c19b4b18dba)",onnx-mlir-llvm,true,,21,100,60274,5.7220458984375e-05,7.468756325103012e-05,e6bb5cf9009d89c31a794b66f807b1cea8638a0089d156dab71d84be49862be7,e49064200a53f7b44fe3c4e721f05ffaf1541c994a2c8f5d298457f81ae16f96,true,20270942
red-sum-row,2fa842e74a5cfcbf59217c4e1d85f7cf2fd11e09dc5ef429f8510965e0835d00,reduction,ONNX-MLIR LLVM,"onnx-mlir version 0.4.2, onnx version 1.21.0 (https://github.com/onnx/onnx-mlir.git 4a13c34aa695b228599d637cdb772c19b4b18dba)",onnx-mlir-llvm,true,,22,100,60650,5.7220458984375e-05,7.468756325103012e-05,e6bb5cf9009d89c31a794b66f807b1cea8638a0089d156dab71d84be49862be7,e49064200a53f7b44fe3c4e721f05ffaf1541c994a2c8f5d298457f81ae16f96,true,20270943
red-sum-row,2fa842e74a5cfcbf59217c4e1d85f7cf2fd11e09dc5ef429f8510965e0835d00,reduction,ONNX-MLIR LLVM,"onnx-mlir version 0.4.2, onnx version 1.21.0 (https://github.com/onnx/onnx-mlir.git 4a13c34aa695b228599d637cdb772c19b4b18dba)",onnx-mlir-llvm,true,,23,100,60431,5.7220458984375e-05,7.468756325103012e-05,e6bb5cf9009d89c31a794b66f807b1cea8638a0089d156dab71d84be49862be7,e49064200a53f7b44fe3c4e721f05ffaf1541c994a2c8f5d298457f81ae16f96,true,20270944
red-sum-row,2fa842e74a5cfcbf59217c4e1d85f7cf2fd11e09dc5ef429f8510965e0835d00,reduction,ONNX-MLIR LLVM,"onnx-mlir version 0.4.2, onnx version 1.21.0 (https://github.com/onnx/onnx-mlir.git 4a13c34aa695b228599d637cdb772c19b4b18dba)",onnx-mlir-llvm,true,,24,100,61262,5.7220458984375e-05,7.468756325103012e-05,e6bb5cf9009d89c31a794b66f807b1cea8638a0089d156dab71d84be49862be7,e49064200a53f7b44fe3c4e721f05ffaf1541c994a2c8f5d298457f81ae16f96,true,20270945
red-sum-row,2fa842e74a5cfcbf59217c4e1d85f7cf2fd11e09dc5ef429f8510965e0835d00,reduction,ONNX-MLIR LLVM,"onnx-mlir version 0.4.2, onnx version 1.21.0 (https://github.com/onnx/onnx-mlir.git 4a13c34aa695b228599d637cdb772c19b4b18dba)",onnx-mlir-llvm,true,,25,100,60872,5.7220458984375e-05,7.468756325103012e-05,e6bb5cf9009d89c31a794b66f807b1cea8638a0089d156dab71d84be49862be7,e49064200a53f7b44fe3c4e721f05ffaf1541c994a2c8f5d298457f81ae16f96,true,20270946
red-sum-row,2fa842e74a5cfcbf59217c4e1d85f7cf2fd11e09dc5ef429f8510965e0835d00,reduction,ONNX-MLIR LLVM,"onnx-mlir version 0.4.2, onnx version 1.21.0 (https://github.com/onnx/onnx-mlir.git 4a13c34aa695b228599d637cdb772c19b4b18dba)",onnx-mlir-llvm,true,,26,100,60071,5.7220458984375e-05,7.468756325103012e-05,e6bb5cf9009d89c31a794b66f807b1cea8638a0089d156dab71d84be49862be7,e49064200a53f7b44fe3c4e721f05ffaf1541c994a2c8f5d298457f81ae16f96,true,20270947
red-sum-row,2fa842e74a5cfcbf59217c4e1d85f7cf2fd11e09dc5ef429f8510965e0835d00,reduction,ONNX-MLIR LLVM,"onnx-mlir version 0.4.2, onnx version 1.21.0 (https://github.com/onnx/onnx-mlir.git 4a13c34aa695b228599d637cdb772c19b4b18dba)",onnx-mlir-llvm,true,,27,100,61114,5.7220458984375e-05,7.468756325103012e-05,e6bb5cf9009d89c31a794b66f807b1cea8638a0089d156dab71d84be49862be7,e49064200a53f7b44fe3c4e721f05ffaf1541c994a2c8f5d298457f81ae16f96,true,20270948
red-sum-row,2fa842e74a5cfcbf59217c4e1d85f7cf2fd11e09dc5ef429f8510965e0835d00,reduction,ONNX-MLIR LLVM,"onnx-mlir version 0.4.2, onnx version 1.21.0 (https://github.com/onnx/onnx-mlir.git 4a13c34aa695b228599d637cdb772c19b4b18dba)",onnx-mlir-llvm,true,,28,100,59713,5.7220458984375e-05,7.468756325103012e-05,e6bb5cf9009d89c31a794b66f807b1cea8638a0089d156dab71d84be49862be7,e49064200a53f7b44fe3c4e721f05ffaf1541c994a2c8f5d298457f81ae16f96,true,20270949
red-sum-row,2fa842e74a5cfcbf59217c4e1d85f7cf2fd11e09dc5ef429f8510965e0835d00,reduction,ONNX-MLIR LLVM,"onnx-mlir version 0.4.2, onnx version 1.21.0 (https://github.com/onnx/onnx-mlir.git 4a13c34aa695b228599d637cdb772c19b4b18dba)",onnx-mlir-llvm,true,,29,100,60030,5.7220458984375e-05,7.468756325103012e-05,e6bb5cf9009d89c31a794b66f807b1cea8638a0089d156dab71d84be49862be7,e49064200a53f7b44fe3c4e721f05ffaf1541c994a2c8f5d298457f81ae16f96,true,20270950
red-sum-row,2fa842e74a5cfcbf59217c4e1d85f7cf2fd11e09dc5ef429f8510965e0835d00,reduction,ONNX-MLIR LLVM,"onnx-mlir version 0.4.2, onnx version 1.21.0 (https://github.com/onnx/onnx-mlir.git 4a13c34aa695b228599d637cdb772c19b4b18dba)",onnx-mlir-llvm,true,,30,100,61586,5.7220458984375e-05,7.468756325103012e-05,e6bb5cf9009d89c31a794b66f807b1cea8638a0089d156dab71d84be49862be7,e49064200a53f7b44fe3c4e721f05ffaf1541c994a2c8f5d298457f81ae16f96,true,20270951
red-sum-row,2fa842e74a5cfcbf59217c4e1d85f7cf2fd11e09dc5ef429f8510965e0835d00,reduction,ONNX-MLIR LLVM,"onnx-mlir version 0.4.2, onnx version 1.21.0 (https://github.com/onnx/onnx-mlir.git 4a13c34aa695b228599d637cdb772c19b4b18dba)",onnx-mlir-llvm,true,,31,100,61107,5.7220458984375e-05,7.468756325103012e-05,e6bb5cf9009d89c31a794b66f807b1cea8638a0089d156dab71d84be49862be7,e49064200a53f7b44fe3c4e721f05ffaf1541c994a2c8f5d298457f81ae16f96,true,20270952
red-sum-row,2fa842e74a5cfcbf59217c4e1d85f7cf2fd11e09dc5ef429f8510965e0835d00,reduction,ONNX-MLIR LLVM,"onnx-mlir version 0.4.2, onnx version 1.21.0 (https://github.com/onnx/onnx-mlir.git 4a13c34aa695b228599d637cdb772c19b4b18dba)",onnx-mlir-llvm,true,,32,100,60892,5.7220458984375e-05,7.468756325103012e-05,e6bb5cf9009d89c31a794b66f807b1cea8638a0089d156dab71d84be49862be7,e49064200a53f7b44fe3c4e721f05ffaf1541c994a2c8f5d298457f81ae16f96,true,20270953
red-sum-row,2fa842e74a5cfcbf59217c4e1d85f7cf2fd11e09dc5ef429f8510965e0835d00,reduction,ONNX-MLIR LLVM,"onnx-mlir version 0.4.2, onnx version 1.21.0 (https://github.com/onnx/onnx-mlir.git 4a13c34aa695b228599d637cdb772c19b4b18dba)",onnx-mlir-llvm,true,,33,100,61579,5.7220458984375e-05,7.468756325103012e-05,e6bb5cf9009d89c31a794b66f807b1cea8638a0089d156dab71d84be49862be7,e49064200a53f7b44fe3c4e721f05ffaf1541c994a2c8f5d298457f81ae16f96,true,20270954
red-sum-row,2fa842e74a5cfcbf59217c4e1d85f7cf2fd11e09dc5ef429f8510965e0835d00,reduction,ONNX-MLIR LLVM,"onnx-mlir version 0.4.2, onnx version 1.21.0 (https://github.com/onnx/onnx-mlir.git 4a13c34aa695b228599d637cdb772c19b4b18dba)",onnx-mlir-llvm,true,,34,100,60799,5.7220458984375e-05,7.468756325103012e-05,e6bb5cf9009d89c31a794b66f807b1cea8638a0089d156dab71d84be49862be7,e49064200a53f7b44fe3c4e721f05ffaf1541c994a2c8f5d298457f81ae16f96,true,20270955
red-sum-row,2fa842e74a5cfcbf59217c4e1d85f7cf2fd11e09dc5ef429f8510965e0835d00,reduction,ONNX-MLIR LLVM,"onnx-mlir version 0.4.2, onnx version 1.21.0 (https://github.com/onnx/onnx-mlir.git 4a13c34aa695b228599d637cdb772c19b4b18dba)",onnx-mlir-llvm,true,,35,100,61507,5.7220458984375e-05,7.468756325103012e-05,e6bb5cf9009d89c31a794b66f807b1cea8638a0089d156dab71d84be49862be7,e49064200a53f7b44fe3c4e721f05ffaf1541c994a2c8f5d298457f81ae16f96,true,20270956
red-sum-row,2fa842e74a5cfcbf59217c4e1d85f7cf2fd11e09dc5ef429f8510965e0835d00,reduction,ONNX-MLIR LLVM,"onnx-mlir version 0.4.2, onnx version 1.21.0 (https://github.com/onnx/onnx-mlir.git 4a13c34aa695b228599d637cdb772c19b4b18dba)",onnx-mlir-llvm,true,,36,100,60683,5.7220458984375e-05,7.468756325103012e-05,e6bb5cf9009d89c31a794b66f807b1cea8638a0089d156dab71d84be49862be7,e49064200a53f7b44fe3c4e721f05ffaf1541c994a2c8f5d298457f81ae16f96,true,20270957
red-sum-row,2fa842e74a5cfcbf59217c4e1d85f7cf2fd11e09dc5ef429f8510965e0835d00,reduction,ONNX-MLIR LLVM,"onnx-mlir version 0.4.2, onnx version 1.21.0 (https://github.com/onnx/onnx-mlir.git 4a13c34aa695b228599d637cdb772c19b4b18dba)",onnx-mlir-llvm,true,,37,100,60470,5.7220458984375e-05,7.468756325103012e-05,e6bb5cf9009d89c31a794b66f807b1cea8638a0089d156dab71d84be49862be7,e49064200a53f7b44fe3c4e721f05ffaf1541c994a2c8f5d298457f81ae16f96,true,20270958
red-sum-row,2fa842e74a5cfcbf59217c4e1d85f7cf2fd11e09dc5ef429f8510965e0835d00,reduction,ONNX-MLIR LLVM,"onnx-mlir version 0.4.2, onnx version 1.21.0 (https://github.com/onnx/onnx-mlir.git 4a13c34aa695b228599d637cdb772c19b4b18dba)",onnx-mlir-llvm,true,,38,100,61801,5.7220458984375e-05,7.468756325103012e-05,e6bb5cf9009d89c31a794b66f807b1cea8638a0089d156dab71d84be49862be7,e49064200a53f7b44fe3c4e721f05ffaf1541c994a2c8f5d298457f81ae16f96,true,20270959
red-sum-row,2fa842e74a5cfcbf59217c4e1d85f7cf2fd11e09dc5ef429f8510965e0835d00,reduction,ONNX-MLIR LLVM,"onnx-mlir version 0.4.2, onnx version 1.21.0 (https://github.com/onnx/onnx-mlir.git 4a13c34aa695b228599d637cdb772c19b4b18dba)",onnx-mlir-llvm,true,,39,100,60304,5.7220458984375e-05,7.468756325103012e-05,e6bb5cf9009d89c31a794b66f807b1cea8638a0089d156dab71d84be49862be7,e49064200a53f7b44fe3c4e721f05ffaf1541c994a2c8f5d298457f81ae16f96,true,20270960
red-sum-row,2fa842e74a5cfcbf59217c4e1d85f7cf2fd11e09dc5ef429f8510965e0835d00,reduction,ONNX-MLIR LLVM,"onnx-mlir version 0.4.2, onnx version 1.21.0 (https://github.com/onnx/onnx-mlir.git 4a13c34aa695b228599d637cdb772c19b4b18dba)",onnx-mlir-llvm,true,,40,100,60521,5.7220458984375e-05,7.468756325103012e-05,e6bb5cf9009d89c31a794b66f807b1cea8638a0089d156dab71d84be49862be7,e49064200a53f7b44fe3c4e721f05ffaf1541c994a2c8f5d298457f81ae16f96,true,20270961
red-sum-row,2fa842e74a5cfcbf59217c4e1d85f7cf2fd11e09dc5ef429f8510965e0835d00,reduction,ONNX-MLIR LLVM,"onnx-mlir version 0.4.2, onnx version 1.21.0 (https://github.com/onnx/onnx-mlir.git 4a13c34aa695b228599d637cdb772c19b4b18dba)",onnx-mlir-llvm,true,,41,100,61875,5.7220458984375e-05,7.468756325103012e-05,e6bb5cf9009d89c31a794b66f807b1cea8638a0089d156dab71d84be49862be7,e49064200a53f7b44fe3c4e721f05ffaf1541c994a2c8f5d298457f81ae16f96,true,20270962
red-sum-row,2fa842e74a5cfcbf59217c4e1d85f7cf2fd11e09dc5ef429f8510965e0835d00,reduction,ONNX-MLIR LLVM,"onnx-mlir version 0.4.2, onnx version 1.21.0 (https://github.com/onnx/onnx-mlir.git 4a13c34aa695b228599d637cdb772c19b4b18dba)",onnx-mlir-llvm,true,,42,100,60332,5.7220458984375e-05,7.468756325103012e-05,e6bb5cf9009d89c31a794b66f807b1cea8638a0089d156dab71d84be49862be7,e49064200a53f7b44fe3c4e721f05ffaf1541c994a2c8f5d298457f81ae16f96,true,20270963
red-sum-row,2fa842e74a5cfcbf59217c4e1d85f7cf2fd11e09dc5ef429f8510965e0835d00,reduction,ONNX-MLIR LLVM,"onnx-mlir version 0.4.2, onnx version 1.21.0 (https://github.com/onnx/onnx-mlir.git 4a13c34aa695b228599d637cdb772c19b4b18dba)",onnx-mlir-llvm,true,,43,100,60104,5.7220458984375e-05,7.468756325103012e-05,e6bb5cf9009d89c31a794b66f807b1cea8638a0089d156dab71d84be49862be7,e49064200a53f7b44fe3c4e721f05ffaf1541c994a2c8f5d298457f81ae16f96,true,20270964
red-sum-row,2fa842e74a5cfcbf59217c4e1d85f7cf2fd11e09dc5ef429f8510965e0835d00,reduction,ONNX-MLIR LLVM,"onnx-mlir version 0.4.2, onnx version 1.21.0 (https://github.com/onnx/onnx-mlir.git 4a13c34aa695b228599d637cdb772c19b4b18dba)",onnx-mlir-llvm,true,,44,100,59835,5.7220458984375e-05,7.468756325103012e-05,e6bb5cf9009d89c31a794b66f807b1cea8638a0089d156dab71d84be49862be7,e49064200a53f7b44fe3c4e721f05ffaf1541c994a2c8f5d298457f81ae16f96,true,20270965
red-sum-row,2fa842e74a5cfcbf59217c4e1d85f7cf2fd11e09dc5ef429f8510965e0835d00,reduction,ONNX-MLIR LLVM,"onnx-mlir version 0.4.2, onnx version 1.21.0 (https://github.com/onnx/onnx-mlir.git 4a13c34aa695b228599d637cdb772c19b4b18dba)",onnx-mlir-llvm,true,,45,100,59784,5.7220458984375e-05,7.468756325103012e-05,e6bb5cf9009d89c31a794b66f807b1cea8638a0089d156dab71d84be49862be7,e49064200a53f7b44fe3c4e721f05ffaf1541c994a2c8f5d298457f81ae16f96,true,20270966
red-sum-row,2fa842e74a5cfcbf59217c4e1d85f7cf2fd11e09dc5ef429f8510965e0835d00,reduction,ONNX-MLIR LLVM,"onnx-mlir version 0.4.2, onnx version 1.21.0 (https://github.com/onnx/onnx-mlir.git 4a13c34aa695b228599d637cdb772c19b4b18dba)",onnx-mlir-llvm,true,,46,100,60401,5.7220458984375e-05,7.468756325103012e-05,e6bb5cf9009d89c31a794b66f807b1cea8638a0089d156dab71d84be49862be7,e49064200a53f7b44fe3c4e721f05ffaf1541c994a2c8f5d298457f81ae16f96,true,20270967
red-sum-row,2fa842e74a5cfcbf59217c4e1d85f7cf2fd11e09dc5ef429f8510965e0835d00,reduction,ONNX-MLIR LLVM,"onnx-mlir version 0.4.2, onnx version 1.21.0 (https://github.com/onnx/onnx-mlir.git 4a13c34aa695b228599d637cdb772c19b4b18dba)",onnx-mlir-llvm,true,,47,100,60989,5.7220458984375e-05,7.468756325103012e-05,e6bb5cf9009d89c31a794b66f807b1cea8638a0089d156dab71d84be49862be7,e49064200a53f7b44fe3c4e721f05ffaf1541c994a2c8f5d298457f81ae16f96,true,20270968
red-sum-row,2fa842e74a5cfcbf59217c4e1d85f7cf2fd11e09dc5ef429f8510965e0835d00,reduction,ONNX-MLIR LLVM,"onnx-mlir version 0.4.2, onnx version 1.21.0 (https://github.com/onnx/onnx-mlir.git 4a13c34aa695b228599d637cdb772c19b4b18dba)",onnx-mlir-llvm,true,,48,100,60376,5.7220458984375e-05,7.468756325103012e-05,e6bb5cf9009d89c31a794b66f807b1cea8638a0089d156dab71d84be49862be7,e49064200a53f7b44fe3c4e721f05ffaf1541c994a2c8f5d298457f81ae16f96,true,20270969
red-sum-row,2fa842e74a5cfcbf59217c4e1d85f7cf2fd11e09dc5ef429f8510965e0835d00,reduction,ONNX-MLIR LLVM,"onnx-mlir version 0.4.2, onnx version 1.21.0 (https://github.com/onnx/onnx-mlir.git 4a13c34aa695b228599d637cdb772c19b4b18dba)",onnx-mlir-llvm,true,,49,100,60331,5.7220458984375e-05,7.468756325103012e-05,e6bb5cf9009d89c31a794b66f807b1cea8638a0089d156dab71d84be49862be7,e49064200a53f7b44fe3c4e721f05ffaf1541c994a2c8f5d298457f81ae16f96,true,20270970
red-sum-row,2fa842e74a5cfcbf59217c4e1d85f7cf2fd11e09dc5ef429f8510965e0835d00,reduction,ONNX-MLIR LLVM,"onnx-mlir version 0.4.2, onnx version 1.21.0 (https://github.com/onnx/onnx-mlir.git 4a13c34aa695b228599d637cdb772c19b4b18dba)",onnx-mlir-llvm,true,,50,100,59957,5.7220458984375e-05,7.468756325103012e-05,e6bb5cf9009d89c31a794b66f807b1cea8638a0089d156dab71d84be49862be7,e49064200a53f7b44fe3c4e721f05ffaf1541c994a2c8f5d298457f81ae16f96,true,20270971
red-sum-row,2fa842e74a5cfcbf59217c4e1d85f7cf2fd11e09dc5ef429f8510965e0835d00,reduction,ONNX-MLIR LLVM,"onnx-mlir version 0.4.2, onnx version 1.21.0 (https://github.com/onnx/onnx-mlir.git 4a13c34aa695b228599d637cdb772c19b4b18dba)",onnx-mlir-llvm,true,,51,100,59816,5.7220458984375e-05,7.468756325103012e-05,e6bb5cf9009d89c31a794b66f807b1cea8638a0089d156dab71d84be49862be7,e49064200a53f7b44fe3c4e721f05ffaf1541c994a2c8f5d298457f81ae16f96,true,20270972
red-sum-row,2fa842e74a5cfcbf59217c4e1d85f7cf2fd11e09dc5ef429f8510965e0835d00,reduction,ONNX-MLIR LLVM,"onnx-mlir version 0.4.2, onnx version 1.21.0 (https://github.com/onnx/onnx-mlir.git 4a13c34aa695b228599d637cdb772c19b4b18dba)",onnx-mlir-llvm,true,,52,100,60085,5.7220458984375e-05,7.468756325103012e-05,e6bb5cf9009d89c31a794b66f807b1cea8638a0089d156dab71d84be49862be7,e49064200a53f7b44fe3c4e721f05ffaf1541c994a2c8f5d298457f81ae16f96,true,20270973
red-sum-row,2fa842e74a5cfcbf59217c4e1d85f7cf2fd11e09dc5ef429f8510965e0835d00,reduction,ONNX-MLIR LLVM,"onnx-mlir version 0.4.2, onnx version 1.21.0 (https://github.com/onnx/onnx-mlir.git 4a13c34aa695b228599d637cdb772c19b4b18dba)",onnx-mlir-llvm,true,,53,100,59979,5.7220458984375e-05,7.468756325103012e-05,e6bb5cf9009d89c31a794b66f807b1cea8638a0089d156dab71d84be49862be7,e49064200a53f7b44fe3c4e721f05ffaf1541c994a2c8f5d298457f81ae16f96,true,20270974
red-sum-row,2fa842e74a5cfcbf59217c4e1d85f7cf2fd11e09dc5ef429f8510965e0835d00,reduction,ONNX-MLIR LLVM,"onnx-mlir version 0.4.2, onnx version 1.21.0 (https://github.com/onnx/onnx-mlir.git 4a13c34aa695b228599d637cdb772c19b4b18dba)",onnx-mlir-llvm,true,,54,100,60215,5.7220458984375e-05,7.468756325103012e-05,e6bb5cf9009d89c31a794b66f807b1cea8638a0089d156dab71d84be49862be7,e49064200a53f7b44fe3c4e721f05ffaf1541c994a2c8f5d298457f81ae16f96,true,20270975
red-sum-row,2fa842e74a5cfcbf59217c4e1d85f7cf2fd11e09dc5ef429f8510965e0835d00,reduction,ONNX-MLIR LLVM,"onnx-mlir version 0.4.2, onnx version 1.21.0 (https://github.com/onnx/onnx-mlir.git 4a13c34aa695b228599d637cdb772c19b4b18dba)",onnx-mlir-llvm,true,,55,100,60912,5.7220458984375e-05,7.468756325103012e-05,e6bb5cf9009d89c31a794b66f807b1cea8638a0089d156dab71d84be49862be7,e49064200a53f7b44fe3c4e721f05ffaf1541c994a2c8f5d298457f81ae16f96,true,20270976
red-sum-row,2fa842e74a5cfcbf59217c4e1d85f7cf2fd11e09dc5ef429f8510965e0835d00,reduction,ONNX-MLIR LLVM,"onnx-mlir version 0.4.2, onnx version 1.21.0 (https://github.com/onnx/onnx-mlir.git 4a13c34aa695b228599d637cdb772c19b4b18dba)",onnx-mlir-llvm,true,,56,100,59898,5.7220458984375e-05,7.468756325103012e-05,e6bb5cf9009d89c31a794b66f807b1cea8638a0089d156dab71d84be49862be7,e49064200a53f7b44fe3c4e721f05ffaf1541c994a2c8f5d298457f81ae16f96,true,20270977
red-sum-row,2fa842e74a5cfcbf59217c4e1d85f7cf2fd11e09dc5ef429f8510965e0835d00,reduction,ONNX-MLIR LLVM,"onnx-mlir version 0.4.2, onnx version 1.21.0 (https://github.com/onnx/onnx-mlir.git 4a13c34aa695b228599d637cdb772c19b4b18dba)",onnx-mlir-llvm,true,,57,100,60099,5.7220458984375e-05,7.468756325103012e-05,e6bb5cf9009d89c31a794b66f807b1cea8638a0089d156dab71d84be49862be7,e49064200a53f7b44fe3c4e721f05ffaf1541c994a2c8f5d298457f81ae16f96,true,20270978
red-sum-row,2fa842e74a5cfcbf59217c4e1d85f7cf2fd11e09dc5ef429f8510965e0835d00,reduction,ONNX-MLIR LLVM,"onnx-mlir version 0.4.2, onnx version 1.21.0 (https://github.com/onnx/onnx-mlir.git 4a13c34aa695b228599d637cdb772c19b4b18dba)",onnx-mlir-llvm,true,,58,100,60070,5.7220458984375e-05,7.468756325103012e-05,e6bb5cf9009d89c31a794b66f807b1cea8638a0089d156dab71d84be49862be7,e49064200a53f7b44fe3c4e721f05ffaf1541c994a2c8f5d298457f81ae16f96,true,20270979
red-sum-row,2fa842e74a5cfcbf59217c4e1d85f7cf2fd11e09dc5ef429f8510965e0835d00,reduction,ONNX-MLIR LLVM,"onnx-mlir version 0.4.2, onnx version 1.21.0 (https://github.com/onnx/onnx-mlir.git 4a13c34aa695b228599d637cdb772c19b4b18dba)",onnx-mlir-llvm,true,,59,100,60029,5.7220458984375e-05,7.468756325103012e-05,e6bb5cf9009d89c31a794b66f807b1cea8638a0089d156dab71d84be49862be7,e49064200a53f7b44fe3c4e721f05ffaf1541c994a2c8f5d298457f81ae16f96,true,20270980
red-sum-row,2fa842e74a5cfcbf59217c4e1d85f7cf2fd11e09dc5ef429f8510965e0835d00,reduction,ONNX-MLIR LLVM,"onnx-mlir version 0.4.2, onnx version 1.21.0 (https://github.com/onnx/onnx-mlir.git 4a13c34aa695b228599d637cdb772c19b4b18dba)",onnx-mlir-llvm,true,,60,100,60802,5.7220458984375e-05,7.468756325103012e-05,e6bb5cf9009d89c31a794b66f807b1cea8638a0089d156dab71d84be49862be7,e49064200a53f7b44fe3c4e721f05ffaf1541c994a2c8f5d298457f81ae16f96,true,20270981
red-sum-row,2fa842e74a5cfcbf59217c4e1d85f7cf2fd11e09dc5ef429f8510965e0835d00,reduction,ONNX-MLIR LLVM,"onnx-mlir version 0.4.2, onnx version 1.21.0 (https://github.com/onnx/onnx-mlir.git 4a13c34aa695b228599d637cdb772c19b4b18dba)",onnx-mlir-llvm,true,,61,100,59803,5.7220458984375e-05,7.468756325103012e-05,e6bb5cf9009d89c31a794b66f807b1cea8638a0089d156dab71d84be49862be7,e49064200a53f7b44fe3c4e721f05ffaf1541c994a2c8f5d298457f81ae16f96,true,20270982
red-sum-row,2fa842e74a5cfcbf59217c4e1d85f7cf2fd11e09dc5ef429f8510965e0835d00,reduction,ONNX-MLIR LLVM,"onnx-mlir version 0.4.2, onnx version 1.21.0 (https://github.com/onnx/onnx-mlir.git 4a13c34aa695b228599d637cdb772c19b4b18dba)",onnx-mlir-llvm,true,,62,100,59873,5.7220458984375e-05,7.468756325103012e-05,e6bb5cf9009d89c31a794b66f807b1cea8638a0089d156dab71d84be49862be7,e49064200a53f7b44fe3c4e721f05ffaf1541c994a2c8f5d298457f81ae16f96,true,20270983
red-sum-row,2fa842e74a5cfcbf59217c4e1d85f7cf2fd11e09dc5ef429f8510965e0835d00,reduction,ONNX-MLIR LLVM,"onnx-mlir version 0.4.2, onnx version 1.21.0 (https://github.com/onnx/onnx-mlir.git 4a13c34aa695b228599d637cdb772c19b4b18dba)",onnx-mlir-llvm,true,,63,100,60198,5.7220458984375e-05,7.468756325103012e-05,e6bb5cf9009d89c31a794b66f807b1cea8638a0089d156dab71d84be49862be7,e49064200a53f7b44fe3c4e721f05ffaf1541c994a2c8f5d298457f81ae16f96,true,20270984
red-sum-row,2fa842e74a5cfcbf59217c4e1d85f7cf2fd11e09dc5ef429f8510965e0835d00,reduction,ONNX-MLIR LLVM,"onnx-mlir version 0.4.2, onnx version 1.21.0 (https://github.com/onnx/onnx-mlir.git 4a13c34aa695b228599d637cdb772c19b4b18dba)",onnx-mlir-llvm,true,,64,100,60100,5.7220458984375e-05,7.468756325103012e-05,e6bb5cf9009d89c31a794b66f807b1cea8638a0089d156dab71d84be49862be7,e49064200a53f7b44fe3c4e721f05ffaf1541c994a2c8f5d298457f81ae16f96,true,20270985
red-sum-row,2fa842e74a5cfcbf59217c4e1d85f7cf2fd11e09dc5ef429f8510965e0835d00,reduction,ONNX-MLIR LLVM,"onnx-mlir version 0.4.2, onnx version 1.21.0 (https://github.com/onnx/onnx-mlir.git 4a13c34aa695b228599d637cdb772c19b4b18dba)",onnx-mlir-llvm,true,,65,100,60469,5.7220458984375e-05,7.468756325103012e-05,e6bb5cf9009d89c31a794b66f807b1cea8638a0089d156dab71d84be49862be7,e49064200a53f7b44fe3c4e721f05ffaf1541c994a2c8f5d298457f81ae16f96,true,20270986
red-sum-row,2fa842e74a5cfcbf59217c4e1d85f7cf2fd11e09dc5ef429f8510965e0835d00,reduction,ONNX-MLIR LLVM,"onnx-mlir version 0.4.2, onnx version 1.21.0 (https://github.com/onnx/onnx-mlir.git 4a13c34aa695b228599d637cdb772c19b4b18dba)",onnx-mlir-llvm,true,,66,100,60058,5.7220458984375e-05,7.468756325103012e-05,e6bb5cf9009d89c31a794b66f807b1cea8638a0089d156dab71d84be49862be7,e49064200a53f7b44fe3c4e721f05ffaf1541c994a2c8f5d298457f81ae16f96,true,20270987
red-sum-row,2fa842e74a5cfcbf59217c4e1d85f7cf2fd11e09dc5ef429f8510965e0835d00,reduction,ONNX-MLIR LLVM,"onnx-mlir version 0.4.2, onnx version 1.21.0 (https://github.com/onnx/onnx-mlir.git 4a13c34aa695b228599d637cdb772c19b4b18dba)",onnx-mlir-llvm,true,,67,100,59914,5.7220458984375e-05,7.468756325103012e-05,e6bb5cf9009d89c31a794b66f807b1cea8638a0089d156dab71d84be49862be7,e49064200a53f7b44fe3c4e721f05ffaf1541c994a2c8f5d298457f81ae16f96,true,20270988
red-sum-row,2fa842e74a5cfcbf59217c4e1d85f7cf2fd11e09dc5ef429f8510965e0835d00,reduction,ONNX-MLIR LLVM,"onnx-mlir version 0.4.2, onnx version 1.21.0 (https://github.com/onnx/onnx-mlir.git 4a13c34aa695b228599d637cdb772c19b4b18dba)",onnx-mlir-llvm,true,,68,100,60128,5.7220458984375e-05,7.468756325103012e-05,e6bb5cf9009d89c31a794b66f807b1cea8638a0089d156dab71d84be49862be7,e49064200a53f7b44fe3c4e721f05ffaf1541c994a2c8f5d298457f81ae16f96,true,20270989
red-sum-row,2fa842e74a5cfcbf59217c4e1d85f7cf2fd11e09dc5ef429f8510965e0835d00,reduction,ONNX-MLIR LLVM,"onnx-mlir version 0.4.2, onnx version 1.21.0 (https://github.com/onnx/onnx-mlir.git 4a13c34aa695b228599d637cdb772c19b4b18dba)",onnx-mlir-llvm,true,,69,100,61159,5.7220458984375e-05,7.468756325103012e-05,e6bb5cf9009d89c31a794b66f807b1cea8638a0089d156dab71d84be49862be7,e49064200a53f7b44fe3c4e721f05ffaf1541c994a2c8f5d298457f81ae16f96,true,20270990
red-sum-row,2fa842e74a5cfcbf59217c4e1d85f7cf2fd11e09dc5ef429f8510965e0835d00,reduction,ONNX-MLIR LLVM,"onnx-mlir version 0.4.2, onnx version 1.21.0 (https://github.com/onnx/onnx-mlir.git 4a13c34aa695b228599d637cdb772c19b4b18dba)",onnx-mlir-llvm,true,,70,100,60279,5.7220458984375e-05,7.468756325103012e-05,e6bb5cf9009d89c31a794b66f807b1cea8638a0089d156dab71d84be49862be7,e49064200a53f7b44fe3c4e721f05ffaf1541c994a2c8f5d298457f81ae16f96,true,20270991
red-sum-row,2fa842e74a5cfcbf59217c4e1d85f7cf2fd11e09dc5ef429f8510965e0835d00,reduction,ONNX-MLIR LLVM,"onnx-mlir version 0.4.2, onnx version 1.21.0 (https://github.com/onnx/onnx-mlir.git 4a13c34aa695b228599d637cdb772c19b4b18dba)",onnx-mlir-llvm,true,,71,100,60454,5.7220458984375e-05,7.468756325103012e-05,e6bb5cf9009d89c31a794b66f807b1cea8638a0089d156dab71d84be49862be7,e49064200a53f7b44fe3c4e721f05ffaf1541c994a2c8f5d298457f81ae16f96,true,20270992
red-sum-row,2fa842e74a5cfcbf59217c4e1d85f7cf2fd11e09dc5ef429f8510965e0835d00,reduction,ONNX-MLIR LLVM,"onnx-mlir version 0.4.2, onnx version 1.21.0 (https://github.com/onnx/onnx-mlir.git 4a13c34aa695b228599d637cdb772c19b4b18dba)",onnx-mlir-llvm,true,,72,100,61277,5.7220458984375e-05,7.468756325103012e-05,e6bb5cf9009d89c31a794b66f807b1cea8638a0089d156dab71d84be49862be7,e49064200a53f7b44fe3c4e721f05ffaf1541c994a2c8f5d298457f81ae16f96,true,20270993
red-sum-row,2fa842e74a5cfcbf59217c4e1d85f7cf2fd11e09dc5ef429f8510965e0835d00,reduction,ONNX-MLIR LLVM,"onnx-mlir version 0.4.2, onnx version 1.21.0 (https://github.com/onnx/onnx-mlir.git 4a13c34aa695b228599d637cdb772c19b4b18dba)",onnx-mlir-llvm,true,,73,100,60095,5.7220458984375e-05,7.468756325103012e-05,e6bb5cf9009d89c31a794b66f807b1cea8638a0089d156dab71d84be49862be7,e49064200a53f7b44fe3c4e721f05ffaf1541c994a2c8f5d298457f81ae16f96,true,20270994
red-sum-row,2fa842e74a5cfcbf59217c4e1d85f7cf2fd11e09dc5ef429f8510965e0835d00,reduction,ONNX-MLIR LLVM,"onnx-mlir version 0.4.2, onnx version 1.21.0 (https://github.com/onnx/onnx-mlir.git 4a13c34aa695b228599d637cdb772c19b4b18dba)",onnx-mlir-llvm,true,,74,100,61341,5.7220458984375e-05,7.468756325103012e-05,e6bb5cf9009d89c31a794b66f807b1cea8638a0089d156dab71d84be49862be7,e49064200a53f7b44fe3c4e721f05ffaf1541c994a2c8f5d298457f81ae16f96,true,20270995
red-sum-row,2fa842e74a5cfcbf59217c4e1d85f7cf2fd11e09dc5ef429f8510965e0835d00,reduction,ONNX-MLIR LLVM,"onnx-mlir version 0.4.2, onnx version 1.21.0 (https://github.com/onnx/onnx-mlir.git 4a13c34aa695b228599d637cdb772c19b4b18dba)",onnx-mlir-llvm,true,,75,100,60758,5.7220458984375e-05,7.468756325103012e-05,e6bb5cf9009d89c31a794b66f807b1cea8638a0089d156dab71d84be49862be7,e49064200a53f7b44fe3c4e721f05ffaf1541c994a2c8f5d298457f81ae16f96,true,20270996
red-sum-row,2fa842e74a5cfcbf59217c4e1d85f7cf2fd11e09dc5ef429f8510965e0835d00,reduction,ONNX-MLIR LLVM,"onnx-mlir version 0.4.2, onnx version 1.21.0 (https://github.com/onnx/onnx-mlir.git 4a13c34aa695b228599d637cdb772c19b4b18dba)",onnx-mlir-llvm,true,,76,100,60144,5.7220458984375e-05,7.468756325103012e-05,e6bb5cf9009d89c31a794b66f807b1cea8638a0089d156dab71d84be49862be7,e49064200a53f7b44fe3c4e721f05ffaf1541c994a2c8f5d298457f81ae16f96,true,20270997
red-sum-row,2fa842e74a5cfcbf59217c4e1d85f7cf2fd11e09dc5ef429f8510965e0835d00,reduction,ONNX-MLIR LLVM,"onnx-mlir version 0.4.2, onnx version 1.21.0 (https://github.com/onnx/onnx-mlir.git 4a13c34aa695b228599d637cdb772c19b4b18dba)",onnx-mlir-llvm,true,,77,100,60863,5.7220458984375e-05,7.468756325103012e-05,e6bb5cf9009d89c31a794b66f807b1cea8638a0089d156dab71d84be49862be7,e49064200a53f7b44fe3c4e721f05ffaf1541c994a2c8f5d298457f81ae16f96,true,20270998
red-sum-row,2fa842e74a5cfcbf59217c4e1d85f7cf2fd11e09dc5ef429f8510965e0835d00,reduction,ONNX-MLIR LLVM,"onnx-mlir version 0.4.2, onnx version 1.21.0 (https://github.com/onnx/onnx-mlir.git 4a13c34aa695b228599d637cdb772c19b4b18dba)",onnx-mlir-llvm,true,,78,100,60268,5.7220458984375e-05,7.468756325103012e-05,e6bb5cf9009d89c31a794b66f807b1cea8638a0089d156dab71d84be49862be7,e49064200a53f7b44fe3c4e721f05ffaf1541c994a2c8f5d298457f81ae16f96,true,20270999
red-sum-row,2fa842e74a5cfcbf59217c4e1d85f7cf2fd11e09dc5ef429f8510965e0835d00,reduction,ONNX-MLIR LLVM,"onnx-mlir version 0.4.2, onnx version 1.21.0 (https://github.com/onnx/onnx-mlir.git 4a13c34aa695b228599d637cdb772c19b4b18dba)",onnx-mlir-llvm,true,,79,100,60602,5.7220458984375e-05,7.468756325103012e-05,e6bb5cf9009d89c31a794b66f807b1cea8638a0089d156dab71d84be49862be7,e49064200a53f7b44fe3c4e721f05ffaf1541c994a2c8f5d298457f81ae16f96,true,20271000
red-sum-row,2fa842e74a5cfcbf59217c4e1d85f7cf2fd11e09dc5ef429f8510965e0835d00,reduction,ONNX-MLIR LLVM,"onnx-mlir version 0.4.2, onnx version 1.21.0 (https://github.com/onnx/onnx-mlir.git 4a13c34aa695b228599d637cdb772c19b4b18dba)",onnx-mlir-llvm,true,,80,100,60978,5.7220458984375e-05,7.468756325103012e-05,e6bb5cf9009d89c31a794b66f807b1cea8638a0089d156dab71d84be49862be7,e49064200a53f7b44fe3c4e721f05ffaf1541c994a2c8f5d298457f81ae16f96,true,20271001
red-sum-row,2fa842e74a5cfcbf59217c4e1d85f7cf2fd11e09dc5ef429f8510965e0835d00,reduction,ONNX-MLIR LLVM,"onnx-mlir version 0.4.2, onnx version 1.21.0 (https://github.com/onnx/onnx-mlir.git 4a13c34aa695b228599d637cdb772c19b4b18dba)",onnx-mlir-llvm,true,,81,100,61183,5.7220458984375e-05,7.468756325103012e-05,e6bb5cf9009d89c31a794b66f807b1cea8638a0089d156dab71d84be49862be7,e49064200a53f7b44fe3c4e721f05ffaf1541c994a2c8f5d298457f81ae16f96,true,20271002
red-sum-row,2fa842e74a5cfcbf59217c4e1d85f7cf2fd11e09dc5ef429f8510965e0835d00,reduction,ONNX-MLIR LLVM,"onnx-mlir version 0.4.2, onnx version 1.21.0 (https://github.com/onnx/onnx-mlir.git 4a13c34aa695b228599d637cdb772c19b4b18dba)",onnx-mlir-llvm,true,,82,100,62065,5.7220458984375e-05,7.468756325103012e-05,e6bb5cf9009d89c31a794b66f807b1cea8638a0089d156dab71d84be49862be7,e49064200a53f7b44fe3c4e721f05ffaf1541c994a2c8f5d298457f81ae16f96,true,20271003
red-sum-row,2fa842e74a5cfcbf59217c4e1d85f7cf2fd11e09dc5ef429f8510965e0835d00,reduction,ONNX-MLIR LLVM,"onnx-mlir version 0.4.2, onnx version 1.21.0 (https://github.com/onnx/onnx-mlir.git 4a13c34aa695b228599d637cdb772c19b4b18dba)",onnx-mlir-llvm,true,,83,100,60385,5.7220458984375e-05,7.468756325103012e-05,e6bb5cf9009d89c31a794b66f807b1cea8638a0089d156dab71d84be49862be7,e49064200a53f7b44fe3c4e721f05ffaf1541c994a2c8f5d298457f81ae16f96,true,20271004
red-sum-row,2fa842e74a5cfcbf59217c4e1d85f7cf2fd11e09dc5ef429f8510965e0835d00,reduction,ONNX-MLIR LLVM,"onnx-mlir version 0.4.2, onnx version 1.21.0 (https://github.com/onnx/onnx-mlir.git 4a13c34aa695b228599d637cdb772c19b4b18dba)",onnx-mlir-llvm,true,,84,100,60392,5.7220458984375e-05,7.468756325103012e-05,e6bb5cf9009d89c31a794b66f807b1cea8638a0089d156dab71d84be49862be7,e49064200a53f7b44fe3c4e721f05ffaf1541c994a2c8f5d298457f81ae16f96,true,20271005
red-sum-row,2fa842e74a5cfcbf59217c4e1d85f7cf2fd11e09dc5ef429f8510965e0835d00,reduction,ONNX-MLIR LLVM,"onnx-mlir version 0.4.2, onnx version 1.21.0 (https://github.com/onnx/onnx-mlir.git 4a13c34aa695b228599d637cdb772c19b4b18dba)",onnx-mlir-llvm,true,,85,100,61902,5.7220458984375e-05,7.468756325103012e-05,e6bb5cf9009d89c31a794b66f807b1cea8638a0089d156dab71d84be49862be7,e49064200a53f7b44fe3c4e721f05ffaf1541c994a2c8f5d298457f81ae16f96,true,20271006
red-sum-row,2fa842e74a5cfcbf59217c4e1d85f7cf2fd11e09dc5ef429f8510965e0835d00,reduction,ONNX-MLIR LLVM,"onnx-mlir version 0.4.2, onnx version 1.21.0 (https://github.com/onnx/onnx-mlir.git 4a13c34aa695b228599d637cdb772c19b4b18dba)",onnx-mlir-llvm,true,,86,100,60604,5.7220458984375e-05,7.468756325103012e-05,e6bb5cf9009d89c31a794b66f807b1cea8638a0089d156dab71d84be49862be7,e49064200a53f7b44fe3c4e721f05ffaf1541c994a2c8f5d298457f81ae16f96,true,20271007
red-sum-row,2fa842e74a5cfcbf59217c4e1d85f7cf2fd11e09dc5ef429f8510965e0835d00,reduction,ONNX-MLIR LLVM,"onnx-mlir version 0.4.2, onnx version 1.21.0 (https://github.com/onnx/onnx-mlir.git 4a13c34aa695b228599d637cdb772c19b4b18dba)",onnx-mlir-llvm,true,,87,100,60645,5.7220458984375e-05,7.468756325103012e-05,e6bb5cf9009d89c31a794b66f807b1cea8638a0089d156dab71d84be49862be7,e49064200a53f7b44fe3c4e721f05ffaf1541c994a2c8f5d298457f81ae16f96,true,20271008
red-sum-row,2fa842e74a5cfcbf59217c4e1d85f7cf2fd11e09dc5ef429f8510965e0835d00,reduction,ONNX-MLIR LLVM,"onnx-mlir version 0.4.2, onnx version 1.21.0 (https://github.com/onnx/onnx-mlir.git 4a13c34aa695b228599d637cdb772c19b4b18dba)",onnx-mlir-llvm,true,,88,100,61292,5.7220458984375e-05,7.468756325103012e-05,e6bb5cf9009d89c31a794b66f807b1cea8638a0089d156dab71d84be49862be7,e49064200a53f7b44fe3c4e721f05ffaf1541c994a2c8f5d298457f81ae16f96,true,20271009
red-sum-row,2fa842e74a5cfcbf59217c4e1d85f7cf2fd11e09dc5ef429f8510965e0835d00,reduction,ONNX-MLIR LLVM,"onnx-mlir version 0.4.2, onnx version 1.21.0 (https://github.com/onnx/onnx-mlir.git 4a13c34aa695b228599d637cdb772c19b4b18dba)",onnx-mlir-llvm,true,,89,100,60052,5.7220458984375e-05,7.468756325103012e-05,e6bb5cf9009d89c31a794b66f807b1cea8638a0089d156dab71d84be49862be7,e49064200a53f7b44fe3c4e721f05ffaf1541c994a2c8f5d298457f81ae16f96,true,20271010
red-sum-row,2fa842e74a5cfcbf59217c4e1d85f7cf2fd11e09dc5ef429f8510965e0835d00,reduction,ONNX-MLIR LLVM,"onnx-mlir version 0.4.2, onnx version 1.21.0 (https://github.com/onnx/onnx-mlir.git 4a13c34aa695b228599d637cdb772c19b4b18dba)",onnx-mlir-llvm,true,,90,100,61134,5.7220458984375e-05,7.468756325103012e-05,e6bb5cf9009d89c31a794b66f807b1cea8638a0089d156dab71d84be49862be7,e49064200a53f7b44fe3c4e721f05ffaf1541c994a2c8f5d298457f81ae16f96,true,20271011
red-sum-row,2fa842e74a5cfcbf59217c4e1d85f7cf2fd11e09dc5ef429f8510965e0835d00,reduction,ONNX-MLIR LLVM,"onnx-mlir version 0.4.2, onnx version 1.21.0 (https://github.com/onnx/onnx-mlir.git 4a13c34aa695b228599d637cdb772c19b4b18dba)",onnx-mlir-llvm,true,,91,100,60547,5.7220458984375e-05,7.468756325103012e-05,e6bb5cf9009d89c31a794b66f807b1cea8638a0089d156dab71d84be49862be7,e49064200a53f7b44fe3c4e721f05ffaf1541c994a2c8f5d298457f81ae16f96,true,20271012
red-sum-row,2fa842e74a5cfcbf59217c4e1d85f7cf2fd11e09dc5ef429f8510965e0835d00,reduction,ONNX-MLIR LLVM,"onnx-mlir version 0.4.2, onnx version 1.21.0 (https://github.com/onnx/onnx-mlir.git 4a13c34aa695b228599d637cdb772c19b4b18dba)",onnx-mlir-llvm,true,,92,100,60245,5.7220458984375e-05,7.468756325103012e-05,e6bb5cf9009d89c31a794b66f807b1cea8638a0089d156dab71d84be49862be7,e49064200a53f7b44fe3c4e721f05ffaf1541c994a2c8f5d298457f81ae16f96,true,20271013
red-sum-row,2fa842e74a5cfcbf59217c4e1d85f7cf2fd11e09dc5ef429f8510965e0835d00,reduction,ONNX-MLIR LLVM,"onnx-mlir version 0.4.2, onnx version 1.21.0 (https://github.com/onnx/onnx-mlir.git 4a13c34aa695b228599d637cdb772c19b4b18dba)",onnx-mlir-llvm,true,,93,100,62221,5.7220458984375e-05,7.468756325103012e-05,e6bb5cf9009d89c31a794b66f807b1cea8638a0089d156dab71d84be49862be7,e49064200a53f7b44fe3c4e721f05ffaf1541c994a2c8f5d298457f81ae16f96,true,20271014
red-sum-row,2fa842e74a5cfcbf59217c4e1d85f7cf2fd11e09dc5ef429f8510965e0835d00,reduction,ONNX-MLIR LLVM,"onnx-mlir version 0.4.2, onnx version 1.21.0 (https://github.com/onnx/onnx-mlir.git 4a13c34aa695b228599d637cdb772c19b4b18dba)",onnx-mlir-llvm,true,,94,100,59856,5.7220458984375e-05,7.468756325103012e-05,e6bb5cf9009d89c31a794b66f807b1cea8638a0089d156dab71d84be49862be7,e49064200a53f7b44fe3c4e721f05ffaf1541c994a2c8f5d298457f81ae16f96,true,20271015
red-sum-row,2fa842e74a5cfcbf59217c4e1d85f7cf2fd11e09dc5ef429f8510965e0835d00,reduction,ONNX-MLIR LLVM,"onnx-mlir version 0.4.2, onnx version 1.21.0 (https://github.com/onnx/onnx-mlir.git 4a13c34aa695b228599d637cdb772c19b4b18dba)",onnx-mlir-llvm,true,,95,100,60018,5.7220458984375e-05,7.468756325103012e-05,e6bb5cf9009d89c31a794b66f807b1cea8638a0089d156dab71d84be49862be7,e49064200a53f7b44fe3c4e721f05ffaf1541c994a2c8f5d298457f81ae16f96,true,20271016
red-sum-row,2fa842e74a5cfcbf59217c4e1d85f7cf2fd11e09dc5ef429f8510965e0835d00,reduction,ONNX-MLIR LLVM,"onnx-mlir version 0.4.2, onnx version 1.21.0 (https://github.com/onnx/onnx-mlir.git 4a13c34aa695b228599d637cdb772c19b4b18dba)",onnx-mlir-llvm,true,,96,100,61903,5.7220458984375e-05,7.468756325103012e-05,e6bb5cf9009d89c31a794b66f807b1cea8638a0089d156dab71d84be49862be7,e49064200a53f7b44fe3c4e721f05ffaf1541c994a2c8f5d298457f81ae16f96,true,20271017
red-sum-row,2fa842e74a5cfcbf59217c4e1d85f7cf2fd11e09dc5ef429f8510965e0835d00,reduction,ONNX-MLIR LLVM,"onnx-mlir version 0.4.2, onnx version 1.21.0 (https://github.com/onnx/onnx-mlir.git 4a13c34aa695b228599d637cdb772c19b4b18dba)",onnx-mlir-llvm,true,,97,100,62286,5.7220458984375e-05,7.468756325103012e-05,e6bb5cf9009d89c31a794b66f807b1cea8638a0089d156dab71d84be49862be7,e49064200a53f7b44fe3c4e721f05ffaf1541c994a2c8f5d298457f81ae16f96,true,20271018
red-sum-row,2fa842e74a5cfcbf59217c4e1d85f7cf2fd11e09dc5ef429f8510965e0835d00,reduction,ONNX-MLIR LLVM,"onnx-mlir version 0.4.2, onnx version 1.21.0 (https://github.com/onnx/onnx-mlir.git 4a13c34aa695b228599d637cdb772c19b4b18dba)",onnx-mlir-llvm,true,,98,100,60840,5.7220458984375e-05,7.468756325103012e-05,e6bb5cf9009d89c31a794b66f807b1cea8638a0089d156dab71d84be49862be7,e49064200a53f7b44fe3c4e721f05ffaf1541c994a2c8f5d298457f81ae16f96,true,20271019
red-sum-row,2fa842e74a5cfcbf59217c4e1d85f7cf2fd11e09dc5ef429f8510965e0835d00,reduction,ONNX-MLIR LLVM,"onnx-mlir version 0.4.2, onnx version 1.21.0 (https://github.com/onnx/onnx-mlir.git 4a13c34aa695b228599d637cdb772c19b4b18dba)",onnx-mlir-llvm,true,,99,100,61384,5.7220458984375e-05,7.468756325103012e-05,e6bb5cf9009d89c31a794b66f807b1cea8638a0089d156dab71d84be49862be7,e49064200a53f7b44fe3c4e721f05ffaf1541c994a2c8f5d298457f81ae16f96,true,20271020
quant-dynamic,2fa842e74a5cfcbf59217c4e1d85f7cf2fd11e09dc5ef429f8510965e0835d00,quantization,ONNX-MLIR LLVM,"onnx-mlir version 0.4.2, onnx version 1.21.0 (https://github.com/onnx/onnx-mlir.git 4a13c34aa695b228599d637cdb772c19b4b18dba)",onnx-mlir-llvm,true,,0,500,34250,0.0,0.0,d49382f8563ec14aa8ea729d4bd9d2940cc19150c6655b6b891595fe8ce0c36d,45dcddf0c4165b2b40b05b18de88a7e65d9373017a4e1e3ca88b1f4aa5884554,true,20270921
quant-dynamic,2fa842e74a5cfcbf59217c4e1d85f7cf2fd11e09dc5ef429f8510965e0835d00,quantization,ONNX-MLIR LLVM,"onnx-mlir version 0.4.2, onnx version 1.21.0 (https://github.com/onnx/onnx-mlir.git 4a13c34aa695b228599d637cdb772c19b4b18dba)",onnx-mlir-llvm,true,,1,500,30932,0.0,0.0,d49382f8563ec14aa8ea729d4bd9d2940cc19150c6655b6b891595fe8ce0c36d,45dcddf0c4165b2b40b05b18de88a7e65d9373017a4e1e3ca88b1f4aa5884554,true,20270922
quant-dynamic,2fa842e74a5cfcbf59217c4e1d85f7cf2fd11e09dc5ef429f8510965e0835d00,quantization,ONNX-MLIR LLVM,"onnx-mlir version 0.4.2, onnx version 1.21.0 (https://github.com/onnx/onnx-mlir.git 4a13c34aa695b228599d637cdb772c19b4b18dba)",onnx-mlir-llvm,true,,2,500,26397,0.0,0.0,d49382f8563ec14aa8ea729d4bd9d2940cc19150c6655b6b891595fe8ce0c36d,45dcddf0c4165b2b40b05b18de88a7e65d9373017a4e1e3ca88b1f4aa5884554,true,20270923
quant-dynamic,2fa842e74a5cfcbf59217c4e1d85f7cf2fd11e09dc5ef429f8510965e0835d00,quantization,ONNX-MLIR LLVM,"onnx-mlir version 0.4.2, onnx version 1.21.0 (https://github.com/onnx/onnx-mlir.git 4a13c34aa695b228599d637cdb772c19b4b18dba)",onnx-mlir-llvm,true,,3,500,26448,0.0,0.0,d49382f8563ec14aa8ea729d4bd9d2940cc19150c6655b6b891595fe8ce0c36d,45dcddf0c4165b2b40b05b18de88a7e65d9373017a4e1e3ca88b1f4aa5884554,true,20270924
quant-dynamic,2fa842e74a5cfcbf59217c4e1d85f7cf2fd11e09dc5ef429f8510965e0835d00,quantization,ONNX-MLIR LLVM,"onnx-mlir version 0.4.2, onnx version 1.21.0 (https://github.com/onnx/onnx-mlir.git 4a13c34aa695b228599d637cdb772c19b4b18dba)",onnx-mlir-llvm,true,,4,500,25761,0.0,0.0,d49382f8563ec14aa8ea729d4bd9d2940cc19150c6655b6b891595fe8ce0c36d,45dcddf0c4165b2b40b05b18de88a7e65d9373017a4e1e3ca88b1f4aa5884554,true,20270925
quant-dynamic,2fa842e74a5cfcbf59217c4e1d85f7cf2fd11e09dc5ef429f8510965e0835d00,quantization,ONNX-MLIR LLVM,"onnx-mlir version 0.4.2, onnx version 1.21.0 (https://github.com/onnx/onnx-mlir.git 4a13c34aa695b228599d637cdb772c19b4b18dba)",onnx-mlir-llvm,true,,5,500,25549,0.0,0.0,d49382f8563ec14aa8ea729d4bd9d2940cc19150c6655b6b891595fe8ce0c36d,45dcddf0c4165b2b40b05b18de88a7e65d9373017a4e1e3ca88b1f4aa5884554,true,20270926
quant-dynamic,2fa842e74a5cfcbf59217c4e1d85f7cf2fd11e09dc5ef429f8510965e0835d00,quantization,ONNX-MLIR LLVM,"onnx-mlir version 0.4.2, onnx version 1.21.0 (https://github.com/onnx/onnx-mlir.git 4a13c34aa695b228599d637cdb772c19b4b18dba)",onnx-mlir-llvm,true,,6,500,25872,0.0,0.0,d49382f8563ec14aa8ea729d4bd9d2940cc19150c6655b6b891595fe8ce0c36d,45dcddf0c4165b2b40b05b18de88a7e65d9373017a4e1e3ca88b1f4aa5884554,true,20270927
quant-dynamic,2fa842e74a5cfcbf59217c4e1d85f7cf2fd11e09dc5ef429f8510965e0835d00,quantization,ONNX-MLIR LLVM,"onnx-mlir version 0.4.2, onnx version 1.21.0 (https://github.com/onnx/onnx-mlir.git 4a13c34aa695b228599d637cdb772c19b4b18dba)",onnx-mlir-llvm,true,,7,500,25275,0.0,0.0,d49382f8563ec14aa8ea729d4bd9d2940cc19150c6655b6b891595fe8ce0c36d,45dcddf0c4165b2b40b05b18de88a7e65d9373017a4e1e3ca88b1f4aa5884554,true,20270928
quant-dynamic,2fa842e74a5cfcbf59217c4e1d85f7cf2fd11e09dc5ef429f8510965e0835d00,quantization,ONNX-MLIR LLVM,"onnx-mlir version 0.4.2, onnx version 1.21.0 (https://github.com/onnx/onnx-mlir.git 4a13c34aa695b228599d637cdb772c19b4b18dba)",onnx-mlir-llvm,true,,8,500,25070,0.0,0.0,d49382f8563ec14aa8ea729d4bd9d2940cc19150c6655b6b891595fe8ce0c36d,45dcddf0c4165b2b40b05b18de88a7e65d9373017a4e1e3ca88b1f4aa5884554,true,20270929
quant-dynamic,2fa842e74a5cfcbf59217c4e1d85f7cf2fd11e09dc5ef429f8510965e0835d00,quantization,ONNX-MLIR LLVM,"onnx-mlir version 0.4.2, onnx version 1.21.0 (https://github.com/onnx/onnx-mlir.git 4a13c34aa695b228599d637cdb772c19b4b18dba)",onnx-mlir-llvm,true,,9,500,25464,0.0,0.0,d49382f8563ec14aa8ea729d4bd9d2940cc19150c6655b6b891595fe8ce0c36d,45dcddf0c4165b2b40b05b18de88a7e65d9373017a4e1e3ca88b1f4aa5884554,true,20270930
quant-dynamic,2fa842e74a5cfcbf59217c4e1d85f7cf2fd11e09dc5ef429f8510965e0835d00,quantization,ONNX-MLIR LLVM,"onnx-mlir version 0.4.2, onnx version 1.21.0 (https://github.com/onnx/onnx-mlir.git 4a13c34aa695b228599d637cdb772c19b4b18dba)",onnx-mlir-llvm,true,,10,500,25227,0.0,0.0,d49382f8563ec14aa8ea729d4bd9d2940cc19150c6655b6b891595fe8ce0c36d,45dcddf0c4165b2b40b05b18de88a7e65d9373017a4e1e3ca88b1f4aa5884554,true,20270931
quant-dynamic,2fa842e74a5cfcbf59217c4e1d85f7cf2fd11e09dc5ef429f8510965e0835d00,quantization,ONNX-MLIR LLVM,"onnx-mlir version 0.4.2, onnx version 1.21.0 (https://github.com/onnx/onnx-mlir.git 4a13c34aa695b228599d637cdb772c19b4b18dba)",onnx-mlir-llvm,true,,11,500,25016,0.0,0.0,d49382f8563ec14aa8ea729d4bd9d2940cc19150c6655b6b891595fe8ce0c36d,45dcddf0c4165b2b40b05b18de88a7e65d9373017a4e1e3ca88b1f4aa5884554,true,20270932
quant-dynamic,2fa842e74a5cfcbf59217c4e1d85f7cf2fd11e09dc5ef429f8510965e0835d00,quantization,ONNX-MLIR LLVM,"onnx-mlir version 0.4.2, onnx version 1.21.0 (https://github.com/onnx/onnx-mlir.git 4a13c34aa695b228599d637cdb772c19b4b18dba)",onnx-mlir-llvm,true,,12,500,24963,0.0,0.0,d49382f8563ec14aa8ea729d4bd9d2940cc19150c6655b6b891595fe8ce0c36d,45dcddf0c4165b2b40b05b18de88a7e65d9373017a4e1e3ca88b1f4aa5884554,true,20270933
quant-dynamic,2fa842e74a5cfcbf59217c4e1d85f7cf2fd11e09dc5ef429f8510965e0835d00,quantization,ONNX-MLIR LLVM,"onnx-mlir version 0.4.2, onnx version 1.21.0 (https://github.com/onnx/onnx-mlir.git 4a13c34aa695b228599d637cdb772c19b4b18dba)",onnx-mlir-llvm,true,,13,500,25275,0.0,0.0,d49382f8563ec14aa8ea729d4bd9d2940cc19150c6655b6b891595fe8ce0c36d,45dcddf0c4165b2b40b05b18de88a7e65d9373017a4e1e3ca88b1f4aa5884554,true,20270934
quant-dynamic,2fa842e74a5cfcbf59217c4e1d85f7cf2fd11e09dc5ef429f8510965e0835d00,quantization,ONNX-MLIR LLVM,"onnx-mlir version 0.4.2, onnx version 1.21.0 (https://github.com/onnx/onnx-mlir.git 4a13c34aa695b228599d637cdb772c19b4b18dba)",onnx-mlir-llvm,true,,14,500,25083,0.0,0.0,d49382f8563ec14aa8ea729d4bd9d2940cc19150c6655b6b891595fe8ce0c36d,45dcddf0c4165b2b40b05b18de88a7e65d9373017a4e1e3ca88b1f4aa5884554,true,20270935
quant-dynamic,2fa842e74a5cfcbf59217c4e1d85f7cf2fd11e09dc5ef429f8510965e0835d00,quantization,ONNX-MLIR LLVM,"onnx-mlir version 0.4.2, onnx version 1.21.0 (https://github.com/onnx/onnx-mlir.git 4a13c34aa695b228599d637cdb772c19b4b18dba)",onnx-mlir-llvm,true,,15,500,25143,0.0,0.0,d49382f8563ec14aa8ea729d4bd9d2940cc19150c6655b6b891595fe8ce0c36d,45dcddf0c4165b2b40b05b18de88a7e65d9373017a4e1e3ca88b1f4aa5884554,true,20270936
quant-dynamic,2fa842e74a5cfcbf59217c4e1d85f7cf2fd11e09dc5ef429f8510965e0835d00,quantization,ONNX-MLIR LLVM,"onnx-mlir version 0.4.2, onnx version 1.21.0 (https://github.com/onnx/onnx-mlir.git 4a13c34aa695b228599d637cdb772c19b4b18dba)",onnx-mlir-llvm,true,,16,500,24908,0.0,0.0,d49382f8563ec14aa8ea729d4bd9d2940cc19150c6655b6b891595fe8ce0c36d,45dcddf0c4165b2b40b05b18de88a7e65d9373017a4e1e3ca88b1f4aa5884554,true,20270937
quant-dynamic,2fa842e74a5cfcbf59217c4e1d85f7cf2fd11e09dc5ef429f8510965e0835d00,quantization,ONNX-MLIR LLVM,"onnx-mlir version 0.4.2, onnx version 1.21.0 (https://github.com/onnx/onnx-mlir.git 4a13c34aa695b228599d637cdb772c19b4b18dba)",onnx-mlir-llvm,true,,17,500,25741,0.0,0.0,d49382f8563ec14aa8ea729d4bd9d2940cc19150c6655b6b891595fe8ce0c36d,45dcddf0c4165b2b40b05b18de88a7e65d9373017a4e1e3ca88b1f4aa5884554,true,20270938
quant-dynamic,2fa842e74a5cfcbf59217c4e1d85f7cf2fd11e09dc5ef429f8510965e0835d00,quantization,ONNX-MLIR LLVM,"onnx-mlir version 0.4.2, onnx version 1.21.0 (https://github.com/onnx/onnx-mlir.git 4a13c34aa695b228599d637cdb772c19b4b18dba)",onnx-mlir-llvm,true,,18,500,25561,0.0,0.0,d49382f8563ec14aa8ea729d4bd9d2940cc19150c6655b6b891595fe8ce0c36d,45dcddf0c4165b2b40b05b18de88a7e65d9373017a4e1e3ca88b1f4aa5884554,true,20270939
quant-dynamic,2fa842e74a5cfcbf59217c4e1d85f7cf2fd11e09dc5ef429f8510965e0835d00,quantization,ONNX-MLIR LLVM,"onnx-mlir version 0.4.2, onnx version 1.21.0 (https://github.com/onnx/onnx-mlir.git 4a13c34aa695b228599d637cdb772c19b4b18dba)",onnx-mlir-llvm,true,,19,500,25489,0.0,0.0,d49382f8563ec14aa8ea729d4bd9d2940cc19150c6655b6b891595fe8ce0c36d,45dcddf0c4165b2b40b05b18de88a7e65d9373017a4e1e3ca88b1f4aa5884554,true,20270940
quant-dynamic,2fa842e74a5cfcbf59217c4e1d85f7cf2fd11e09dc5ef429f8510965e0835d00,quantization,ONNX-MLIR LLVM,"onnx-mlir version 0.4.2, onnx version 1.21.0 (https://github.com/onnx/onnx-mlir.git 4a13c34aa695b228599d637cdb772c19b4b18dba)",onnx-mlir-llvm,true,,20,500,25124,0.0,0.0,d49382f8563ec14aa8ea729d4bd9d2940cc19150c6655b6b891595fe8ce0c36d,45dcddf0c4165b2b40b05b18de88a7e65d9373017a4e1e3ca88b1f4aa5884554,true,20270941
quant-dynamic,2fa842e74a5cfcbf59217c4e1d85f7cf2fd11e09dc5ef429f8510965e0835d00,quantization,ONNX-MLIR LLVM,"onnx-mlir version 0.4.2, onnx version 1.21.0 (https://github.com/onnx/onnx-mlir.git 4a13c34aa695b228599d637cdb772c19b4b18dba)",onnx-mlir-llvm,true,,21,500,25024,0.0,0.0,d49382f8563ec14aa8ea729d4bd9d2940cc19150c6655b6b891595fe8ce0c36d,45dcddf0c4165b2b40b05b18de88a7e65d9373017a4e1e3ca88b1f4aa5884554,true,20270942
quant-dynamic,2fa842e74a5cfcbf59217c4e1d85f7cf2fd11e09dc5ef429f8510965e0835d00,quantization,ONNX-MLIR LLVM,"onnx-mlir version 0.4.2, onnx version 1.21.0 (https://github.com/onnx/onnx-mlir.git 4a13c34aa695b228599d637cdb772c19b4b18dba)",onnx-mlir-llvm,true,,22,500,25182,0.0,0.0,d49382f8563ec14aa8ea729d4bd9d2940cc19150c6655b6b891595fe8ce0c36d,45dcddf0c4165b2b40b05b18de88a7e65d9373017a4e1e3ca88b1f4aa5884554,true,20270943
quant-dynamic,2fa842e74a5cfcbf59217c4e1d85f7cf2fd11e09dc5ef429f8510965e0835d00,quantization,ONNX-MLIR LLVM,"onnx-mlir version 0.4.2, onnx version 1.21.0 (https://github.com/onnx/onnx-mlir.git 4a13c34aa695b228599d637cdb772c19b4b18dba)",onnx-mlir-llvm,true,,23,500,25197,0.0,0.0,d49382f8563ec14aa8ea729d4bd9d2940cc19150c6655b6b891595fe8ce0c36d,45dcddf0c4165b2b40b05b18de88a7e65d9373017a4e1e3ca88b1f4aa5884554,true,20270944
quant-dynamic,2fa842e74a5cfcbf59217c4e1d85f7cf2fd11e09dc5ef429f8510965e0835d00,quantization,ONNX-MLIR LLVM,"onnx-mlir version 0.4.2, onnx version 1.21.0 (https://github.com/onnx/onnx-mlir.git 4a13c34aa695b228599d637cdb772c19b4b18dba)",onnx-mlir-llvm,true,,24,500,24988,0.0,0.0,d49382f8563ec14aa8ea729d4bd9d2940cc19150c6655b6b891595fe8ce0c36d,45dcddf0c4165b2b40b05b18de88a7e65d9373017a4e1e3ca88b1f4aa5884554,true,20270945
quant-dynamic,2fa842e74a5cfcbf59217c4e1d85f7cf2fd11e09dc5ef429f8510965e0835d00,quantization,ONNX-MLIR LLVM,"onnx-mlir version 0.4.2, onnx version 1.21.0 (https://github.com/onnx/onnx-mlir.git 4a13c34aa695b228599d637cdb772c19b4b18dba)",onnx-mlir-llvm,true,,25,500,25434,0.0,0.0,d49382f8563ec14aa8ea729d4bd9d2940cc19150c6655b6b891595fe8ce0c36d,45dcddf0c4165b2b40b05b18de88a7e65d9373017a4e1e3ca88b1f4aa5884554,true,20270946
quant-dynamic,2fa842e74a5cfcbf59217c4e1d85f7cf2fd11e09dc5ef429f8510965e0835d00,quantization,ONNX-MLIR LLVM,"onnx-mlir version 0.4.2, onnx version 1.21.0 (https://github.com/onnx/onnx-mlir.git 4a13c34aa695b228599d637cdb772c19b4b18dba)",onnx-mlir-llvm,true,,26,500,25542,0.0,0.0,d49382f8563ec14aa8ea729d4bd9d2940cc19150c6655b6b891595fe8ce0c36d,45dcddf0c4165b2b40b05b18de88a7e65d9373017a4e1e3ca88b1f4aa5884554,true,20270947
quant-dynamic,2fa842e74a5cfcbf59217c4e1d85f7cf2fd11e09dc5ef429f8510965e0835d00,quantization,ONNX-MLIR LLVM,"onnx-mlir version 0.4.2, onnx version 1.21.0 (https://github.com/onnx/onnx-mlir.git 4a13c34aa695b228599d637cdb772c19b4b18dba)",onnx-mlir-llvm,true,,27,500,25389,0.0,0.0,d49382f8563ec14aa8ea729d4bd9d2940cc19150c6655b6b891595fe8ce0c36d,45dcddf0c4165b2b40b05b18de88a7e65d9373017a4e1e3ca88b1f4aa5884554,true,20270948
quant-dynamic,2fa842e74a5cfcbf59217c4e1d85f7cf2fd11e09dc5ef429f8510965e0835d00,quantization,ONNX-MLIR LLVM,"onnx-mlir version 0.4.2, onnx version 1.21.0 (https://github.com/onnx/onnx-mlir.git 4a13c34aa695b228599d637cdb772c19b4b18dba)",onnx-mlir-llvm,true,,28,500,25151,0.0,0.0,d49382f8563ec14aa8ea729d4bd9d2940cc19150c6655b6b891595fe8ce0c36d,45dcddf0c4165b2b40b05b18de88a7e65d9373017a4e1e3ca88b1f4aa5884554,true,20270949
quant-dynamic,2fa842e74a5cfcbf59217c4e1d85f7cf2fd11e09dc5ef429f8510965e0835d00,quantization,ONNX-MLIR LLVM,"onnx-mlir version 0.4.2, onnx version 1.21.0 (https://github.com/onnx/onnx-mlir.git 4a13c34aa695b228599d637cdb772c19b4b18dba)",onnx-mlir-llvm,true,,29,500,25399,0.0,0.0,d49382f8563ec14aa8ea729d4bd9d2940cc19150c6655b6b891595fe8ce0c36d,45dcddf0c4165b2b40b05b18de88a7e65d9373017a4e1e3ca88b1f4aa5884554,true,20270950
quant-dynamic,2fa842e74a5cfcbf59217c4e1d85f7cf2fd11e09dc5ef429f8510965e0835d00,quantization,ONNX-MLIR LLVM,"onnx-mlir version 0.4.2, onnx version 1.21.0 (https://github.com/onnx/onnx-mlir.git 4a13c34aa695b228599d637cdb772c19b4b18dba)",onnx-mlir-llvm,true,,30,500,25199,0.0,0.0,d49382f8563ec14aa8ea729d4bd9d2940cc19150c6655b6b891595fe8ce0c36d,45dcddf0c4165b2b40b05b18de88a7e65d9373017a4e1e3ca88b1f4aa5884554,true,20270951
quant-dynamic,2fa842e74a5cfcbf59217c4e1d85f7cf2fd11e09dc5ef429f8510965e0835d00,quantization,ONNX-MLIR LLVM,"onnx-mlir version 0.4.2, onnx version 1.21.0 (https://github.com/onnx/onnx-mlir.git 4a13c34aa695b228599d637cdb772c19b4b18dba)",onnx-mlir-llvm,true,,31,500,25248,0.0,0.0,d49382f8563ec14aa8ea729d4bd9d2940cc19150c6655b6b891595fe8ce0c36d,45dcddf0c4165b2b40b05b18de88a7e65d9373017a4e1e3ca88b1f4aa5884554,true,20270952
quant-dynamic,2fa842e74a5cfcbf59217c4e1d85f7cf2fd11e09dc5ef429f8510965e0835d00,quantization,ONNX-MLIR LLVM,"onnx-mlir version 0.4.2, onnx version 1.21.0 (https://github.com/onnx/onnx-mlir.git 4a13c34aa695b228599d637cdb772c19b4b18dba)",onnx-mlir-llvm,true,,32,500,24947,0.0,0.0,d49382f8563ec14aa8ea729d4bd9d2940cc19150c6655b6b891595fe8ce0c36d,45dcddf0c4165b2b40b05b18de88a7e65d9373017a4e1e3ca88b1f4aa5884554,true,20270953
quant-dynamic,2fa842e74a5cfcbf59217c4e1d85f7cf2fd11e09dc5ef429f8510965e0835d00,quantization,ONNX-MLIR LLVM,"onnx-mlir version 0.4.2, onnx version 1.21.0 (https://github.com/onnx/onnx-mlir.git 4a13c34aa695b228599d637cdb772c19b4b18dba)",onnx-mlir-llvm,true,,33,500,25267,0.0,0.0,d49382f8563ec14aa8ea729d4bd9d2940cc19150c6655b6b891595fe8ce0c36d,45dcddf0c4165b2b40b05b18de88a7e65d9373017a4e1e3ca88b1f4aa5884554,true,20270954
quant-dynamic,2fa842e74a5cfcbf59217c4e1d85f7cf2fd11e09dc5ef429f8510965e0835d00,quantization,ONNX-MLIR LLVM,"onnx-mlir version 0.4.2, onnx version 1.21.0 (https://github.com/onnx/onnx-mlir.git 4a13c34aa695b228599d637cdb772c19b4b18dba)",onnx-mlir-llvm,true,,34,500,25472,0.0,0.0,d49382f8563ec14aa8ea729d4bd9d2940cc19150c6655b6b891595fe8ce0c36d,45dcddf0c4165b2b40b05b18de88a7e65d9373017a4e1e3ca88b1f4aa5884554,true,20270955
quant-dynamic,2fa842e74a5cfcbf59217c4e1d85f7cf2fd11e09dc5ef429f8510965e0835d00,quantization,ONNX-MLIR LLVM,"onnx-mlir version 0.4.2, onnx version 1.21.0 (https://github.com/onnx/onnx-mlir.git 4a13c34aa695b228599d637cdb772c19b4b18dba)",onnx-mlir-llvm,true,,35,500,25469,0.0,0.0,d49382f8563ec14aa8ea729d4bd9d2940cc19150c6655b6b891595fe8ce0c36d,45dcddf0c4165b2b40b05b18de88a7e65d9373017a4e1e3ca88b1f4aa5884554,true,20270956
quant-dynamic,2fa842e74a5cfcbf59217c4e1d85f7cf2fd11e09dc5ef429f8510965e0835d00,quantization,ONNX-MLIR LLVM,"onnx-mlir version 0.4.2, onnx version 1.21.0 (https://github.com/onnx/onnx-mlir.git 4a13c34aa695b228599d637cdb772c19b4b18dba)",onnx-mlir-llvm,true,,36,500,25161,0.0,0.0,d49382f8563ec14aa8ea729d4bd9d2940cc19150c6655b6b891595fe8ce0c36d,45dcddf0c4165b2b40b05b18de88a7e65d9373017a4e1e3ca88b1f4aa5884554,true,20270957
quant-dynamic,2fa842e74a5cfcbf59217c4e1d85f7cf2fd11e09dc5ef429f8510965e0835d00,quantization,ONNX-MLIR LLVM,"onnx-mlir version 0.4.2, onnx version 1.21.0 (https://github.com/onnx/onnx-mlir.git 4a13c34aa695b228599d637cdb772c19b4b18dba)",onnx-mlir-llvm,true,,37,500,25297,0.0,0.0,d49382f8563ec14aa8ea729d4bd9d2940cc19150c6655b6b891595fe8ce0c36d,45dcddf0c4165b2b40b05b18de88a7e65d9373017a4e1e3ca88b1f4aa5884554,true,20270958
quant-dynamic,2fa842e74a5cfcbf59217c4e1d85f7cf2fd11e09dc5ef429f8510965e0835d00,quantization,ONNX-MLIR LLVM,"onnx-mlir version 0.4.2, onnx version 1.21.0 (https://github.com/onnx/onnx-mlir.git 4a13c34aa695b228599d637cdb772c19b4b18dba)",onnx-mlir-llvm,true,,38,500,25460,0.0,0.0,d49382f8563ec14aa8ea729d4bd9d2940cc19150c6655b6b891595fe8ce0c36d,45dcddf0c4165b2b40b05b18de88a7e65d9373017a4e1e3ca88b1f4aa5884554,true,20270959
quant-dynamic,2fa842e74a5cfcbf59217c4e1d85f7cf2fd11e09dc5ef429f8510965e0835d00,quantization,ONNX-MLIR LLVM,"onnx-mlir version 0.4.2, onnx version 1.21.0 (https://github.com/onnx/onnx-mlir.git 4a13c34aa695b228599d637cdb772c19b4b18dba)",onnx-mlir-llvm,true,,39,500,25137,0.0,0.0,d49382f8563ec14aa8ea729d4bd9d2940cc19150c6655b6b891595fe8ce0c36d,45dcddf0c4165b2b40b05b18de88a7e65d9373017a4e1e3ca88b1f4aa5884554,true,20270960
quant-dynamic,2fa842e74a5cfcbf59217c4e1d85f7cf2fd11e09dc5ef429f8510965e0835d00,quantization,ONNX-MLIR LLVM,"onnx-mlir version 0.4.2, onnx version 1.21.0 (https://github.com/onnx/onnx-mlir.git 4a13c34aa695b228599d637cdb772c19b4b18dba)",onnx-mlir-llvm,true,,40,500,25120,0.0,0.0,d49382f8563ec14aa8ea729d4bd9d2940cc19150c6655b6b891595fe8ce0c36d,45dcddf0c4165b2b40b05b18de88a7e65d9373017a4e1e3ca88b1f4aa5884554,true,20270961
quant-dynamic,2fa842e74a5cfcbf59217c4e1d85f7cf2fd11e09dc5ef429f8510965e0835d00,quantization,ONNX-MLIR LLVM,"onnx-mlir version 0.4.2, onnx version 1.21.0 (https://github.com/onnx/onnx-mlir.git 4a13c34aa695b228599d637cdb772c19b4b18dba)",onnx-mlir-llvm,true,,41,500,25271,0.0,0.0,d49382f8563ec14aa8ea729d4bd9d2940cc19150c6655b6b891595fe8ce0c36d,45dcddf0c4165b2b40b05b18de88a7e65d9373017a4e1e3ca88b1f4aa5884554,true,20270962
quant-dynamic,2fa842e74a5cfcbf59217c4e1d85f7cf2fd11e09dc5ef429f8510965e0835d00,quantization,ONNX-MLIR LLVM,"onnx-mlir version 0.4.2, onnx version 1.21.0 (https://github.com/onnx/onnx-mlir.git 4a13c34aa695b228599d637cdb772c19b4b18dba)",onnx-mlir-llvm,true,,42,500,25577,0.0,0.0,d49382f8563ec14aa8ea729d4bd9d2940cc19150c6655b6b891595fe8ce0c36d,45dcddf0c4165b2b40b05b18de88a7e65d9373017a4e1e3ca88b1f4aa5884554,true,20270963
quant-dynamic,2fa842e74a5cfcbf59217c4e1d85f7cf2fd11e09dc5ef429f8510965e0835d00,quantization,ONNX-MLIR LLVM,"onnx-mlir version 0.4.2, onnx version 1.21.0 (https://github.com/onnx/onnx-mlir.git 4a13c34aa695b228599d637cdb772c19b4b18dba)",onnx-mlir-llvm,true,,43,500,25745,0.0,0.0,d49382f8563ec14aa8ea729d4bd9d2940cc19150c6655b6b891595fe8ce0c36d,45dcddf0c4165b2b40b05b18de88a7e65d9373017a4e1e3ca88b1f4aa5884554,true,20270964
quant-dynamic,2fa842e74a5cfcbf59217c4e1d85f7cf2fd11e09dc5ef429f8510965e0835d00,quantization,ONNX-MLIR LLVM,"onnx-mlir version 0.4.2, onnx version 1.21.0 (https://github.com/onnx/onnx-mlir.git 4a13c34aa695b228599d637cdb772c19b4b18dba)",onnx-mlir-llvm,true,,44,500,25521,0.0,0.0,d49382f8563ec14aa8ea729d4bd9d2940cc19150c6655b6b891595fe8ce0c36d,45dcddf0c4165b2b40b05b18de88a7e65d9373017a4e1e3ca88b1f4aa5884554,true,20270965
quant-dynamic,2fa842e74a5cfcbf59217c4e1d85f7cf2fd11e09dc5ef429f8510965e0835d00,quantization,ONNX-MLIR LLVM,"onnx-mlir version 0.4.2, onnx version 1.21.0 (https://github.com/onnx/onnx-mlir.git 4a13c34aa695b228599d637cdb772c19b4b18dba)",onnx-mlir-llvm,true,,45,500,25231,0.0,0.0,d49382f8563ec14aa8ea729d4bd9d2940cc19150c6655b6b891595fe8ce0c36d,45dcddf0c4165b2b40b05b18de88a7e65d9373017a4e1e3ca88b1f4aa5884554,true,20270966
quant-dynamic,2fa842e74a5cfcbf59217c4e1d85f7cf2fd11e09dc5ef429f8510965e0835d00,quantization,ONNX-MLIR LLVM,"onnx-mlir version 0.4.2, onnx version 1.21.0 (https://github.com/onnx/onnx-mlir.git 4a13c34aa695b228599d637cdb772c19b4b18dba)",onnx-mlir-llvm,true,,46,500,25625,0.0,0.0,d49382f8563ec14aa8ea729d4bd9d2940cc19150c6655b6b891595fe8ce0c36d,45dcddf0c4165b2b40b05b18de88a7e65d9373017a4e1e3ca88b1f4aa5884554,true,20270967
quant-dynamic,2fa842e74a5cfcbf59217c4e1d85f7cf2fd11e09dc5ef429f8510965e0835d00,quantization,ONNX-MLIR LLVM,"onnx-mlir version 0.4.2, onnx version 1.21.0 (https://github.com/onnx/onnx-mlir.git 4a13c34aa695b228599d637cdb772c19b4b18dba)",onnx-mlir-llvm,true,,47,500,25516,0.0,0.0,d49382f8563ec14aa8ea729d4bd9d2940cc19150c6655b6b891595fe8ce0c36d,45dcddf0c4165b2b40b05b18de88a7e65d9373017a4e1e3ca88b1f4aa5884554,true,20270968
quant-dynamic,2fa842e74a5cfcbf59217c4e1d85f7cf2fd11e09dc5ef429f8510965e0835d00,quantization,ONNX-MLIR LLVM,"onnx-mlir version 0.4.2, onnx version 1.21.0 (https://github.com/onnx/onnx-mlir.git 4a13c34aa695b228599d637cdb772c19b4b18dba)",onnx-mlir-llvm,true,,48,500,25259,0.0,0.0,d49382f8563ec14aa8ea729d4bd9d2940cc19150c6655b6b891595fe8ce0c36d,45dcddf0c4165b2b40b05b18de88a7e65d9373017a4e1e3ca88b1f4aa5884554,true,20270969
quant-dynamic,2fa842e74a5cfcbf59217c4e1d85f7cf2fd11e09dc5ef429f8510965e0835d00,quantization,ONNX-MLIR LLVM,"onnx-mlir version 0.4.2, onnx version 1.21.0 (https://github.com/onnx/onnx-mlir.git 4a13c34aa695b228599d637cdb772c19b4b18dba)",onnx-mlir-llvm,true,,49,500,25708,0.0,0.0,d49382f8563ec14aa8ea729d4bd9d2940cc19150c6655b6b891595fe8ce0c36d,45dcddf0c4165b2b40b05b18de88a7e65d9373017a4e1e3ca88b1f4aa5884554,true,20270970
quant-dynamic,2fa842e74a5cfcbf59217c4e1d85f7cf2fd11e09dc5ef429f8510965e0835d00,quantization,ONNX-MLIR LLVM,"onnx-mlir version 0.4.2, onnx version 1.21.0 (https://github.com/onnx/onnx-mlir.git 4a13c34aa695b228599d637cdb772c19b4b18dba)",onnx-mlir-llvm,true,,50,500,25453,0.0,0.0,d49382f8563ec14aa8ea729d4bd9d2940cc19150c6655b6b891595fe8ce0c36d,45dcddf0c4165b2b40b05b18de88a7e65d9373017a4e1e3ca88b1f4aa5884554,true,20270971
quant-dynamic,2fa842e74a5cfcbf59217c4e1d85f7cf2fd11e09dc5ef429f8510965e0835d00,quantization,ONNX-MLIR LLVM,"onnx-mlir version 0.4.2, onnx version 1.21.0 (https://github.com/onnx/onnx-mlir.git 4a13c34aa695b228599d637cdb772c19b4b18dba)",onnx-mlir-llvm,true,,51,500,25495,0.0,0.0,d49382f8563ec14aa8ea729d4bd9d2940cc19150c6655b6b891595fe8ce0c36d,45dcddf0c4165b2b40b05b18de88a7e65d9373017a4e1e3ca88b1f4aa5884554,true,20270972
quant-dynamic,2fa842e74a5cfcbf59217c4e1d85f7cf2fd11e09dc5ef429f8510965e0835d00,quantization,ONNX-MLIR LLVM,"onnx-mlir version 0.4.2, onnx version 1.21.0 (https://github.com/onnx/onnx-mlir.git 4a13c34aa695b228599d637cdb772c19b4b18dba)",onnx-mlir-llvm,true,,52,500,25382,0.0,0.0,d49382f8563ec14aa8ea729d4bd9d2940cc19150c6655b6b891595fe8ce0c36d,45dcddf0c4165b2b40b05b18de88a7e65d9373017a4e1e3ca88b1f4aa5884554,true,20270973
quant-dynamic,2fa842e74a5cfcbf59217c4e1d85f7cf2fd11e09dc5ef429f8510965e0835d00,quantization,ONNX-MLIR LLVM,"onnx-mlir version 0.4.2, onnx version 1.21.0 (https://github.com/onnx/onnx-mlir.git 4a13c34aa695b228599d637cdb772c19b4b18dba)",onnx-mlir-llvm,true,,53,500,25206,0.0,0.0,d49382f8563ec14aa8ea729d4bd9d2940cc19150c6655b6b891595fe8ce0c36d,45dcddf0c4165b2b40b05b18de88a7e65d9373017a4e1e3ca88b1f4aa5884554,true,20270974
quant-dynamic,2fa842e74a5cfcbf59217c4e1d85f7cf2fd11e09dc5ef429f8510965e0835d00,quantization,ONNX-MLIR LLVM,"onnx-mlir version 0.4.2, onnx version 1.21.0 (https://github.com/onnx/onnx-mlir.git 4a13c34aa695b228599d637cdb772c19b4b18dba)",onnx-mlir-llvm,true,,54,500,25303,0.0,0.0,d49382f8563ec14aa8ea729d4bd9d2940cc19150c6655b6b891595fe8ce0c36d,45dcddf0c4165b2b40b05b18de88a7e65d9373017a4e1e3ca88b1f4aa5884554,true,20270975
quant-dynamic,2fa842e74a5cfcbf59217c4e1d85f7cf2fd11e09dc5ef429f8510965e0835d00,quantization,ONNX-MLIR LLVM,"onnx-mlir version 0.4.2, onnx version 1.21.0 (https://github.com/onnx/onnx-mlir.git 4a13c34aa695b228599d637cdb772c19b4b18dba)",onnx-mlir-llvm,true,,55,500,25163,0.0,0.0,d49382f8563ec14aa8ea729d4bd9d2940cc19150c6655b6b891595fe8ce0c36d,45dcddf0c4165b2b40b05b18de88a7e65d9373017a4e1e3ca88b1f4aa5884554,true,20270976
quant-dynamic,2fa842e74a5cfcbf59217c4e1d85f7cf2fd11e09dc5ef429f8510965e0835d00,quantization,ONNX-MLIR LLVM,"onnx-mlir version 0.4.2, onnx version 1.21.0 (https://github.com/onnx/onnx-mlir.git 4a13c34aa695b228599d637cdb772c19b4b18dba)",onnx-mlir-llvm,true,,56,500,25248,0.0,0.0,d49382f8563ec14aa8ea729d4bd9d2940cc19150c6655b6b891595fe8ce0c36d,45dcddf0c4165b2b40b05b18de88a7e65d9373017a4e1e3ca88b1f4aa5884554,true,20270977
quant-dynamic,2fa842e74a5cfcbf59217c4e1d85f7cf2fd11e09dc5ef429f8510965e0835d00,quantization,ONNX-MLIR LLVM,"onnx-mlir version 0.4.2, onnx version 1.21.0 (https://github.com/onnx/onnx-mlir.git 4a13c34aa695b228599d637cdb772c19b4b18dba)",onnx-mlir-llvm,true,,57,500,25792,0.0,0.0,d49382f8563ec14aa8ea729d4bd9d2940cc19150c6655b6b891595fe8ce0c36d,45dcddf0c4165b2b40b05b18de88a7e65d9373017a4e1e3ca88b1f4aa5884554,true,20270978
quant-dynamic,2fa842e74a5cfcbf59217c4e1d85f7cf2fd11e09dc5ef429f8510965e0835d00,quantization,ONNX-MLIR LLVM,"onnx-mlir version 0.4.2, onnx version 1.21.0 (https://github.com/onnx/onnx-mlir.git 4a13c34aa695b228599d637cdb772c19b4b18dba)",onnx-mlir-llvm,true,,58,500,25351,0.0,0.0,d49382f8563ec14aa8ea729d4bd9d2940cc19150c6655b6b891595fe8ce0c36d,45dcddf0c4165b2b40b05b18de88a7e65d9373017a4e1e3ca88b1f4aa5884554,true,20270979
quant-dynamic,2fa842e74a5cfcbf59217c4e1d85f7cf2fd11e09dc5ef429f8510965e0835d00,quantization,ONNX-MLIR LLVM,"onnx-mlir version 0.4.2, onnx version 1.21.0 (https://github.com/onnx/onnx-mlir.git 4a13c34aa695b228599d637cdb772c19b4b18dba)",onnx-mlir-llvm,true,,59,500,25365,0.0,0.0,d49382f8563ec14aa8ea729d4bd9d2940cc19150c6655b6b891595fe8ce0c36d,45dcddf0c4165b2b40b05b18de88a7e65d9373017a4e1e3ca88b1f4aa5884554,true,20270980
quant-dynamic,2fa842e74a5cfcbf59217c4e1d85f7cf2fd11e09dc5ef429f8510965e0835d00,quantization,ONNX-MLIR LLVM,"onnx-mlir version 0.4.2, onnx version 1.21.0 (https://github.com/onnx/onnx-mlir.git 4a13c34aa695b228599d637cdb772c19b4b18dba)",onnx-mlir-llvm,true,,60,500,25349,0.0,0.0,d49382f8563ec14aa8ea729d4bd9d2940cc19150c6655b6b891595fe8ce0c36d,45dcddf0c4165b2b40b05b18de88a7e65d9373017a4e1e3ca88b1f4aa5884554,true,20270981
quant-dynamic,2fa842e74a5cfcbf59217c4e1d85f7cf2fd11e09dc5ef429f8510965e0835d00,quantization,ONNX-MLIR LLVM,"onnx-mlir version 0.4.2, onnx version 1.21.0 (https://github.com/onnx/onnx-mlir.git 4a13c34aa695b228599d637cdb772c19b4b18dba)",onnx-mlir-llvm,true,,61,500,25730,0.0,0.0,d49382f8563ec14aa8ea729d4bd9d2940cc19150c6655b6b891595fe8ce0c36d,45dcddf0c4165b2b40b05b18de88a7e65d9373017a4e1e3ca88b1f4aa5884554,true,20270982
quant-dynamic,2fa842e74a5cfcbf59217c4e1d85f7cf2fd11e09dc5ef429f8510965e0835d00,quantization,ONNX-MLIR LLVM,"onnx-mlir version 0.4.2, onnx version 1.21.0 (https://github.com/onnx/onnx-mlir.git 4a13c34aa695b228599d637cdb772c19b4b18dba)",onnx-mlir-llvm,true,,62,500,25130,0.0,0.0,d49382f8563ec14aa8ea729d4bd9d2940cc19150c6655b6b891595fe8ce0c36d,45dcddf0c4165b2b40b05b18de88a7e65d9373017a4e1e3ca88b1f4aa5884554,true,20270983
quant-dynamic,2fa842e74a5cfcbf59217c4e1d85f7cf2fd11e09dc5ef429f8510965e0835d00,quantization,ONNX-MLIR LLVM,"onnx-mlir version 0.4.2, onnx version 1.21.0 (https://github.com/onnx/onnx-mlir.git 4a13c34aa695b228599d637cdb772c19b4b18dba)",onnx-mlir-llvm,true,,63,500,25307,0.0,0.0,d49382f8563ec14aa8ea729d4bd9d2940cc19150c6655b6b891595fe8ce0c36d,45dcddf0c4165b2b40b05b18de88a7e65d9373017a4e1e3ca88b1f4aa5884554,true,20270984
quant-dynamic,2fa842e74a5cfcbf59217c4e1d85f7cf2fd11e09dc5ef429f8510965e0835d00,quantization,ONNX-MLIR LLVM,"onnx-mlir version 0.4.2, onnx version 1.21.0 (https://github.com/onnx/onnx-mlir.git 4a13c34aa695b228599d637cdb772c19b4b18dba)",onnx-mlir-llvm,true,,64,500,25151,0.0,0.0,d49382f8563ec14aa8ea729d4bd9d2940cc19150c6655b6b891595fe8ce0c36d,45dcddf0c4165b2b40b05b18de88a7e65d9373017a4e1e3ca88b1f4aa5884554,true,20270985
quant-dynamic,2fa842e74a5cfcbf59217c4e1d85f7cf2fd11e09dc5ef429f8510965e0835d00,quantization,ONNX-MLIR LLVM,"onnx-mlir version 0.4.2, onnx version 1.21.0 (https://github.com/onnx/onnx-mlir.git 4a13c34aa695b228599d637cdb772c19b4b18dba)",onnx-mlir-llvm,true,,65,500,25767,0.0,0.0,d49382f8563ec14aa8ea729d4bd9d2940cc19150c6655b6b891595fe8ce0c36d,45dcddf0c4165b2b40b05b18de88a7e65d9373017a4e1e3ca88b1f4aa5884554,true,20270986
quant-dynamic,2fa842e74a5cfcbf59217c4e1d85f7cf2fd11e09dc5ef429f8510965e0835d00,quantization,ONNX-MLIR LLVM,"onnx-mlir version 0.4.2, onnx version 1.21.0 (https://github.com/onnx/onnx-mlir.git 4a13c34aa695b228599d637cdb772c19b4b18dba)",onnx-mlir-llvm,true,,66,500,25122,0.0,0.0,d49382f8563ec14aa8ea729d4bd9d2940cc19150c6655b6b891595fe8ce0c36d,45dcddf0c4165b2b40b05b18de88a7e65d9373017a4e1e3ca88b1f4aa5884554,true,20270987
quant-dynamic,2fa842e74a5cfcbf59217c4e1d85f7cf2fd11e09dc5ef429f8510965e0835d00,quantization,ONNX-MLIR LLVM,"onnx-mlir version 0.4.2, onnx version 1.21.0 (https://github.com/onnx/onnx-mlir.git 4a13c34aa695b228599d637cdb772c19b4b18dba)",onnx-mlir-llvm,true,,67,500,25498,0.0,0.0,d49382f8563ec14aa8ea729d4bd9d2940cc19150c6655b6b891595fe8ce0c36d,45dcddf0c4165b2b40b05b18de88a7e65d9373017a4e1e3ca88b1f4aa5884554,true,20270988
quant-dynamic,2fa842e74a5cfcbf59217c4e1d85f7cf2fd11e09dc5ef429f8510965e0835d00,quantization,ONNX-MLIR LLVM,"onnx-mlir version 0.4.2, onnx version 1.21.0 (https://github.com/onnx/onnx-mlir.git 4a13c34aa695b228599d637cdb772c19b4b18dba)",onnx-mlir-llvm,true,,68,500,25357,0.0,0.0,d49382f8563ec14aa8ea729d4bd9d2940cc19150c6655b6b891595fe8ce0c36d,45dcddf0c4165b2b40b05b18de88a7e65d9373017a4e1e3ca88b1f4aa5884554,true,20270989
quant-dynamic,2fa842e74a5cfcbf59217c4e1d85f7cf2fd11e09dc5ef429f8510965e0835d00,quantization,ONNX-MLIR LLVM,"onnx-mlir version 0.4.2, onnx version 1.21.0 (https://github.com/onnx/onnx-mlir.git 4a13c34aa695b228599d637cdb772c19b4b18dba)",onnx-mlir-llvm,true,,69,500,25945,0.0,0.0,d49382f8563ec14aa8ea729d4bd9d2940cc19150c6655b6b891595fe8ce0c36d,45dcddf0c4165b2b40b05b18de88a7e65d9373017a4e1e3ca88b1f4aa5884554,true,20270990
quant-dynamic,2fa842e74a5cfcbf59217c4e1d85f7cf2fd11e09dc5ef429f8510965e0835d00,quantization,ONNX-MLIR LLVM,"onnx-mlir version 0.4.2, onnx version 1.21.0 (https://github.com/onnx/onnx-mlir.git 4a13c34aa695b228599d637cdb772c19b4b18dba)",onnx-mlir-llvm,true,,70,500,25159,0.0,0.0,d49382f8563ec14aa8ea729d4bd9d2940cc19150c6655b6b891595fe8ce0c36d,45dcddf0c4165b2b40b05b18de88a7e65d9373017a4e1e3ca88b1f4aa5884554,true,20270991
quant-dynamic,2fa842e74a5cfcbf59217c4e1d85f7cf2fd11e09dc5ef429f8510965e0835d00,quantization,ONNX-MLIR LLVM,"onnx-mlir version 0.4.2, onnx version 1.21.0 (https://github.com/onnx/onnx-mlir.git 4a13c34aa695b228599d637cdb772c19b4b18dba)",onnx-mlir-llvm,true,,71,500,25317,0.0,0.0,d49382f8563ec14aa8ea729d4bd9d2940cc19150c6655b6b891595fe8ce0c36d,45dcddf0c4165b2b40b05b18de88a7e65d9373017a4e1e3ca88b1f4aa5884554,true,20270992
quant-dynamic,2fa842e74a5cfcbf59217c4e1d85f7cf2fd11e09dc5ef429f8510965e0835d00,quantization,ONNX-MLIR LLVM,"onnx-mlir version 0.4.2, onnx version 1.21.0 (https://github.com/onnx/onnx-mlir.git 4a13c34aa695b228599d637cdb772c19b4b18dba)",onnx-mlir-llvm,true,,72,500,25326,0.0,0.0,d49382f8563ec14aa8ea729d4bd9d2940cc19150c6655b6b891595fe8ce0c36d,45dcddf0c4165b2b40b05b18de88a7e65d9373017a4e1e3ca88b1f4aa5884554,true,20270993
quant-dynamic,2fa842e74a5cfcbf59217c4e1d85f7cf2fd11e09dc5ef429f8510965e0835d00,quantization,ONNX-MLIR LLVM,"onnx-mlir version 0.4.2, onnx version 1.21.0 (https://github.com/onnx/onnx-mlir.git 4a13c34aa695b228599d637cdb772c19b4b18dba)",onnx-mlir-llvm,true,,73,500,25432,0.0,0.0,d49382f8563ec14aa8ea729d4bd9d2940cc19150c6655b6b891595fe8ce0c36d,45dcddf0c4165b2b40b05b18de88a7e65d9373017a4e1e3ca88b1f4aa5884554,true,20270994
quant-dynamic,2fa842e74a5cfcbf59217c4e1d85f7cf2fd11e09dc5ef429f8510965e0835d00,quantization,ONNX-MLIR LLVM,"onnx-mlir version 0.4.2, onnx version 1.21.0 (https://github.com/onnx/onnx-mlir.git 4a13c34aa695b228599d637cdb772c19b4b18dba)",onnx-mlir-llvm,true,,74,500,25039,0.0,0.0,d49382f8563ec14aa8ea729d4bd9d2940cc19150c6655b6b891595fe8ce0c36d,45dcddf0c4165b2b40b05b18de88a7e65d9373017a4e1e3ca88b1f4aa5884554,true,20270995
quant-dynamic,2fa842e74a5cfcbf59217c4e1d85f7cf2fd11e09dc5ef429f8510965e0835d00,quantization,ONNX-MLIR LLVM,"onnx-mlir version 0.4.2, onnx version 1.21.0 (https://github.com/onnx/onnx-mlir.git 4a13c34aa695b228599d637cdb772c19b4b18dba)",onnx-mlir-llvm,true,,75,500,25388,0.0,0.0,d49382f8563ec14aa8ea729d4bd9d2940cc19150c6655b6b891595fe8ce0c36d,45dcddf0c4165b2b40b05b18de88a7e65d9373017a4e1e3ca88b1f4aa5884554,true,20270996
quant-dynamic,2fa842e74a5cfcbf59217c4e1d85f7cf2fd11e09dc5ef429f8510965e0835d00,quantization,ONNX-MLIR LLVM,"onnx-mlir version 0.4.2, onnx version 1.21.0 (https://github.com/onnx/onnx-mlir.git 4a13c34aa695b228599d637cdb772c19b4b18dba)",onnx-mlir-llvm,true,,76,500,25200,0.0,0.0,d49382f8563ec14aa8ea729d4bd9d2940cc19150c6655b6b891595fe8ce0c36d,45dcddf0c4165b2b40b05b18de88a7e65d9373017a4e1e3ca88b1f4aa5884554,true,20270997
quant-dynamic,2fa842e74a5cfcbf59217c4e1d85f7cf2fd11e09dc5ef429f8510965e0835d00,quantization,ONNX-MLIR LLVM,"onnx-mlir version 0.4.2, onnx version 1.21.0 (https://github.com/onnx/onnx-mlir.git 4a13c34aa695b228599d637cdb772c19b4b18dba)",onnx-mlir-llvm,true,,77,500,25286,0.0,0.0,d49382f8563ec14aa8ea729d4bd9d2940cc19150c6655b6b891595fe8ce0c36d,45dcddf0c4165b2b40b05b18de88a7e65d9373017a4e1e3ca88b1f4aa5884554,true,20270998
quant-dynamic,2fa842e74a5cfcbf59217c4e1d85f7cf2fd11e09dc5ef429f8510965e0835d00,quantization,ONNX-MLIR LLVM,"onnx-mlir version 0.4.2, onnx version 1.21.0 (https://github.com/onnx/onnx-mlir.git 4a13c34aa695b228599d637cdb772c19b4b18dba)",onnx-mlir-llvm,true,,78,500,25051,0.0,0.0,d49382f8563ec14aa8ea729d4bd9d2940cc19150c6655b6b891595fe8ce0c36d,45dcddf0c4165b2b40b05b18de88a7e65d9373017a4e1e3ca88b1f4aa5884554,true,20270999
quant-dynamic,2fa842e74a5cfcbf59217c4e1d85f7cf2fd11e09dc5ef429f8510965e0835d00,quantization,ONNX-MLIR LLVM,"onnx-mlir version 0.4.2, onnx version 1.21.0 (https://github.com/onnx/onnx-mlir.git 4a13c34aa695b228599d637cdb772c19b4b18dba)",onnx-mlir-llvm,true,,79,500,25154,0.0,0.0,d49382f8563ec14aa8ea729d4bd9d2940cc19150c6655b6b891595fe8ce0c36d,45dcddf0c4165b2b40b05b18de88a7e65d9373017a4e1e3ca88b1f4aa5884554,true,20271000
quant-dynamic,2fa842e74a5cfcbf59217c4e1d85f7cf2fd11e09dc5ef429f8510965e0835d00,quantization,ONNX-MLIR LLVM,"onnx-mlir version 0.4.2, onnx version 1.21.0 (https://github.com/onnx/onnx-mlir.git 4a13c34aa695b228599d637cdb772c19b4b18dba)",onnx-mlir-llvm,true,,80,500,25377,0.0,0.0,d49382f8563ec14aa8ea729d4bd9d2940cc19150c6655b6b891595fe8ce0c36d,45dcddf0c4165b2b40b05b18de88a7e65d9373017a4e1e3ca88b1f4aa5884554,true,20271001
quant-dynamic,2fa842e74a5cfcbf59217c4e1d85f7cf2fd11e09dc5ef429f8510965e0835d00,quantization,ONNX-MLIR LLVM,"onnx-mlir version 0.4.2, onnx version 1.21.0 (https://github.com/onnx/onnx-mlir.git 4a13c34aa695b228599d637cdb772c19b4b18dba)",onnx-mlir-llvm,true,,81,500,25280,0.0,0.0,d49382f8563ec14aa8ea729d4bd9d2940cc19150c6655b6b891595fe8ce0c36d,45dcddf0c4165b2b40b05b18de88a7e65d9373017a4e1e3ca88b1f4aa5884554,true,20271002
quant-dynamic,2fa842e74a5cfcbf59217c4e1d85f7cf2fd11e09dc5ef429f8510965e0835d00,quantization,ONNX-MLIR LLVM,"onnx-mlir version 0.4.2, onnx version 1.21.0 (https://github.com/onnx/onnx-mlir.git 4a13c34aa695b228599d637cdb772c19b4b18dba)",onnx-mlir-llvm,true,,82,500,25209,0.0,0.0,d49382f8563ec14aa8ea729d4bd9d2940cc19150c6655b6b891595fe8ce0c36d,45dcddf0c4165b2b40b05b18de88a7e65d9373017a4e1e3ca88b1f4aa5884554,true,20271003
quant-dynamic,2fa842e74a5cfcbf59217c4e1d85f7cf2fd11e09dc5ef429f8510965e0835d00,quantization,ONNX-MLIR LLVM,"onnx-mlir version 0.4.2, onnx version 1.21.0 (https://github.com/onnx/onnx-mlir.git 4a13c34aa695b228599d637cdb772c19b4b18dba)",onnx-mlir-llvm,true,,83,500,25164,0.0,0.0,d49382f8563ec14aa8ea729d4bd9d2940cc19150c6655b6b891595fe8ce0c36d,45dcddf0c4165b2b40b05b18de88a7e65d9373017a4e1e3ca88b1f4aa5884554,true,20271004
quant-dynamic,2fa842e74a5cfcbf59217c4e1d85f7cf2fd11e09dc5ef429f8510965e0835d00,quantization,ONNX-MLIR LLVM,"onnx-mlir version 0.4.2, onnx version 1.21.0 (https://github.com/onnx/onnx-mlir.git 4a13c34aa695b228599d637cdb772c19b4b18dba)",onnx-mlir-llvm,true,,84,500,25456,0.0,0.0,d49382f8563ec14aa8ea729d4bd9d2940cc19150c6655b6b891595fe8ce0c36d,45dcddf0c4165b2b40b05b18de88a7e65d9373017a4e1e3ca88b1f4aa5884554,true,20271005
quant-dynamic,2fa842e74a5cfcbf59217c4e1d85f7cf2fd11e09dc5ef429f8510965e0835d00,quantization,ONNX-MLIR LLVM,"onnx-mlir version 0.4.2, onnx version 1.21.0 (https://github.com/onnx/onnx-mlir.git 4a13c34aa695b228599d637cdb772c19b4b18dba)",onnx-mlir-llvm,true,,85,500,25359,0.0,0.0,d49382f8563ec14aa8ea729d4bd9d2940cc19150c6655b6b891595fe8ce0c36d,45dcddf0c4165b2b40b05b18de88a7e65d9373017a4e1e3ca88b1f4aa5884554,true,20271006
quant-dynamic,2fa842e74a5cfcbf59217c4e1d85f7cf2fd11e09dc5ef429f8510965e0835d00,quantization,ONNX-MLIR LLVM,"onnx-mlir version 0.4.2, onnx version 1.21.0 (https://github.com/onnx/onnx-mlir.git 4a13c34aa695b228599d637cdb772c19b4b18dba)",onnx-mlir-llvm,true,,86,500,25199,0.0,0.0,d49382f8563ec14aa8ea729d4bd9d2940cc19150c6655b6b891595fe8ce0c36d,45dcddf0c4165b2b40b05b18de88a7e65d9373017a4e1e3ca88b1f4aa5884554,true,20271007
quant-dynamic,2fa842e74a5cfcbf59217c4e1d85f7cf2fd11e09dc5ef429f8510965e0835d00,quantization,ONNX-MLIR LLVM,"onnx-mlir version 0.4.2, onnx version 1.21.0 (https://github.com/onnx/onnx-mlir.git 4a13c34aa695b228599d637cdb772c19b4b18dba)",onnx-mlir-llvm,true,,87,500,24948,0.0,0.0,d49382f8563ec14aa8ea729d4bd9d2940cc19150c6655b6b891595fe8ce0c36d,45dcddf0c4165b2b40b05b18de88a7e65d9373017a4e1e3ca88b1f4aa5884554,true,20271008
quant-dynamic,2fa842e74a5cfcbf59217c4e1d85f7cf2fd11e09dc5ef429f8510965e0835d00,quantization,ONNX-MLIR LLVM,"onnx-mlir version 0.4.2, onnx version 1.21.0 (https://github.com/onnx/onnx-mlir.git 4a13c34aa695b228599d637cdb772c19b4b18dba)",onnx-mlir-llvm,true,,88,500,25325,0.0,0.0,d49382f8563ec14aa8ea729d4bd9d2940cc19150c6655b6b891595fe8ce0c36d,45dcddf0c4165b2b40b05b18de88a7e65d9373017a4e1e3ca88b1f4aa5884554,true,20271009
quant-dynamic,2fa842e74a5cfcbf59217c4e1d85f7cf2fd11e09dc5ef429f8510965e0835d00,quantization,ONNX-MLIR LLVM,"onnx-mlir version 0.4.2, onnx version 1.21.0 (https://github.com/onnx/onnx-mlir.git 4a13c34aa695b228599d637cdb772c19b4b18dba)",onnx-mlir-llvm,true,,89,500,25009,0.0,0.0,d49382f8563ec14aa8ea729d4bd9d2940cc19150c6655b6b891595fe8ce0c36d,45dcddf0c4165b2b40b05b18de88a7e65d9373017a4e1e3ca88b1f4aa5884554,true,20271010
quant-dynamic,2fa842e74a5cfcbf59217c4e1d85f7cf2fd11e09dc5ef429f8510965e0835d00,quantization,ONNX-MLIR LLVM,"onnx-mlir version 0.4.2, onnx version 1.21.0 (https://github.com/onnx/onnx-mlir.git 4a13c34aa695b228599d637cdb772c19b4b18dba)",onnx-mlir-llvm,true,,90,500,24938,0.0,0.0,d49382f8563ec14aa8ea729d4bd9d2940cc19150c6655b6b891595fe8ce0c36d,45dcddf0c4165b2b40b05b18de88a7e65d9373017a4e1e3ca88b1f4aa5884554,true,20271011
quant-dynamic,2fa842e74a5cfcbf59217c4e1d85f7cf2fd11e09dc5ef429f8510965e0835d00,quantization,ONNX-MLIR LLVM,"onnx-mlir version 0.4.2, onnx version 1.21.0 (https://github.com/onnx/onnx-mlir.git 4a13c34aa695b228599d637cdb772c19b4b18dba)",onnx-mlir-llvm,true,,91,500,24892,0.0,0.0,d49382f8563ec14aa8ea729d4bd9d2940cc19150c6655b6b891595fe8ce0c36d,45dcddf0c4165b2b40b05b18de88a7e65d9373017a4e1e3ca88b1f4aa5884554,true,20271012
quant-dynamic,2fa842e74a5cfcbf59217c4e1d85f7cf2fd11e09dc5ef429f8510965e0835d00,quantization,ONNX-MLIR LLVM,"onnx-mlir version 0.4.2, onnx version 1.21.0 (https://github.com/onnx/onnx-mlir.git 4a13c34aa695b228599d637cdb772c19b4b18dba)",onnx-mlir-llvm,true,,92,500,25251,0.0,0.0,d49382f8563ec14aa8ea729d4bd9d2940cc19150c6655b6b891595fe8ce0c36d,45dcddf0c4165b2b40b05b18de88a7e65d9373017a4e1e3ca88b1f4aa5884554,true,20271013
quant-dynamic,2fa842e74a5cfcbf59217c4e1d85f7cf2fd11e09dc5ef429f8510965e0835d00,quantization,ONNX-MLIR LLVM,"onnx-mlir version 0.4.2, onnx version 1.21.0 (https://github.com/onnx/onnx-mlir.git 4a13c34aa695b228599d637cdb772c19b4b18dba)",onnx-mlir-llvm,true,,93,500,24984,0.0,0.0,d49382f8563ec14aa8ea729d4bd9d2940cc19150c6655b6b891595fe8ce0c36d,45dcddf0c4165b2b40b05b18de88a7e65d9373017a4e1e3ca88b1f4aa5884554,true,20271014
quant-dynamic,2fa842e74a5cfcbf59217c4e1d85f7cf2fd11e09dc5ef429f8510965e0835d00,quantization,ONNX-MLIR LLVM,"onnx-mlir version 0.4.2, onnx version 1.21.0 (https://github.com/onnx/onnx-mlir.git 4a13c34aa695b228599d637cdb772c19b4b18dba)",onnx-mlir-llvm,true,,94,500,25421,0.0,0.0,d49382f8563ec14aa8ea729d4bd9d2940cc19150c6655b6b891595fe8ce0c36d,45dcddf0c4165b2b40b05b18de88a7e65d9373017a4e1e3ca88b1f4aa5884554,true,20271015
quant-dynamic,2fa842e74a5cfcbf59217c4e1d85f7cf2fd11e09dc5ef429f8510965e0835d00,quantization,ONNX-MLIR LLVM,"onnx-mlir version 0.4.2, onnx version 1.21.0 (https://github.com/onnx/onnx-mlir.git 4a13c34aa695b228599d637cdb772c19b4b18dba)",onnx-mlir-llvm,true,,95,500,25082,0.0,0.0,d49382f8563ec14aa8ea729d4bd9d2940cc19150c6655b6b891595fe8ce0c36d,45dcddf0c4165b2b40b05b18de88a7e65d9373017a4e1e3ca88b1f4aa5884554,true,20271016
quant-dynamic,2fa842e74a5cfcbf59217c4e1d85f7cf2fd11e09dc5ef429f8510965e0835d00,quantization,ONNX-MLIR LLVM,"onnx-mlir version 0.4.2, onnx version 1.21.0 (https://github.com/onnx/onnx-mlir.git 4a13c34aa695b228599d637cdb772c19b4b18dba)",onnx-mlir-llvm,true,,96,500,25229,0.0,0.0,d49382f8563ec14aa8ea729d4bd9d2940cc19150c6655b6b891595fe8ce0c36d,45dcddf0c4165b2b40b05b18de88a7e65d9373017a4e1e3ca88b1f4aa5884554,true,20271017
quant-dynamic,2fa842e74a5cfcbf59217c4e1d85f7cf2fd11e09dc5ef429f8510965e0835d00,quantization,ONNX-MLIR LLVM,"onnx-mlir version 0.4.2, onnx version 1.21.0 (https://github.com/onnx/onnx-mlir.git 4a13c34aa695b228599d637cdb772c19b4b18dba)",onnx-mlir-llvm,true,,97,500,25093,0.0,0.0,d49382f8563ec14aa8ea729d4bd9d2940cc19150c6655b6b891595fe8ce0c36d,45dcddf0c4165b2b40b05b18de88a7e65d9373017a4e1e3ca88b1f4aa5884554,true,20271018
quant-dynamic,2fa842e74a5cfcbf59217c4e1d85f7cf2fd11e09dc5ef429f8510965e0835d00,quantization,ONNX-MLIR LLVM,"onnx-mlir version 0.4.2, onnx version 1.21.0 (https://github.com/onnx/onnx-mlir.git 4a13c34aa695b228599d637cdb772c19b4b18dba)",onnx-mlir-llvm,true,,98,500,25316,0.0,0.0,d49382f8563ec14aa8ea729d4bd9d2940cc19150c6655b6b891595fe8ce0c36d,45dcddf0c4165b2b40b05b18de88a7e65d9373017a4e1e3ca88b1f4aa5884554,true,20271019
quant-dynamic,2fa842e74a5cfcbf59217c4e1d85f7cf2fd11e09dc5ef429f8510965e0835d00,quantization,ONNX-MLIR LLVM,"onnx-mlir version 0.4.2, onnx version 1.21.0 (https://github.com/onnx/onnx-mlir.git 4a13c34aa695b228599d637cdb772c19b4b18dba)",onnx-mlir-llvm,true,,99,500,25041,0.0,0.0,d49382f8563ec14aa8ea729d4bd9d2940cc19150c6655b6b891595fe8ce0c36d,45dcddf0c4165b2b40b05b18de88a7e65d9373017a4e1e3ca88b1f4aa5884554,true,20271020
quant-conv,2fa842e74a5cfcbf59217c4e1d85f7cf2fd11e09dc5ef429f8510965e0835d00,quantization,ONNX-MLIR LLVM,"onnx-mlir version 0.4.2, onnx version 1.21.0 (https://github.com/onnx/onnx-mlir.git 4a13c34aa695b228599d637cdb772c19b4b18dba)",onnx-mlir-llvm,false,unsupported:backend-error,,,,,,081e9acbe8a11dca599f6f58285d1c19f296995f3431339ac3ac065ba670a0bf,,,20260921
conv-depthwise,2fa842e74a5cfcbf59217c4e1d85f7cf2fd11e09dc5ef429f8510965e0835d00,convolution,ONNX-MLIR LLVM,"onnx-mlir version 0.4.2, onnx version 1.21.0 (https://github.com/onnx/onnx-mlir.git 4a13c34aa695b228599d637cdb772c19b4b18dba)",onnx-mlir-llvm,true,,0,10,315958,5.960464477539063e-08,0.0008286860975204035,0192e6d06df6620604965c8da6bf6a2b176ad673953061cd91fa68788657c570,c67cf00f1b881c58375bbb3f0c5ba5a9224a63978f52a8753110f4466159fa51,true,20270921
conv-depthwise,2fa842e74a5cfcbf59217c4e1d85f7cf2fd11e09dc5ef429f8510965e0835d00,convolution,ONNX-MLIR LLVM,"onnx-mlir version 0.4.2, onnx version 1.21.0 (https://github.com/onnx/onnx-mlir.git 4a13c34aa695b228599d637cdb772c19b4b18dba)",onnx-mlir-llvm,true,,1,10,302258,5.960464477539063e-08,0.0008286860975204035,0192e6d06df6620604965c8da6bf6a2b176ad673953061cd91fa68788657c570,c67cf00f1b881c58375bbb3f0c5ba5a9224a63978f52a8753110f4466159fa51,true,20270922
conv-depthwise,2fa842e74a5cfcbf59217c4e1d85f7cf2fd11e09dc5ef429f8510965e0835d00,convolution,ONNX-MLIR LLVM,"onnx-mlir version 0.4.2, onnx version 1.21.0 (https://github.com/onnx/onnx-mlir.git 4a13c34aa695b228599d637cdb772c19b4b18dba)",onnx-mlir-llvm,true,,2,10,285650,5.960464477539063e-08,0.0008286860975204035,0192e6d06df6620604965c8da6bf6a2b176ad673953061cd91fa68788657c570,c67cf00f1b881c58375bbb3f0c5ba5a9224a63978f52a8753110f4466159fa51,true,20270923
conv-depthwise,2fa842e74a5cfcbf59217c4e1d85f7cf2fd11e09dc5ef429f8510965e0835d00,convolution,ONNX-MLIR LLVM,"onnx-mlir version 0.4.2, onnx version 1.21.0 (https://github.com/onnx/onnx-mlir.git 4a13c34aa695b228599d637cdb772c19b4b18dba)",onnx-mlir-llvm,true,,3,10,282075,5.960464477539063e-08,0.0008286860975204035,0192e6d06df6620604965c8da6bf6a2b176ad673953061cd91fa68788657c570,c67cf00f1b881c58375bbb3f0c5ba5a9224a63978f52a8753110f4466159fa51,true,20270924
conv-depthwise,2fa842e74a5cfcbf59217c4e1d85f7cf2fd11e09dc5ef429f8510965e0835d00,convolution,ONNX-MLIR LLVM,"onnx-mlir version 0.4.2, onnx version 1.21.0 (https://github.com/onnx/onnx-mlir.git 4a13c34aa695b228599d637cdb772c19b4b18dba)",onnx-mlir-llvm,true,,4,10,264766,5.960464477539063e-08,0.0008286860975204035,0192e6d06df6620604965c8da6bf6a2b176ad673953061cd91fa68788657c570,c67cf00f1b881c58375bbb3f0c5ba5a9224a63978f52a8753110f4466159fa51,true,20270925
conv-depthwise,2fa842e74a5cfcbf59217c4e1d85f7cf2fd11e09dc5ef429f8510965e0835d00,convolution,ONNX-MLIR LLVM,"onnx-mlir version 0.4.2, onnx version 1.21.0 (https://github.com/onnx/onnx-mlir.git 4a13c34aa695b228599d637cdb772c19b4b18dba)",onnx-mlir-llvm,true,,5,10,270800,5.960464477539063e-08,0.0008286860975204035,0192e6d06df6620604965c8da6bf6a2b176ad673953061cd91fa68788657c570,c67cf00f1b881c58375bbb3f0c5ba5a9224a63978f52a8753110f4466159fa51,true,20270926
conv-depthwise,2fa842e74a5cfcbf59217c4e1d85f7cf2fd11e09dc5ef429f8510965e0835d00,convolution,ONNX-MLIR LLVM,"onnx-mlir version 0.4.2, onnx version 1.21.0 (https://github.com/onnx/onnx-mlir.git 4a13c34aa695b228599d637cdb772c19b4b18dba)",onnx-mlir-llvm,true,,6,10,258579,5.960464477539063e-08,0.0008286860975204035,0192e6d06df6620604965c8da6bf6a2b176ad673953061cd91fa68788657c570,c67cf00f1b881c58375bbb3f0c5ba5a9224a63978f52a8753110f4466159fa51,true,20270927
conv-depthwise,2fa842e74a5cfcbf59217c4e1d85f7cf2fd11e09dc5ef429f8510965e0835d00,convolution,ONNX-MLIR LLVM,"onnx-mlir version 0.4.2, onnx version 1.21.0 (https://github.com/onnx/onnx-mlir.git 4a13c34aa695b228599d637cdb772c19b4b18dba)",onnx-mlir-llvm,true,,7,10,246341,5.960464477539063e-08,0.0008286860975204035,0192e6d06df6620604965c8da6bf6a2b176ad673953061cd91fa68788657c570,c67cf00f1b881c58375bbb3f0c5ba5a9224a63978f52a8753110f4466159fa51,true,20270928
conv-depthwise,2fa842e74a5cfcbf59217c4e1d85f7cf2fd11e09dc5ef429f8510965e0835d00,convolution,ONNX-MLIR LLVM,"onnx-mlir version 0.4.2, onnx version 1.21.0 (https://github.com/onnx/onnx-mlir.git 4a13c34aa695b228599d637cdb772c19b4b18dba)",onnx-mlir-llvm,true,,8,10,245987,5.960464477539063e-08,0.0008286860975204035,0192e6d06df6620604965c8da6bf6a2b176ad673953061cd91fa68788657c570,c67cf00f1b881c58375bbb3f0c5ba5a9224a63978f52a8753110f4466159fa51,true,20270929
conv-depthwise,2fa842e74a5cfcbf59217c4e1d85f7cf2fd11e09dc5ef429f8510965e0835d00,convolution,ONNX-MLIR LLVM,"onnx-mlir version 0.4.2, onnx version 1.21.0 (https://github.com/onnx/onnx-mlir.git 4a13c34aa695b228599d637cdb772c19b4b18dba)",onnx-mlir-llvm,true,,9,10,221512,5.960464477539063e-08,0.0008286860975204035,0192e6d06df6620604965c8da6bf6a2b176ad673953061cd91fa68788657c570,c67cf00f1b881c58375bbb3f0c5ba5a9224a63978f52a8753110f4466159fa51,true,20270930
conv-depthwise,2fa842e74a5cfcbf59217c4e1d85f7cf2fd11e09dc5ef429f8510965e0835d00,convolution,ONNX-MLIR LLVM,"onnx-mlir version 0.4.2, onnx version 1.21.0 (https://github.com/onnx/onnx-mlir.git 4a13c34aa695b228599d637cdb772c19b4b18dba)",onnx-mlir-llvm,true,,10,10,218387,5.960464477539063e-08,0.0008286860975204035,0192e6d06df6620604965c8da6bf6a2b176ad673953061cd91fa68788657c570,c67cf00f1b881c58375bbb3f0c5ba5a9224a63978f52a8753110f4466159fa51,true,20270931
conv-depthwise,2fa842e74a5cfcbf59217c4e1d85f7cf2fd11e09dc5ef429f8510965e0835d00,convolution,ONNX-MLIR LLVM,"onnx-mlir version 0.4.2, onnx version 1.21.0 (https://github.com/onnx/onnx-mlir.git 4a13c34aa695b228599d637cdb772c19b4b18dba)",onnx-mlir-llvm,true,,11,10,215195,5.960464477539063e-08,0.0008286860975204035,0192e6d06df6620604965c8da6bf6a2b176ad673953061cd91fa68788657c570,c67cf00f1b881c58375bbb3f0c5ba5a9224a63978f52a8753110f4466159fa51,true,20270932
conv-depthwise,2fa842e74a5cfcbf59217c4e1d85f7cf2fd11e09dc5ef429f8510965e0835d00,convolution,ONNX-MLIR LLVM,"onnx-mlir version 0.4.2, onnx version 1.21.0 (https://github.com/onnx/onnx-mlir.git 4a13c34aa695b228599d637cdb772c19b4b18dba)",onnx-mlir-llvm,true,,12,10,201295,5.960464477539063e-08,0.0008286860975204035,0192e6d06df6620604965c8da6bf6a2b176ad673953061cd91fa68788657c570,c67cf00f1b881c58375bbb3f0c5ba5a9224a63978f52a8753110f4466159fa51,true,20270933
conv-depthwise,2fa842e74a5cfcbf59217c4e1d85f7cf2fd11e09dc5ef429f8510965e0835d00,convolution,ONNX-MLIR LLVM,"onnx-mlir version 0.4.2, onnx version 1.21.0 (https://github.com/onnx/onnx-mlir.git 4a13c34aa695b228599d637cdb772c19b4b18dba)",onnx-mlir-llvm,true,,13,10,201279,5.960464477539063e-08,0.0008286860975204035,0192e6d06df6620604965c8da6bf6a2b176ad673953061cd91fa68788657c570,c67cf00f1b881c58375bbb3f0c5ba5a9224a63978f52a8753110f4466159fa51,true,20270934
conv-depthwise,2fa842e74a5cfcbf59217c4e1d85f7cf2fd11e09dc5ef429f8510965e0835d00,convolution,ONNX-MLIR LLVM,"onnx-mlir version 0.4.2, onnx version 1.21.0 (https://github.com/onnx/onnx-mlir.git 4a13c34aa695b228599d637cdb772c19b4b18dba)",onnx-mlir-llvm,true,,14,10,198458,5.960464477539063e-08,0.0008286860975204035,0192e6d06df6620604965c8da6bf6a2b176ad673953061cd91fa68788657c570,c67cf00f1b881c58375bbb3f0c5ba5a9224a63978f52a8753110f4466159fa51,true,20270935
conv-depthwise,2fa842e74a5cfcbf59217c4e1d85f7cf2fd11e09dc5ef429f8510965e0835d00,convolution,ONNX-MLIR LLVM,"onnx-mlir version 0.4.2, onnx version 1.21.0 (https://github.com/onnx/onnx-mlir.git 4a13c34aa695b228599d637cdb772c19b4b18dba)",onnx-mlir-llvm,true,,15,10,194383,5.960464477539063e-08,0.0008286860975204035,0192e6d06df6620604965c8da6bf6a2b176ad673953061cd91fa68788657c570,c67cf00f1b881c58375bbb3f0c5ba5a9224a63978f52a8753110f4466159fa51,true,20270936
conv-depthwise,2fa842e74a5cfcbf59217c4e1d85f7cf2fd11e09dc5ef429f8510965e0835d00,convolution,ONNX-MLIR LLVM,"onnx-mlir version 0.4.2, onnx version 1.21.0 (https://github.com/onnx/onnx-mlir.git 4a13c34aa695b228599d637cdb772c19b4b18dba)",onnx-mlir-llvm,true,,16,10,199462,5.960464477539063e-08,0.0008286860975204035,0192e6d06df6620604965c8da6bf6a2b176ad673953061cd91fa68788657c570,c67cf00f1b881c58375bbb3f0c5ba5a9224a63978f52a8753110f4466159fa51,true,20270937
conv-depthwise,2fa842e74a5cfcbf59217c4e1d85f7cf2fd11e09dc5ef429f8510965e0835d00,convolution,ONNX-MLIR LLVM,"onnx-mlir version 0.4.2, onnx version 1.21.0 (https://github.com/onnx/onnx-mlir.git 4a13c34aa695b228599d637cdb772c19b4b18dba)",onnx-mlir-llvm,true,,17,10,189587,5.960464477539063e-08,0.0008286860975204035,0192e6d06df6620604965c8da6bf6a2b176ad673953061cd91fa68788657c570,c67cf00f1b881c58375bbb3f0c5ba5a9224a63978f52a8753110f4466159fa51,true,20270938
conv-depthwise,2fa842e74a5cfcbf59217c4e1d85f7cf2fd11e09dc5ef429f8510965e0835d00,convolution,ONNX-MLIR LLVM,"onnx-mlir version 0.4.2, onnx version 1.21.0 (https://github.com/onnx/onnx-mlir.git 4a13c34aa695b228599d637cdb772c19b4b18dba)",onnx-mlir-llvm,true,,18,10,180758,5.960464477539063e-08,0.0008286860975204035,0192e6d06df6620604965c8da6bf6a2b176ad673953061cd91fa68788657c570,c67cf00f1b881c58375bbb3f0c5ba5a9224a63978f52a8753110f4466159fa51,true,20270939
conv-depthwise,2fa842e74a5cfcbf59217c4e1d85f7cf2fd11e09dc5ef429f8510965e0835d00,convolution,ONNX-MLIR LLVM,"onnx-mlir version 0.4.2, onnx version 1.21.0 (https://github.com/onnx/onnx-mlir.git 4a13c34aa695b228599d637cdb772c19b4b18dba)",onnx-mlir-llvm,true,,19,10,180841,5.960464477539063e-08,0.0008286860975204035,0192e6d06df6620604965c8da6bf6a2b176ad673953061cd91fa68788657c570,c67cf00f1b881c58375bbb3f0c5ba5a9224a63978f52a8753110f4466159fa51,true,20270940
conv-depthwise,2fa842e74a5cfcbf59217c4e1d85f7cf2fd11e09dc5ef429f8510965e0835d00,convolution,ONNX-MLIR LLVM,"onnx-mlir version 0.4.2, onnx version 1.21.0 (https://github.com/onnx/onnx-mlir.git 4a13c34aa695b228599d637cdb772c19b4b18dba)",onnx-mlir-llvm,true,,20,10,179237,5.960464477539063e-08,0.0008286860975204035,0192e6d06df6620604965c8da6bf6a2b176ad673953061cd91fa68788657c570,c67cf00f1b881c58375bbb3f0c5ba5a9224a63978f52a8753110f4466159fa51,true,20270941
conv-depthwise,2fa842e74a5cfcbf59217c4e1d85f7cf2fd11e09dc5ef429f8510965e0835d00,convolution,ONNX-MLIR LLVM,"onnx-mlir version 0.4.2, onnx version 1.21.0 (https://github.com/onnx/onnx-mlir.git 4a13c34aa695b228599d637cdb772c19b4b18dba)",onnx-mlir-llvm,true,,21,10,172004,5.960464477539063e-08,0.0008286860975204035,0192e6d06df6620604965c8da6bf6a2b176ad673953061cd91fa68788657c570,c67cf00f1b881c58375bbb3f0c5ba5a9224a63978f52a8753110f4466159fa51,true,20270942
conv-depthwise,2fa842e74a5cfcbf59217c4e1d85f7cf2fd11e09dc5ef429f8510965e0835d00,convolution,ONNX-MLIR LLVM,"onnx-mlir version 0.4.2, onnx version 1.21.0 (https://github.com/onnx/onnx-mlir.git 4a13c34aa695b228599d637cdb772c19b4b18dba)",onnx-mlir-llvm,true,,22,10,177695,5.960464477539063e-08,0.0008286860975204035,0192e6d06df6620604965c8da6bf6a2b176ad673953061cd91fa68788657c570,c67cf00f1b881c58375bbb3f0c5ba5a9224a63978f52a8753110f4466159fa51,true,20270943
conv-depthwise,2fa842e74a5cfcbf59217c4e1d85f7cf2fd11e09dc5ef429f8510965e0835d00,convolution,ONNX-MLIR LLVM,"onnx-mlir version 0.4.2, onnx version 1.21.0 (https://github.com/onnx/onnx-mlir.git 4a13c34aa695b228599d637cdb772c19b4b18dba)",onnx-mlir-llvm,true,,23,10,173645,5.960464477539063e-08,0.0008286860975204035,0192e6d06df6620604965c8da6bf6a2b176ad673953061cd91fa68788657c570,c67cf00f1b881c58375bbb3f0c5ba5a9224a63978f52a8753110f4466159fa51,true,20270944
conv-depthwise,2fa842e74a5cfcbf59217c4e1d85f7cf2fd11e09dc5ef429f8510965e0835d00,convolution,ONNX-MLIR LLVM,"onnx-mlir version 0.4.2, onnx version 1.21.0 (https://github.com/onnx/onnx-mlir.git 4a13c34aa695b228599d637cdb772c19b4b18dba)",onnx-mlir-llvm,true,,24,10,168420,5.960464477539063e-08,0.0008286860975204035,0192e6d06df6620604965c8da6bf6a2b176ad673953061cd91fa68788657c570,c67cf00f1b881c58375bbb3f0c5ba5a9224a63978f52a8753110f4466159fa51,true,20270945
conv-depthwise,2fa842e74a5cfcbf59217c4e1d85f7cf2fd11e09dc5ef429f8510965e0835d00,convolution,ONNX-MLIR LLVM,"onnx-mlir version 0.4.2, onnx version 1.21.0 (https://github.com/onnx/onnx-mlir.git 4a13c34aa695b228599d637cdb772c19b4b18dba)",onnx-mlir-llvm,true,,25,10,188887,5.960464477539063e-08,0.0008286860975204035,0192e6d06df6620604965c8da6bf6a2b176ad673953061cd91fa68788657c570,c67cf00f1b881c58375bbb3f0c5ba5a9224a63978f52a8753110f4466159fa51,true,20270946
conv-depthwise,2fa842e74a5cfcbf59217c4e1d85f7cf2fd11e09dc5ef429f8510965e0835d00,convolution,ONNX-MLIR LLVM,"onnx-mlir version 0.4.2, onnx version 1.21.0 (https://github.com/onnx/onnx-mlir.git 4a13c34aa695b228599d637cdb772c19b4b18dba)",onnx-mlir-llvm,true,,26,10,166020,5.960464477539063e-08,0.0008286860975204035,0192e6d06df6620604965c8da6bf6a2b176ad673953061cd91fa68788657c570,c67cf00f1b881c58375bbb3f0c5ba5a9224a63978f52a8753110f4466159fa51,true,20270947
conv-depthwise,2fa842e74a5cfcbf59217c4e1d85f7cf2fd11e09dc5ef429f8510965e0835d00,convolution,ONNX-MLIR LLVM,"onnx-mlir version 0.4.2, onnx version 1.21.0 (https://github.com/onnx/onnx-mlir.git 4a13c34aa695b228599d637cdb772c19b4b18dba)",onnx-mlir-llvm,true,,27,10,167041,5.960464477539063e-08,0.0008286860975204035,0192e6d06df6620604965c8da6bf6a2b176ad673953061cd91fa68788657c570,c67cf00f1b881c58375bbb3f0c5ba5a9224a63978f52a8753110f4466159fa51,true,20270948
conv-depthwise,2fa842e74a5cfcbf59217c4e1d85f7cf2fd11e09dc5ef429f8510965e0835d00,convolution,ONNX-MLIR LLVM,"onnx-mlir version 0.4.2, onnx version 1.21.0 (https://github.com/onnx/onnx-mlir.git 4a13c34aa695b228599d637cdb772c19b4b18dba)",onnx-mlir-llvm,true,,28,10,161641,5.960464477539063e-08,0.0008286860975204035,0192e6d06df6620604965c8da6bf6a2b176ad673953061cd91fa68788657c570,c67cf00f1b881c58375bbb3f0c5ba5a9224a63978f52a8753110f4466159fa51,true,20270949
conv-depthwise,2fa842e74a5cfcbf59217c4e1d85f7cf2fd11e09dc5ef429f8510965e0835d00,convolution,ONNX-MLIR LLVM,"onnx-mlir version 0.4.2, onnx version 1.21.0 (https://github.com/onnx/onnx-mlir.git 4a13c34aa695b228599d637cdb772c19b4b18dba)",onnx-mlir-llvm,true,,29,10,161116,5.960464477539063e-08,0.0008286860975204035,0192e6d06df6620604965c8da6bf6a2b176ad673953061cd91fa68788657c570,c67cf00f1b881c58375bbb3f0c5ba5a9224a63978f52a8753110f4466159fa51,true,20270950
conv-depthwise,2fa842e74a5cfcbf59217c4e1d85f7cf2fd11e09dc5ef429f8510965e0835d00,convolution,ONNX-MLIR LLVM,"onnx-mlir version 0.4.2, onnx version 1.21.0 (https://github.com/onnx/onnx-mlir.git 4a13c34aa695b228599d637cdb772c19b4b18dba)",onnx-mlir-llvm,true,,30,10,158275,5.960464477539063e-08,0.0008286860975204035,0192e6d06df6620604965c8da6bf6a2b176ad673953061cd91fa68788657c570,c67cf00f1b881c58375bbb3f0c5ba5a9224a63978f52a8753110f4466159fa51,true,20270951
conv-depthwise,2fa842e74a5cfcbf59217c4e1d85f7cf2fd11e09dc5ef429f8510965e0835d00,convolution,ONNX-MLIR LLVM,"onnx-mlir version 0.4.2, onnx version 1.21.0 (https://github.com/onnx/onnx-mlir.git 4a13c34aa695b228599d637cdb772c19b4b18dba)",onnx-mlir-llvm,true,,31,10,156908,5.960464477539063e-08,0.0008286860975204035,0192e6d06df6620604965c8da6bf6a2b176ad673953061cd91fa68788657c570,c67cf00f1b881c58375bbb3f0c5ba5a9224a63978f52a8753110f4466159fa51,true,20270952
conv-depthwise,2fa842e74a5cfcbf59217c4e1d85f7cf2fd11e09dc5ef429f8510965e0835d00,convolution,ONNX-MLIR LLVM,"onnx-mlir version 0.4.2, onnx version 1.21.0 (https://github.com/onnx/onnx-mlir.git 4a13c34aa695b228599d637cdb772c19b4b18dba)",onnx-mlir-llvm,true,,32,10,156175,5.960464477539063e-08,0.0008286860975204035,0192e6d06df6620604965c8da6bf6a2b176ad673953061cd91fa68788657c570,c67cf00f1b881c58375bbb3f0c5ba5a9224a63978f52a8753110f4466159fa51,true,20270953
conv-depthwise,2fa842e74a5cfcbf59217c4e1d85f7cf2fd11e09dc5ef429f8510965e0835d00,convolution,ONNX-MLIR LLVM,"onnx-mlir version 0.4.2, onnx version 1.21.0 (https://github.com/onnx/onnx-mlir.git 4a13c34aa695b228599d637cdb772c19b4b18dba)",onnx-mlir-llvm,true,,33,10,161787,5.960464477539063e-08,0.0008286860975204035,0192e6d06df6620604965c8da6bf6a2b176ad673953061cd91fa68788657c570,c67cf00f1b881c58375bbb3f0c5ba5a9224a63978f52a8753110f4466159fa51,true,20270954
conv-depthwise,2fa842e74a5cfcbf59217c4e1d85f7cf2fd11e09dc5ef429f8510965e0835d00,convolution,ONNX-MLIR LLVM,"onnx-mlir version 0.4.2, onnx version 1.21.0 (https://github.com/onnx/onnx-mlir.git 4a13c34aa695b228599d637cdb772c19b4b18dba)",onnx-mlir-llvm,true,,34,10,154941,5.960464477539063e-08,0.0008286860975204035,0192e6d06df6620604965c8da6bf6a2b176ad673953061cd91fa68788657c570,c67cf00f1b881c58375bbb3f0c5ba5a9224a63978f52a8753110f4466159fa51,true,20270955
conv-depthwise,2fa842e74a5cfcbf59217c4e1d85f7cf2fd11e09dc5ef429f8510965e0835d00,convolution,ONNX-MLIR LLVM,"onnx-mlir version 0.4.2, onnx version 1.21.0 (https://github.com/onnx/onnx-mlir.git 4a13c34aa695b228599d637cdb772c19b4b18dba)",onnx-mlir-llvm,true,,35,10,169379,5.960464477539063e-08,0.0008286860975204035,0192e6d06df6620604965c8da6bf6a2b176ad673953061cd91fa68788657c570,c67cf00f1b881c58375bbb3f0c5ba5a9224a63978f52a8753110f4466159fa51,true,20270956
conv-depthwise,2fa842e74a5cfcbf59217c4e1d85f7cf2fd11e09dc5ef429f8510965e0835d00,convolution,ONNX-MLIR LLVM,"onnx-mlir version 0.4.2, onnx version 1.21.0 (https://github.com/onnx/onnx-mlir.git 4a13c34aa695b228599d637cdb772c19b4b18dba)",onnx-mlir-llvm,true,,36,10,158083,5.960464477539063e-08,0.0008286860975204035,0192e6d06df6620604965c8da6bf6a2b176ad673953061cd91fa68788657c570,c67cf00f1b881c58375bbb3f0c5ba5a9224a63978f52a8753110f4466159fa51,true,20270957
conv-depthwise,2fa842e74a5cfcbf59217c4e1d85f7cf2fd11e09dc5ef429f8510965e0835d00,convolution,ONNX-MLIR LLVM,"onnx-mlir version 0.4.2, onnx version 1.21.0 (https://github.com/onnx/onnx-mlir.git 4a13c34aa695b228599d637cdb772c19b4b18dba)",onnx-mlir-llvm,true,,37,10,155525,5.960464477539063e-08,0.0008286860975204035,0192e6d06df6620604965c8da6bf6a2b176ad673953061cd91fa68788657c570,c67cf00f1b881c58375bbb3f0c5ba5a9224a63978f52a8753110f4466159fa51,true,20270958
conv-depthwise,2fa842e74a5cfcbf59217c4e1d85f7cf2fd11e09dc5ef429f8510965e0835d00,convolution,ONNX-MLIR LLVM,"onnx-mlir version 0.4.2, onnx version 1.21.0 (https://github.com/onnx/onnx-mlir.git 4a13c34aa695b228599d637cdb772c19b4b18dba)",onnx-mlir-llvm,true,,38,10,153733,5.960464477539063e-08,0.0008286860975204035,0192e6d06df6620604965c8da6bf6a2b176ad673953061cd91fa68788657c570,c67cf00f1b881c58375bbb3f0c5ba5a9224a63978f52a8753110f4466159fa51,true,20270959
conv-depthwise,2fa842e74a5cfcbf59217c4e1d85f7cf2fd11e09dc5ef429f8510965e0835d00,convolution,ONNX-MLIR LLVM,"onnx-mlir version 0.4.2, onnx version 1.21.0 (https://github.com/onnx/onnx-mlir.git 4a13c34aa695b228599d637cdb772c19b4b18dba)",onnx-mlir-llvm,true,,39,10,153675,5.960464477539063e-08,0.0008286860975204035,0192e6d06df6620604965c8da6bf6a2b176ad673953061cd91fa68788657c570,c67cf00f1b881c58375bbb3f0c5ba5a9224a63978f52a8753110f4466159fa51,true,20270960
conv-depthwise,2fa842e74a5cfcbf59217c4e1d85f7cf2fd11e09dc5ef429f8510965e0835d00,convolution,ONNX-MLIR LLVM,"onnx-mlir version 0.4.2, onnx version 1.21.0 (https://github.com/onnx/onnx-mlir.git 4a13c34aa695b228599d637cdb772c19b4b18dba)",onnx-mlir-llvm,true,,40,10,153258,5.960464477539063e-08,0.0008286860975204035,0192e6d06df6620604965c8da6bf6a2b176ad673953061cd91fa68788657c570,c67cf00f1b881c58375bbb3f0c5ba5a9224a63978f52a8753110f4466159fa51,true,20270961
conv-depthwise,2fa842e74a5cfcbf59217c4e1d85f7cf2fd11e09dc5ef429f8510965e0835d00,convolution,ONNX-MLIR LLVM,"onnx-mlir version 0.4.2, onnx version 1.21.0 (https://github.com/onnx/onnx-mlir.git 4a13c34aa695b228599d637cdb772c19b4b18dba)",onnx-mlir-llvm,true,,41,10,153412,5.960464477539063e-08,0.0008286860975204035,0192e6d06df6620604965c8da6bf6a2b176ad673953061cd91fa68788657c570,c67cf00f1b881c58375bbb3f0c5ba5a9224a63978f52a8753110f4466159fa51,true,20270962
conv-depthwise,2fa842e74a5cfcbf59217c4e1d85f7cf2fd11e09dc5ef429f8510965e0835d00,convolution,ONNX-MLIR LLVM,"onnx-mlir version 0.4.2, onnx version 1.21.0 (https://github.com/onnx/onnx-mlir.git 4a13c34aa695b228599d637cdb772c19b4b18dba)",onnx-mlir-llvm,true,,42,10,154462,5.960464477539063e-08,0.0008286860975204035,0192e6d06df6620604965c8da6bf6a2b176ad673953061cd91fa68788657c570,c67cf00f1b881c58375bbb3f0c5ba5a9224a63978f52a8753110f4466159fa51,true,20270963
conv-depthwise,2fa842e74a5cfcbf59217c4e1d85f7cf2fd11e09dc5ef429f8510965e0835d00,convolution,ONNX-MLIR LLVM,"onnx-mlir version 0.4.2, onnx version 1.21.0 (https://github.com/onnx/onnx-mlir.git 4a13c34aa695b228599d637cdb772c19b4b18dba)",onnx-mlir-llvm,true,,43,10,163270,5.960464477539063e-08,0.0008286860975204035,0192e6d06df6620604965c8da6bf6a2b176ad673953061cd91fa68788657c570,c67cf00f1b881c58375bbb3f0c5ba5a9224a63978f52a8753110f4466159fa51,true,20270964
conv-depthwise,2fa842e74a5cfcbf59217c4e1d85f7cf2fd11e09dc5ef429f8510965e0835d00,convolution,ONNX-MLIR LLVM,"onnx-mlir version 0.4.2, onnx version 1.21.0 (https://github.com/onnx/onnx-mlir.git 4a13c34aa695b228599d637cdb772c19b4b18dba)",onnx-mlir-llvm,true,,44,10,160150,5.960464477539063e-08,0.0008286860975204035,0192e6d06df6620604965c8da6bf6a2b176ad673953061cd91fa68788657c570,c67cf00f1b881c58375bbb3f0c5ba5a9224a63978f52a8753110f4466159fa51,true,20270965
conv-depthwise,2fa842e74a5cfcbf59217c4e1d85f7cf2fd11e09dc5ef429f8510965e0835d00,convolution,ONNX-MLIR LLVM,"onnx-mlir version 0.4.2, onnx version 1.21.0 (https://github.com/onnx/onnx-mlir.git 4a13c34aa695b228599d637cdb772c19b4b18dba)",onnx-mlir-llvm,true,,45,10,179470,5.960464477539063e-08,0.0008286860975204035,0192e6d06df6620604965c8da6bf6a2b176ad673953061cd91fa68788657c570,c67cf00f1b881c58375bbb3f0c5ba5a9224a63978f52a8753110f4466159fa51,true,20270966
conv-depthwise,2fa842e74a5cfcbf59217c4e1d85f7cf2fd11e09dc5ef429f8510965e0835d00,convolution,ONNX-MLIR LLVM,"onnx-mlir version 0.4.2, onnx version 1.21.0 (https://github.com/onnx/onnx-mlir.git 4a13c34aa695b228599d637cdb772c19b4b18dba)",onnx-mlir-llvm,true,,46,10,159229,5.960464477539063e-08,0.0008286860975204035,0192e6d06df6620604965c8da6bf6a2b176ad673953061cd91fa68788657c570,c67cf00f1b881c58375bbb3f0c5ba5a9224a63978f52a8753110f4466159fa51,true,20270967
conv-depthwise,2fa842e74a5cfcbf59217c4e1d85f7cf2fd11e09dc5ef429f8510965e0835d00,convolution,ONNX-MLIR LLVM,"onnx-mlir version 0.4.2, onnx version 1.21.0 (https://github.com/onnx/onnx-mlir.git 4a13c34aa695b228599d637cdb772c19b4b18dba)",onnx-mlir-llvm,true,,47,10,158158,5.960464477539063e-08,0.0008286860975204035,0192e6d06df6620604965c8da6bf6a2b176ad673953061cd91fa68788657c570,c67cf00f1b881c58375bbb3f0c5ba5a9224a63978f52a8753110f4466159fa51,true,20270968
conv-depthwise,2fa842e74a5cfcbf59217c4e1d85f7cf2fd11e09dc5ef429f8510965e0835d00,convolution,ONNX-MLIR LLVM,"onnx-mlir version 0.4.2, onnx version 1.21.0 (https://github.com/onnx/onnx-mlir.git 4a13c34aa695b228599d637cdb772c19b4b18dba)",onnx-mlir-llvm,true,,48,10,156408,5.960464477539063e-08,0.0008286860975204035,0192e6d06df6620604965c8da6bf6a2b176ad673953061cd91fa68788657c570,c67cf00f1b881c58375bbb3f0c5ba5a9224a63978f52a8753110f4466159fa51,true,20270969
conv-depthwise,2fa842e74a5cfcbf59217c4e1d85f7cf2fd11e09dc5ef429f8510965e0835d00,convolution,ONNX-MLIR LLVM,"onnx-mlir version 0.4.2, onnx version 1.21.0 (https://github.com/onnx/onnx-mlir.git 4a13c34aa695b228599d637cdb772c19b4b18dba)",onnx-mlir-llvm,true,,49,10,158300,5.960464477539063e-08,0.0008286860975204035,0192e6d06df6620604965c8da6bf6a2b176ad673953061cd91fa68788657c570,c67cf00f1b881c58375bbb3f0c5ba5a9224a63978f52a8753110f4466159fa51,true,20270970
conv-depthwise,2fa842e74a5cfcbf59217c4e1d85f7cf2fd11e09dc5ef429f8510965e0835d00,convolution,ONNX-MLIR LLVM,"onnx-mlir version 0.4.2, onnx version 1.21.0 (https://github.com/onnx/onnx-mlir.git 4a13c34aa695b228599d637cdb772c19b4b18dba)",onnx-mlir-llvm,true,,50,10,155995,5.960464477539063e-08,0.0008286860975204035,0192e6d06df6620604965c8da6bf6a2b176ad673953061cd91fa68788657c570,c67cf00f1b881c58375bbb3f0c5ba5a9224a63978f52a8753110f4466159fa51,true,20270971
conv-depthwise,2fa842e74a5cfcbf59217c4e1d85f7cf2fd11e09dc5ef429f8510965e0835d00,convolution,ONNX-MLIR LLVM,"onnx-mlir version 0.4.2, onnx version 1.21.0 (https://github.com/onnx/onnx-mlir.git 4a13c34aa695b228599d637cdb772c19b4b18dba)",onnx-mlir-llvm,true,,51,10,156079,5.960464477539063e-08,0.0008286860975204035,0192e6d06df6620604965c8da6bf6a2b176ad673953061cd91fa68788657c570,c67cf00f1b881c58375bbb3f0c5ba5a9224a63978f52a8753110f4466159fa51,true,20270972
conv-depthwise,2fa842e74a5cfcbf59217c4e1d85f7cf2fd11e09dc5ef429f8510965e0835d00,convolution,ONNX-MLIR LLVM,"onnx-mlir version 0.4.2, onnx version 1.21.0 (https://github.com/onnx/onnx-mlir.git 4a13c34aa695b228599d637cdb772c19b4b18dba)",onnx-mlir-llvm,true,,52,10,156091,5.960464477539063e-08,0.0008286860975204035,0192e6d06df6620604965c8da6bf6a2b176ad673953061cd91fa68788657c570,c67cf00f1b881c58375bbb3f0c5ba5a9224a63978f52a8753110f4466159fa51,true,20270973
conv-depthwise,2fa842e74a5cfcbf59217c4e1d85f7cf2fd11e09dc5ef429f8510965e0835d00,convolution,ONNX-MLIR LLVM,"onnx-mlir version 0.4.2, onnx version 1.21.0 (https://github.com/onnx/onnx-mlir.git 4a13c34aa695b228599d637cdb772c19b4b18dba)",onnx-mlir-llvm,true,,53,10,154050,5.960464477539063e-08,0.0008286860975204035,0192e6d06df6620604965c8da6bf6a2b176ad673953061cd91fa68788657c570,c67cf00f1b881c58375bbb3f0c5ba5a9224a63978f52a8753110f4466159fa51,true,20270974
conv-depthwise,2fa842e74a5cfcbf59217c4e1d85f7cf2fd11e09dc5ef429f8510965e0835d00,convolution,ONNX-MLIR LLVM,"onnx-mlir version 0.4.2, onnx version 1.21.0 (https://github.com/onnx/onnx-mlir.git 4a13c34aa695b228599d637cdb772c19b4b18dba)",onnx-mlir-llvm,true,,54,10,161958,5.960464477539063e-08,0.0008286860975204035,0192e6d06df6620604965c8da6bf6a2b176ad673953061cd91fa68788657c570,c67cf00f1b881c58375bbb3f0c5ba5a9224a63978f52a8753110f4466159fa51,true,20270975
conv-depthwise,2fa842e74a5cfcbf59217c4e1d85f7cf2fd11e09dc5ef429f8510965e0835d00,convolution,ONNX-MLIR LLVM,"onnx-mlir version 0.4.2, onnx version 1.21.0 (https://github.com/onnx/onnx-mlir.git 4a13c34aa695b228599d637cdb772c19b4b18dba)",onnx-mlir-llvm,true,,55,10,156208,5.960464477539063e-08,0.0008286860975204035,0192e6d06df6620604965c8da6bf6a2b176ad673953061cd91fa68788657c570,c67cf00f1b881c58375bbb3f0c5ba5a9224a63978f52a8753110f4466159fa51,true,20270976
conv-depthwise,2fa842e74a5cfcbf59217c4e1d85f7cf2fd11e09dc5ef429f8510965e0835d00,convolution,ONNX-MLIR LLVM,"onnx-mlir version 0.4.2, onnx version 1.21.0 (https://github.com/onnx/onnx-mlir.git 4a13c34aa695b228599d637cdb772c19b4b18dba)",onnx-mlir-llvm,true,,56,10,178308,5.960464477539063e-08,0.0008286860975204035,0192e6d06df6620604965c8da6bf6a2b176ad673953061cd91fa68788657c570,c67cf00f1b881c58375bbb3f0c5ba5a9224a63978f52a8753110f4466159fa51,true,20270977
conv-depthwise,2fa842e74a5cfcbf59217c4e1d85f7cf2fd11e09dc5ef429f8510965e0835d00,convolution,ONNX-MLIR LLVM,"onnx-mlir version 0.4.2, onnx version 1.21.0 (https://github.com/onnx/onnx-mlir.git 4a13c34aa695b228599d637cdb772c19b4b18dba)",onnx-mlir-llvm,true,,57,10,156833,5.960464477539063e-08,0.0008286860975204035,0192e6d06df6620604965c8da6bf6a2b176ad673953061cd91fa68788657c570,c67cf00f1b881c58375bbb3f0c5ba5a9224a63978f52a8753110f4466159fa51,true,20270978
conv-depthwise,2fa842e74a5cfcbf59217c4e1d85f7cf2fd11e09dc5ef429f8510965e0835d00,convolution,ONNX-MLIR LLVM,"onnx-mlir version 0.4.2, onnx version 1.21.0 (https://github.com/onnx/onnx-mlir.git 4a13c34aa695b228599d637cdb772c19b4b18dba)",onnx-mlir-llvm,true,,58,10,156533,5.960464477539063e-08,0.0008286860975204035,0192e6d06df6620604965c8da6bf6a2b176ad673953061cd91fa68788657c570,c67cf00f1b881c58375bbb3f0c5ba5a9224a63978f52a8753110f4466159fa51,true,20270979
conv-depthwise,2fa842e74a5cfcbf59217c4e1d85f7cf2fd11e09dc5ef429f8510965e0835d00,convolution,ONNX-MLIR LLVM,"onnx-mlir version 0.4.2, onnx version 1.21.0 (https://github.com/onnx/onnx-mlir.git 4a13c34aa695b228599d637cdb772c19b4b18dba)",onnx-mlir-llvm,true,,59,10,156879,5.960464477539063e-08,0.0008286860975204035,0192e6d06df6620604965c8da6bf6a2b176ad673953061cd91fa68788657c570,c67cf00f1b881c58375bbb3f0c5ba5a9224a63978f52a8753110f4466159fa51,true,20270980
conv-depthwise,2fa842e74a5cfcbf59217c4e1d85f7cf2fd11e09dc5ef429f8510965e0835d00,convolution,ONNX-MLIR LLVM,"onnx-mlir version 0.4.2, onnx version 1.21.0 (https://github.com/onnx/onnx-mlir.git 4a13c34aa695b228599d637cdb772c19b4b18dba)",onnx-mlir-llvm,true,,60,10,156383,5.960464477539063e-08,0.0008286860975204035,0192e6d06df6620604965c8da6bf6a2b176ad673953061cd91fa68788657c570,c67cf00f1b881c58375bbb3f0c5ba5a9224a63978f52a8753110f4466159fa51,true,20270981
conv-depthwise,2fa842e74a5cfcbf59217c4e1d85f7cf2fd11e09dc5ef429f8510965e0835d00,convolution,ONNX-MLIR LLVM,"onnx-mlir version 0.4.2, onnx version 1.21.0 (https://github.com/onnx/onnx-mlir.git 4a13c34aa695b228599d637cdb772c19b4b18dba)",onnx-mlir-llvm,true,,61,10,154029,5.960464477539063e-08,0.0008286860975204035,0192e6d06df6620604965c8da6bf6a2b176ad673953061cd91fa68788657c570,c67cf00f1b881c58375bbb3f0c5ba5a9224a63978f52a8753110f4466159fa51,true,20270982
conv-depthwise,2fa842e74a5cfcbf59217c4e1d85f7cf2fd11e09dc5ef429f8510965e0835d00,convolution,ONNX-MLIR LLVM,"onnx-mlir version 0.4.2, onnx version 1.21.0 (https://github.com/onnx/onnx-mlir.git 4a13c34aa695b228599d637cdb772c19b4b18dba)",onnx-mlir-llvm,true,,62,10,153883,5.960464477539063e-08,0.0008286860975204035,0192e6d06df6620604965c8da6bf6a2b176ad673953061cd91fa68788657c570,c67cf00f1b881c58375bbb3f0c5ba5a9224a63978f52a8753110f4466159fa51,true,20270983
conv-depthwise,2fa842e74a5cfcbf59217c4e1d85f7cf2fd11e09dc5ef429f8510965e0835d00,convolution,ONNX-MLIR LLVM,"onnx-mlir version 0.4.2, onnx version 1.21.0 (https://github.com/onnx/onnx-mlir.git 4a13c34aa695b228599d637cdb772c19b4b18dba)",onnx-mlir-llvm,true,,63,10,153691,5.960464477539063e-08,0.0008286860975204035,0192e6d06df6620604965c8da6bf6a2b176ad673953061cd91fa68788657c570,c67cf00f1b881c58375bbb3f0c5ba5a9224a63978f52a8753110f4466159fa51,true,20270984
conv-depthwise,2fa842e74a5cfcbf59217c4e1d85f7cf2fd11e09dc5ef429f8510965e0835d00,convolution,ONNX-MLIR LLVM,"onnx-mlir version 0.4.2, onnx version 1.21.0 (https://github.com/onnx/onnx-mlir.git 4a13c34aa695b228599d637cdb772c19b4b18dba)",onnx-mlir-llvm,true,,64,10,153708,5.960464477539063e-08,0.0008286860975204035,0192e6d06df6620604965c8da6bf6a2b176ad673953061cd91fa68788657c570,c67cf00f1b881c58375bbb3f0c5ba5a9224a63978f52a8753110f4466159fa51,true,20270985
conv-depthwise,2fa842e74a5cfcbf59217c4e1d85f7cf2fd11e09dc5ef429f8510965e0835d00,convolution,ONNX-MLIR LLVM,"onnx-mlir version 0.4.2, onnx version 1.21.0 (https://github.com/onnx/onnx-mlir.git 4a13c34aa695b228599d637cdb772c19b4b18dba)",onnx-mlir-llvm,true,,65,10,157029,5.960464477539063e-08,0.0008286860975204035,0192e6d06df6620604965c8da6bf6a2b176ad673953061cd91fa68788657c570,c67cf00f1b881c58375bbb3f0c5ba5a9224a63978f52a8753110f4466159fa51,true,20270986
conv-depthwise,2fa842e74a5cfcbf59217c4e1d85f7cf2fd11e09dc5ef429f8510965e0835d00,convolution,ONNX-MLIR LLVM,"onnx-mlir version 0.4.2, onnx version 1.21.0 (https://github.com/onnx/onnx-mlir.git 4a13c34aa695b228599d637cdb772c19b4b18dba)",onnx-mlir-llvm,true,,66,10,163066,5.960464477539063e-08,0.0008286860975204035,0192e6d06df6620604965c8da6bf6a2b176ad673953061cd91fa68788657c570,c67cf00f1b881c58375bbb3f0c5ba5a9224a63978f52a8753110f4466159fa51,true,20270987
conv-depthwise,2fa842e74a5cfcbf59217c4e1d85f7cf2fd11e09dc5ef429f8510965e0835d00,convolution,ONNX-MLIR LLVM,"onnx-mlir version 0.4.2, onnx version 1.21.0 (https://github.com/onnx/onnx-mlir.git 4a13c34aa695b228599d637cdb772c19b4b18dba)",onnx-mlir-llvm,true,,67,10,160170,5.960464477539063e-08,0.0008286860975204035,0192e6d06df6620604965c8da6bf6a2b176ad673953061cd91fa68788657c570,c67cf00f1b881c58375bbb3f0c5ba5a9224a63978f52a8753110f4466159fa51,true,20270988
conv-depthwise,2fa842e74a5cfcbf59217c4e1d85f7cf2fd11e09dc5ef429f8510965e0835d00,convolution,ONNX-MLIR LLVM,"onnx-mlir version 0.4.2, onnx version 1.21.0 (https://github.com/onnx/onnx-mlir.git 4a13c34aa695b228599d637cdb772c19b4b18dba)",onnx-mlir-llvm,true,,68,10,154820,5.960464477539063e-08,0.0008286860975204035,0192e6d06df6620604965c8da6bf6a2b176ad673953061cd91fa68788657c570,c67cf00f1b881c58375bbb3f0c5ba5a9224a63978f52a8753110f4466159fa51,true,20270989
conv-depthwise,2fa842e74a5cfcbf59217c4e1d85f7cf2fd11e09dc5ef429f8510965e0835d00,convolution,ONNX-MLIR LLVM,"onnx-mlir version 0.4.2, onnx version 1.21.0 (https://github.com/onnx/onnx-mlir.git 4a13c34aa695b228599d637cdb772c19b4b18dba)",onnx-mlir-llvm,true,,69,10,155116,5.960464477539063e-08,0.0008286860975204035,0192e6d06df6620604965c8da6bf6a2b176ad673953061cd91fa68788657c570,c67cf00f1b881c58375bbb3f0c5ba5a9224a63978f52a8753110f4466159fa51,true,20270990
conv-depthwise,2fa842e74a5cfcbf59217c4e1d85f7cf2fd11e09dc5ef429f8510965e0835d00,convolution,ONNX-MLIR LLVM,"onnx-mlir version 0.4.2, onnx version 1.21.0 (https://github.com/onnx/onnx-mlir.git 4a13c34aa695b228599d637cdb772c19b4b18dba)",onnx-mlir-llvm,true,,70,10,154437,5.960464477539063e-08,0.0008286860975204035,0192e6d06df6620604965c8da6bf6a2b176ad673953061cd91fa68788657c570,c67cf00f1b881c58375bbb3f0c5ba5a9224a63978f52a8753110f4466159fa51,true,20270991
conv-depthwise,2fa842e74a5cfcbf59217c4e1d85f7cf2fd11e09dc5ef429f8510965e0835d00,convolution,ONNX-MLIR LLVM,"onnx-mlir version 0.4.2, onnx version 1.21.0 (https://github.com/onnx/onnx-mlir.git 4a13c34aa695b228599d637cdb772c19b4b18dba)",onnx-mlir-llvm,true,,71,10,154725,5.960464477539063e-08,0.0008286860975204035,0192e6d06df6620604965c8da6bf6a2b176ad673953061cd91fa68788657c570,c67cf00f1b881c58375bbb3f0c5ba5a9224a63978f52a8753110f4466159fa51,true,20270992
conv-depthwise,2fa842e74a5cfcbf59217c4e1d85f7cf2fd11e09dc5ef429f8510965e0835d00,convolution,ONNX-MLIR LLVM,"onnx-mlir version 0.4.2, onnx version 1.21.0 (https://github.com/onnx/onnx-mlir.git 4a13c34aa695b228599d637cdb772c19b4b18dba)",onnx-mlir-llvm,true,,72,10,153866,5.960464477539063e-08,0.0008286860975204035,0192e6d06df6620604965c8da6bf6a2b176ad673953061cd91fa68788657c570,c67cf00f1b881c58375bbb3f0c5ba5a9224a63978f52a8753110f4466159fa51,true,20270993
conv-depthwise,2fa842e74a5cfcbf59217c4e1d85f7cf2fd11e09dc5ef429f8510965e0835d00,convolution,ONNX-MLIR LLVM,"onnx-mlir version 0.4.2, onnx version 1.21.0 (https://github.com/onnx/onnx-mlir.git 4a13c34aa695b228599d637cdb772c19b4b18dba)",onnx-mlir-llvm,true,,73,10,156287,5.960464477539063e-08,0.0008286860975204035,0192e6d06df6620604965c8da6bf6a2b176ad673953061cd91fa68788657c570,c67cf00f1b881c58375bbb3f0c5ba5a9224a63978f52a8753110f4466159fa51,true,20270994
conv-depthwise,2fa842e74a5cfcbf59217c4e1d85f7cf2fd11e09dc5ef429f8510965e0835d00,convolution,ONNX-MLIR LLVM,"onnx-mlir version 0.4.2, onnx version 1.21.0 (https://github.com/onnx/onnx-mlir.git 4a13c34aa695b228599d637cdb772c19b4b18dba)",onnx-mlir-llvm,true,,74,10,159354,5.960464477539063e-08,0.0008286860975204035,0192e6d06df6620604965c8da6bf6a2b176ad673953061cd91fa68788657c570,c67cf00f1b881c58375bbb3f0c5ba5a9224a63978f52a8753110f4466159fa51,true,20270995
conv-depthwise,2fa842e74a5cfcbf59217c4e1d85f7cf2fd11e09dc5ef429f8510965e0835d00,convolution,ONNX-MLIR LLVM,"onnx-mlir version 0.4.2, onnx version 1.21.0 (https://github.com/onnx/onnx-mlir.git 4a13c34aa695b228599d637cdb772c19b4b18dba)",onnx-mlir-llvm,true,,75,10,154562,5.960464477539063e-08,0.0008286860975204035,0192e6d06df6620604965c8da6bf6a2b176ad673953061cd91fa68788657c570,c67cf00f1b881c58375bbb3f0c5ba5a9224a63978f52a8753110f4466159fa51,true,20270996
conv-depthwise,2fa842e74a5cfcbf59217c4e1d85f7cf2fd11e09dc5ef429f8510965e0835d00,convolution,ONNX-MLIR LLVM,"onnx-mlir version 0.4.2, onnx version 1.21.0 (https://github.com/onnx/onnx-mlir.git 4a13c34aa695b228599d637cdb772c19b4b18dba)",onnx-mlir-llvm,true,,76,10,153329,5.960464477539063e-08,0.0008286860975204035,0192e6d06df6620604965c8da6bf6a2b176ad673953061cd91fa68788657c570,c67cf00f1b881c58375bbb3f0c5ba5a9224a63978f52a8753110f4466159fa51,true,20270997
conv-depthwise,2fa842e74a5cfcbf59217c4e1d85f7cf2fd11e09dc5ef429f8510965e0835d00,convolution,ONNX-MLIR LLVM,"onnx-mlir version 0.4.2, onnx version 1.21.0 (https://github.com/onnx/onnx-mlir.git 4a13c34aa695b228599d637cdb772c19b4b18dba)",onnx-mlir-llvm,true,,77,10,163770,5.960464477539063e-08,0.0008286860975204035,0192e6d06df6620604965c8da6bf6a2b176ad673953061cd91fa68788657c570,c67cf00f1b881c58375bbb3f0c5ba5a9224a63978f52a8753110f4466159fa51,true,20270998
conv-depthwise,2fa842e74a5cfcbf59217c4e1d85f7cf2fd11e09dc5ef429f8510965e0835d00,convolution,ONNX-MLIR LLVM,"onnx-mlir version 0.4.2, onnx version 1.21.0 (https://github.com/onnx/onnx-mlir.git 4a13c34aa695b228599d637cdb772c19b4b18dba)",onnx-mlir-llvm,true,,78,10,154904,5.960464477539063e-08,0.0008286860975204035,0192e6d06df6620604965c8da6bf6a2b176ad673953061cd91fa68788657c570,c67cf00f1b881c58375bbb3f0c5ba5a9224a63978f52a8753110f4466159fa51,true,20270999
conv-depthwise,2fa842e74a5cfcbf59217c4e1d85f7cf2fd11e09dc5ef429f8510965e0835d00,convolution,ONNX-MLIR LLVM,"onnx-mlir version 0.4.2, onnx version 1.21.0 (https://github.com/onnx/onnx-mlir.git 4a13c34aa695b228599d637cdb772c19b4b18dba)",onnx-mlir-llvm,true,,79,10,156758,5.960464477539063e-08,0.0008286860975204035,0192e6d06df6620604965c8da6bf6a2b176ad673953061cd91fa68788657c570,c67cf00f1b881c58375bbb3f0c5ba5a9224a63978f52a8753110f4466159fa51,true,20271000
conv-depthwise,2fa842e74a5cfcbf59217c4e1d85f7cf2fd11e09dc5ef429f8510965e0835d00,convolution,ONNX-MLIR LLVM,"onnx-mlir version 0.4.2, onnx version 1.21.0 (https://github.com/onnx/onnx-mlir.git 4a13c34aa695b228599d637cdb772c19b4b18dba)",onnx-mlir-llvm,true,,80,10,156970,5.960464477539063e-08,0.0008286860975204035,0192e6d06df6620604965c8da6bf6a2b176ad673953061cd91fa68788657c570,c67cf00f1b881c58375bbb3f0c5ba5a9224a63978f52a8753110f4466159fa51,true,20271001
conv-depthwise,2fa842e74a5cfcbf59217c4e1d85f7cf2fd11e09dc5ef429f8510965e0835d00,convolution,ONNX-MLIR LLVM,"onnx-mlir version 0.4.2, onnx version 1.21.0 (https://github.com/onnx/onnx-mlir.git 4a13c34aa695b228599d637cdb772c19b4b18dba)",onnx-mlir-llvm,true,,81,10,154558,5.960464477539063e-08,0.0008286860975204035,0192e6d06df6620604965c8da6bf6a2b176ad673953061cd91fa68788657c570,c67cf00f1b881c58375bbb3f0c5ba5a9224a63978f52a8753110f4466159fa51,true,20271002
conv-depthwise,2fa842e74a5cfcbf59217c4e1d85f7cf2fd11e09dc5ef429f8510965e0835d00,convolution,ONNX-MLIR LLVM,"onnx-mlir version 0.4.2, onnx version 1.21.0 (https://github.com/onnx/onnx-mlir.git 4a13c34aa695b228599d637cdb772c19b4b18dba)",onnx-mlir-llvm,true,,82,10,155629,5.960464477539063e-08,0.0008286860975204035,0192e6d06df6620604965c8da6bf6a2b176ad673953061cd91fa68788657c570,c67cf00f1b881c58375bbb3f0c5ba5a9224a63978f52a8753110f4466159fa51,true,20271003
conv-depthwise,2fa842e74a5cfcbf59217c4e1d85f7cf2fd11e09dc5ef429f8510965e0835d00,convolution,ONNX-MLIR LLVM,"onnx-mlir version 0.4.2, onnx version 1.21.0 (https://github.com/onnx/onnx-mlir.git 4a13c34aa695b228599d637cdb772c19b4b18dba)",onnx-mlir-llvm,true,,83,10,153445,5.960464477539063e-08,0.0008286860975204035,0192e6d06df6620604965c8da6bf6a2b176ad673953061cd91fa68788657c570,c67cf00f1b881c58375bbb3f0c5ba5a9224a63978f52a8753110f4466159fa51,true,20271004
conv-depthwise,2fa842e74a5cfcbf59217c4e1d85f7cf2fd11e09dc5ef429f8510965e0835d00,convolution,ONNX-MLIR LLVM,"onnx-mlir version 0.4.2, onnx version 1.21.0 (https://github.com/onnx/onnx-mlir.git 4a13c34aa695b228599d637cdb772c19b4b18dba)",onnx-mlir-llvm,true,,84,10,153708,5.960464477539063e-08,0.0008286860975204035,0192e6d06df6620604965c8da6bf6a2b176ad673953061cd91fa68788657c570,c67cf00f1b881c58375bbb3f0c5ba5a9224a63978f52a8753110f4466159fa51,true,20271005
conv-depthwise,2fa842e74a5cfcbf59217c4e1d85f7cf2fd11e09dc5ef429f8510965e0835d00,convolution,ONNX-MLIR LLVM,"onnx-mlir version 0.4.2, onnx version 1.21.0 (https://github.com/onnx/onnx-mlir.git 4a13c34aa695b228599d637cdb772c19b4b18dba)",onnx-mlir-llvm,true,,85,10,153916,5.960464477539063e-08,0.0008286860975204035,0192e6d06df6620604965c8da6bf6a2b176ad673953061cd91fa68788657c570,c67cf00f1b881c58375bbb3f0c5ba5a9224a63978f52a8753110f4466159fa51,true,20271006
conv-depthwise,2fa842e74a5cfcbf59217c4e1d85f7cf2fd11e09dc5ef429f8510965e0835d00,convolution,ONNX-MLIR LLVM,"onnx-mlir version 0.4.2, onnx version 1.21.0 (https://github.com/onnx/onnx-mlir.git 4a13c34aa695b228599d637cdb772c19b4b18dba)",onnx-mlir-llvm,true,,86,10,153262,5.960464477539063e-08,0.0008286860975204035,0192e6d06df6620604965c8da6bf6a2b176ad673953061cd91fa68788657c570,c67cf00f1b881c58375bbb3f0c5ba5a9224a63978f52a8753110f4466159fa51,true,20271007
conv-depthwise,2fa842e74a5cfcbf59217c4e1d85f7cf2fd11e09dc5ef429f8510965e0835d00,convolution,ONNX-MLIR LLVM,"onnx-mlir version 0.4.2, onnx version 1.21.0 (https://github.com/onnx/onnx-mlir.git 4a13c34aa695b228599d637cdb772c19b4b18dba)",onnx-mlir-llvm,true,,87,10,157004,5.960464477539063e-08,0.0008286860975204035,0192e6d06df6620604965c8da6bf6a2b176ad673953061cd91fa68788657c570,c67cf00f1b881c58375bbb3f0c5ba5a9224a63978f52a8753110f4466159fa51,true,20271008
conv-depthwise,2fa842e74a5cfcbf59217c4e1d85f7cf2fd11e09dc5ef429f8510965e0835d00,convolution,ONNX-MLIR LLVM,"onnx-mlir version 0.4.2, onnx version 1.21.0 (https://github.com/onnx/onnx-mlir.git 4a13c34aa695b228599d637cdb772c19b4b18dba)",onnx-mlir-llvm,true,,88,10,161716,5.960464477539063e-08,0.0008286860975204035,0192e6d06df6620604965c8da6bf6a2b176ad673953061cd91fa68788657c570,c67cf00f1b881c58375bbb3f0c5ba5a9224a63978f52a8753110f4466159fa51,true,20271009
conv-depthwise,2fa842e74a5cfcbf59217c4e1d85f7cf2fd11e09dc5ef429f8510965e0835d00,convolution,ONNX-MLIR LLVM,"onnx-mlir version 0.4.2, onnx version 1.21.0 (https://github.com/onnx/onnx-mlir.git 4a13c34aa695b228599d637cdb772c19b4b18dba)",onnx-mlir-llvm,true,,89,10,156312,5.960464477539063e-08,0.0008286860975204035,0192e6d06df6620604965c8da6bf6a2b176ad673953061cd91fa68788657c570,c67cf00f1b881c58375bbb3f0c5ba5a9224a63978f52a8753110f4466159fa51,true,20271010
conv-depthwise,2fa842e74a5cfcbf59217c4e1d85f7cf2fd11e09dc5ef429f8510965e0835d00,convolution,ONNX-MLIR LLVM,"onnx-mlir version 0.4.2, onnx version 1.21.0 (https://github.com/onnx/onnx-mlir.git 4a13c34aa695b228599d637cdb772c19b4b18dba)",onnx-mlir-llvm,true,,90,10,156237,5.960464477539063e-08,0.0008286860975204035,0192e6d06df6620604965c8da6bf6a2b176ad673953061cd91fa68788657c570,c67cf00f1b881c58375bbb3f0c5ba5a9224a63978f52a8753110f4466159fa51,true,20271011
conv-depthwise,2fa842e74a5cfcbf59217c4e1d85f7cf2fd11e09dc5ef429f8510965e0835d00,convolution,ONNX-MLIR LLVM,"onnx-mlir version 0.4.2, onnx version 1.21.0 (https://github.com/onnx/onnx-mlir.git 4a13c34aa695b228599d637cdb772c19b4b18dba)",onnx-mlir-llvm,true,,91,10,154716,5.960464477539063e-08,0.0008286860975204035,0192e6d06df6620604965c8da6bf6a2b176ad673953061cd91fa68788657c570,c67cf00f1b881c58375bbb3f0c5ba5a9224a63978f52a8753110f4466159fa51,true,20271012
conv-depthwise,2fa842e74a5cfcbf59217c4e1d85f7cf2fd11e09dc5ef429f8510965e0835d00,convolution,ONNX-MLIR LLVM,"onnx-mlir version 0.4.2, onnx version 1.21.0 (https://github.com/onnx/onnx-mlir.git 4a13c34aa695b228599d637cdb772c19b4b18dba)",onnx-mlir-llvm,true,,92,10,154083,5.960464477539063e-08,0.0008286860975204035,0192e6d06df6620604965c8da6bf6a2b176ad673953061cd91fa68788657c570,c67cf00f1b881c58375bbb3f0c5ba5a9224a63978f52a8753110f4466159fa51,true,20271013
conv-depthwise,2fa842e74a5cfcbf59217c4e1d85f7cf2fd11e09dc5ef429f8510965e0835d00,convolution,ONNX-MLIR LLVM,"onnx-mlir version 0.4.2, onnx version 1.21.0 (https://github.com/onnx/onnx-mlir.git 4a13c34aa695b228599d637cdb772c19b4b18dba)",onnx-mlir-llvm,true,,93,10,153308,5.960464477539063e-08,0.0008286860975204035,0192e6d06df6620604965c8da6bf6a2b176ad673953061cd91fa68788657c570,c67cf00f1b881c58375bbb3f0c5ba5a9224a63978f52a8753110f4466159fa51,true,20271014
conv-depthwise,2fa842e74a5cfcbf59217c4e1d85f7cf2fd11e09dc5ef429f8510965e0835d00,convolution,ONNX-MLIR LLVM,"onnx-mlir version 0.4.2, onnx version 1.21.0 (https://github.com/onnx/onnx-mlir.git 4a13c34aa695b228599d637cdb772c19b4b18dba)",onnx-mlir-llvm,true,,94,10,155445,5.960464477539063e-08,0.0008286860975204035,0192e6d06df6620604965c8da6bf6a2b176ad673953061cd91fa68788657c570,c67cf00f1b881c58375bbb3f0c5ba5a9224a63978f52a8753110f4466159fa51,true,20271015
conv-depthwise,2fa842e74a5cfcbf59217c4e1d85f7cf2fd11e09dc5ef429f8510965e0835d00,convolution,ONNX-MLIR LLVM,"onnx-mlir version 0.4.2, onnx version 1.21.0 (https://github.com/onnx/onnx-mlir.git 4a13c34aa695b228599d637cdb772c19b4b18dba)",onnx-mlir-llvm,true,,95,10,153775,5.960464477539063e-08,0.0008286860975204035,0192e6d06df6620604965c8da6bf6a2b176ad673953061cd91fa68788657c570,c67cf00f1b881c58375bbb3f0c5ba5a9224a63978f52a8753110f4466159fa51,true,20271016
conv-depthwise,2fa842e74a5cfcbf59217c4e1d85f7cf2fd11e09dc5ef429f8510965e0835d00,convolution,ONNX-MLIR LLVM,"onnx-mlir version 0.4.2, onnx version 1.21.0 (https://github.com/onnx/onnx-mlir.git 4a13c34aa695b228599d637cdb772c19b4b18dba)",onnx-mlir-llvm,true,,96,10,153520,5.960464477539063e-08,0.0008286860975204035,0192e6d06df6620604965c8da6bf6a2b176ad673953061cd91fa68788657c570,c67cf00f1b881c58375bbb3f0c5ba5a9224a63978f52a8753110f4466159fa51,true,20271017
conv-depthwise,2fa842e74a5cfcbf59217c4e1d85f7cf2fd11e09dc5ef429f8510965e0835d00,convolution,ONNX-MLIR LLVM,"onnx-mlir version 0.4.2, onnx version 1.21.0 (https://github.com/onnx/onnx-mlir.git 4a13c34aa695b228599d637cdb772c19b4b18dba)",onnx-mlir-llvm,true,,97,10,154129,5.960464477539063e-08,0.0008286860975204035,0192e6d06df6620604965c8da6bf6a2b176ad673953061cd91fa68788657c570,c67cf00f1b881c58375bbb3f0c5ba5a9224a63978f52a8753110f4466159fa51,true,20271018
conv-depthwise,2fa842e74a5cfcbf59217c4e1d85f7cf2fd11e09dc5ef429f8510965e0835d00,convolution,ONNX-MLIR LLVM,"onnx-mlir version 0.4.2, onnx version 1.21.0 (https://github.com/onnx/onnx-mlir.git 4a13c34aa695b228599d637cdb772c19b4b18dba)",onnx-mlir-llvm,true,,98,10,164054,5.960464477539063e-08,0.0008286860975204035,0192e6d06df6620604965c8da6bf6a2b176ad673953061cd91fa68788657c570,c67cf00f1b881c58375bbb3f0c5ba5a9224a63978f52a8753110f4466159fa51,true,20271019
conv-depthwise,2fa842e74a5cfcbf59217c4e1d85f7cf2fd11e09dc5ef429f8510965e0835d00,convolution,ONNX-MLIR LLVM,"onnx-mlir version 0.4.2, onnx version 1.21.0 (https://github.com/onnx/onnx-mlir.git 4a13c34aa695b228599d637cdb772c19b4b18dba)",onnx-mlir-llvm,true,,99,10,153875,5.960464477539063e-08,0.0008286860975204035,0192e6d06df6620604965c8da6bf6a2b176ad673953061cd91fa68788657c570,c67cf00f1b881c58375bbb3f0c5ba5a9224a63978f52a8753110f4466159fa51,true,20271020
quant-matmul,2fa842e74a5cfcbf59217c4e1d85f7cf2fd11e09dc5ef429f8510965e0835d00,quantization,ONNX-MLIR LLVM,"onnx-mlir version 0.4.2, onnx version 1.21.0 (https://github.com/onnx/onnx-mlir.git 4a13c34aa695b228599d637cdb772c19b4b18dba)",onnx-mlir-llvm,false,unsupported:oracle:integer-mismatch,,,,,,bd045527b8a2298b8dfb78d5091680387612242d7f4db9755bbfe9f65ee729fd,,,20260921
quant-qdq-tensor,2fa842e74a5cfcbf59217c4e1d85f7cf2fd11e09dc5ef429f8510965e0835d00,quantization,ONNX-MLIR LLVM,"onnx-mlir version 0.4.2, onnx version 1.21.0 (https://github.com/onnx/onnx-mlir.git 4a13c34aa695b228599d637cdb772c19b4b18dba)",onnx-mlir-llvm,true,,0,500,3012,0.0,0.0,196be7052de7661d273c81d3c297f148b38f0f2b2d43bda2b8483352816295e7,62f3fbef3de9d62997b89cf1728fd385624f061a9ca4d3b6bde059fab363a513,true,20270921
quant-qdq-tensor,2fa842e74a5cfcbf59217c4e1d85f7cf2fd11e09dc5ef429f8510965e0835d00,quantization,ONNX-MLIR LLVM,"onnx-mlir version 0.4.2, onnx version 1.21.0 (https://github.com/onnx/onnx-mlir.git 4a13c34aa695b228599d637cdb772c19b4b18dba)",onnx-mlir-llvm,true,,1,500,2998,0.0,0.0,196be7052de7661d273c81d3c297f148b38f0f2b2d43bda2b8483352816295e7,62f3fbef3de9d62997b89cf1728fd385624f061a9ca4d3b6bde059fab363a513,true,20270922
quant-qdq-tensor,2fa842e74a5cfcbf59217c4e1d85f7cf2fd11e09dc5ef429f8510965e0835d00,quantization,ONNX-MLIR LLVM,"onnx-mlir version 0.4.2, onnx version 1.21.0 (https://github.com/onnx/onnx-mlir.git 4a13c34aa695b228599d637cdb772c19b4b18dba)",onnx-mlir-llvm,true,,2,500,2994,0.0,0.0,196be7052de7661d273c81d3c297f148b38f0f2b2d43bda2b8483352816295e7,62f3fbef3de9d62997b89cf1728fd385624f061a9ca4d3b6bde059fab363a513,true,20270923
quant-qdq-tensor,2fa842e74a5cfcbf59217c4e1d85f7cf2fd11e09dc5ef429f8510965e0835d00,quantization,ONNX-MLIR LLVM,"onnx-mlir version 0.4.2, onnx version 1.21.0 (https://github.com/onnx/onnx-mlir.git 4a13c34aa695b228599d637cdb772c19b4b18dba)",onnx-mlir-llvm,true,,3,500,2822,0.0,0.0,196be7052de7661d273c81d3c297f148b38f0f2b2d43bda2b8483352816295e7,62f3fbef3de9d62997b89cf1728fd385624f061a9ca4d3b6bde059fab363a513,true,20270924
quant-qdq-tensor,2fa842e74a5cfcbf59217c4e1d85f7cf2fd11e09dc5ef429f8510965e0835d00,quantization,ONNX-MLIR LLVM,"onnx-mlir version 0.4.2, onnx version 1.21.0 (https://github.com/onnx/onnx-mlir.git 4a13c34aa695b228599d637cdb772c19b4b18dba)",onnx-mlir-llvm,true,,4,500,2952,0.0,0.0,196be7052de7661d273c81d3c297f148b38f0f2b2d43bda2b8483352816295e7,62f3fbef3de9d62997b89cf1728fd385624f061a9ca4d3b6bde059fab363a513,true,20270925
quant-qdq-tensor,2fa842e74a5cfcbf59217c4e1d85f7cf2fd11e09dc5ef429f8510965e0835d00,quantization,ONNX-MLIR LLVM,"onnx-mlir version 0.4.2, onnx version 1.21.0 (https://github.com/onnx/onnx-mlir.git 4a13c34aa695b228599d637cdb772c19b4b18dba)",onnx-mlir-llvm,true,,5,500,2754,0.0,0.0,196be7052de7661d273c81d3c297f148b38f0f2b2d43bda2b8483352816295e7,62f3fbef3de9d62997b89cf1728fd385624f061a9ca4d3b6bde059fab363a513,true,20270926
quant-qdq-tensor,2fa842e74a5cfcbf59217c4e1d85f7cf2fd11e09dc5ef429f8510965e0835d00,quantization,ONNX-MLIR LLVM,"onnx-mlir version 0.4.2, onnx version 1.21.0 (https://github.com/onnx/onnx-mlir.git 4a13c34aa695b228599d637cdb772c19b4b18dba)",onnx-mlir-llvm,true,,6,500,2726,0.0,0.0,196be7052de7661d273c81d3c297f148b38f0f2b2d43bda2b8483352816295e7,62f3fbef3de9d62997b89cf1728fd385624f061a9ca4d3b6bde059fab363a513,true,20270927
quant-qdq-tensor,2fa842e74a5cfcbf59217c4e1d85f7cf2fd11e09dc5ef429f8510965e0835d00,quantization,ONNX-MLIR LLVM,"onnx-mlir version 0.4.2, onnx version 1.21.0 (https://github.com/onnx/onnx-mlir.git 4a13c34aa695b228599d637cdb772c19b4b18dba)",onnx-mlir-llvm,true,,7,500,2685,0.0,0.0,196be7052de7661d273c81d3c297f148b38f0f2b2d43bda2b8483352816295e7,62f3fbef3de9d62997b89cf1728fd385624f061a9ca4d3b6bde059fab363a513,true,20270928
quant-qdq-tensor,2fa842e74a5cfcbf59217c4e1d85f7cf2fd11e09dc5ef429f8510965e0835d00,quantization,ONNX-MLIR LLVM,"onnx-mlir version 0.4.2, onnx version 1.21.0 (https://github.com/onnx/onnx-mlir.git 4a13c34aa695b228599d637cdb772c19b4b18dba)",onnx-mlir-llvm,true,,8,500,2612,0.0,0.0,196be7052de7661d273c81d3c297f148b38f0f2b2d43bda2b8483352816295e7,62f3fbef3de9d62997b89cf1728fd385624f061a9ca4d3b6bde059fab363a513,true,20270929
quant-qdq-tensor,2fa842e74a5cfcbf59217c4e1d85f7cf2fd11e09dc5ef429f8510965e0835d00,quantization,ONNX-MLIR LLVM,"onnx-mlir version 0.4.2, onnx version 1.21.0 (https://github.com/onnx/onnx-mlir.git 4a13c34aa695b228599d637cdb772c19b4b18dba)",onnx-mlir-llvm,true,,9,500,2613,0.0,0.0,196be7052de7661d273c81d3c297f148b38f0f2b2d43bda2b8483352816295e7,62f3fbef3de9d62997b89cf1728fd385624f061a9ca4d3b6bde059fab363a513,true,20270930
quant-qdq-tensor,2fa842e74a5cfcbf59217c4e1d85f7cf2fd11e09dc5ef429f8510965e0835d00,quantization,ONNX-MLIR LLVM,"onnx-mlir version 0.4.2, onnx version 1.21.0 (https://github.com/onnx/onnx-mlir.git 4a13c34aa695b228599d637cdb772c19b4b18dba)",onnx-mlir-llvm,true,,10,500,2612,0.0,0.0,196be7052de7661d273c81d3c297f148b38f0f2b2d43bda2b8483352816295e7,62f3fbef3de9d62997b89cf1728fd385624f061a9ca4d3b6bde059fab363a513,true,20270931
quant-qdq-tensor,2fa842e74a5cfcbf59217c4e1d85f7cf2fd11e09dc5ef429f8510965e0835d00,quantization,ONNX-MLIR LLVM,"onnx-mlir version 0.4.2, onnx version 1.21.0 (https://github.com/onnx/onnx-mlir.git 4a13c34aa695b228599d637cdb772c19b4b18dba)",onnx-mlir-llvm,true,,11,500,2611,0.0,0.0,196be7052de7661d273c81d3c297f148b38f0f2b2d43bda2b8483352816295e7,62f3fbef3de9d62997b89cf1728fd385624f061a9ca4d3b6bde059fab363a513,true,20270932
quant-qdq-tensor,2fa842e74a5cfcbf59217c4e1d85f7cf2fd11e09dc5ef429f8510965e0835d00,quantization,ONNX-MLIR LLVM,"onnx-mlir version 0.4.2, onnx version 1.21.0 (https://github.com/onnx/onnx-mlir.git 4a13c34aa695b228599d637cdb772c19b4b18dba)",onnx-mlir-llvm,true,,12,500,2610,0.0,0.0,196be7052de7661d273c81d3c297f148b38f0f2b2d43bda2b8483352816295e7,62f3fbef3de9d62997b89cf1728fd385624f061a9ca4d3b6bde059fab363a513,true,20270933
quant-qdq-tensor,2fa842e74a5cfcbf59217c4e1d85f7cf2fd11e09dc5ef429f8510965e0835d00,quantization,ONNX-MLIR LLVM,"onnx-mlir version 0.4.2, onnx version 1.21.0 (https://github.com/onnx/onnx-mlir.git 4a13c34aa695b228599d637cdb772c19b4b18dba)",onnx-mlir-llvm,true,,13,500,2530,0.0,0.0,196be7052de7661d273c81d3c297f148b38f0f2b2d43bda2b8483352816295e7,62f3fbef3de9d62997b89cf1728fd385624f061a9ca4d3b6bde059fab363a513,true,20270934
quant-qdq-tensor,2fa842e74a5cfcbf59217c4e1d85f7cf2fd11e09dc5ef429f8510965e0835d00,quantization,ONNX-MLIR LLVM,"onnx-mlir version 0.4.2, onnx version 1.21.0 (https://github.com/onnx/onnx-mlir.git 4a13c34aa695b228599d637cdb772c19b4b18dba)",onnx-mlir-llvm,true,,14,500,2494,0.0,0.0,196be7052de7661d273c81d3c297f148b38f0f2b2d43bda2b8483352816295e7,62f3fbef3de9d62997b89cf1728fd385624f061a9ca4d3b6bde059fab363a513,true,20270935
quant-qdq-tensor,2fa842e74a5cfcbf59217c4e1d85f7cf2fd11e09dc5ef429f8510965e0835d00,quantization,ONNX-MLIR LLVM,"onnx-mlir version 0.4.2, onnx version 1.21.0 (https://github.com/onnx/onnx-mlir.git 4a13c34aa695b228599d637cdb772c19b4b18dba)",onnx-mlir-llvm,true,,15,500,2482,0.0,0.0,196be7052de7661d273c81d3c297f148b38f0f2b2d43bda2b8483352816295e7,62f3fbef3de9d62997b89cf1728fd385624f061a9ca4d3b6bde059fab363a513,true,20270936
quant-qdq-tensor,2fa842e74a5cfcbf59217c4e1d85f7cf2fd11e09dc5ef429f8510965e0835d00,quantization,ONNX-MLIR LLVM,"onnx-mlir version 0.4.2, onnx version 1.21.0 (https://github.com/onnx/onnx-mlir.git 4a13c34aa695b228599d637cdb772c19b4b18dba)",onnx-mlir-llvm,true,,16,500,2479,0.0,0.0,196be7052de7661d273c81d3c297f148b38f0f2b2d43bda2b8483352816295e7,62f3fbef3de9d62997b89cf1728fd385624f061a9ca4d3b6bde059fab363a513,true,20270937
quant-qdq-tensor,2fa842e74a5cfcbf59217c4e1d85f7cf2fd11e09dc5ef429f8510965e0835d00,quantization,ONNX-MLIR LLVM,"onnx-mlir version 0.4.2, onnx version 1.21.0 (https://github.com/onnx/onnx-mlir.git 4a13c34aa695b228599d637cdb772c19b4b18dba)",onnx-mlir-llvm,true,,17,500,2382,0.0,0.0,196be7052de7661d273c81d3c297f148b38f0f2b2d43bda2b8483352816295e7,62f3fbef3de9d62997b89cf1728fd385624f061a9ca4d3b6bde059fab363a513,true,20270938
quant-qdq-tensor,2fa842e74a5cfcbf59217c4e1d85f7cf2fd11e09dc5ef429f8510965e0835d00,quantization,ONNX-MLIR LLVM,"onnx-mlir version 0.4.2, onnx version 1.21.0 (https://github.com/onnx/onnx-mlir.git 4a13c34aa695b228599d637cdb772c19b4b18dba)",onnx-mlir-llvm,true,,18,500,2382,0.0,0.0,196be7052de7661d273c81d3c297f148b38f0f2b2d43bda2b8483352816295e7,62f3fbef3de9d62997b89cf1728fd385624f061a9ca4d3b6bde059fab363a513,true,20270939
quant-qdq-tensor,2fa842e74a5cfcbf59217c4e1d85f7cf2fd11e09dc5ef429f8510965e0835d00,quantization,ONNX-MLIR LLVM,"onnx-mlir version 0.4.2, onnx version 1.21.0 (https://github.com/onnx/onnx-mlir.git 4a13c34aa695b228599d637cdb772c19b4b18dba)",onnx-mlir-llvm,true,,19,500,2379,0.0,0.0,196be7052de7661d273c81d3c297f148b38f0f2b2d43bda2b8483352816295e7,62f3fbef3de9d62997b89cf1728fd385624f061a9ca4d3b6bde059fab363a513,true,20270940
quant-qdq-tensor,2fa842e74a5cfcbf59217c4e1d85f7cf2fd11e09dc5ef429f8510965e0835d00,quantization,ONNX-MLIR LLVM,"onnx-mlir version 0.4.2, onnx version 1.21.0 (https://github.com/onnx/onnx-mlir.git 4a13c34aa695b228599d637cdb772c19b4b18dba)",onnx-mlir-llvm,true,,20,500,2378,0.0,0.0,196be7052de7661d273c81d3c297f148b38f0f2b2d43bda2b8483352816295e7,62f3fbef3de9d62997b89cf1728fd385624f061a9ca4d3b6bde059fab363a513,true,20270941
quant-qdq-tensor,2fa842e74a5cfcbf59217c4e1d85f7cf2fd11e09dc5ef429f8510965e0835d00,quantization,ONNX-MLIR LLVM,"onnx-mlir version 0.4.2, onnx version 1.21.0 (https://github.com/onnx/onnx-mlir.git 4a13c34aa695b228599d637cdb772c19b4b18dba)",onnx-mlir-llvm,true,,21,500,2336,0.0,0.0,196be7052de7661d273c81d3c297f148b38f0f2b2d43bda2b8483352816295e7,62f3fbef3de9d62997b89cf1728fd385624f061a9ca4d3b6bde059fab363a513,true,20270942
quant-qdq-tensor,2fa842e74a5cfcbf59217c4e1d85f7cf2fd11e09dc5ef429f8510965e0835d00,quantization,ONNX-MLIR LLVM,"onnx-mlir version 0.4.2, onnx version 1.21.0 (https://github.com/onnx/onnx-mlir.git 4a13c34aa695b228599d637cdb772c19b4b18dba)",onnx-mlir-llvm,true,,22,500,2299,0.0,0.0,196be7052de7661d273c81d3c297f148b38f0f2b2d43bda2b8483352816295e7,62f3fbef3de9d62997b89cf1728fd385624f061a9ca4d3b6bde059fab363a513,true,20270943
quant-qdq-tensor,2fa842e74a5cfcbf59217c4e1d85f7cf2fd11e09dc5ef429f8510965e0835d00,quantization,ONNX-MLIR LLVM,"onnx-mlir version 0.4.2, onnx version 1.21.0 (https://github.com/onnx/onnx-mlir.git 4a13c34aa695b228599d637cdb772c19b4b18dba)",onnx-mlir-llvm,true,,23,500,2298,0.0,0.0,196be7052de7661d273c81d3c297f148b38f0f2b2d43bda2b8483352816295e7,62f3fbef3de9d62997b89cf1728fd385624f061a9ca4d3b6bde059fab363a513,true,20270944
quant-qdq-tensor,2fa842e74a5cfcbf59217c4e1d85f7cf2fd11e09dc5ef429f8510965e0835d00,quantization,ONNX-MLIR LLVM,"onnx-mlir version 0.4.2, onnx version 1.21.0 (https://github.com/onnx/onnx-mlir.git 4a13c34aa695b228599d637cdb772c19b4b18dba)",onnx-mlir-llvm,true,,24,500,2318,0.0,0.0,196be7052de7661d273c81d3c297f148b38f0f2b2d43bda2b8483352816295e7,62f3fbef3de9d62997b89cf1728fd385624f061a9ca4d3b6bde059fab363a513,true,20270945
quant-qdq-tensor,2fa842e74a5cfcbf59217c4e1d85f7cf2fd11e09dc5ef429f8510965e0835d00,quantization,ONNX-MLIR LLVM,"onnx-mlir version 0.4.2, onnx version 1.21.0 (https://github.com/onnx/onnx-mlir.git 4a13c34aa695b228599d637cdb772c19b4b18dba)",onnx-mlir-llvm,true,,25,500,2475,0.0,0.0,196be7052de7661d273c81d3c297f148b38f0f2b2d43bda2b8483352816295e7,62f3fbef3de9d62997b89cf1728fd385624f061a9ca4d3b6bde059fab363a513,true,20270946
quant-qdq-tensor,2fa842e74a5cfcbf59217c4e1d85f7cf2fd11e09dc5ef429f8510965e0835d00,quantization,ONNX-MLIR LLVM,"onnx-mlir version 0.4.2, onnx version 1.21.0 (https://github.com/onnx/onnx-mlir.git 4a13c34aa695b228599d637cdb772c19b4b18dba)",onnx-mlir-llvm,true,,26,500,2539,0.0,0.0,196be7052de7661d273c81d3c297f148b38f0f2b2d43bda2b8483352816295e7,62f3fbef3de9d62997b89cf1728fd385624f061a9ca4d3b6bde059fab363a513,true,20270947
quant-qdq-tensor,2fa842e74a5cfcbf59217c4e1d85f7cf2fd11e09dc5ef429f8510965e0835d00,quantization,ONNX-MLIR LLVM,"onnx-mlir version 0.4.2, onnx version 1.21.0 (https://github.com/onnx/onnx-mlir.git 4a13c34aa695b228599d637cdb772c19b4b18dba)",onnx-mlir-llvm,true,,27,500,2232,0.0,0.0,196be7052de7661d273c81d3c297f148b38f0f2b2d43bda2b8483352816295e7,62f3fbef3de9d62997b89cf1728fd385624f061a9ca4d3b6bde059fab363a513,true,20270948
quant-qdq-tensor,2fa842e74a5cfcbf59217c4e1d85f7cf2fd11e09dc5ef429f8510965e0835d00,quantization,ONNX-MLIR LLVM,"onnx-mlir version 0.4.2, onnx version 1.21.0 (https://github.com/onnx/onnx-mlir.git 4a13c34aa695b228599d637cdb772c19b4b18dba)",onnx-mlir-llvm,true,,28,500,2210,0.0,0.0,196be7052de7661d273c81d3c297f148b38f0f2b2d43bda2b8483352816295e7,62f3fbef3de9d62997b89cf1728fd385624f061a9ca4d3b6bde059fab363a513,true,20270949
quant-qdq-tensor,2fa842e74a5cfcbf59217c4e1d85f7cf2fd11e09dc5ef429f8510965e0835d00,quantization,ONNX-MLIR LLVM,"onnx-mlir version 0.4.2, onnx version 1.21.0 (https://github.com/onnx/onnx-mlir.git 4a13c34aa695b228599d637cdb772c19b4b18dba)",onnx-mlir-llvm,true,,29,500,2215,0.0,0.0,196be7052de7661d273c81d3c297f148b38f0f2b2d43bda2b8483352816295e7,62f3fbef3de9d62997b89cf1728fd385624f061a9ca4d3b6bde059fab363a513,true,20270950
quant-qdq-tensor,2fa842e74a5cfcbf59217c4e1d85f7cf2fd11e09dc5ef429f8510965e0835d00,quantization,ONNX-MLIR LLVM,"onnx-mlir version 0.4.2, onnx version 1.21.0 (https://github.com/onnx/onnx-mlir.git 4a13c34aa695b228599d637cdb772c19b4b18dba)",onnx-mlir-llvm,true,,30,500,2163,0.0,0.0,196be7052de7661d273c81d3c297f148b38f0f2b2d43bda2b8483352816295e7,62f3fbef3de9d62997b89cf1728fd385624f061a9ca4d3b6bde059fab363a513,true,20270951
quant-qdq-tensor,2fa842e74a5cfcbf59217c4e1d85f7cf2fd11e09dc5ef429f8510965e0835d00,quantization,ONNX-MLIR LLVM,"onnx-mlir version 0.4.2, onnx version 1.21.0 (https://github.com/onnx/onnx-mlir.git 4a13c34aa695b228599d637cdb772c19b4b18dba)",onnx-mlir-llvm,true,,31,500,2274,0.0,0.0,196be7052de7661d273c81d3c297f148b38f0f2b2d43bda2b8483352816295e7,62f3fbef3de9d62997b89cf1728fd385624f061a9ca4d3b6bde059fab363a513,true,20270952
quant-qdq-tensor,2fa842e74a5cfcbf59217c4e1d85f7cf2fd11e09dc5ef429f8510965e0835d00,quantization,ONNX-MLIR LLVM,"onnx-mlir version 0.4.2, onnx version 1.21.0 (https://github.com/onnx/onnx-mlir.git 4a13c34aa695b228599d637cdb772c19b4b18dba)",onnx-mlir-llvm,true,,32,500,2186,0.0,0.0,196be7052de7661d273c81d3c297f148b38f0f2b2d43bda2b8483352816295e7,62f3fbef3de9d62997b89cf1728fd385624f061a9ca4d3b6bde059fab363a513,true,20270953
quant-qdq-tensor,2fa842e74a5cfcbf59217c4e1d85f7cf2fd11e09dc5ef429f8510965e0835d00,quantization,ONNX-MLIR LLVM,"onnx-mlir version 0.4.2, onnx version 1.21.0 (https://github.com/onnx/onnx-mlir.git 4a13c34aa695b228599d637cdb772c19b4b18dba)",onnx-mlir-llvm,true,,33,500,2174,0.0,0.0,196be7052de7661d273c81d3c297f148b38f0f2b2d43bda2b8483352816295e7,62f3fbef3de9d62997b89cf1728fd385624f061a9ca4d3b6bde059fab363a513,true,20270954
quant-qdq-tensor,2fa842e74a5cfcbf59217c4e1d85f7cf2fd11e09dc5ef429f8510965e0835d00,quantization,ONNX-MLIR LLVM,"onnx-mlir version 0.4.2, onnx version 1.21.0 (https://github.com/onnx/onnx-mlir.git 4a13c34aa695b228599d637cdb772c19b4b18dba)",onnx-mlir-llvm,true,,34,500,2158,0.0,0.0,196be7052de7661d273c81d3c297f148b38f0f2b2d43bda2b8483352816295e7,62f3fbef3de9d62997b89cf1728fd385624f061a9ca4d3b6bde059fab363a513,true,20270955
quant-qdq-tensor,2fa842e74a5cfcbf59217c4e1d85f7cf2fd11e09dc5ef429f8510965e0835d00,quantization,ONNX-MLIR LLVM,"onnx-mlir version 0.4.2, onnx version 1.21.0 (https://github.com/onnx/onnx-mlir.git 4a13c34aa695b228599d637cdb772c19b4b18dba)",onnx-mlir-llvm,true,,35,500,2141,0.0,0.0,196be7052de7661d273c81d3c297f148b38f0f2b2d43bda2b8483352816295e7,62f3fbef3de9d62997b89cf1728fd385624f061a9ca4d3b6bde059fab363a513,true,20270956
quant-qdq-tensor,2fa842e74a5cfcbf59217c4e1d85f7cf2fd11e09dc5ef429f8510965e0835d00,quantization,ONNX-MLIR LLVM,"onnx-mlir version 0.4.2, onnx version 1.21.0 (https://github.com/onnx/onnx-mlir.git 4a13c34aa695b228599d637cdb772c19b4b18dba)",onnx-mlir-llvm,true,,36,500,2129,0.0,0.0,196be7052de7661d273c81d3c297f148b38f0f2b2d43bda2b8483352816295e7,62f3fbef3de9d62997b89cf1728fd385624f061a9ca4d3b6bde059fab363a513,true,20270957
quant-qdq-tensor,2fa842e74a5cfcbf59217c4e1d85f7cf2fd11e09dc5ef429f8510965e0835d00,quantization,ONNX-MLIR LLVM,"onnx-mlir version 0.4.2, onnx version 1.21.0 (https://github.com/onnx/onnx-mlir.git 4a13c34aa695b228599d637cdb772c19b4b18dba)",onnx-mlir-llvm,true,,37,500,2118,0.0,0.0,196be7052de7661d273c81d3c297f148b38f0f2b2d43bda2b8483352816295e7,62f3fbef3de9d62997b89cf1728fd385624f061a9ca4d3b6bde059fab363a513,true,20270958
quant-qdq-tensor,2fa842e74a5cfcbf59217c4e1d85f7cf2fd11e09dc5ef429f8510965e0835d00,quantization,ONNX-MLIR LLVM,"onnx-mlir version 0.4.2, onnx version 1.21.0 (https://github.com/onnx/onnx-mlir.git 4a13c34aa695b228599d637cdb772c19b4b18dba)",onnx-mlir-llvm,true,,38,500,2102,0.0,0.0,196be7052de7661d273c81d3c297f148b38f0f2b2d43bda2b8483352816295e7,62f3fbef3de9d62997b89cf1728fd385624f061a9ca4d3b6bde059fab363a513,true,20270959
quant-qdq-tensor,2fa842e74a5cfcbf59217c4e1d85f7cf2fd11e09dc5ef429f8510965e0835d00,quantization,ONNX-MLIR LLVM,"onnx-mlir version 0.4.2, onnx version 1.21.0 (https://github.com/onnx/onnx-mlir.git 4a13c34aa695b228599d637cdb772c19b4b18dba)",onnx-mlir-llvm,true,,39,500,2119,0.0,0.0,196be7052de7661d273c81d3c297f148b38f0f2b2d43bda2b8483352816295e7,62f3fbef3de9d62997b89cf1728fd385624f061a9ca4d3b6bde059fab363a513,true,20270960
quant-qdq-tensor,2fa842e74a5cfcbf59217c4e1d85f7cf2fd11e09dc5ef429f8510965e0835d00,quantization,ONNX-MLIR LLVM,"onnx-mlir version 0.4.2, onnx version 1.21.0 (https://github.com/onnx/onnx-mlir.git 4a13c34aa695b228599d637cdb772c19b4b18dba)",onnx-mlir-llvm,true,,40,500,2198,0.0,0.0,196be7052de7661d273c81d3c297f148b38f0f2b2d43bda2b8483352816295e7,62f3fbef3de9d62997b89cf1728fd385624f061a9ca4d3b6bde059fab363a513,true,20270961
quant-qdq-tensor,2fa842e74a5cfcbf59217c4e1d85f7cf2fd11e09dc5ef429f8510965e0835d00,quantization,ONNX-MLIR LLVM,"onnx-mlir version 0.4.2, onnx version 1.21.0 (https://github.com/onnx/onnx-mlir.git 4a13c34aa695b228599d637cdb772c19b4b18dba)",onnx-mlir-llvm,true,,41,500,2156,0.0,0.0,196be7052de7661d273c81d3c297f148b38f0f2b2d43bda2b8483352816295e7,62f3fbef3de9d62997b89cf1728fd385624f061a9ca4d3b6bde059fab363a513,true,20270962
quant-qdq-tensor,2fa842e74a5cfcbf59217c4e1d85f7cf2fd11e09dc5ef429f8510965e0835d00,quantization,ONNX-MLIR LLVM,"onnx-mlir version 0.4.2, onnx version 1.21.0 (https://github.com/onnx/onnx-mlir.git 4a13c34aa695b228599d637cdb772c19b4b18dba)",onnx-mlir-llvm,true,,42,500,2159,0.0,0.0,196be7052de7661d273c81d3c297f148b38f0f2b2d43bda2b8483352816295e7,62f3fbef3de9d62997b89cf1728fd385624f061a9ca4d3b6bde059fab363a513,true,20270963
quant-qdq-tensor,2fa842e74a5cfcbf59217c4e1d85f7cf2fd11e09dc5ef429f8510965e0835d00,quantization,ONNX-MLIR LLVM,"onnx-mlir version 0.4.2, onnx version 1.21.0 (https://github.com/onnx/onnx-mlir.git 4a13c34aa695b228599d637cdb772c19b4b18dba)",onnx-mlir-llvm,true,,43,500,2143,0.0,0.0,196be7052de7661d273c81d3c297f148b38f0f2b2d43bda2b8483352816295e7,62f3fbef3de9d62997b89cf1728fd385624f061a9ca4d3b6bde059fab363a513,true,20270964
quant-qdq-tensor,2fa842e74a5cfcbf59217c4e1d85f7cf2fd11e09dc5ef429f8510965e0835d00,quantization,ONNX-MLIR LLVM,"onnx-mlir version 0.4.2, onnx version 1.21.0 (https://github.com/onnx/onnx-mlir.git 4a13c34aa695b228599d637cdb772c19b4b18dba)",onnx-mlir-llvm,true,,44,500,2201,0.0,0.0,196be7052de7661d273c81d3c297f148b38f0f2b2d43bda2b8483352816295e7,62f3fbef3de9d62997b89cf1728fd385624f061a9ca4d3b6bde059fab363a513,true,20270965
quant-qdq-tensor,2fa842e74a5cfcbf59217c4e1d85f7cf2fd11e09dc5ef429f8510965e0835d00,quantization,ONNX-MLIR LLVM,"onnx-mlir version 0.4.2, onnx version 1.21.0 (https://github.com/onnx/onnx-mlir.git 4a13c34aa695b228599d637cdb772c19b4b18dba)",onnx-mlir-llvm,true,,45,500,2147,0.0,0.0,196be7052de7661d273c81d3c297f148b38f0f2b2d43bda2b8483352816295e7,62f3fbef3de9d62997b89cf1728fd385624f061a9ca4d3b6bde059fab363a513,true,20270966
quant-qdq-tensor,2fa842e74a5cfcbf59217c4e1d85f7cf2fd11e09dc5ef429f8510965e0835d00,quantization,ONNX-MLIR LLVM,"onnx-mlir version 0.4.2, onnx version 1.21.0 (https://github.com/onnx/onnx-mlir.git 4a13c34aa695b228599d637cdb772c19b4b18dba)",onnx-mlir-llvm,true,,46,500,2222,0.0,0.0,196be7052de7661d273c81d3c297f148b38f0f2b2d43bda2b8483352816295e7,62f3fbef3de9d62997b89cf1728fd385624f061a9ca4d3b6bde059fab363a513,true,20270967
quant-qdq-tensor,2fa842e74a5cfcbf59217c4e1d85f7cf2fd11e09dc5ef429f8510965e0835d00,quantization,ONNX-MLIR LLVM,"onnx-mlir version 0.4.2, onnx version 1.21.0 (https://github.com/onnx/onnx-mlir.git 4a13c34aa695b228599d637cdb772c19b4b18dba)",onnx-mlir-llvm,true,,47,500,2202,0.0,0.0,196be7052de7661d273c81d3c297f148b38f0f2b2d43bda2b8483352816295e7,62f3fbef3de9d62997b89cf1728fd385624f061a9ca4d3b6bde059fab363a513,true,20270968
quant-qdq-tensor,2fa842e74a5cfcbf59217c4e1d85f7cf2fd11e09dc5ef429f8510965e0835d00,quantization,ONNX-MLIR LLVM,"onnx-mlir version 0.4.2, onnx version 1.21.0 (https://github.com/onnx/onnx-mlir.git 4a13c34aa695b228599d637cdb772c19b4b18dba)",onnx-mlir-llvm,true,,48,500,2141,0.0,0.0,196be7052de7661d273c81d3c297f148b38f0f2b2d43bda2b8483352816295e7,62f3fbef3de9d62997b89cf1728fd385624f061a9ca4d3b6bde059fab363a513,true,20270969
quant-qdq-tensor,2fa842e74a5cfcbf59217c4e1d85f7cf2fd11e09dc5ef429f8510965e0835d00,quantization,ONNX-MLIR LLVM,"onnx-mlir version 0.4.2, onnx version 1.21.0 (https://github.com/onnx/onnx-mlir.git 4a13c34aa695b228599d637cdb772c19b4b18dba)",onnx-mlir-llvm,true,,49,500,2124,0.0,0.0,196be7052de7661d273c81d3c297f148b38f0f2b2d43bda2b8483352816295e7,62f3fbef3de9d62997b89cf1728fd385624f061a9ca4d3b6bde059fab363a513,true,20270970
quant-qdq-tensor,2fa842e74a5cfcbf59217c4e1d85f7cf2fd11e09dc5ef429f8510965e0835d00,quantization,ONNX-MLIR LLVM,"onnx-mlir version 0.4.2, onnx version 1.21.0 (https://github.com/onnx/onnx-mlir.git 4a13c34aa695b228599d637cdb772c19b4b18dba)",onnx-mlir-llvm,true,,50,500,2132,0.0,0.0,196be7052de7661d273c81d3c297f148b38f0f2b2d43bda2b8483352816295e7,62f3fbef3de9d62997b89cf1728fd385624f061a9ca4d3b6bde059fab363a513,true,20270971
quant-qdq-tensor,2fa842e74a5cfcbf59217c4e1d85f7cf2fd11e09dc5ef429f8510965e0835d00,quantization,ONNX-MLIR LLVM,"onnx-mlir version 0.4.2, onnx version 1.21.0 (https://github.com/onnx/onnx-mlir.git 4a13c34aa695b228599d637cdb772c19b4b18dba)",onnx-mlir-llvm,true,,51,500,2133,0.0,0.0,196be7052de7661d273c81d3c297f148b38f0f2b2d43bda2b8483352816295e7,62f3fbef3de9d62997b89cf1728fd385624f061a9ca4d3b6bde059fab363a513,true,20270972
quant-qdq-tensor,2fa842e74a5cfcbf59217c4e1d85f7cf2fd11e09dc5ef429f8510965e0835d00,quantization,ONNX-MLIR LLVM,"onnx-mlir version 0.4.2, onnx version 1.21.0 (https://github.com/onnx/onnx-mlir.git 4a13c34aa695b228599d637cdb772c19b4b18dba)",onnx-mlir-llvm,true,,52,500,2120,0.0,0.0,196be7052de7661d273c81d3c297f148b38f0f2b2d43bda2b8483352816295e7,62f3fbef3de9d62997b89cf1728fd385624f061a9ca4d3b6bde059fab363a513,true,20270973
quant-qdq-tensor,2fa842e74a5cfcbf59217c4e1d85f7cf2fd11e09dc5ef429f8510965e0835d00,quantization,ONNX-MLIR LLVM,"onnx-mlir version 0.4.2, onnx version 1.21.0 (https://github.com/onnx/onnx-mlir.git 4a13c34aa695b228599d637cdb772c19b4b18dba)",onnx-mlir-llvm,true,,53,500,2123,0.0,0.0,196be7052de7661d273c81d3c297f148b38f0f2b2d43bda2b8483352816295e7,62f3fbef3de9d62997b89cf1728fd385624f061a9ca4d3b6bde059fab363a513,true,20270974
quant-qdq-tensor,2fa842e74a5cfcbf59217c4e1d85f7cf2fd11e09dc5ef429f8510965e0835d00,quantization,ONNX-MLIR LLVM,"onnx-mlir version 0.4.2, onnx version 1.21.0 (https://github.com/onnx/onnx-mlir.git 4a13c34aa695b228599d637cdb772c19b4b18dba)",onnx-mlir-llvm,true,,54,500,2122,0.0,0.0,196be7052de7661d273c81d3c297f148b38f0f2b2d43bda2b8483352816295e7,62f3fbef3de9d62997b89cf1728fd385624f061a9ca4d3b6bde059fab363a513,true,20270975
quant-qdq-tensor,2fa842e74a5cfcbf59217c4e1d85f7cf2fd11e09dc5ef429f8510965e0835d00,quantization,ONNX-MLIR LLVM,"onnx-mlir version 0.4.2, onnx version 1.21.0 (https://github.com/onnx/onnx-mlir.git 4a13c34aa695b228599d637cdb772c19b4b18dba)",onnx-mlir-llvm,true,,55,500,2172,0.0,0.0,196be7052de7661d273c81d3c297f148b38f0f2b2d43bda2b8483352816295e7,62f3fbef3de9d62997b89cf1728fd385624f061a9ca4d3b6bde059fab363a513,true,20270976
quant-qdq-tensor,2fa842e74a5cfcbf59217c4e1d85f7cf2fd11e09dc5ef429f8510965e0835d00,quantization,ONNX-MLIR LLVM,"onnx-mlir version 0.4.2, onnx version 1.21.0 (https://github.com/onnx/onnx-mlir.git 4a13c34aa695b228599d637cdb772c19b4b18dba)",onnx-mlir-llvm,true,,56,500,2258,0.0,0.0,196be7052de7661d273c81d3c297f148b38f0f2b2d43bda2b8483352816295e7,62f3fbef3de9d62997b89cf1728fd385624f061a9ca4d3b6bde059fab363a513,true,20270977
quant-qdq-tensor,2fa842e74a5cfcbf59217c4e1d85f7cf2fd11e09dc5ef429f8510965e0835d00,quantization,ONNX-MLIR LLVM,"onnx-mlir version 0.4.2, onnx version 1.21.0 (https://github.com/onnx/onnx-mlir.git 4a13c34aa695b228599d637cdb772c19b4b18dba)",onnx-mlir-llvm,true,,57,500,2225,0.0,0.0,196be7052de7661d273c81d3c297f148b38f0f2b2d43bda2b8483352816295e7,62f3fbef3de9d62997b89cf1728fd385624f061a9ca4d3b6bde059fab363a513,true,20270978
quant-qdq-tensor,2fa842e74a5cfcbf59217c4e1d85f7cf2fd11e09dc5ef429f8510965e0835d00,quantization,ONNX-MLIR LLVM,"onnx-mlir version 0.4.2, onnx version 1.21.0 (https://github.com/onnx/onnx-mlir.git 4a13c34aa695b228599d637cdb772c19b4b18dba)",onnx-mlir-llvm,true,,58,500,2194,0.0,0.0,196be7052de7661d273c81d3c297f148b38f0f2b2d43bda2b8483352816295e7,62f3fbef3de9d62997b89cf1728fd385624f061a9ca4d3b6bde059fab363a513,true,20270979
quant-qdq-tensor,2fa842e74a5cfcbf59217c4e1d85f7cf2fd11e09dc5ef429f8510965e0835d00,quantization,ONNX-MLIR LLVM,"onnx-mlir version 0.4.2, onnx version 1.21.0 (https://github.com/onnx/onnx-mlir.git 4a13c34aa695b228599d637cdb772c19b4b18dba)",onnx-mlir-llvm,true,,59,500,2197,0.0,0.0,196be7052de7661d273c81d3c297f148b38f0f2b2d43bda2b8483352816295e7,62f3fbef3de9d62997b89cf1728fd385624f061a9ca4d3b6bde059fab363a513,true,20270980
quant-qdq-tensor,2fa842e74a5cfcbf59217c4e1d85f7cf2fd11e09dc5ef429f8510965e0835d00,quantization,ONNX-MLIR LLVM,"onnx-mlir version 0.4.2, onnx version 1.21.0 (https://github.com/onnx/onnx-mlir.git 4a13c34aa695b228599d637cdb772c19b4b18dba)",onnx-mlir-llvm,true,,60,500,2143,0.0,0.0,196be7052de7661d273c81d3c297f148b38f0f2b2d43bda2b8483352816295e7,62f3fbef3de9d62997b89cf1728fd385624f061a9ca4d3b6bde059fab363a513,true,20270981
quant-qdq-tensor,2fa842e74a5cfcbf59217c4e1d85f7cf2fd11e09dc5ef429f8510965e0835d00,quantization,ONNX-MLIR LLVM,"onnx-mlir version 0.4.2, onnx version 1.21.0 (https://github.com/onnx/onnx-mlir.git 4a13c34aa695b228599d637cdb772c19b4b18dba)",onnx-mlir-llvm,true,,61,500,2164,0.0,0.0,196be7052de7661d273c81d3c297f148b38f0f2b2d43bda2b8483352816295e7,62f3fbef3de9d62997b89cf1728fd385624f061a9ca4d3b6bde059fab363a513,true,20270982
quant-qdq-tensor,2fa842e74a5cfcbf59217c4e1d85f7cf2fd11e09dc5ef429f8510965e0835d00,quantization,ONNX-MLIR LLVM,"onnx-mlir version 0.4.2, onnx version 1.21.0 (https://github.com/onnx/onnx-mlir.git 4a13c34aa695b228599d637cdb772c19b4b18dba)",onnx-mlir-llvm,true,,62,500,2196,0.0,0.0,196be7052de7661d273c81d3c297f148b38f0f2b2d43bda2b8483352816295e7,62f3fbef3de9d62997b89cf1728fd385624f061a9ca4d3b6bde059fab363a513,true,20270983
quant-qdq-tensor,2fa842e74a5cfcbf59217c4e1d85f7cf2fd11e09dc5ef429f8510965e0835d00,quantization,ONNX-MLIR LLVM,"onnx-mlir version 0.4.2, onnx version 1.21.0 (https://github.com/onnx/onnx-mlir.git 4a13c34aa695b228599d637cdb772c19b4b18dba)",onnx-mlir-llvm,true,,63,500,2162,0.0,0.0,196be7052de7661d273c81d3c297f148b38f0f2b2d43bda2b8483352816295e7,62f3fbef3de9d62997b89cf1728fd385624f061a9ca4d3b6bde059fab363a513,true,20270984
quant-qdq-tensor,2fa842e74a5cfcbf59217c4e1d85f7cf2fd11e09dc5ef429f8510965e0835d00,quantization,ONNX-MLIR LLVM,"onnx-mlir version 0.4.2, onnx version 1.21.0 (https://github.com/onnx/onnx-mlir.git 4a13c34aa695b228599d637cdb772c19b4b18dba)",onnx-mlir-llvm,true,,64,500,2170,0.0,0.0,196be7052de7661d273c81d3c297f148b38f0f2b2d43bda2b8483352816295e7,62f3fbef3de9d62997b89cf1728fd385624f061a9ca4d3b6bde059fab363a513,true,20270985
quant-qdq-tensor,2fa842e74a5cfcbf59217c4e1d85f7cf2fd11e09dc5ef429f8510965e0835d00,quantization,ONNX-MLIR LLVM,"onnx-mlir version 0.4.2, onnx version 1.21.0 (https://github.com/onnx/onnx-mlir.git 4a13c34aa695b228599d637cdb772c19b4b18dba)",onnx-mlir-llvm,true,,65,500,2158,0.0,0.0,196be7052de7661d273c81d3c297f148b38f0f2b2d43bda2b8483352816295e7,62f3fbef3de9d62997b89cf1728fd385624f061a9ca4d3b6bde059fab363a513,true,20270986
quant-qdq-tensor,2fa842e74a5cfcbf59217c4e1d85f7cf2fd11e09dc5ef429f8510965e0835d00,quantization,ONNX-MLIR LLVM,"onnx-mlir version 0.4.2, onnx version 1.21.0 (https://github.com/onnx/onnx-mlir.git 4a13c34aa695b228599d637cdb772c19b4b18dba)",onnx-mlir-llvm,true,,66,500,2143,0.0,0.0,196be7052de7661d273c81d3c297f148b38f0f2b2d43bda2b8483352816295e7,62f3fbef3de9d62997b89cf1728fd385624f061a9ca4d3b6bde059fab363a513,true,20270987
quant-qdq-tensor,2fa842e74a5cfcbf59217c4e1d85f7cf2fd11e09dc5ef429f8510965e0835d00,quantization,ONNX-MLIR LLVM,"onnx-mlir version 0.4.2, onnx version 1.21.0 (https://github.com/onnx/onnx-mlir.git 4a13c34aa695b228599d637cdb772c19b4b18dba)",onnx-mlir-llvm,true,,67,500,2154,0.0,0.0,196be7052de7661d273c81d3c297f148b38f0f2b2d43bda2b8483352816295e7,62f3fbef3de9d62997b89cf1728fd385624f061a9ca4d3b6bde059fab363a513,true,20270988
quant-qdq-tensor,2fa842e74a5cfcbf59217c4e1d85f7cf2fd11e09dc5ef429f8510965e0835d00,quantization,ONNX-MLIR LLVM,"onnx-mlir version 0.4.2, onnx version 1.21.0 (https://github.com/onnx/onnx-mlir.git 4a13c34aa695b228599d637cdb772c19b4b18dba)",onnx-mlir-llvm,true,,68,500,2143,0.0,0.0,196be7052de7661d273c81d3c297f148b38f0f2b2d43bda2b8483352816295e7,62f3fbef3de9d62997b89cf1728fd385624f061a9ca4d3b6bde059fab363a513,true,20270989
quant-qdq-tensor,2fa842e74a5cfcbf59217c4e1d85f7cf2fd11e09dc5ef429f8510965e0835d00,quantization,ONNX-MLIR LLVM,"onnx-mlir version 0.4.2, onnx version 1.21.0 (https://github.com/onnx/onnx-mlir.git 4a13c34aa695b228599d637cdb772c19b4b18dba)",onnx-mlir-llvm,true,,69,500,2153,0.0,0.0,196be7052de7661d273c81d3c297f148b38f0f2b2d43bda2b8483352816295e7,62f3fbef3de9d62997b89cf1728fd385624f061a9ca4d3b6bde059fab363a513,true,20270990
quant-qdq-tensor,2fa842e74a5cfcbf59217c4e1d85f7cf2fd11e09dc5ef429f8510965e0835d00,quantization,ONNX-MLIR LLVM,"onnx-mlir version 0.4.2, onnx version 1.21.0 (https://github.com/onnx/onnx-mlir.git 4a13c34aa695b228599d637cdb772c19b4b18dba)",onnx-mlir-llvm,true,,70,500,2172,0.0,0.0,196be7052de7661d273c81d3c297f148b38f0f2b2d43bda2b8483352816295e7,62f3fbef3de9d62997b89cf1728fd385624f061a9ca4d3b6bde059fab363a513,true,20270991
quant-qdq-tensor,2fa842e74a5cfcbf59217c4e1d85f7cf2fd11e09dc5ef429f8510965e0835d00,quantization,ONNX-MLIR LLVM,"onnx-mlir version 0.4.2, onnx version 1.21.0 (https://github.com/onnx/onnx-mlir.git 4a13c34aa695b228599d637cdb772c19b4b18dba)",onnx-mlir-llvm,true,,71,500,2230,0.0,0.0,196be7052de7661d273c81d3c297f148b38f0f2b2d43bda2b8483352816295e7,62f3fbef3de9d62997b89cf1728fd385624f061a9ca4d3b6bde059fab363a513,true,20270992
quant-qdq-tensor,2fa842e74a5cfcbf59217c4e1d85f7cf2fd11e09dc5ef429f8510965e0835d00,quantization,ONNX-MLIR LLVM,"onnx-mlir version 0.4.2, onnx version 1.21.0 (https://github.com/onnx/onnx-mlir.git 4a13c34aa695b228599d637cdb772c19b4b18dba)",onnx-mlir-llvm,true,,72,500,2228,0.0,0.0,196be7052de7661d273c81d3c297f148b38f0f2b2d43bda2b8483352816295e7,62f3fbef3de9d62997b89cf1728fd385624f061a9ca4d3b6bde059fab363a513,true,20270993
quant-qdq-tensor,2fa842e74a5cfcbf59217c4e1d85f7cf2fd11e09dc5ef429f8510965e0835d00,quantization,ONNX-MLIR LLVM,"onnx-mlir version 0.4.2, onnx version 1.21.0 (https://github.com/onnx/onnx-mlir.git 4a13c34aa695b228599d637cdb772c19b4b18dba)",onnx-mlir-llvm,true,,73,500,2194,0.0,0.0,196be7052de7661d273c81d3c297f148b38f0f2b2d43bda2b8483352816295e7,62f3fbef3de9d62997b89cf1728fd385624f061a9ca4d3b6bde059fab363a513,true,20270994
quant-qdq-tensor,2fa842e74a5cfcbf59217c4e1d85f7cf2fd11e09dc5ef429f8510965e0835d00,quantization,ONNX-MLIR LLVM,"onnx-mlir version 0.4.2, onnx version 1.21.0 (https://github.com/onnx/onnx-mlir.git 4a13c34aa695b228599d637cdb772c19b4b18dba)",onnx-mlir-llvm,true,,74,500,2207,0.0,0.0,196be7052de7661d273c81d3c297f148b38f0f2b2d43bda2b8483352816295e7,62f3fbef3de9d62997b89cf1728fd385624f061a9ca4d3b6bde059fab363a513,true,20270995
quant-qdq-tensor,2fa842e74a5cfcbf59217c4e1d85f7cf2fd11e09dc5ef429f8510965e0835d00,quantization,ONNX-MLIR LLVM,"onnx-mlir version 0.4.2, onnx version 1.21.0 (https://github.com/onnx/onnx-mlir.git 4a13c34aa695b228599d637cdb772c19b4b18dba)",onnx-mlir-llvm,true,,75,500,2211,0.0,0.0,196be7052de7661d273c81d3c297f148b38f0f2b2d43bda2b8483352816295e7,62f3fbef3de9d62997b89cf1728fd385624f061a9ca4d3b6bde059fab363a513,true,20270996
quant-qdq-tensor,2fa842e74a5cfcbf59217c4e1d85f7cf2fd11e09dc5ef429f8510965e0835d00,quantization,ONNX-MLIR LLVM,"onnx-mlir version 0.4.2, onnx version 1.21.0 (https://github.com/onnx/onnx-mlir.git 4a13c34aa695b228599d637cdb772c19b4b18dba)",onnx-mlir-llvm,true,,76,500,2206,0.0,0.0,196be7052de7661d273c81d3c297f148b38f0f2b2d43bda2b8483352816295e7,62f3fbef3de9d62997b89cf1728fd385624f061a9ca4d3b6bde059fab363a513,true,20270997
quant-qdq-tensor,2fa842e74a5cfcbf59217c4e1d85f7cf2fd11e09dc5ef429f8510965e0835d00,quantization,ONNX-MLIR LLVM,"onnx-mlir version 0.4.2, onnx version 1.21.0 (https://github.com/onnx/onnx-mlir.git 4a13c34aa695b228599d637cdb772c19b4b18dba)",onnx-mlir-llvm,true,,77,500,2165,0.0,0.0,196be7052de7661d273c81d3c297f148b38f0f2b2d43bda2b8483352816295e7,62f3fbef3de9d62997b89cf1728fd385624f061a9ca4d3b6bde059fab363a513,true,20270998
quant-qdq-tensor,2fa842e74a5cfcbf59217c4e1d85f7cf2fd11e09dc5ef429f8510965e0835d00,quantization,ONNX-MLIR LLVM,"onnx-mlir version 0.4.2, onnx version 1.21.0 (https://github.com/onnx/onnx-mlir.git 4a13c34aa695b228599d637cdb772c19b4b18dba)",onnx-mlir-llvm,true,,78,500,2128,0.0,0.0,196be7052de7661d273c81d3c297f148b38f0f2b2d43bda2b8483352816295e7,62f3fbef3de9d62997b89cf1728fd385624f061a9ca4d3b6bde059fab363a513,true,20270999
quant-qdq-tensor,2fa842e74a5cfcbf59217c4e1d85f7cf2fd11e09dc5ef429f8510965e0835d00,quantization,ONNX-MLIR LLVM,"onnx-mlir version 0.4.2, onnx version 1.21.0 (https://github.com/onnx/onnx-mlir.git 4a13c34aa695b228599d637cdb772c19b4b18dba)",onnx-mlir-llvm,true,,79,500,2095,0.0,0.0,196be7052de7661d273c81d3c297f148b38f0f2b2d43bda2b8483352816295e7,62f3fbef3de9d62997b89cf1728fd385624f061a9ca4d3b6bde059fab363a513,true,20271000
quant-qdq-tensor,2fa842e74a5cfcbf59217c4e1d85f7cf2fd11e09dc5ef429f8510965e0835d00,quantization,ONNX-MLIR LLVM,"onnx-mlir version 0.4.2, onnx version 1.21.0 (https://github.com/onnx/onnx-mlir.git 4a13c34aa695b228599d637cdb772c19b4b18dba)",onnx-mlir-llvm,true,,80,500,2096,0.0,0.0,196be7052de7661d273c81d3c297f148b38f0f2b2d43bda2b8483352816295e7,62f3fbef3de9d62997b89cf1728fd385624f061a9ca4d3b6bde059fab363a513,true,20271001
quant-qdq-tensor,2fa842e74a5cfcbf59217c4e1d85f7cf2fd11e09dc5ef429f8510965e0835d00,quantization,ONNX-MLIR LLVM,"onnx-mlir version 0.4.2, onnx version 1.21.0 (https://github.com/onnx/onnx-mlir.git 4a13c34aa695b228599d637cdb772c19b4b18dba)",onnx-mlir-llvm,true,,81,500,2119,0.0,0.0,196be7052de7661d273c81d3c297f148b38f0f2b2d43bda2b8483352816295e7,62f3fbef3de9d62997b89cf1728fd385624f061a9ca4d3b6bde059fab363a513,true,20271002
quant-qdq-tensor,2fa842e74a5cfcbf59217c4e1d85f7cf2fd11e09dc5ef429f8510965e0835d00,quantization,ONNX-MLIR LLVM,"onnx-mlir version 0.4.2, onnx version 1.21.0 (https://github.com/onnx/onnx-mlir.git 4a13c34aa695b228599d637cdb772c19b4b18dba)",onnx-mlir-llvm,true,,82,500,2096,0.0,0.0,196be7052de7661d273c81d3c297f148b38f0f2b2d43bda2b8483352816295e7,62f3fbef3de9d62997b89cf1728fd385624f061a9ca4d3b6bde059fab363a513,true,20271003
quant-qdq-tensor,2fa842e74a5cfcbf59217c4e1d85f7cf2fd11e09dc5ef429f8510965e0835d00,quantization,ONNX-MLIR LLVM,"onnx-mlir version 0.4.2, onnx version 1.21.0 (https://github.com/onnx/onnx-mlir.git 4a13c34aa695b228599d637cdb772c19b4b18dba)",onnx-mlir-llvm,true,,83,500,2096,0.0,0.0,196be7052de7661d273c81d3c297f148b38f0f2b2d43bda2b8483352816295e7,62f3fbef3de9d62997b89cf1728fd385624f061a9ca4d3b6bde059fab363a513,true,20271004
quant-qdq-tensor,2fa842e74a5cfcbf59217c4e1d85f7cf2fd11e09dc5ef429f8510965e0835d00,quantization,ONNX-MLIR LLVM,"onnx-mlir version 0.4.2, onnx version 1.21.0 (https://github.com/onnx/onnx-mlir.git 4a13c34aa695b228599d637cdb772c19b4b18dba)",onnx-mlir-llvm,true,,84,500,2103,0.0,0.0,196be7052de7661d273c81d3c297f148b38f0f2b2d43bda2b8483352816295e7,62f3fbef3de9d62997b89cf1728fd385624f061a9ca4d3b6bde059fab363a513,true,20271005
quant-qdq-tensor,2fa842e74a5cfcbf59217c4e1d85f7cf2fd11e09dc5ef429f8510965e0835d00,quantization,ONNX-MLIR LLVM,"onnx-mlir version 0.4.2, onnx version 1.21.0 (https://github.com/onnx/onnx-mlir.git 4a13c34aa695b228599d637cdb772c19b4b18dba)",onnx-mlir-llvm,true,,85,500,2159,0.0,0.0,196be7052de7661d273c81d3c297f148b38f0f2b2d43bda2b8483352816295e7,62f3fbef3de9d62997b89cf1728fd385624f061a9ca4d3b6bde059fab363a513,true,20271006
quant-qdq-tensor,2fa842e74a5cfcbf59217c4e1d85f7cf2fd11e09dc5ef429f8510965e0835d00,quantization,ONNX-MLIR LLVM,"onnx-mlir version 0.4.2, onnx version 1.21.0 (https://github.com/onnx/onnx-mlir.git 4a13c34aa695b228599d637cdb772c19b4b18dba)",onnx-mlir-llvm,true,,86,500,2264,0.0,0.0,196be7052de7661d273c81d3c297f148b38f0f2b2d43bda2b8483352816295e7,62f3fbef3de9d62997b89cf1728fd385624f061a9ca4d3b6bde059fab363a513,true,20271007
quant-qdq-tensor,2fa842e74a5cfcbf59217c4e1d85f7cf2fd11e09dc5ef429f8510965e0835d00,quantization,ONNX-MLIR LLVM,"onnx-mlir version 0.4.2, onnx version 1.21.0 (https://github.com/onnx/onnx-mlir.git 4a13c34aa695b228599d637cdb772c19b4b18dba)",onnx-mlir-llvm,true,,87,500,2207,0.0,0.0,196be7052de7661d273c81d3c297f148b38f0f2b2d43bda2b8483352816295e7,62f3fbef3de9d62997b89cf1728fd385624f061a9ca4d3b6bde059fab363a513,true,20271008
quant-qdq-tensor,2fa842e74a5cfcbf59217c4e1d85f7cf2fd11e09dc5ef429f8510965e0835d00,quantization,ONNX-MLIR LLVM,"onnx-mlir version 0.4.2, onnx version 1.21.0 (https://github.com/onnx/onnx-mlir.git 4a13c34aa695b228599d637cdb772c19b4b18dba)",onnx-mlir-llvm,true,,88,500,2196,0.0,0.0,196be7052de7661d273c81d3c297f148b38f0f2b2d43bda2b8483352816295e7,62f3fbef3de9d62997b89cf1728fd385624f061a9ca4d3b6bde059fab363a513,true,20271009
quant-qdq-tensor,2fa842e74a5cfcbf59217c4e1d85f7cf2fd11e09dc5ef429f8510965e0835d00,quantization,ONNX-MLIR LLVM,"onnx-mlir version 0.4.2, onnx version 1.21.0 (https://github.com/onnx/onnx-mlir.git 4a13c34aa695b228599d637cdb772c19b4b18dba)",onnx-mlir-llvm,true,,89,500,2234,0.0,0.0,196be7052de7661d273c81d3c297f148b38f0f2b2d43bda2b8483352816295e7,62f3fbef3de9d62997b89cf1728fd385624f061a9ca4d3b6bde059fab363a513,true,20271010
quant-qdq-tensor,2fa842e74a5cfcbf59217c4e1d85f7cf2fd11e09dc5ef429f8510965e0835d00,quantization,ONNX-MLIR LLVM,"onnx-mlir version 0.4.2, onnx version 1.21.0 (https://github.com/onnx/onnx-mlir.git 4a13c34aa695b228599d637cdb772c19b4b18dba)",onnx-mlir-llvm,true,,90,500,2133,0.0,0.0,196be7052de7661d273c81d3c297f148b38f0f2b2d43bda2b8483352816295e7,62f3fbef3de9d62997b89cf1728fd385624f061a9ca4d3b6bde059fab363a513,true,20271011
quant-qdq-tensor,2fa842e74a5cfcbf59217c4e1d85f7cf2fd11e09dc5ef429f8510965e0835d00,quantization,ONNX-MLIR LLVM,"onnx-mlir version 0.4.2, onnx version 1.21.0 (https://github.com/onnx/onnx-mlir.git 4a13c34aa695b228599d637cdb772c19b4b18dba)",onnx-mlir-llvm,true,,91,500,2137,0.0,0.0,196be7052de7661d273c81d3c297f148b38f0f2b2d43bda2b8483352816295e7,62f3fbef3de9d62997b89cf1728fd385624f061a9ca4d3b6bde059fab363a513,true,20271012
quant-qdq-tensor,2fa842e74a5cfcbf59217c4e1d85f7cf2fd11e09dc5ef429f8510965e0835d00,quantization,ONNX-MLIR LLVM,"onnx-mlir version 0.4.2, onnx version 1.21.0 (https://github.com/onnx/onnx-mlir.git 4a13c34aa695b228599d637cdb772c19b4b18dba)",onnx-mlir-llvm,true,,92,500,2151,0.0,0.0,196be7052de7661d273c81d3c297f148b38f0f2b2d43bda2b8483352816295e7,62f3fbef3de9d62997b89cf1728fd385624f061a9ca4d3b6bde059fab363a513,true,20271013
quant-qdq-tensor,2fa842e74a5cfcbf59217c4e1d85f7cf2fd11e09dc5ef429f8510965e0835d00,quantization,ONNX-MLIR LLVM,"onnx-mlir version 0.4.2, onnx version 1.21.0 (https://github.com/onnx/onnx-mlir.git 4a13c34aa695b228599d637cdb772c19b4b18dba)",onnx-mlir-llvm,true,,93,500,2139,0.0,0.0,196be7052de7661d273c81d3c297f148b38f0f2b2d43bda2b8483352816295e7,62f3fbef3de9d62997b89cf1728fd385624f061a9ca4d3b6bde059fab363a513,true,20271014
quant-qdq-tensor,2fa842e74a5cfcbf59217c4e1d85f7cf2fd11e09dc5ef429f8510965e0835d00,quantization,ONNX-MLIR LLVM,"onnx-mlir version 0.4.2, onnx version 1.21.0 (https://github.com/onnx/onnx-mlir.git 4a13c34aa695b228599d637cdb772c19b4b18dba)",onnx-mlir-llvm,true,,94,500,2138,0.0,0.0,196be7052de7661d273c81d3c297f148b38f0f2b2d43bda2b8483352816295e7,62f3fbef3de9d62997b89cf1728fd385624f061a9ca4d3b6bde059fab363a513,true,20271015
quant-qdq-tensor,2fa842e74a5cfcbf59217c4e1d85f7cf2fd11e09dc5ef429f8510965e0835d00,quantization,ONNX-MLIR LLVM,"onnx-mlir version 0.4.2, onnx version 1.21.0 (https://github.com/onnx/onnx-mlir.git 4a13c34aa695b228599d637cdb772c19b4b18dba)",onnx-mlir-llvm,true,,95,500,2134,0.0,0.0,196be7052de7661d273c81d3c297f148b38f0f2b2d43bda2b8483352816295e7,62f3fbef3de9d62997b89cf1728fd385624f061a9ca4d3b6bde059fab363a513,true,20271016
quant-qdq-tensor,2fa842e74a5cfcbf59217c4e1d85f7cf2fd11e09dc5ef429f8510965e0835d00,quantization,ONNX-MLIR LLVM,"onnx-mlir version 0.4.2, onnx version 1.21.0 (https://github.com/onnx/onnx-mlir.git 4a13c34aa695b228599d637cdb772c19b4b18dba)",onnx-mlir-llvm,true,,96,500,2131,0.0,0.0,196be7052de7661d273c81d3c297f148b38f0f2b2d43bda2b8483352816295e7,62f3fbef3de9d62997b89cf1728fd385624f061a9ca4d3b6bde059fab363a513,true,20271017
quant-qdq-tensor,2fa842e74a5cfcbf59217c4e1d85f7cf2fd11e09dc5ef429f8510965e0835d00,quantization,ONNX-MLIR LLVM,"onnx-mlir version 0.4.2, onnx version 1.21.0 (https://github.com/onnx/onnx-mlir.git 4a13c34aa695b228599d637cdb772c19b4b18dba)",onnx-mlir-llvm,true,,97,500,2141,0.0,0.0,196be7052de7661d273c81d3c297f148b38f0f2b2d43bda2b8483352816295e7,62f3fbef3de9d62997b89cf1728fd385624f061a9ca4d3b6bde059fab363a513,true,20271018
quant-qdq-tensor,2fa842e74a5cfcbf59217c4e1d85f7cf2fd11e09dc5ef429f8510965e0835d00,quantization,ONNX-MLIR LLVM,"onnx-mlir version 0.4.2, onnx version 1.21.0 (https://github.com/onnx/onnx-mlir.git 4a13c34aa695b228599d637cdb772c19b4b18dba)",onnx-mlir-llvm,true,,98,500,2130,0.0,0.0,196be7052de7661d273c81d3c297f148b38f0f2b2d43bda2b8483352816295e7,62f3fbef3de9d62997b89cf1728fd385624f061a9ca4d3b6bde059fab363a513,true,20271019
quant-qdq-tensor,2fa842e74a5cfcbf59217c4e1d85f7cf2fd11e09dc5ef429f8510965e0835d00,quantization,ONNX-MLIR LLVM,"onnx-mlir version 0.4.2, onnx version 1.21.0 (https://github.com/onnx/onnx-mlir.git 4a13c34aa695b228599d637cdb772c19b4b18dba)",onnx-mlir-llvm,true,,99,500,2130,0.0,0.0,196be7052de7661d273c81d3c297f148b38f0f2b2d43bda2b8483352816295e7,62f3fbef3de9d62997b89cf1728fd385624f061a9ca4d3b6bde059fab363a513,true,20271020
fuse-matmul-bias-relu,2fa842e74a5cfcbf59217c4e1d85f7cf2fd11e09dc5ef429f8510965e0835d00,fusion,ONNX-MLIR LLVM,"onnx-mlir version 0.4.2, onnx version 1.21.0 (https://github.com/onnx/onnx-mlir.git 4a13c34aa695b228599d637cdb772c19b4b18dba)",onnx-mlir-llvm,true,,0,10,269366,0.0,0.0,c57b430a353c1fa3d7a04ec9b304301bf5fd9b70ce8ddfd44132d40153c50b67,5a10282e87946eb2c0220fecebed4d91b1b6f4fffa70983820f25855a0a3b76e,true,20270921
fuse-matmul-bias-relu,2fa842e74a5cfcbf59217c4e1d85f7cf2fd11e09dc5ef429f8510965e0835d00,fusion,ONNX-MLIR LLVM,"onnx-mlir version 0.4.2, onnx version 1.21.0 (https://github.com/onnx/onnx-mlir.git 4a13c34aa695b228599d637cdb772c19b4b18dba)",onnx-mlir-llvm,true,,1,10,273691,0.0,0.0,c57b430a353c1fa3d7a04ec9b304301bf5fd9b70ce8ddfd44132d40153c50b67,5a10282e87946eb2c0220fecebed4d91b1b6f4fffa70983820f25855a0a3b76e,true,20270922
fuse-matmul-bias-relu,2fa842e74a5cfcbf59217c4e1d85f7cf2fd11e09dc5ef429f8510965e0835d00,fusion,ONNX-MLIR LLVM,"onnx-mlir version 0.4.2, onnx version 1.21.0 (https://github.com/onnx/onnx-mlir.git 4a13c34aa695b228599d637cdb772c19b4b18dba)",onnx-mlir-llvm,true,,2,10,314241,0.0,0.0,c57b430a353c1fa3d7a04ec9b304301bf5fd9b70ce8ddfd44132d40153c50b67,5a10282e87946eb2c0220fecebed4d91b1b6f4fffa70983820f25855a0a3b76e,true,20270923
fuse-matmul-bias-relu,2fa842e74a5cfcbf59217c4e1d85f7cf2fd11e09dc5ef429f8510965e0835d00,fusion,ONNX-MLIR LLVM,"onnx-mlir version 0.4.2, onnx version 1.21.0 (https://github.com/onnx/onnx-mlir.git 4a13c34aa695b228599d637cdb772c19b4b18dba)",onnx-mlir-llvm,true,,3,10,239450,0.0,0.0,c57b430a353c1fa3d7a04ec9b304301bf5fd9b70ce8ddfd44132d40153c50b67,5a10282e87946eb2c0220fecebed4d91b1b6f4fffa70983820f25855a0a3b76e,true,20270924
fuse-matmul-bias-relu,2fa842e74a5cfcbf59217c4e1d85f7cf2fd11e09dc5ef429f8510965e0835d00,fusion,ONNX-MLIR LLVM,"onnx-mlir version 0.4.2, onnx version 1.21.0 (https://github.com/onnx/onnx-mlir.git 4a13c34aa695b228599d637cdb772c19b4b18dba)",onnx-mlir-llvm,true,,4,10,280050,0.0,0.0,c57b430a353c1fa3d7a04ec9b304301bf5fd9b70ce8ddfd44132d40153c50b67,5a10282e87946eb2c0220fecebed4d91b1b6f4fffa70983820f25855a0a3b76e,true,20270925
fuse-matmul-bias-relu,2fa842e74a5cfcbf59217c4e1d85f7cf2fd11e09dc5ef429f8510965e0835d00,fusion,ONNX-MLIR LLVM,"onnx-mlir version 0.4.2, onnx version 1.21.0 (https://github.com/onnx/onnx-mlir.git 4a13c34aa695b228599d637cdb772c19b4b18dba)",onnx-mlir-llvm,true,,5,10,225437,0.0,0.0,c57b430a353c1fa3d7a04ec9b304301bf5fd9b70ce8ddfd44132d40153c50b67,5a10282e87946eb2c0220fecebed4d91b1b6f4fffa70983820f25855a0a3b76e,true,20270926
fuse-matmul-bias-relu,2fa842e74a5cfcbf59217c4e1d85f7cf2fd11e09dc5ef429f8510965e0835d00,fusion,ONNX-MLIR LLVM,"onnx-mlir version 0.4.2, onnx version 1.21.0 (https://github.com/onnx/onnx-mlir.git 4a13c34aa695b228599d637cdb772c19b4b18dba)",onnx-mlir-llvm,true,,6,10,196516,0.0,0.0,c57b430a353c1fa3d7a04ec9b304301bf5fd9b70ce8ddfd44132d40153c50b67,5a10282e87946eb2c0220fecebed4d91b1b6f4fffa70983820f25855a0a3b76e,true,20270927
fuse-matmul-bias-relu,2fa842e74a5cfcbf59217c4e1d85f7cf2fd11e09dc5ef429f8510965e0835d00,fusion,ONNX-MLIR LLVM,"onnx-mlir version 0.4.2, onnx version 1.21.0 (https://github.com/onnx/onnx-mlir.git 4a13c34aa695b228599d637cdb772c19b4b18dba)",onnx-mlir-llvm,true,,7,10,196279,0.0,0.0,c57b430a353c1fa3d7a04ec9b304301bf5fd9b70ce8ddfd44132d40153c50b67,5a10282e87946eb2c0220fecebed4d91b1b6f4fffa70983820f25855a0a3b76e,true,20270928
fuse-matmul-bias-relu,2fa842e74a5cfcbf59217c4e1d85f7cf2fd11e09dc5ef429f8510965e0835d00,fusion,ONNX-MLIR LLVM,"onnx-mlir version 0.4.2, onnx version 1.21.0 (https://github.com/onnx/onnx-mlir.git 4a13c34aa695b228599d637cdb772c19b4b18dba)",onnx-mlir-llvm,true,,8,10,188033,0.0,0.0,c57b430a353c1fa3d7a04ec9b304301bf5fd9b70ce8ddfd44132d40153c50b67,5a10282e87946eb2c0220fecebed4d91b1b6f4fffa70983820f25855a0a3b76e,true,20270929
fuse-matmul-bias-relu,2fa842e74a5cfcbf59217c4e1d85f7cf2fd11e09dc5ef429f8510965e0835d00,fusion,ONNX-MLIR LLVM,"onnx-mlir version 0.4.2, onnx version 1.21.0 (https://github.com/onnx/onnx-mlir.git 4a13c34aa695b228599d637cdb772c19b4b18dba)",onnx-mlir-llvm,true,,9,10,168004,0.0,0.0,c57b430a353c1fa3d7a04ec9b304301bf5fd9b70ce8ddfd44132d40153c50b67,5a10282e87946eb2c0220fecebed4d91b1b6f4fffa70983820f25855a0a3b76e,true,20270930
fuse-matmul-bias-relu,2fa842e74a5cfcbf59217c4e1d85f7cf2fd11e09dc5ef429f8510965e0835d00,fusion,ONNX-MLIR LLVM,"onnx-mlir version 0.4.2, onnx version 1.21.0 (https://github.com/onnx/onnx-mlir.git 4a13c34aa695b228599d637cdb772c19b4b18dba)",onnx-mlir-llvm,true,,10,10,166170,0.0,0.0,c57b430a353c1fa3d7a04ec9b304301bf5fd9b70ce8ddfd44132d40153c50b67,5a10282e87946eb2c0220fecebed4d91b1b6f4fffa70983820f25855a0a3b76e,true,20270931
fuse-matmul-bias-relu,2fa842e74a5cfcbf59217c4e1d85f7cf2fd11e09dc5ef429f8510965e0835d00,fusion,ONNX-MLIR LLVM,"onnx-mlir version 0.4.2, onnx version 1.21.0 (https://github.com/onnx/onnx-mlir.git 4a13c34aa695b228599d637cdb772c19b4b18dba)",onnx-mlir-llvm,true,,11,10,166845,0.0,0.0,c57b430a353c1fa3d7a04ec9b304301bf5fd9b70ce8ddfd44132d40153c50b67,5a10282e87946eb2c0220fecebed4d91b1b6f4fffa70983820f25855a0a3b76e,true,20270932
fuse-matmul-bias-relu,2fa842e74a5cfcbf59217c4e1d85f7cf2fd11e09dc5ef429f8510965e0835d00,fusion,ONNX-MLIR LLVM,"onnx-mlir version 0.4.2, onnx version 1.21.0 (https://github.com/onnx/onnx-mlir.git 4a13c34aa695b228599d637cdb772c19b4b18dba)",onnx-mlir-llvm,true,,12,10,152095,0.0,0.0,c57b430a353c1fa3d7a04ec9b304301bf5fd9b70ce8ddfd44132d40153c50b67,5a10282e87946eb2c0220fecebed4d91b1b6f4fffa70983820f25855a0a3b76e,true,20270933
fuse-matmul-bias-relu,2fa842e74a5cfcbf59217c4e1d85f7cf2fd11e09dc5ef429f8510965e0835d00,fusion,ONNX-MLIR LLVM,"onnx-mlir version 0.4.2, onnx version 1.21.0 (https://github.com/onnx/onnx-mlir.git 4a13c34aa695b228599d637cdb772c19b4b18dba)",onnx-mlir-llvm,true,,13,10,147829,0.0,0.0,c57b430a353c1fa3d7a04ec9b304301bf5fd9b70ce8ddfd44132d40153c50b67,5a10282e87946eb2c0220fecebed4d91b1b6f4fffa70983820f25855a0a3b76e,true,20270934
fuse-matmul-bias-relu,2fa842e74a5cfcbf59217c4e1d85f7cf2fd11e09dc5ef429f8510965e0835d00,fusion,ONNX-MLIR LLVM,"onnx-mlir version 0.4.2, onnx version 1.21.0 (https://github.com/onnx/onnx-mlir.git 4a13c34aa695b228599d637cdb772c19b4b18dba)",onnx-mlir-llvm,true,,14,10,169366,0.0,0.0,c57b430a353c1fa3d7a04ec9b304301bf5fd9b70ce8ddfd44132d40153c50b67,5a10282e87946eb2c0220fecebed4d91b1b6f4fffa70983820f25855a0a3b76e,true,20270935
fuse-matmul-bias-relu,2fa842e74a5cfcbf59217c4e1d85f7cf2fd11e09dc5ef429f8510965e0835d00,fusion,ONNX-MLIR LLVM,"onnx-mlir version 0.4.2, onnx version 1.21.0 (https://github.com/onnx/onnx-mlir.git 4a13c34aa695b228599d637cdb772c19b4b18dba)",onnx-mlir-llvm,true,,15,10,151004,0.0,0.0,c57b430a353c1fa3d7a04ec9b304301bf5fd9b70ce8ddfd44132d40153c50b67,5a10282e87946eb2c0220fecebed4d91b1b6f4fffa70983820f25855a0a3b76e,true,20270936
fuse-matmul-bias-relu,2fa842e74a5cfcbf59217c4e1d85f7cf2fd11e09dc5ef429f8510965e0835d00,fusion,ONNX-MLIR LLVM,"onnx-mlir version 0.4.2, onnx version 1.21.0 (https://github.com/onnx/onnx-mlir.git 4a13c34aa695b228599d637cdb772c19b4b18dba)",onnx-mlir-llvm,true,,16,10,135879,0.0,0.0,c57b430a353c1fa3d7a04ec9b304301bf5fd9b70ce8ddfd44132d40153c50b67,5a10282e87946eb2c0220fecebed4d91b1b6f4fffa70983820f25855a0a3b76e,true,20270937
fuse-matmul-bias-relu,2fa842e74a5cfcbf59217c4e1d85f7cf2fd11e09dc5ef429f8510965e0835d00,fusion,ONNX-MLIR LLVM,"onnx-mlir version 0.4.2, onnx version 1.21.0 (https://github.com/onnx/onnx-mlir.git 4a13c34aa695b228599d637cdb772c19b4b18dba)",onnx-mlir-llvm,true,,17,10,133741,0.0,0.0,c57b430a353c1fa3d7a04ec9b304301bf5fd9b70ce8ddfd44132d40153c50b67,5a10282e87946eb2c0220fecebed4d91b1b6f4fffa70983820f25855a0a3b76e,true,20270938
fuse-matmul-bias-relu,2fa842e74a5cfcbf59217c4e1d85f7cf2fd11e09dc5ef429f8510965e0835d00,fusion,ONNX-MLIR LLVM,"onnx-mlir version 0.4.2, onnx version 1.21.0 (https://github.com/onnx/onnx-mlir.git 4a13c34aa695b228599d637cdb772c19b4b18dba)",onnx-mlir-llvm,true,,18,10,154179,0.0,0.0,c57b430a353c1fa3d7a04ec9b304301bf5fd9b70ce8ddfd44132d40153c50b67,5a10282e87946eb2c0220fecebed4d91b1b6f4fffa70983820f25855a0a3b76e,true,20270939
fuse-matmul-bias-relu,2fa842e74a5cfcbf59217c4e1d85f7cf2fd11e09dc5ef429f8510965e0835d00,fusion,ONNX-MLIR LLVM,"onnx-mlir version 0.4.2, onnx version 1.21.0 (https://github.com/onnx/onnx-mlir.git 4a13c34aa695b228599d637cdb772c19b4b18dba)",onnx-mlir-llvm,true,,19,10,133979,0.0,0.0,c57b430a353c1fa3d7a04ec9b304301bf5fd9b70ce8ddfd44132d40153c50b67,5a10282e87946eb2c0220fecebed4d91b1b6f4fffa70983820f25855a0a3b76e,true,20270940
fuse-matmul-bias-relu,2fa842e74a5cfcbf59217c4e1d85f7cf2fd11e09dc5ef429f8510965e0835d00,fusion,ONNX-MLIR LLVM,"onnx-mlir version 0.4.2, onnx version 1.21.0 (https://github.com/onnx/onnx-mlir.git 4a13c34aa695b228599d637cdb772c19b4b18dba)",onnx-mlir-llvm,true,,20,10,167741,0.0,0.0,c57b430a353c1fa3d7a04ec9b304301bf5fd9b70ce8ddfd44132d40153c50b67,5a10282e87946eb2c0220fecebed4d91b1b6f4fffa70983820f25855a0a3b76e,true,20270941
fuse-matmul-bias-relu,2fa842e74a5cfcbf59217c4e1d85f7cf2fd11e09dc5ef429f8510965e0835d00,fusion,ONNX-MLIR LLVM,"onnx-mlir version 0.4.2, onnx version 1.21.0 (https://github.com/onnx/onnx-mlir.git 4a13c34aa695b228599d637cdb772c19b4b18dba)",onnx-mlir-llvm,true,,21,10,351283,0.0,0.0,c57b430a353c1fa3d7a04ec9b304301bf5fd9b70ce8ddfd44132d40153c50b67,5a10282e87946eb2c0220fecebed4d91b1b6f4fffa70983820f25855a0a3b76e,true,20270942
fuse-matmul-bias-relu,2fa842e74a5cfcbf59217c4e1d85f7cf2fd11e09dc5ef429f8510965e0835d00,fusion,ONNX-MLIR LLVM,"onnx-mlir version 0.4.2, onnx version 1.21.0 (https://github.com/onnx/onnx-mlir.git 4a13c34aa695b228599d637cdb772c19b4b18dba)",onnx-mlir-llvm,true,,22,10,232979,0.0,0.0,c57b430a353c1fa3d7a04ec9b304301bf5fd9b70ce8ddfd44132d40153c50b67,5a10282e87946eb2c0220fecebed4d91b1b6f4fffa70983820f25855a0a3b76e,true,20270943
fuse-matmul-bias-relu,2fa842e74a5cfcbf59217c4e1d85f7cf2fd11e09dc5ef429f8510965e0835d00,fusion,ONNX-MLIR LLVM,"onnx-mlir version 0.4.2, onnx version 1.21.0 (https://github.com/onnx/onnx-mlir.git 4a13c34aa695b228599d637cdb772c19b4b18dba)",onnx-mlir-llvm,true,,23,10,149708,0.0,0.0,c57b430a353c1fa3d7a04ec9b304301bf5fd9b70ce8ddfd44132d40153c50b67,5a10282e87946eb2c0220fecebed4d91b1b6f4fffa70983820f25855a0a3b76e,true,20270944
fuse-matmul-bias-relu,2fa842e74a5cfcbf59217c4e1d85f7cf2fd11e09dc5ef429f8510965e0835d00,fusion,ONNX-MLIR LLVM,"onnx-mlir version 0.4.2, onnx version 1.21.0 (https://github.com/onnx/onnx-mlir.git 4a13c34aa695b228599d637cdb772c19b4b18dba)",onnx-mlir-llvm,true,,24,10,113150,0.0,0.0,c57b430a353c1fa3d7a04ec9b304301bf5fd9b70ce8ddfd44132d40153c50b67,5a10282e87946eb2c0220fecebed4d91b1b6f4fffa70983820f25855a0a3b76e,true,20270945
fuse-matmul-bias-relu,2fa842e74a5cfcbf59217c4e1d85f7cf2fd11e09dc5ef429f8510965e0835d00,fusion,ONNX-MLIR LLVM,"onnx-mlir version 0.4.2, onnx version 1.21.0 (https://github.com/onnx/onnx-mlir.git 4a13c34aa695b228599d637cdb772c19b4b18dba)",onnx-mlir-llvm,true,,25,10,112962,0.0,0.0,c57b430a353c1fa3d7a04ec9b304301bf5fd9b70ce8ddfd44132d40153c50b67,5a10282e87946eb2c0220fecebed4d91b1b6f4fffa70983820f25855a0a3b76e,true,20270946
fuse-matmul-bias-relu,2fa842e74a5cfcbf59217c4e1d85f7cf2fd11e09dc5ef429f8510965e0835d00,fusion,ONNX-MLIR LLVM,"onnx-mlir version 0.4.2, onnx version 1.21.0 (https://github.com/onnx/onnx-mlir.git 4a13c34aa695b228599d637cdb772c19b4b18dba)",onnx-mlir-llvm,true,,26,10,171750,0.0,0.0,c57b430a353c1fa3d7a04ec9b304301bf5fd9b70ce8ddfd44132d40153c50b67,5a10282e87946eb2c0220fecebed4d91b1b6f4fffa70983820f25855a0a3b76e,true,20270947
fuse-matmul-bias-relu,2fa842e74a5cfcbf59217c4e1d85f7cf2fd11e09dc5ef429f8510965e0835d00,fusion,ONNX-MLIR LLVM,"onnx-mlir version 0.4.2, onnx version 1.21.0 (https://github.com/onnx/onnx-mlir.git 4a13c34aa695b228599d637cdb772c19b4b18dba)",onnx-mlir-llvm,true,,27,10,113850,0.0,0.0,c57b430a353c1fa3d7a04ec9b304301bf5fd9b70ce8ddfd44132d40153c50b67,5a10282e87946eb2c0220fecebed4d91b1b6f4fffa70983820f25855a0a3b76e,true,20270948
fuse-matmul-bias-relu,2fa842e74a5cfcbf59217c4e1d85f7cf2fd11e09dc5ef429f8510965e0835d00,fusion,ONNX-MLIR LLVM,"onnx-mlir version 0.4.2, onnx version 1.21.0 (https://github.com/onnx/onnx-mlir.git 4a13c34aa695b228599d637cdb772c19b4b18dba)",onnx-mlir-llvm,true,,28,10,110787,0.0,0.0,c57b430a353c1fa3d7a04ec9b304301bf5fd9b70ce8ddfd44132d40153c50b67,5a10282e87946eb2c0220fecebed4d91b1b6f4fffa70983820f25855a0a3b76e,true,20270949
fuse-matmul-bias-relu,2fa842e74a5cfcbf59217c4e1d85f7cf2fd11e09dc5ef429f8510965e0835d00,fusion,ONNX-MLIR LLVM,"onnx-mlir version 0.4.2, onnx version 1.21.0 (https://github.com/onnx/onnx-mlir.git 4a13c34aa695b228599d637cdb772c19b4b18dba)",onnx-mlir-llvm,true,,29,10,105641,0.0,0.0,c57b430a353c1fa3d7a04ec9b304301bf5fd9b70ce8ddfd44132d40153c50b67,5a10282e87946eb2c0220fecebed4d91b1b6f4fffa70983820f25855a0a3b76e,true,20270950
fuse-matmul-bias-relu,2fa842e74a5cfcbf59217c4e1d85f7cf2fd11e09dc5ef429f8510965e0835d00,fusion,ONNX-MLIR LLVM,"onnx-mlir version 0.4.2, onnx version 1.21.0 (https://github.com/onnx/onnx-mlir.git 4a13c34aa695b228599d637cdb772c19b4b18dba)",onnx-mlir-llvm,true,,30,10,537070,0.0,0.0,c57b430a353c1fa3d7a04ec9b304301bf5fd9b70ce8ddfd44132d40153c50b67,5a10282e87946eb2c0220fecebed4d91b1b6f4fffa70983820f25855a0a3b76e,true,20270951
fuse-matmul-bias-relu,2fa842e74a5cfcbf59217c4e1d85f7cf2fd11e09dc5ef429f8510965e0835d00,fusion,ONNX-MLIR LLVM,"onnx-mlir version 0.4.2, onnx version 1.21.0 (https://github.com/onnx/onnx-mlir.git 4a13c34aa695b228599d637cdb772c19b4b18dba)",onnx-mlir-llvm,true,,31,10,156900,0.0,0.0,c57b430a353c1fa3d7a04ec9b304301bf5fd9b70ce8ddfd44132d40153c50b67,5a10282e87946eb2c0220fecebed4d91b1b6f4fffa70983820f25855a0a3b76e,true,20270952
fuse-matmul-bias-relu,2fa842e74a5cfcbf59217c4e1d85f7cf2fd11e09dc5ef429f8510965e0835d00,fusion,ONNX-MLIR LLVM,"onnx-mlir version 0.4.2, onnx version 1.21.0 (https://github.com/onnx/onnx-mlir.git 4a13c34aa695b228599d637cdb772c19b4b18dba)",onnx-mlir-llvm,true,,32,10,101908,0.0,0.0,c57b430a353c1fa3d7a04ec9b304301bf5fd9b70ce8ddfd44132d40153c50b67,5a10282e87946eb2c0220fecebed4d91b1b6f4fffa70983820f25855a0a3b76e,true,20270953
fuse-matmul-bias-relu,2fa842e74a5cfcbf59217c4e1d85f7cf2fd11e09dc5ef429f8510965e0835d00,fusion,ONNX-MLIR LLVM,"onnx-mlir version 0.4.2, onnx version 1.21.0 (https://github.com/onnx/onnx-mlir.git 4a13c34aa695b228599d637cdb772c19b4b18dba)",onnx-mlir-llvm,true,,33,10,113775,0.0,0.0,c57b430a353c1fa3d7a04ec9b304301bf5fd9b70ce8ddfd44132d40153c50b67,5a10282e87946eb2c0220fecebed4d91b1b6f4fffa70983820f25855a0a3b76e,true,20270954
fuse-matmul-bias-relu,2fa842e74a5cfcbf59217c4e1d85f7cf2fd11e09dc5ef429f8510965e0835d00,fusion,ONNX-MLIR LLVM,"onnx-mlir version 0.4.2, onnx version 1.21.0 (https://github.com/onnx/onnx-mlir.git 4a13c34aa695b228599d637cdb772c19b4b18dba)",onnx-mlir-llvm,true,,34,10,96741,0.0,0.0,c57b430a353c1fa3d7a04ec9b304301bf5fd9b70ce8ddfd44132d40153c50b67,5a10282e87946eb2c0220fecebed4d91b1b6f4fffa70983820f25855a0a3b76e,true,20270955
fuse-matmul-bias-relu,2fa842e74a5cfcbf59217c4e1d85f7cf2fd11e09dc5ef429f8510965e0835d00,fusion,ONNX-MLIR LLVM,"onnx-mlir version 0.4.2, onnx version 1.21.0 (https://github.com/onnx/onnx-mlir.git 4a13c34aa695b228599d637cdb772c19b4b18dba)",onnx-mlir-llvm,true,,35,10,97691,0.0,0.0,c57b430a353c1fa3d7a04ec9b304301bf5fd9b70ce8ddfd44132d40153c50b67,5a10282e87946eb2c0220fecebed4d91b1b6f4fffa70983820f25855a0a3b76e,true,20270956
fuse-matmul-bias-relu,2fa842e74a5cfcbf59217c4e1d85f7cf2fd11e09dc5ef429f8510965e0835d00,fusion,ONNX-MLIR LLVM,"onnx-mlir version 0.4.2, onnx version 1.21.0 (https://github.com/onnx/onnx-mlir.git 4a13c34aa695b228599d637cdb772c19b4b18dba)",onnx-mlir-llvm,true,,36,10,96191,0.0,0.0,c57b430a353c1fa3d7a04ec9b304301bf5fd9b70ce8ddfd44132d40153c50b67,5a10282e87946eb2c0220fecebed4d91b1b6f4fffa70983820f25855a0a3b76e,true,20270957
fuse-matmul-bias-relu,2fa842e74a5cfcbf59217c4e1d85f7cf2fd11e09dc5ef429f8510965e0835d00,fusion,ONNX-MLIR LLVM,"onnx-mlir version 0.4.2, onnx version 1.21.0 (https://github.com/onnx/onnx-mlir.git 4a13c34aa695b228599d637cdb772c19b4b18dba)",onnx-mlir-llvm,true,,37,10,96325,0.0,0.0,c57b430a353c1fa3d7a04ec9b304301bf5fd9b70ce8ddfd44132d40153c50b67,5a10282e87946eb2c0220fecebed4d91b1b6f4fffa70983820f25855a0a3b76e,true,20270958
fuse-matmul-bias-relu,2fa842e74a5cfcbf59217c4e1d85f7cf2fd11e09dc5ef429f8510965e0835d00,fusion,ONNX-MLIR LLVM,"onnx-mlir version 0.4.2, onnx version 1.21.0 (https://github.com/onnx/onnx-mlir.git 4a13c34aa695b228599d637cdb772c19b4b18dba)",onnx-mlir-llvm,true,,38,10,95404,0.0,0.0,c57b430a353c1fa3d7a04ec9b304301bf5fd9b70ce8ddfd44132d40153c50b67,5a10282e87946eb2c0220fecebed4d91b1b6f4fffa70983820f25855a0a3b76e,true,20270959
fuse-matmul-bias-relu,2fa842e74a5cfcbf59217c4e1d85f7cf2fd11e09dc5ef429f8510965e0835d00,fusion,ONNX-MLIR LLVM,"onnx-mlir version 0.4.2, onnx version 1.21.0 (https://github.com/onnx/onnx-mlir.git 4a13c34aa695b228599d637cdb772c19b4b18dba)",onnx-mlir-llvm,true,,39,10,97212,0.0,0.0,c57b430a353c1fa3d7a04ec9b304301bf5fd9b70ce8ddfd44132d40153c50b67,5a10282e87946eb2c0220fecebed4d91b1b6f4fffa70983820f25855a0a3b76e,true,20270960
fuse-matmul-bias-relu,2fa842e74a5cfcbf59217c4e1d85f7cf2fd11e09dc5ef429f8510965e0835d00,fusion,ONNX-MLIR LLVM,"onnx-mlir version 0.4.2, onnx version 1.21.0 (https://github.com/onnx/onnx-mlir.git 4a13c34aa695b228599d637cdb772c19b4b18dba)",onnx-mlir-llvm,true,,40,10,93187,0.0,0.0,c57b430a353c1fa3d7a04ec9b304301bf5fd9b70ce8ddfd44132d40153c50b67,5a10282e87946eb2c0220fecebed4d91b1b6f4fffa70983820f25855a0a3b76e,true,20270961
fuse-matmul-bias-relu,2fa842e74a5cfcbf59217c4e1d85f7cf2fd11e09dc5ef429f8510965e0835d00,fusion,ONNX-MLIR LLVM,"onnx-mlir version 0.4.2, onnx version 1.21.0 (https://github.com/onnx/onnx-mlir.git 4a13c34aa695b228599d637cdb772c19b4b18dba)",onnx-mlir-llvm,true,,41,10,96258,0.0,0.0,c57b430a353c1fa3d7a04ec9b304301bf5fd9b70ce8ddfd44132d40153c50b67,5a10282e87946eb2c0220fecebed4d91b1b6f4fffa70983820f25855a0a3b76e,true,20270962
fuse-matmul-bias-relu,2fa842e74a5cfcbf59217c4e1d85f7cf2fd11e09dc5ef429f8510965e0835d00,fusion,ONNX-MLIR LLVM,"onnx-mlir version 0.4.2, onnx version 1.21.0 (https://github.com/onnx/onnx-mlir.git 4a13c34aa695b228599d637cdb772c19b4b18dba)",onnx-mlir-llvm,true,,42,10,93270,0.0,0.0,c57b430a353c1fa3d7a04ec9b304301bf5fd9b70ce8ddfd44132d40153c50b67,5a10282e87946eb2c0220fecebed4d91b1b6f4fffa70983820f25855a0a3b76e,true,20270963
fuse-matmul-bias-relu,2fa842e74a5cfcbf59217c4e1d85f7cf2fd11e09dc5ef429f8510965e0835d00,fusion,ONNX-MLIR LLVM,"onnx-mlir version 0.4.2, onnx version 1.21.0 (https://github.com/onnx/onnx-mlir.git 4a13c34aa695b228599d637cdb772c19b4b18dba)",onnx-mlir-llvm,true,,43,10,92533,0.0,0.0,c57b430a353c1fa3d7a04ec9b304301bf5fd9b70ce8ddfd44132d40153c50b67,5a10282e87946eb2c0220fecebed4d91b1b6f4fffa70983820f25855a0a3b76e,true,20270964
fuse-matmul-bias-relu,2fa842e74a5cfcbf59217c4e1d85f7cf2fd11e09dc5ef429f8510965e0835d00,fusion,ONNX-MLIR LLVM,"onnx-mlir version 0.4.2, onnx version 1.21.0 (https://github.com/onnx/onnx-mlir.git 4a13c34aa695b228599d637cdb772c19b4b18dba)",onnx-mlir-llvm,true,,44,10,93700,0.0,0.0,c57b430a353c1fa3d7a04ec9b304301bf5fd9b70ce8ddfd44132d40153c50b67,5a10282e87946eb2c0220fecebed4d91b1b6f4fffa70983820f25855a0a3b76e,true,20270965
fuse-matmul-bias-relu,2fa842e74a5cfcbf59217c4e1d85f7cf2fd11e09dc5ef429f8510965e0835d00,fusion,ONNX-MLIR LLVM,"onnx-mlir version 0.4.2, onnx version 1.21.0 (https://github.com/onnx/onnx-mlir.git 4a13c34aa695b228599d637cdb772c19b4b18dba)",onnx-mlir-llvm,true,,45,10,89804,0.0,0.0,c57b430a353c1fa3d7a04ec9b304301bf5fd9b70ce8ddfd44132d40153c50b67,5a10282e87946eb2c0220fecebed4d91b1b6f4fffa70983820f25855a0a3b76e,true,20270966
fuse-matmul-bias-relu,2fa842e74a5cfcbf59217c4e1d85f7cf2fd11e09dc5ef429f8510965e0835d00,fusion,ONNX-MLIR LLVM,"onnx-mlir version 0.4.2, onnx version 1.21.0 (https://github.com/onnx/onnx-mlir.git 4a13c34aa695b228599d637cdb772c19b4b18dba)",onnx-mlir-llvm,true,,46,10,89608,0.0,0.0,c57b430a353c1fa3d7a04ec9b304301bf5fd9b70ce8ddfd44132d40153c50b67,5a10282e87946eb2c0220fecebed4d91b1b6f4fffa70983820f25855a0a3b76e,true,20270967
fuse-matmul-bias-relu,2fa842e74a5cfcbf59217c4e1d85f7cf2fd11e09dc5ef429f8510965e0835d00,fusion,ONNX-MLIR LLVM,"onnx-mlir version 0.4.2, onnx version 1.21.0 (https://github.com/onnx/onnx-mlir.git 4a13c34aa695b228599d637cdb772c19b4b18dba)",onnx-mlir-llvm,true,,47,10,105366,0.0,0.0,c57b430a353c1fa3d7a04ec9b304301bf5fd9b70ce8ddfd44132d40153c50b67,5a10282e87946eb2c0220fecebed4d91b1b6f4fffa70983820f25855a0a3b76e,true,20270968
fuse-matmul-bias-relu,2fa842e74a5cfcbf59217c4e1d85f7cf2fd11e09dc5ef429f8510965e0835d00,fusion,ONNX-MLIR LLVM,"onnx-mlir version 0.4.2, onnx version 1.21.0 (https://github.com/onnx/onnx-mlir.git 4a13c34aa695b228599d637cdb772c19b4b18dba)",onnx-mlir-llvm,true,,48,10,143600,0.0,0.0,c57b430a353c1fa3d7a04ec9b304301bf5fd9b70ce8ddfd44132d40153c50b67,5a10282e87946eb2c0220fecebed4d91b1b6f4fffa70983820f25855a0a3b76e,true,20270969
fuse-matmul-bias-relu,2fa842e74a5cfcbf59217c4e1d85f7cf2fd11e09dc5ef429f8510965e0835d00,fusion,ONNX-MLIR LLVM,"onnx-mlir version 0.4.2, onnx version 1.21.0 (https://github.com/onnx/onnx-mlir.git 4a13c34aa695b228599d637cdb772c19b4b18dba)",onnx-mlir-llvm,true,,49,10,88858,0.0,0.0,c57b430a353c1fa3d7a04ec9b304301bf5fd9b70ce8ddfd44132d40153c50b67,5a10282e87946eb2c0220fecebed4d91b1b6f4fffa70983820f25855a0a3b76e,true,20270970
fuse-matmul-bias-relu,2fa842e74a5cfcbf59217c4e1d85f7cf2fd11e09dc5ef429f8510965e0835d00,fusion,ONNX-MLIR LLVM,"onnx-mlir version 0.4.2, onnx version 1.21.0 (https://github.com/onnx/onnx-mlir.git 4a13c34aa695b228599d637cdb772c19b4b18dba)",onnx-mlir-llvm,true,,50,10,93204,0.0,0.0,c57b430a353c1fa3d7a04ec9b304301bf5fd9b70ce8ddfd44132d40153c50b67,5a10282e87946eb2c0220fecebed4d91b1b6f4fffa70983820f25855a0a3b76e,true,20270971
fuse-matmul-bias-relu,2fa842e74a5cfcbf59217c4e1d85f7cf2fd11e09dc5ef429f8510965e0835d00,fusion,ONNX-MLIR LLVM,"onnx-mlir version 0.4.2, onnx version 1.21.0 (https://github.com/onnx/onnx-mlir.git 4a13c34aa695b228599d637cdb772c19b4b18dba)",onnx-mlir-llvm,true,,51,10,87404,0.0,0.0,c57b430a353c1fa3d7a04ec9b304301bf5fd9b70ce8ddfd44132d40153c50b67,5a10282e87946eb2c0220fecebed4d91b1b6f4fffa70983820f25855a0a3b76e,true,20270972
fuse-matmul-bias-relu,2fa842e74a5cfcbf59217c4e1d85f7cf2fd11e09dc5ef429f8510965e0835d00,fusion,ONNX-MLIR LLVM,"onnx-mlir version 0.4.2, onnx version 1.21.0 (https://github.com/onnx/onnx-mlir.git 4a13c34aa695b228599d637cdb772c19b4b18dba)",onnx-mlir-llvm,true,,52,10,87387,0.0,0.0,c57b430a353c1fa3d7a04ec9b304301bf5fd9b70ce8ddfd44132d40153c50b67,5a10282e87946eb2c0220fecebed4d91b1b6f4fffa70983820f25855a0a3b76e,true,20270973
fuse-matmul-bias-relu,2fa842e74a5cfcbf59217c4e1d85f7cf2fd11e09dc5ef429f8510965e0835d00,fusion,ONNX-MLIR LLVM,"onnx-mlir version 0.4.2, onnx version 1.21.0 (https://github.com/onnx/onnx-mlir.git 4a13c34aa695b228599d637cdb772c19b4b18dba)",onnx-mlir-llvm,true,,53,10,87383,0.0,0.0,c57b430a353c1fa3d7a04ec9b304301bf5fd9b70ce8ddfd44132d40153c50b67,5a10282e87946eb2c0220fecebed4d91b1b6f4fffa70983820f25855a0a3b76e,true,20270974
fuse-matmul-bias-relu,2fa842e74a5cfcbf59217c4e1d85f7cf2fd11e09dc5ef429f8510965e0835d00,fusion,ONNX-MLIR LLVM,"onnx-mlir version 0.4.2, onnx version 1.21.0 (https://github.com/onnx/onnx-mlir.git 4a13c34aa695b228599d637cdb772c19b4b18dba)",onnx-mlir-llvm,true,,54,10,87245,0.0,0.0,c57b430a353c1fa3d7a04ec9b304301bf5fd9b70ce8ddfd44132d40153c50b67,5a10282e87946eb2c0220fecebed4d91b1b6f4fffa70983820f25855a0a3b76e,true,20270975
fuse-matmul-bias-relu,2fa842e74a5cfcbf59217c4e1d85f7cf2fd11e09dc5ef429f8510965e0835d00,fusion,ONNX-MLIR LLVM,"onnx-mlir version 0.4.2, onnx version 1.21.0 (https://github.com/onnx/onnx-mlir.git 4a13c34aa695b228599d637cdb772c19b4b18dba)",onnx-mlir-llvm,true,,55,10,87266,0.0,0.0,c57b430a353c1fa3d7a04ec9b304301bf5fd9b70ce8ddfd44132d40153c50b67,5a10282e87946eb2c0220fecebed4d91b1b6f4fffa70983820f25855a0a3b76e,true,20270976
fuse-matmul-bias-relu,2fa842e74a5cfcbf59217c4e1d85f7cf2fd11e09dc5ef429f8510965e0835d00,fusion,ONNX-MLIR LLVM,"onnx-mlir version 0.4.2, onnx version 1.21.0 (https://github.com/onnx/onnx-mlir.git 4a13c34aa695b228599d637cdb772c19b4b18dba)",onnx-mlir-llvm,true,,56,10,87450,0.0,0.0,c57b430a353c1fa3d7a04ec9b304301bf5fd9b70ce8ddfd44132d40153c50b67,5a10282e87946eb2c0220fecebed4d91b1b6f4fffa70983820f25855a0a3b76e,true,20270977
fuse-matmul-bias-relu,2fa842e74a5cfcbf59217c4e1d85f7cf2fd11e09dc5ef429f8510965e0835d00,fusion,ONNX-MLIR LLVM,"onnx-mlir version 0.4.2, onnx version 1.21.0 (https://github.com/onnx/onnx-mlir.git 4a13c34aa695b228599d637cdb772c19b4b18dba)",onnx-mlir-llvm,true,,57,10,92512,0.0,0.0,c57b430a353c1fa3d7a04ec9b304301bf5fd9b70ce8ddfd44132d40153c50b67,5a10282e87946eb2c0220fecebed4d91b1b6f4fffa70983820f25855a0a3b76e,true,20270978
fuse-matmul-bias-relu,2fa842e74a5cfcbf59217c4e1d85f7cf2fd11e09dc5ef429f8510965e0835d00,fusion,ONNX-MLIR LLVM,"onnx-mlir version 0.4.2, onnx version 1.21.0 (https://github.com/onnx/onnx-mlir.git 4a13c34aa695b228599d637cdb772c19b4b18dba)",onnx-mlir-llvm,true,,58,10,88379,0.0,0.0,c57b430a353c1fa3d7a04ec9b304301bf5fd9b70ce8ddfd44132d40153c50b67,5a10282e87946eb2c0220fecebed4d91b1b6f4fffa70983820f25855a0a3b76e,true,20270979
fuse-matmul-bias-relu,2fa842e74a5cfcbf59217c4e1d85f7cf2fd11e09dc5ef429f8510965e0835d00,fusion,ONNX-MLIR LLVM,"onnx-mlir version 0.4.2, onnx version 1.21.0 (https://github.com/onnx/onnx-mlir.git 4a13c34aa695b228599d637cdb772c19b4b18dba)",onnx-mlir-llvm,true,,59,10,88533,0.0,0.0,c57b430a353c1fa3d7a04ec9b304301bf5fd9b70ce8ddfd44132d40153c50b67,5a10282e87946eb2c0220fecebed4d91b1b6f4fffa70983820f25855a0a3b76e,true,20270980
fuse-matmul-bias-relu,2fa842e74a5cfcbf59217c4e1d85f7cf2fd11e09dc5ef429f8510965e0835d00,fusion,ONNX-MLIR LLVM,"onnx-mlir version 0.4.2, onnx version 1.21.0 (https://github.com/onnx/onnx-mlir.git 4a13c34aa695b228599d637cdb772c19b4b18dba)",onnx-mlir-llvm,true,,60,10,92150,0.0,0.0,c57b430a353c1fa3d7a04ec9b304301bf5fd9b70ce8ddfd44132d40153c50b67,5a10282e87946eb2c0220fecebed4d91b1b6f4fffa70983820f25855a0a3b76e,true,20270981
fuse-matmul-bias-relu,2fa842e74a5cfcbf59217c4e1d85f7cf2fd11e09dc5ef429f8510965e0835d00,fusion,ONNX-MLIR LLVM,"onnx-mlir version 0.4.2, onnx version 1.21.0 (https://github.com/onnx/onnx-mlir.git 4a13c34aa695b228599d637cdb772c19b4b18dba)",onnx-mlir-llvm,true,,61,10,89137,0.0,0.0,c57b430a353c1fa3d7a04ec9b304301bf5fd9b70ce8ddfd44132d40153c50b67,5a10282e87946eb2c0220fecebed4d91b1b6f4fffa70983820f25855a0a3b76e,true,20270982
fuse-matmul-bias-relu,2fa842e74a5cfcbf59217c4e1d85f7cf2fd11e09dc5ef429f8510965e0835d00,fusion,ONNX-MLIR LLVM,"onnx-mlir version 0.4.2, onnx version 1.21.0 (https://github.com/onnx/onnx-mlir.git 4a13c34aa695b228599d637cdb772c19b4b18dba)",onnx-mlir-llvm,true,,62,10,90516,0.0,0.0,c57b430a353c1fa3d7a04ec9b304301bf5fd9b70ce8ddfd44132d40153c50b67,5a10282e87946eb2c0220fecebed4d91b1b6f4fffa70983820f25855a0a3b76e,true,20270983
fuse-matmul-bias-relu,2fa842e74a5cfcbf59217c4e1d85f7cf2fd11e09dc5ef429f8510965e0835d00,fusion,ONNX-MLIR LLVM,"onnx-mlir version 0.4.2, onnx version 1.21.0 (https://github.com/onnx/onnx-mlir.git 4a13c34aa695b228599d637cdb772c19b4b18dba)",onnx-mlir-llvm,true,,63,10,89137,0.0,0.0,c57b430a353c1fa3d7a04ec9b304301bf5fd9b70ce8ddfd44132d40153c50b67,5a10282e87946eb2c0220fecebed4d91b1b6f4fffa70983820f25855a0a3b76e,true,20270984
fuse-matmul-bias-relu,2fa842e74a5cfcbf59217c4e1d85f7cf2fd11e09dc5ef429f8510965e0835d00,fusion,ONNX-MLIR LLVM,"onnx-mlir version 0.4.2, onnx version 1.21.0 (https://github.com/onnx/onnx-mlir.git 4a13c34aa695b228599d637cdb772c19b4b18dba)",onnx-mlir-llvm,true,,64,10,87070,0.0,0.0,c57b430a353c1fa3d7a04ec9b304301bf5fd9b70ce8ddfd44132d40153c50b67,5a10282e87946eb2c0220fecebed4d91b1b6f4fffa70983820f25855a0a3b76e,true,20270985
fuse-matmul-bias-relu,2fa842e74a5cfcbf59217c4e1d85f7cf2fd11e09dc5ef429f8510965e0835d00,fusion,ONNX-MLIR LLVM,"onnx-mlir version 0.4.2, onnx version 1.21.0 (https://github.com/onnx/onnx-mlir.git 4a13c34aa695b228599d637cdb772c19b4b18dba)",onnx-mlir-llvm,true,,65,10,87179,0.0,0.0,c57b430a353c1fa3d7a04ec9b304301bf5fd9b70ce8ddfd44132d40153c50b67,5a10282e87946eb2c0220fecebed4d91b1b6f4fffa70983820f25855a0a3b76e,true,20270986
fuse-matmul-bias-relu,2fa842e74a5cfcbf59217c4e1d85f7cf2fd11e09dc5ef429f8510965e0835d00,fusion,ONNX-MLIR LLVM,"onnx-mlir version 0.4.2, onnx version 1.21.0 (https://github.com/onnx/onnx-mlir.git 4a13c34aa695b228599d637cdb772c19b4b18dba)",onnx-mlir-llvm,true,,66,10,86991,0.0,0.0,c57b430a353c1fa3d7a04ec9b304301bf5fd9b70ce8ddfd44132d40153c50b67,5a10282e87946eb2c0220fecebed4d91b1b6f4fffa70983820f25855a0a3b76e,true,20270987
fuse-matmul-bias-relu,2fa842e74a5cfcbf59217c4e1d85f7cf2fd11e09dc5ef429f8510965e0835d00,fusion,ONNX-MLIR LLVM,"onnx-mlir version 0.4.2, onnx version 1.21.0 (https://github.com/onnx/onnx-mlir.git 4a13c34aa695b228599d637cdb772c19b4b18dba)",onnx-mlir-llvm,true,,67,10,87975,0.0,0.0,c57b430a353c1fa3d7a04ec9b304301bf5fd9b70ce8ddfd44132d40153c50b67,5a10282e87946eb2c0220fecebed4d91b1b6f4fffa70983820f25855a0a3b76e,true,20270988
fuse-matmul-bias-relu,2fa842e74a5cfcbf59217c4e1d85f7cf2fd11e09dc5ef429f8510965e0835d00,fusion,ONNX-MLIR LLVM,"onnx-mlir version 0.4.2, onnx version 1.21.0 (https://github.com/onnx/onnx-mlir.git 4a13c34aa695b228599d637cdb772c19b4b18dba)",onnx-mlir-llvm,true,,68,10,86904,0.0,0.0,c57b430a353c1fa3d7a04ec9b304301bf5fd9b70ce8ddfd44132d40153c50b67,5a10282e87946eb2c0220fecebed4d91b1b6f4fffa70983820f25855a0a3b76e,true,20270989
fuse-matmul-bias-relu,2fa842e74a5cfcbf59217c4e1d85f7cf2fd11e09dc5ef429f8510965e0835d00,fusion,ONNX-MLIR LLVM,"onnx-mlir version 0.4.2, onnx version 1.21.0 (https://github.com/onnx/onnx-mlir.git 4a13c34aa695b228599d637cdb772c19b4b18dba)",onnx-mlir-llvm,true,,69,10,95245,0.0,0.0,c57b430a353c1fa3d7a04ec9b304301bf5fd9b70ce8ddfd44132d40153c50b67,5a10282e87946eb2c0220fecebed4d91b1b6f4fffa70983820f25855a0a3b76e,true,20270990
fuse-matmul-bias-relu,2fa842e74a5cfcbf59217c4e1d85f7cf2fd11e09dc5ef429f8510965e0835d00,fusion,ONNX-MLIR LLVM,"onnx-mlir version 0.4.2, onnx version 1.21.0 (https://github.com/onnx/onnx-mlir.git 4a13c34aa695b228599d637cdb772c19b4b18dba)",onnx-mlir-llvm,true,,70,10,87208,0.0,0.0,c57b430a353c1fa3d7a04ec9b304301bf5fd9b70ce8ddfd44132d40153c50b67,5a10282e87946eb2c0220fecebed4d91b1b6f4fffa70983820f25855a0a3b76e,true,20270991
fuse-matmul-bias-relu,2fa842e74a5cfcbf59217c4e1d85f7cf2fd11e09dc5ef429f8510965e0835d00,fusion,ONNX-MLIR LLVM,"onnx-mlir version 0.4.2, onnx version 1.21.0 (https://github.com/onnx/onnx-mlir.git 4a13c34aa695b228599d637cdb772c19b4b18dba)",onnx-mlir-llvm,true,,71,10,86950,0.0,0.0,c57b430a353c1fa3d7a04ec9b304301bf5fd9b70ce8ddfd44132d40153c50b67,5a10282e87946eb2c0220fecebed4d91b1b6f4fffa70983820f25855a0a3b76e,true,20270992
fuse-matmul-bias-relu,2fa842e74a5cfcbf59217c4e1d85f7cf2fd11e09dc5ef429f8510965e0835d00,fusion,ONNX-MLIR LLVM,"onnx-mlir version 0.4.2, onnx version 1.21.0 (https://github.com/onnx/onnx-mlir.git 4a13c34aa695b228599d637cdb772c19b4b18dba)",onnx-mlir-llvm,true,,72,10,87400,0.0,0.0,c57b430a353c1fa3d7a04ec9b304301bf5fd9b70ce8ddfd44132d40153c50b67,5a10282e87946eb2c0220fecebed4d91b1b6f4fffa70983820f25855a0a3b76e,true,20270993
fuse-matmul-bias-relu,2fa842e74a5cfcbf59217c4e1d85f7cf2fd11e09dc5ef429f8510965e0835d00,fusion,ONNX-MLIR LLVM,"onnx-mlir version 0.4.2, onnx version 1.21.0 (https://github.com/onnx/onnx-mlir.git 4a13c34aa695b228599d637cdb772c19b4b18dba)",onnx-mlir-llvm,true,,73,10,88066,0.0,0.0,c57b430a353c1fa3d7a04ec9b304301bf5fd9b70ce8ddfd44132d40153c50b67,5a10282e87946eb2c0220fecebed4d91b1b6f4fffa70983820f25855a0a3b76e,true,20270994
fuse-matmul-bias-relu,2fa842e74a5cfcbf59217c4e1d85f7cf2fd11e09dc5ef429f8510965e0835d00,fusion,ONNX-MLIR LLVM,"onnx-mlir version 0.4.2, onnx version 1.21.0 (https://github.com/onnx/onnx-mlir.git 4a13c34aa695b228599d637cdb772c19b4b18dba)",onnx-mlir-llvm,true,,74,10,87058,0.0,0.0,c57b430a353c1fa3d7a04ec9b304301bf5fd9b70ce8ddfd44132d40153c50b67,5a10282e87946eb2c0220fecebed4d91b1b6f4fffa70983820f25855a0a3b76e,true,20270995
fuse-matmul-bias-relu,2fa842e74a5cfcbf59217c4e1d85f7cf2fd11e09dc5ef429f8510965e0835d00,fusion,ONNX-MLIR LLVM,"onnx-mlir version 0.4.2, onnx version 1.21.0 (https://github.com/onnx/onnx-mlir.git 4a13c34aa695b228599d637cdb772c19b4b18dba)",onnx-mlir-llvm,true,,75,10,87308,0.0,0.0,c57b430a353c1fa3d7a04ec9b304301bf5fd9b70ce8ddfd44132d40153c50b67,5a10282e87946eb2c0220fecebed4d91b1b6f4fffa70983820f25855a0a3b76e,true,20270996
fuse-matmul-bias-relu,2fa842e74a5cfcbf59217c4e1d85f7cf2fd11e09dc5ef429f8510965e0835d00,fusion,ONNX-MLIR LLVM,"onnx-mlir version 0.4.2, onnx version 1.21.0 (https://github.com/onnx/onnx-mlir.git 4a13c34aa695b228599d637cdb772c19b4b18dba)",onnx-mlir-llvm,true,,76,10,96608,0.0,0.0,c57b430a353c1fa3d7a04ec9b304301bf5fd9b70ce8ddfd44132d40153c50b67,5a10282e87946eb2c0220fecebed4d91b1b6f4fffa70983820f25855a0a3b76e,true,20270997
fuse-matmul-bias-relu,2fa842e74a5cfcbf59217c4e1d85f7cf2fd11e09dc5ef429f8510965e0835d00,fusion,ONNX-MLIR LLVM,"onnx-mlir version 0.4.2, onnx version 1.21.0 (https://github.com/onnx/onnx-mlir.git 4a13c34aa695b228599d637cdb772c19b4b18dba)",onnx-mlir-llvm,true,,77,10,90920,0.0,0.0,c57b430a353c1fa3d7a04ec9b304301bf5fd9b70ce8ddfd44132d40153c50b67,5a10282e87946eb2c0220fecebed4d91b1b6f4fffa70983820f25855a0a3b76e,true,20270998
fuse-matmul-bias-relu,2fa842e74a5cfcbf59217c4e1d85f7cf2fd11e09dc5ef429f8510965e0835d00,fusion,ONNX-MLIR LLVM,"onnx-mlir version 0.4.2, onnx version 1.21.0 (https://github.com/onnx/onnx-mlir.git 4a13c34aa695b228599d637cdb772c19b4b18dba)",onnx-mlir-llvm,true,,78,10,87875,0.0,0.0,c57b430a353c1fa3d7a04ec9b304301bf5fd9b70ce8ddfd44132d40153c50b67,5a10282e87946eb2c0220fecebed4d91b1b6f4fffa70983820f25855a0a3b76e,true,20270999
fuse-matmul-bias-relu,2fa842e74a5cfcbf59217c4e1d85f7cf2fd11e09dc5ef429f8510965e0835d00,fusion,ONNX-MLIR LLVM,"onnx-mlir version 0.4.2, onnx version 1.21.0 (https://github.com/onnx/onnx-mlir.git 4a13c34aa695b228599d637cdb772c19b4b18dba)",onnx-mlir-llvm,true,,79,10,87304,0.0,0.0,c57b430a353c1fa3d7a04ec9b304301bf5fd9b70ce8ddfd44132d40153c50b67,5a10282e87946eb2c0220fecebed4d91b1b6f4fffa70983820f25855a0a3b76e,true,20271000
fuse-matmul-bias-relu,2fa842e74a5cfcbf59217c4e1d85f7cf2fd11e09dc5ef429f8510965e0835d00,fusion,ONNX-MLIR LLVM,"onnx-mlir version 0.4.2, onnx version 1.21.0 (https://github.com/onnx/onnx-mlir.git 4a13c34aa695b228599d637cdb772c19b4b18dba)",onnx-mlir-llvm,true,,80,10,87562,0.0,0.0,c57b430a353c1fa3d7a04ec9b304301bf5fd9b70ce8ddfd44132d40153c50b67,5a10282e87946eb2c0220fecebed4d91b1b6f4fffa70983820f25855a0a3b76e,true,20271001
fuse-matmul-bias-relu,2fa842e74a5cfcbf59217c4e1d85f7cf2fd11e09dc5ef429f8510965e0835d00,fusion,ONNX-MLIR LLVM,"onnx-mlir version 0.4.2, onnx version 1.21.0 (https://github.com/onnx/onnx-mlir.git 4a13c34aa695b228599d637cdb772c19b4b18dba)",onnx-mlir-llvm,true,,81,10,87275,0.0,0.0,c57b430a353c1fa3d7a04ec9b304301bf5fd9b70ce8ddfd44132d40153c50b67,5a10282e87946eb2c0220fecebed4d91b1b6f4fffa70983820f25855a0a3b76e,true,20271002
fuse-matmul-bias-relu,2fa842e74a5cfcbf59217c4e1d85f7cf2fd11e09dc5ef429f8510965e0835d00,fusion,ONNX-MLIR LLVM,"onnx-mlir version 0.4.2, onnx version 1.21.0 (https://github.com/onnx/onnx-mlir.git 4a13c34aa695b228599d637cdb772c19b4b18dba)",onnx-mlir-llvm,true,,82,10,87166,0.0,0.0,c57b430a353c1fa3d7a04ec9b304301bf5fd9b70ce8ddfd44132d40153c50b67,5a10282e87946eb2c0220fecebed4d91b1b6f4fffa70983820f25855a0a3b76e,true,20271003
fuse-matmul-bias-relu,2fa842e74a5cfcbf59217c4e1d85f7cf2fd11e09dc5ef429f8510965e0835d00,fusion,ONNX-MLIR LLVM,"onnx-mlir version 0.4.2, onnx version 1.21.0 (https://github.com/onnx/onnx-mlir.git 4a13c34aa695b228599d637cdb772c19b4b18dba)",onnx-mlir-llvm,true,,83,10,87166,0.0,0.0,c57b430a353c1fa3d7a04ec9b304301bf5fd9b70ce8ddfd44132d40153c50b67,5a10282e87946eb2c0220fecebed4d91b1b6f4fffa70983820f25855a0a3b76e,true,20271004
fuse-matmul-bias-relu,2fa842e74a5cfcbf59217c4e1d85f7cf2fd11e09dc5ef429f8510965e0835d00,fusion,ONNX-MLIR LLVM,"onnx-mlir version 0.4.2, onnx version 1.21.0 (https://github.com/onnx/onnx-mlir.git 4a13c34aa695b228599d637cdb772c19b4b18dba)",onnx-mlir-llvm,true,,84,10,87595,0.0,0.0,c57b430a353c1fa3d7a04ec9b304301bf5fd9b70ce8ddfd44132d40153c50b67,5a10282e87946eb2c0220fecebed4d91b1b6f4fffa70983820f25855a0a3b76e,true,20271005
fuse-matmul-bias-relu,2fa842e74a5cfcbf59217c4e1d85f7cf2fd11e09dc5ef429f8510965e0835d00,fusion,ONNX-MLIR LLVM,"onnx-mlir version 0.4.2, onnx version 1.21.0 (https://github.com/onnx/onnx-mlir.git 4a13c34aa695b228599d637cdb772c19b4b18dba)",onnx-mlir-llvm,true,,85,10,87266,0.0,0.0,c57b430a353c1fa3d7a04ec9b304301bf5fd9b70ce8ddfd44132d40153c50b67,5a10282e87946eb2c0220fecebed4d91b1b6f4fffa70983820f25855a0a3b76e,true,20271006
fuse-matmul-bias-relu,2fa842e74a5cfcbf59217c4e1d85f7cf2fd11e09dc5ef429f8510965e0835d00,fusion,ONNX-MLIR LLVM,"onnx-mlir version 0.4.2, onnx version 1.21.0 (https://github.com/onnx/onnx-mlir.git 4a13c34aa695b228599d637cdb772c19b4b18dba)",onnx-mlir-llvm,true,,86,10,87870,0.0,0.0,c57b430a353c1fa3d7a04ec9b304301bf5fd9b70ce8ddfd44132d40153c50b67,5a10282e87946eb2c0220fecebed4d91b1b6f4fffa70983820f25855a0a3b76e,true,20271007
fuse-matmul-bias-relu,2fa842e74a5cfcbf59217c4e1d85f7cf2fd11e09dc5ef429f8510965e0835d00,fusion,ONNX-MLIR LLVM,"onnx-mlir version 0.4.2, onnx version 1.21.0 (https://github.com/onnx/onnx-mlir.git 4a13c34aa695b228599d637cdb772c19b4b18dba)",onnx-mlir-llvm,true,,87,10,91645,0.0,0.0,c57b430a353c1fa3d7a04ec9b304301bf5fd9b70ce8ddfd44132d40153c50b67,5a10282e87946eb2c0220fecebed4d91b1b6f4fffa70983820f25855a0a3b76e,true,20271008
fuse-matmul-bias-relu,2fa842e74a5cfcbf59217c4e1d85f7cf2fd11e09dc5ef429f8510965e0835d00,fusion,ONNX-MLIR LLVM,"onnx-mlir version 0.4.2, onnx version 1.21.0 (https://github.com/onnx/onnx-mlir.git 4a13c34aa695b228599d637cdb772c19b4b18dba)",onnx-mlir-llvm,true,,88,10,95625,0.0,0.0,c57b430a353c1fa3d7a04ec9b304301bf5fd9b70ce8ddfd44132d40153c50b67,5a10282e87946eb2c0220fecebed4d91b1b6f4fffa70983820f25855a0a3b76e,true,20271009
fuse-matmul-bias-relu,2fa842e74a5cfcbf59217c4e1d85f7cf2fd11e09dc5ef429f8510965e0835d00,fusion,ONNX-MLIR LLVM,"onnx-mlir version 0.4.2, onnx version 1.21.0 (https://github.com/onnx/onnx-mlir.git 4a13c34aa695b228599d637cdb772c19b4b18dba)",onnx-mlir-llvm,true,,89,10,215870,0.0,0.0,c57b430a353c1fa3d7a04ec9b304301bf5fd9b70ce8ddfd44132d40153c50b67,5a10282e87946eb2c0220fecebed4d91b1b6f4fffa70983820f25855a0a3b76e,true,20271010
fuse-matmul-bias-relu,2fa842e74a5cfcbf59217c4e1d85f7cf2fd11e09dc5ef429f8510965e0835d00,fusion,ONNX-MLIR LLVM,"onnx-mlir version 0.4.2, onnx version 1.21.0 (https://github.com/onnx/onnx-mlir.git 4a13c34aa695b228599d637cdb772c19b4b18dba)",onnx-mlir-llvm,true,,90,10,194729,0.0,0.0,c57b430a353c1fa3d7a04ec9b304301bf5fd9b70ce8ddfd44132d40153c50b67,5a10282e87946eb2c0220fecebed4d91b1b6f4fffa70983820f25855a0a3b76e,true,20271011
fuse-matmul-bias-relu,2fa842e74a5cfcbf59217c4e1d85f7cf2fd11e09dc5ef429f8510965e0835d00,fusion,ONNX-MLIR LLVM,"onnx-mlir version 0.4.2, onnx version 1.21.0 (https://github.com/onnx/onnx-mlir.git 4a13c34aa695b228599d637cdb772c19b4b18dba)",onnx-mlir-llvm,true,,91,10,93254,0.0,0.0,c57b430a353c1fa3d7a04ec9b304301bf5fd9b70ce8ddfd44132d40153c50b67,5a10282e87946eb2c0220fecebed4d91b1b6f4fffa70983820f25855a0a3b76e,true,20271012
fuse-matmul-bias-relu,2fa842e74a5cfcbf59217c4e1d85f7cf2fd11e09dc5ef429f8510965e0835d00,fusion,ONNX-MLIR LLVM,"onnx-mlir version 0.4.2, onnx version 1.21.0 (https://github.com/onnx/onnx-mlir.git 4a13c34aa695b228599d637cdb772c19b4b18dba)",onnx-mlir-llvm,true,,92,10,88700,0.0,0.0,c57b430a353c1fa3d7a04ec9b304301bf5fd9b70ce8ddfd44132d40153c50b67,5a10282e87946eb2c0220fecebed4d91b1b6f4fffa70983820f25855a0a3b76e,true,20271013
fuse-matmul-bias-relu,2fa842e74a5cfcbf59217c4e1d85f7cf2fd11e09dc5ef429f8510965e0835d00,fusion,ONNX-MLIR LLVM,"onnx-mlir version 0.4.2, onnx version 1.21.0 (https://github.com/onnx/onnx-mlir.git 4a13c34aa695b228599d637cdb772c19b4b18dba)",onnx-mlir-llvm,true,,93,10,99587,0.0,0.0,c57b430a353c1fa3d7a04ec9b304301bf5fd9b70ce8ddfd44132d40153c50b67,5a10282e87946eb2c0220fecebed4d91b1b6f4fffa70983820f25855a0a3b76e,true,20271014
fuse-matmul-bias-relu,2fa842e74a5cfcbf59217c4e1d85f7cf2fd11e09dc5ef429f8510965e0835d00,fusion,ONNX-MLIR LLVM,"onnx-mlir version 0.4.2, onnx version 1.21.0 (https://github.com/onnx/onnx-mlir.git 4a13c34aa695b228599d637cdb772c19b4b18dba)",onnx-mlir-llvm,true,,94,10,88387,0.0,0.0,c57b430a353c1fa3d7a04ec9b304301bf5fd9b70ce8ddfd44132d40153c50b67,5a10282e87946eb2c0220fecebed4d91b1b6f4fffa70983820f25855a0a3b76e,true,20271015
fuse-matmul-bias-relu,2fa842e74a5cfcbf59217c4e1d85f7cf2fd11e09dc5ef429f8510965e0835d00,fusion,ONNX-MLIR LLVM,"onnx-mlir version 0.4.2, onnx version 1.21.0 (https://github.com/onnx/onnx-mlir.git 4a13c34aa695b228599d637cdb772c19b4b18dba)",onnx-mlir-llvm,true,,95,10,88629,0.0,0.0,c57b430a353c1fa3d7a04ec9b304301bf5fd9b70ce8ddfd44132d40153c50b67,5a10282e87946eb2c0220fecebed4d91b1b6f4fffa70983820f25855a0a3b76e,true,20271016
fuse-matmul-bias-relu,2fa842e74a5cfcbf59217c4e1d85f7cf2fd11e09dc5ef429f8510965e0835d00,fusion,ONNX-MLIR LLVM,"onnx-mlir version 0.4.2, onnx version 1.21.0 (https://github.com/onnx/onnx-mlir.git 4a13c34aa695b228599d637cdb772c19b4b18dba)",onnx-mlir-llvm,true,,96,10,88766,0.0,0.0,c57b430a353c1fa3d7a04ec9b304301bf5fd9b70ce8ddfd44132d40153c50b67,5a10282e87946eb2c0220fecebed4d91b1b6f4fffa70983820f25855a0a3b76e,true,20271017
fuse-matmul-bias-relu,2fa842e74a5cfcbf59217c4e1d85f7cf2fd11e09dc5ef429f8510965e0835d00,fusion,ONNX-MLIR LLVM,"onnx-mlir version 0.4.2, onnx version 1.21.0 (https://github.com/onnx/onnx-mlir.git 4a13c34aa695b228599d637cdb772c19b4b18dba)",onnx-mlir-llvm,true,,97,10,89770,0.0,0.0,c57b430a353c1fa3d7a04ec9b304301bf5fd9b70ce8ddfd44132d40153c50b67,5a10282e87946eb2c0220fecebed4d91b1b6f4fffa70983820f25855a0a3b76e,true,20271018
fuse-matmul-bias-relu,2fa842e74a5cfcbf59217c4e1d85f7cf2fd11e09dc5ef429f8510965e0835d00,fusion,ONNX-MLIR LLVM,"onnx-mlir version 0.4.2, onnx version 1.21.0 (https://github.com/onnx/onnx-mlir.git 4a13c34aa695b228599d637cdb772c19b4b18dba)",onnx-mlir-llvm,true,,98,10,88641,0.0,0.0,c57b430a353c1fa3d7a04ec9b304301bf5fd9b70ce8ddfd44132d40153c50b67,5a10282e87946eb2c0220fecebed4d91b1b6f4fffa70983820f25855a0a3b76e,true,20271019
fuse-matmul-bias-relu,2fa842e74a5cfcbf59217c4e1d85f7cf2fd11e09dc5ef429f8510965e0835d00,fusion,ONNX-MLIR LLVM,"onnx-mlir version 0.4.2, onnx version 1.21.0 (https://github.com/onnx/onnx-mlir.git 4a13c34aa695b228599d637cdb772c19b4b18dba)",onnx-mlir-llvm,true,,99,10,88616,0.0,0.0,c57b430a353c1fa3d7a04ec9b304301bf5fd9b70ce8ddfd44132d40153c50b67,5a10282e87946eb2c0220fecebed4d91b1b6f4fffa70983820f25855a0a3b76e,true,20271020
mm-batched,2fa842e74a5cfcbf59217c4e1d85f7cf2fd11e09dc5ef429f8510965e0835d00,matmul,ONNX-MLIR LLVM,"onnx-mlir version 0.4.2, onnx version 1.21.0 (https://github.com/onnx/onnx-mlir.git 4a13c34aa695b228599d637cdb772c19b4b18dba)",onnx-mlir-llvm,true,,0,10,112125,0.0,0.0,35d2c04fdeb8ce01d42aef5621e5ec37692893d9b6cb06ab3baf7f22ad7c3f63,f911e2d804c9c108183064cc4e0a7432927a9c27753c919623b8e34e5bb71b13,true,20270921
mm-batched,2fa842e74a5cfcbf59217c4e1d85f7cf2fd11e09dc5ef429f8510965e0835d00,matmul,ONNX-MLIR LLVM,"onnx-mlir version 0.4.2, onnx version 1.21.0 (https://github.com/onnx/onnx-mlir.git 4a13c34aa695b228599d637cdb772c19b4b18dba)",onnx-mlir-llvm,true,,1,10,76987,0.0,0.0,35d2c04fdeb8ce01d42aef5621e5ec37692893d9b6cb06ab3baf7f22ad7c3f63,f911e2d804c9c108183064cc4e0a7432927a9c27753c919623b8e34e5bb71b13,true,20270922
mm-batched,2fa842e74a5cfcbf59217c4e1d85f7cf2fd11e09dc5ef429f8510965e0835d00,matmul,ONNX-MLIR LLVM,"onnx-mlir version 0.4.2, onnx version 1.21.0 (https://github.com/onnx/onnx-mlir.git 4a13c34aa695b228599d637cdb772c19b4b18dba)",onnx-mlir-llvm,true,,2,10,70262,0.0,0.0,35d2c04fdeb8ce01d42aef5621e5ec37692893d9b6cb06ab3baf7f22ad7c3f63,f911e2d804c9c108183064cc4e0a7432927a9c27753c919623b8e34e5bb71b13,true,20270923
mm-batched,2fa842e74a5cfcbf59217c4e1d85f7cf2fd11e09dc5ef429f8510965e0835d00,matmul,ONNX-MLIR LLVM,"onnx-mlir version 0.4.2, onnx version 1.21.0 (https://github.com/onnx/onnx-mlir.git 4a13c34aa695b228599d637cdb772c19b4b18dba)",onnx-mlir-llvm,true,,3,10,66791,0.0,0.0,35d2c04fdeb8ce01d42aef5621e5ec37692893d9b6cb06ab3baf7f22ad7c3f63,f911e2d804c9c108183064cc4e0a7432927a9c27753c919623b8e34e5bb71b13,true,20270924
mm-batched,2fa842e74a5cfcbf59217c4e1d85f7cf2fd11e09dc5ef429f8510965e0835d00,matmul,ONNX-MLIR LLVM,"onnx-mlir version 0.4.2, onnx version 1.21.0 (https://github.com/onnx/onnx-mlir.git 4a13c34aa695b228599d637cdb772c19b4b18dba)",onnx-mlir-llvm,true,,4,10,65970,0.0,0.0,35d2c04fdeb8ce01d42aef5621e5ec37692893d9b6cb06ab3baf7f22ad7c3f63,f911e2d804c9c108183064cc4e0a7432927a9c27753c919623b8e34e5bb71b13,true,20270925
mm-batched,2fa842e74a5cfcbf59217c4e1d85f7cf2fd11e09dc5ef429f8510965e0835d00,matmul,ONNX-MLIR LLVM,"onnx-mlir version 0.4.2, onnx version 1.21.0 (https://github.com/onnx/onnx-mlir.git 4a13c34aa695b228599d637cdb772c19b4b18dba)",onnx-mlir-llvm,true,,5,10,65600,0.0,0.0,35d2c04fdeb8ce01d42aef5621e5ec37692893d9b6cb06ab3baf7f22ad7c3f63,f911e2d804c9c108183064cc4e0a7432927a9c27753c919623b8e34e5bb71b13,true,20270926
mm-batched,2fa842e74a5cfcbf59217c4e1d85f7cf2fd11e09dc5ef429f8510965e0835d00,matmul,ONNX-MLIR LLVM,"onnx-mlir version 0.4.2, onnx version 1.21.0 (https://github.com/onnx/onnx-mlir.git 4a13c34aa695b228599d637cdb772c19b4b18dba)",onnx-mlir-llvm,true,,6,10,67075,0.0,0.0,35d2c04fdeb8ce01d42aef5621e5ec37692893d9b6cb06ab3baf7f22ad7c3f63,f911e2d804c9c108183064cc4e0a7432927a9c27753c919623b8e34e5bb71b13,true,20270927
mm-batched,2fa842e74a5cfcbf59217c4e1d85f7cf2fd11e09dc5ef429f8510965e0835d00,matmul,ONNX-MLIR LLVM,"onnx-mlir version 0.4.2, onnx version 1.21.0 (https://github.com/onnx/onnx-mlir.git 4a13c34aa695b228599d637cdb772c19b4b18dba)",onnx-mlir-llvm,true,,7,10,80870,0.0,0.0,35d2c04fdeb8ce01d42aef5621e5ec37692893d9b6cb06ab3baf7f22ad7c3f63,f911e2d804c9c108183064cc4e0a7432927a9c27753c919623b8e34e5bb71b13,true,20270928
mm-batched,2fa842e74a5cfcbf59217c4e1d85f7cf2fd11e09dc5ef429f8510965e0835d00,matmul,ONNX-MLIR LLVM,"onnx-mlir version 0.4.2, onnx version 1.21.0 (https://github.com/onnx/onnx-mlir.git 4a13c34aa695b228599d637cdb772c19b4b18dba)",onnx-mlir-llvm,true,,8,10,133783,0.0,0.0,35d2c04fdeb8ce01d42aef5621e5ec37692893d9b6cb06ab3baf7f22ad7c3f63,f911e2d804c9c108183064cc4e0a7432927a9c27753c919623b8e34e5bb71b13,true,20270929
mm-batched,2fa842e74a5cfcbf59217c4e1d85f7cf2fd11e09dc5ef429f8510965e0835d00,matmul,ONNX-MLIR LLVM,"onnx-mlir version 0.4.2, onnx version 1.21.0 (https://github.com/onnx/onnx-mlir.git 4a13c34aa695b228599d637cdb772c19b4b18dba)",onnx-mlir-llvm,true,,9,10,123133,0.0,0.0,35d2c04fdeb8ce01d42aef5621e5ec37692893d9b6cb06ab3baf7f22ad7c3f63,f911e2d804c9c108183064cc4e0a7432927a9c27753c919623b8e34e5bb71b13,true,20270930
mm-batched,2fa842e74a5cfcbf59217c4e1d85f7cf2fd11e09dc5ef429f8510965e0835d00,matmul,ONNX-MLIR LLVM,"onnx-mlir version 0.4.2, onnx version 1.21.0 (https://github.com/onnx/onnx-mlir.git 4a13c34aa695b228599d637cdb772c19b4b18dba)",onnx-mlir-llvm,true,,10,10,104095,0.0,0.0,35d2c04fdeb8ce01d42aef5621e5ec37692893d9b6cb06ab3baf7f22ad7c3f63,f911e2d804c9c108183064cc4e0a7432927a9c27753c919623b8e34e5bb71b13,true,20270931
mm-batched,2fa842e74a5cfcbf59217c4e1d85f7cf2fd11e09dc5ef429f8510965e0835d00,matmul,ONNX-MLIR LLVM,"onnx-mlir version 0.4.2, onnx version 1.21.0 (https://github.com/onnx/onnx-mlir.git 4a13c34aa695b228599d637cdb772c19b4b18dba)",onnx-mlir-llvm,true,,11,10,65679,0.0,0.0,35d2c04fdeb8ce01d42aef5621e5ec37692893d9b6cb06ab3baf7f22ad7c3f63,f911e2d804c9c108183064cc4e0a7432927a9c27753c919623b8e34e5bb71b13,true,20270932
mm-batched,2fa842e74a5cfcbf59217c4e1d85f7cf2fd11e09dc5ef429f8510965e0835d00,matmul,ONNX-MLIR LLVM,"onnx-mlir version 0.4.2, onnx version 1.21.0 (https://github.com/onnx/onnx-mlir.git 4a13c34aa695b228599d637cdb772c19b4b18dba)",onnx-mlir-llvm,true,,12,10,120262,0.0,0.0,35d2c04fdeb8ce01d42aef5621e5ec37692893d9b6cb06ab3baf7f22ad7c3f63,f911e2d804c9c108183064cc4e0a7432927a9c27753c919623b8e34e5bb71b13,true,20270933
mm-batched,2fa842e74a5cfcbf59217c4e1d85f7cf2fd11e09dc5ef429f8510965e0835d00,matmul,ONNX-MLIR LLVM,"onnx-mlir version 0.4.2, onnx version 1.21.0 (https://github.com/onnx/onnx-mlir.git 4a13c34aa695b228599d637cdb772c19b4b18dba)",onnx-mlir-llvm,true,,13,10,64654,0.0,0.0,35d2c04fdeb8ce01d42aef5621e5ec37692893d9b6cb06ab3baf7f22ad7c3f63,f911e2d804c9c108183064cc4e0a7432927a9c27753c919623b8e34e5bb71b13,true,20270934
mm-batched,2fa842e74a5cfcbf59217c4e1d85f7cf2fd11e09dc5ef429f8510965e0835d00,matmul,ONNX-MLIR LLVM,"onnx-mlir version 0.4.2, onnx version 1.21.0 (https://github.com/onnx/onnx-mlir.git 4a13c34aa695b228599d637cdb772c19b4b18dba)",onnx-mlir-llvm,true,,14,10,107454,0.0,0.0,35d2c04fdeb8ce01d42aef5621e5ec37692893d9b6cb06ab3baf7f22ad7c3f63,f911e2d804c9c108183064cc4e0a7432927a9c27753c919623b8e34e5bb71b13,true,20270935
mm-batched,2fa842e74a5cfcbf59217c4e1d85f7cf2fd11e09dc5ef429f8510965e0835d00,matmul,ONNX-MLIR LLVM,"onnx-mlir version 0.4.2, onnx version 1.21.0 (https://github.com/onnx/onnx-mlir.git 4a13c34aa695b228599d637cdb772c19b4b18dba)",onnx-mlir-llvm,true,,15,10,73329,0.0,0.0,35d2c04fdeb8ce01d42aef5621e5ec37692893d9b6cb06ab3baf7f22ad7c3f63,f911e2d804c9c108183064cc4e0a7432927a9c27753c919623b8e34e5bb71b13,true,20270936
mm-batched,2fa842e74a5cfcbf59217c4e1d85f7cf2fd11e09dc5ef429f8510965e0835d00,matmul,ONNX-MLIR LLVM,"onnx-mlir version 0.4.2, onnx version 1.21.0 (https://github.com/onnx/onnx-mlir.git 4a13c34aa695b228599d637cdb772c19b4b18dba)",onnx-mlir-llvm,true,,16,10,63412,0.0,0.0,35d2c04fdeb8ce01d42aef5621e5ec37692893d9b6cb06ab3baf7f22ad7c3f63,f911e2d804c9c108183064cc4e0a7432927a9c27753c919623b8e34e5bb71b13,true,20270937
mm-batched,2fa842e74a5cfcbf59217c4e1d85f7cf2fd11e09dc5ef429f8510965e0835d00,matmul,ONNX-MLIR LLVM,"onnx-mlir version 0.4.2, onnx version 1.21.0 (https://github.com/onnx/onnx-mlir.git 4a13c34aa695b228599d637cdb772c19b4b18dba)",onnx-mlir-llvm,true,,17,10,103475,0.0,0.0,35d2c04fdeb8ce01d42aef5621e5ec37692893d9b6cb06ab3baf7f22ad7c3f63,f911e2d804c9c108183064cc4e0a7432927a9c27753c919623b8e34e5bb71b13,true,20270938
mm-batched,2fa842e74a5cfcbf59217c4e1d85f7cf2fd11e09dc5ef429f8510965e0835d00,matmul,ONNX-MLIR LLVM,"onnx-mlir version 0.4.2, onnx version 1.21.0 (https://github.com/onnx/onnx-mlir.git 4a13c34aa695b228599d637cdb772c19b4b18dba)",onnx-mlir-llvm,true,,18,10,109125,0.0,0.0,35d2c04fdeb8ce01d42aef5621e5ec37692893d9b6cb06ab3baf7f22ad7c3f63,f911e2d804c9c108183064cc4e0a7432927a9c27753c919623b8e34e5bb71b13,true,20270939
mm-batched,2fa842e74a5cfcbf59217c4e1d85f7cf2fd11e09dc5ef429f8510965e0835d00,matmul,ONNX-MLIR LLVM,"onnx-mlir version 0.4.2, onnx version 1.21.0 (https://github.com/onnx/onnx-mlir.git 4a13c34aa695b228599d637cdb772c19b4b18dba)",onnx-mlir-llvm,true,,19,10,80454,0.0,0.0,35d2c04fdeb8ce01d42aef5621e5ec37692893d9b6cb06ab3baf7f22ad7c3f63,f911e2d804c9c108183064cc4e0a7432927a9c27753c919623b8e34e5bb71b13,true,20270940
mm-batched,2fa842e74a5cfcbf59217c4e1d85f7cf2fd11e09dc5ef429f8510965e0835d00,matmul,ONNX-MLIR LLVM,"onnx-mlir version 0.4.2, onnx version 1.21.0 (https://github.com/onnx/onnx-mlir.git 4a13c34aa695b228599d637cdb772c19b4b18dba)",onnx-mlir-llvm,true,,20,10,88820,0.0,0.0,35d2c04fdeb8ce01d42aef5621e5ec37692893d9b6cb06ab3baf7f22ad7c3f63,f911e2d804c9c108183064cc4e0a7432927a9c27753c919623b8e34e5bb71b13,true,20270941
mm-batched,2fa842e74a5cfcbf59217c4e1d85f7cf2fd11e09dc5ef429f8510965e0835d00,matmul,ONNX-MLIR LLVM,"onnx-mlir version 0.4.2, onnx version 1.21.0 (https://github.com/onnx/onnx-mlir.git 4a13c34aa695b228599d637cdb772c19b4b18dba)",onnx-mlir-llvm,true,,21,10,65283,0.0,0.0,35d2c04fdeb8ce01d42aef5621e5ec37692893d9b6cb06ab3baf7f22ad7c3f63,f911e2d804c9c108183064cc4e0a7432927a9c27753c919623b8e34e5bb71b13,true,20270942
mm-batched,2fa842e74a5cfcbf59217c4e1d85f7cf2fd11e09dc5ef429f8510965e0835d00,matmul,ONNX-MLIR LLVM,"onnx-mlir version 0.4.2, onnx version 1.21.0 (https://github.com/onnx/onnx-mlir.git 4a13c34aa695b228599d637cdb772c19b4b18dba)",onnx-mlir-llvm,true,,22,10,67062,0.0,0.0,35d2c04fdeb8ce01d42aef5621e5ec37692893d9b6cb06ab3baf7f22ad7c3f63,f911e2d804c9c108183064cc4e0a7432927a9c27753c919623b8e34e5bb71b13,true,20270943
mm-batched,2fa842e74a5cfcbf59217c4e1d85f7cf2fd11e09dc5ef429f8510965e0835d00,matmul,ONNX-MLIR LLVM,"onnx-mlir version 0.4.2, onnx version 1.21.0 (https://github.com/onnx/onnx-mlir.git 4a13c34aa695b228599d637cdb772c19b4b18dba)",onnx-mlir-llvm,true,,23,10,66795,0.0,0.0,35d2c04fdeb8ce01d42aef5621e5ec37692893d9b6cb06ab3baf7f22ad7c3f63,f911e2d804c9c108183064cc4e0a7432927a9c27753c919623b8e34e5bb71b13,true,20270944
mm-batched,2fa842e74a5cfcbf59217c4e1d85f7cf2fd11e09dc5ef429f8510965e0835d00,matmul,ONNX-MLIR LLVM,"onnx-mlir version 0.4.2, onnx version 1.21.0 (https://github.com/onnx/onnx-mlir.git 4a13c34aa695b228599d637cdb772c19b4b18dba)",onnx-mlir-llvm,true,,24,10,66891,0.0,0.0,35d2c04fdeb8ce01d42aef5621e5ec37692893d9b6cb06ab3baf7f22ad7c3f63,f911e2d804c9c108183064cc4e0a7432927a9c27753c919623b8e34e5bb71b13,true,20270945
mm-batched,2fa842e74a5cfcbf59217c4e1d85f7cf2fd11e09dc5ef429f8510965e0835d00,matmul,ONNX-MLIR LLVM,"onnx-mlir version 0.4.2, onnx version 1.21.0 (https://github.com/onnx/onnx-mlir.git 4a13c34aa695b228599d637cdb772c19b4b18dba)",onnx-mlir-llvm,true,,25,10,78912,0.0,0.0,35d2c04fdeb8ce01d42aef5621e5ec37692893d9b6cb06ab3baf7f22ad7c3f63,f911e2d804c9c108183064cc4e0a7432927a9c27753c919623b8e34e5bb71b13,true,20270946
mm-batched,2fa842e74a5cfcbf59217c4e1d85f7cf2fd11e09dc5ef429f8510965e0835d00,matmul,ONNX-MLIR LLVM,"onnx-mlir version 0.4.2, onnx version 1.21.0 (https://github.com/onnx/onnx-mlir.git 4a13c34aa695b228599d637cdb772c19b4b18dba)",onnx-mlir-llvm,true,,26,10,99970,0.0,0.0,35d2c04fdeb8ce01d42aef5621e5ec37692893d9b6cb06ab3baf7f22ad7c3f63,f911e2d804c9c108183064cc4e0a7432927a9c27753c919623b8e34e5bb71b13,true,20270947
mm-batched,2fa842e74a5cfcbf59217c4e1d85f7cf2fd11e09dc5ef429f8510965e0835d00,matmul,ONNX-MLIR LLVM,"onnx-mlir version 0.4.2, onnx version 1.21.0 (https://github.com/onnx/onnx-mlir.git 4a13c34aa695b228599d637cdb772c19b4b18dba)",onnx-mlir-llvm,true,,27,10,98316,0.0,0.0,35d2c04fdeb8ce01d42aef5621e5ec37692893d9b6cb06ab3baf7f22ad7c3f63,f911e2d804c9c108183064cc4e0a7432927a9c27753c919623b8e34e5bb71b13,true,20270948
mm-batched,2fa842e74a5cfcbf59217c4e1d85f7cf2fd11e09dc5ef429f8510965e0835d00,matmul,ONNX-MLIR LLVM,"onnx-mlir version 0.4.2, onnx version 1.21.0 (https://github.com/onnx/onnx-mlir.git 4a13c34aa695b228599d637cdb772c19b4b18dba)",onnx-mlir-llvm,true,,28,10,89825,0.0,0.0,35d2c04fdeb8ce01d42aef5621e5ec37692893d9b6cb06ab3baf7f22ad7c3f63,f911e2d804c9c108183064cc4e0a7432927a9c27753c919623b8e34e5bb71b13,true,20270949
mm-batched,2fa842e74a5cfcbf59217c4e1d85f7cf2fd11e09dc5ef429f8510965e0835d00,matmul,ONNX-MLIR LLVM,"onnx-mlir version 0.4.2, onnx version 1.21.0 (https://github.com/onnx/onnx-mlir.git 4a13c34aa695b228599d637cdb772c19b4b18dba)",onnx-mlir-llvm,true,,29,10,68825,0.0,0.0,35d2c04fdeb8ce01d42aef5621e5ec37692893d9b6cb06ab3baf7f22ad7c3f63,f911e2d804c9c108183064cc4e0a7432927a9c27753c919623b8e34e5bb71b13,true,20270950
mm-batched,2fa842e74a5cfcbf59217c4e1d85f7cf2fd11e09dc5ef429f8510965e0835d00,matmul,ONNX-MLIR LLVM,"onnx-mlir version 0.4.2, onnx version 1.21.0 (https://github.com/onnx/onnx-mlir.git 4a13c34aa695b228599d637cdb772c19b4b18dba)",onnx-mlir-llvm,true,,30,10,91504,0.0,0.0,35d2c04fdeb8ce01d42aef5621e5ec37692893d9b6cb06ab3baf7f22ad7c3f63,f911e2d804c9c108183064cc4e0a7432927a9c27753c919623b8e34e5bb71b13,true,20270951
mm-batched,2fa842e74a5cfcbf59217c4e1d85f7cf2fd11e09dc5ef429f8510965e0835d00,matmul,ONNX-MLIR LLVM,"onnx-mlir version 0.4.2, onnx version 1.21.0 (https://github.com/onnx/onnx-mlir.git 4a13c34aa695b228599d637cdb772c19b4b18dba)",onnx-mlir-llvm,true,,31,10,67162,0.0,0.0,35d2c04fdeb8ce01d42aef5621e5ec37692893d9b6cb06ab3baf7f22ad7c3f63,f911e2d804c9c108183064cc4e0a7432927a9c27753c919623b8e34e5bb71b13,true,20270952
mm-batched,2fa842e74a5cfcbf59217c4e1d85f7cf2fd11e09dc5ef429f8510965e0835d00,matmul,ONNX-MLIR LLVM,"onnx-mlir version 0.4.2, onnx version 1.21.0 (https://github.com/onnx/onnx-mlir.git 4a13c34aa695b228599d637cdb772c19b4b18dba)",onnx-mlir-llvm,true,,32,10,88875,0.0,0.0,35d2c04fdeb8ce01d42aef5621e5ec37692893d9b6cb06ab3baf7f22ad7c3f63,f911e2d804c9c108183064cc4e0a7432927a9c27753c919623b8e34e5bb71b13,true,20270953
mm-batched,2fa842e74a5cfcbf59217c4e1d85f7cf2fd11e09dc5ef429f8510965e0835d00,matmul,ONNX-MLIR LLVM,"onnx-mlir version 0.4.2, onnx version 1.21.0 (https://github.com/onnx/onnx-mlir.git 4a13c34aa695b228599d637cdb772c19b4b18dba)",onnx-mlir-llvm,true,,33,10,69600,0.0,0.0,35d2c04fdeb8ce01d42aef5621e5ec37692893d9b6cb06ab3baf7f22ad7c3f63,f911e2d804c9c108183064cc4e0a7432927a9c27753c919623b8e34e5bb71b13,true,20270954
mm-batched,2fa842e74a5cfcbf59217c4e1d85f7cf2fd11e09dc5ef429f8510965e0835d00,matmul,ONNX-MLIR LLVM,"onnx-mlir version 0.4.2, onnx version 1.21.0 (https://github.com/onnx/onnx-mlir.git 4a13c34aa695b228599d637cdb772c19b4b18dba)",onnx-mlir-llvm,true,,34,10,78941,0.0,0.0,35d2c04fdeb8ce01d42aef5621e5ec37692893d9b6cb06ab3baf7f22ad7c3f63,f911e2d804c9c108183064cc4e0a7432927a9c27753c919623b8e34e5bb71b13,true,20270955
mm-batched,2fa842e74a5cfcbf59217c4e1d85f7cf2fd11e09dc5ef429f8510965e0835d00,matmul,ONNX-MLIR LLVM,"onnx-mlir version 0.4.2, onnx version 1.21.0 (https://github.com/onnx/onnx-mlir.git 4a13c34aa695b228599d637cdb772c19b4b18dba)",onnx-mlir-llvm,true,,35,10,74708,0.0,0.0,35d2c04fdeb8ce01d42aef5621e5ec37692893d9b6cb06ab3baf7f22ad7c3f63,f911e2d804c9c108183064cc4e0a7432927a9c27753c919623b8e34e5bb71b13,true,20270956
mm-batched,2fa842e74a5cfcbf59217c4e1d85f7cf2fd11e09dc5ef429f8510965e0835d00,matmul,ONNX-MLIR LLVM,"onnx-mlir version 0.4.2, onnx version 1.21.0 (https://github.com/onnx/onnx-mlir.git 4a13c34aa695b228599d637cdb772c19b4b18dba)",onnx-mlir-llvm,true,,36,10,84654,0.0,0.0,35d2c04fdeb8ce01d42aef5621e5ec37692893d9b6cb06ab3baf7f22ad7c3f63,f911e2d804c9c108183064cc4e0a7432927a9c27753c919623b8e34e5bb71b13,true,20270957
mm-batched,2fa842e74a5cfcbf59217c4e1d85f7cf2fd11e09dc5ef429f8510965e0835d00,matmul,ONNX-MLIR LLVM,"onnx-mlir version 0.4.2, onnx version 1.21.0 (https://github.com/onnx/onnx-mlir.git 4a13c34aa695b228599d637cdb772c19b4b18dba)",onnx-mlir-llvm,true,,37,10,90995,0.0,0.0,35d2c04fdeb8ce01d42aef5621e5ec37692893d9b6cb06ab3baf7f22ad7c3f63,f911e2d804c9c108183064cc4e0a7432927a9c27753c919623b8e34e5bb71b13,true,20270958
mm-batched,2fa842e74a5cfcbf59217c4e1d85f7cf2fd11e09dc5ef429f8510965e0835d00,matmul,ONNX-MLIR LLVM,"onnx-mlir version 0.4.2, onnx version 1.21.0 (https://github.com/onnx/onnx-mlir.git 4a13c34aa695b228599d637cdb772c19b4b18dba)",onnx-mlir-llvm,true,,38,10,85862,0.0,0.0,35d2c04fdeb8ce01d42aef5621e5ec37692893d9b6cb06ab3baf7f22ad7c3f63,f911e2d804c9c108183064cc4e0a7432927a9c27753c919623b8e34e5bb71b13,true,20270959
mm-batched,2fa842e74a5cfcbf59217c4e1d85f7cf2fd11e09dc5ef429f8510965e0835d00,matmul,ONNX-MLIR LLVM,"onnx-mlir version 0.4.2, onnx version 1.21.0 (https://github.com/onnx/onnx-mlir.git 4a13c34aa695b228599d637cdb772c19b4b18dba)",onnx-mlir-llvm,true,,39,10,68808,0.0,0.0,35d2c04fdeb8ce01d42aef5621e5ec37692893d9b6cb06ab3baf7f22ad7c3f63,f911e2d804c9c108183064cc4e0a7432927a9c27753c919623b8e34e5bb71b13,true,20270960
mm-batched,2fa842e74a5cfcbf59217c4e1d85f7cf2fd11e09dc5ef429f8510965e0835d00,matmul,ONNX-MLIR LLVM,"onnx-mlir version 0.4.2, onnx version 1.21.0 (https://github.com/onnx/onnx-mlir.git 4a13c34aa695b228599d637cdb772c19b4b18dba)",onnx-mlir-llvm,true,,40,10,66329,0.0,0.0,35d2c04fdeb8ce01d42aef5621e5ec37692893d9b6cb06ab3baf7f22ad7c3f63,f911e2d804c9c108183064cc4e0a7432927a9c27753c919623b8e34e5bb71b13,true,20270961
mm-batched,2fa842e74a5cfcbf59217c4e1d85f7cf2fd11e09dc5ef429f8510965e0835d00,matmul,ONNX-MLIR LLVM,"onnx-mlir version 0.4.2, onnx version 1.21.0 (https://github.com/onnx/onnx-mlir.git 4a13c34aa695b228599d637cdb772c19b4b18dba)",onnx-mlir-llvm,true,,41,10,65700,0.0,0.0,35d2c04fdeb8ce01d42aef5621e5ec37692893d9b6cb06ab3baf7f22ad7c3f63,f911e2d804c9c108183064cc4e0a7432927a9c27753c919623b8e34e5bb71b13,true,20270962
mm-batched,2fa842e74a5cfcbf59217c4e1d85f7cf2fd11e09dc5ef429f8510965e0835d00,matmul,ONNX-MLIR LLVM,"onnx-mlir version 0.4.2, onnx version 1.21.0 (https://github.com/onnx/onnx-mlir.git 4a13c34aa695b228599d637cdb772c19b4b18dba)",onnx-mlir-llvm,true,,42,10,65900,0.0,0.0,35d2c04fdeb8ce01d42aef5621e5ec37692893d9b6cb06ab3baf7f22ad7c3f63,f911e2d804c9c108183064cc4e0a7432927a9c27753c919623b8e34e5bb71b13,true,20270963
mm-batched,2fa842e74a5cfcbf59217c4e1d85f7cf2fd11e09dc5ef429f8510965e0835d00,matmul,ONNX-MLIR LLVM,"onnx-mlir version 0.4.2, onnx version 1.21.0 (https://github.com/onnx/onnx-mlir.git 4a13c34aa695b228599d637cdb772c19b4b18dba)",onnx-mlir-llvm,true,,43,10,66545,0.0,0.0,35d2c04fdeb8ce01d42aef5621e5ec37692893d9b6cb06ab3baf7f22ad7c3f63,f911e2d804c9c108183064cc4e0a7432927a9c27753c919623b8e34e5bb71b13,true,20270964
mm-batched,2fa842e74a5cfcbf59217c4e1d85f7cf2fd11e09dc5ef429f8510965e0835d00,matmul,ONNX-MLIR LLVM,"onnx-mlir version 0.4.2, onnx version 1.21.0 (https://github.com/onnx/onnx-mlir.git 4a13c34aa695b228599d637cdb772c19b4b18dba)",onnx-mlir-llvm,true,,44,10,67383,0.0,0.0,35d2c04fdeb8ce01d42aef5621e5ec37692893d9b6cb06ab3baf7f22ad7c3f63,f911e2d804c9c108183064cc4e0a7432927a9c27753c919623b8e34e5bb71b13,true,20270965
mm-batched,2fa842e74a5cfcbf59217c4e1d85f7cf2fd11e09dc5ef429f8510965e0835d00,matmul,ONNX-MLIR LLVM,"onnx-mlir version 0.4.2, onnx version 1.21.0 (https://github.com/onnx/onnx-mlir.git 4a13c34aa695b228599d637cdb772c19b4b18dba)",onnx-mlir-llvm,true,,45,10,66108,0.0,0.0,35d2c04fdeb8ce01d42aef5621e5ec37692893d9b6cb06ab3baf7f22ad7c3f63,f911e2d804c9c108183064cc4e0a7432927a9c27753c919623b8e34e5bb71b13,true,20270966
mm-batched,2fa842e74a5cfcbf59217c4e1d85f7cf2fd11e09dc5ef429f8510965e0835d00,matmul,ONNX-MLIR LLVM,"onnx-mlir version 0.4.2, onnx version 1.21.0 (https://github.com/onnx/onnx-mlir.git 4a13c34aa695b228599d637cdb772c19b4b18dba)",onnx-mlir-llvm,true,,46,10,65125,0.0,0.0,35d2c04fdeb8ce01d42aef5621e5ec37692893d9b6cb06ab3baf7f22ad7c3f63,f911e2d804c9c108183064cc4e0a7432927a9c27753c919623b8e34e5bb71b13,true,20270967
mm-batched,2fa842e74a5cfcbf59217c4e1d85f7cf2fd11e09dc5ef429f8510965e0835d00,matmul,ONNX-MLIR LLVM,"onnx-mlir version 0.4.2, onnx version 1.21.0 (https://github.com/onnx/onnx-mlir.git 4a13c34aa695b228599d637cdb772c19b4b18dba)",onnx-mlir-llvm,true,,47,10,75150,0.0,0.0,35d2c04fdeb8ce01d42aef5621e5ec37692893d9b6cb06ab3baf7f22ad7c3f63,f911e2d804c9c108183064cc4e0a7432927a9c27753c919623b8e34e5bb71b13,true,20270968
mm-batched,2fa842e74a5cfcbf59217c4e1d85f7cf2fd11e09dc5ef429f8510965e0835d00,matmul,ONNX-MLIR LLVM,"onnx-mlir version 0.4.2, onnx version 1.21.0 (https://github.com/onnx/onnx-mlir.git 4a13c34aa695b228599d637cdb772c19b4b18dba)",onnx-mlir-llvm,true,,48,10,77529,0.0,0.0,35d2c04fdeb8ce01d42aef5621e5ec37692893d9b6cb06ab3baf7f22ad7c3f63,f911e2d804c9c108183064cc4e0a7432927a9c27753c919623b8e34e5bb71b13,true,20270969
mm-batched,2fa842e74a5cfcbf59217c4e1d85f7cf2fd11e09dc5ef429f8510965e0835d00,matmul,ONNX-MLIR LLVM,"onnx-mlir version 0.4.2, onnx version 1.21.0 (https://github.com/onnx/onnx-mlir.git 4a13c34aa695b228599d637cdb772c19b4b18dba)",onnx-mlir-llvm,true,,49,10,77500,0.0,0.0,35d2c04fdeb8ce01d42aef5621e5ec37692893d9b6cb06ab3baf7f22ad7c3f63,f911e2d804c9c108183064cc4e0a7432927a9c27753c919623b8e34e5bb71b13,true,20270970
mm-batched,2fa842e74a5cfcbf59217c4e1d85f7cf2fd11e09dc5ef429f8510965e0835d00,matmul,ONNX-MLIR LLVM,"onnx-mlir version 0.4.2, onnx version 1.21.0 (https://github.com/onnx/onnx-mlir.git 4a13c34aa695b228599d637cdb772c19b4b18dba)",onnx-mlir-llvm,true,,50,10,77883,0.0,0.0,35d2c04fdeb8ce01d42aef5621e5ec37692893d9b6cb06ab3baf7f22ad7c3f63,f911e2d804c9c108183064cc4e0a7432927a9c27753c919623b8e34e5bb71b13,true,20270971
mm-batched,2fa842e74a5cfcbf59217c4e1d85f7cf2fd11e09dc5ef429f8510965e0835d00,matmul,ONNX-MLIR LLVM,"onnx-mlir version 0.4.2, onnx version 1.21.0 (https://github.com/onnx/onnx-mlir.git 4a13c34aa695b228599d637cdb772c19b4b18dba)",onnx-mlir-llvm,true,,51,10,70079,0.0,0.0,35d2c04fdeb8ce01d42aef5621e5ec37692893d9b6cb06ab3baf7f22ad7c3f63,f911e2d804c9c108183064cc4e0a7432927a9c27753c919623b8e34e5bb71b13,true,20270972
mm-batched,2fa842e74a5cfcbf59217c4e1d85f7cf2fd11e09dc5ef429f8510965e0835d00,matmul,ONNX-MLIR LLVM,"onnx-mlir version 0.4.2, onnx version 1.21.0 (https://github.com/onnx/onnx-mlir.git 4a13c34aa695b228599d637cdb772c19b4b18dba)",onnx-mlir-llvm,true,,52,10,71891,0.0,0.0,35d2c04fdeb8ce01d42aef5621e5ec37692893d9b6cb06ab3baf7f22ad7c3f63,f911e2d804c9c108183064cc4e0a7432927a9c27753c919623b8e34e5bb71b13,true,20270973
mm-batched,2fa842e74a5cfcbf59217c4e1d85f7cf2fd11e09dc5ef429f8510965e0835d00,matmul,ONNX-MLIR LLVM,"onnx-mlir version 0.4.2, onnx version 1.21.0 (https://github.com/onnx/onnx-mlir.git 4a13c34aa695b228599d637cdb772c19b4b18dba)",onnx-mlir-llvm,true,,53,10,73320,0.0,0.0,35d2c04fdeb8ce01d42aef5621e5ec37692893d9b6cb06ab3baf7f22ad7c3f63,f911e2d804c9c108183064cc4e0a7432927a9c27753c919623b8e34e5bb71b13,true,20270974
mm-batched,2fa842e74a5cfcbf59217c4e1d85f7cf2fd11e09dc5ef429f8510965e0835d00,matmul,ONNX-MLIR LLVM,"onnx-mlir version 0.4.2, onnx version 1.21.0 (https://github.com/onnx/onnx-mlir.git 4a13c34aa695b228599d637cdb772c19b4b18dba)",onnx-mlir-llvm,true,,54,10,65454,0.0,0.0,35d2c04fdeb8ce01d42aef5621e5ec37692893d9b6cb06ab3baf7f22ad7c3f63,f911e2d804c9c108183064cc4e0a7432927a9c27753c919623b8e34e5bb71b13,true,20270975
mm-batched,2fa842e74a5cfcbf59217c4e1d85f7cf2fd11e09dc5ef429f8510965e0835d00,matmul,ONNX-MLIR LLVM,"onnx-mlir version 0.4.2, onnx version 1.21.0 (https://github.com/onnx/onnx-mlir.git 4a13c34aa695b228599d637cdb772c19b4b18dba)",onnx-mlir-llvm,true,,55,10,75404,0.0,0.0,35d2c04fdeb8ce01d42aef5621e5ec37692893d9b6cb06ab3baf7f22ad7c3f63,f911e2d804c9c108183064cc4e0a7432927a9c27753c919623b8e34e5bb71b13,true,20270976
mm-batched,2fa842e74a5cfcbf59217c4e1d85f7cf2fd11e09dc5ef429f8510965e0835d00,matmul,ONNX-MLIR LLVM,"onnx-mlir version 0.4.2, onnx version 1.21.0 (https://github.com/onnx/onnx-mlir.git 4a13c34aa695b228599d637cdb772c19b4b18dba)",onnx-mlir-llvm,true,,56,10,64212,0.0,0.0,35d2c04fdeb8ce01d42aef5621e5ec37692893d9b6cb06ab3baf7f22ad7c3f63,f911e2d804c9c108183064cc4e0a7432927a9c27753c919623b8e34e5bb71b13,true,20270977
mm-batched,2fa842e74a5cfcbf59217c4e1d85f7cf2fd11e09dc5ef429f8510965e0835d00,matmul,ONNX-MLIR LLVM,"onnx-mlir version 0.4.2, onnx version 1.21.0 (https://github.com/onnx/onnx-mlir.git 4a13c34aa695b228599d637cdb772c19b4b18dba)",onnx-mlir-llvm,true,,57,10,63445,0.0,0.0,35d2c04fdeb8ce01d42aef5621e5ec37692893d9b6cb06ab3baf7f22ad7c3f63,f911e2d804c9c108183064cc4e0a7432927a9c27753c919623b8e34e5bb71b13,true,20270978
mm-batched,2fa842e74a5cfcbf59217c4e1d85f7cf2fd11e09dc5ef429f8510965e0835d00,matmul,ONNX-MLIR LLVM,"onnx-mlir version 0.4.2, onnx version 1.21.0 (https://github.com/onnx/onnx-mlir.git 4a13c34aa695b228599d637cdb772c19b4b18dba)",onnx-mlir-llvm,true,,58,10,68225,0.0,0.0,35d2c04fdeb8ce01d42aef5621e5ec37692893d9b6cb06ab3baf7f22ad7c3f63,f911e2d804c9c108183064cc4e0a7432927a9c27753c919623b8e34e5bb71b13,true,20270979
mm-batched,2fa842e74a5cfcbf59217c4e1d85f7cf2fd11e09dc5ef429f8510965e0835d00,matmul,ONNX-MLIR LLVM,"onnx-mlir version 0.4.2, onnx version 1.21.0 (https://github.com/onnx/onnx-mlir.git 4a13c34aa695b228599d637cdb772c19b4b18dba)",onnx-mlir-llvm,true,,59,10,68262,0.0,0.0,35d2c04fdeb8ce01d42aef5621e5ec37692893d9b6cb06ab3baf7f22ad7c3f63,f911e2d804c9c108183064cc4e0a7432927a9c27753c919623b8e34e5bb71b13,true,20270980
mm-batched,2fa842e74a5cfcbf59217c4e1d85f7cf2fd11e09dc5ef429f8510965e0835d00,matmul,ONNX-MLIR LLVM,"onnx-mlir version 0.4.2, onnx version 1.21.0 (https://github.com/onnx/onnx-mlir.git 4a13c34aa695b228599d637cdb772c19b4b18dba)",onnx-mlir-llvm,true,,60,10,74258,0.0,0.0,35d2c04fdeb8ce01d42aef5621e5ec37692893d9b6cb06ab3baf7f22ad7c3f63,f911e2d804c9c108183064cc4e0a7432927a9c27753c919623b8e34e5bb71b13,true,20270981
mm-batched,2fa842e74a5cfcbf59217c4e1d85f7cf2fd11e09dc5ef429f8510965e0835d00,matmul,ONNX-MLIR LLVM,"onnx-mlir version 0.4.2, onnx version 1.21.0 (https://github.com/onnx/onnx-mlir.git 4a13c34aa695b228599d637cdb772c19b4b18dba)",onnx-mlir-llvm,true,,61,10,73970,0.0,0.0,35d2c04fdeb8ce01d42aef5621e5ec37692893d9b6cb06ab3baf7f22ad7c3f63,f911e2d804c9c108183064cc4e0a7432927a9c27753c919623b8e34e5bb71b13,true,20270982
mm-batched,2fa842e74a5cfcbf59217c4e1d85f7cf2fd11e09dc5ef429f8510965e0835d00,matmul,ONNX-MLIR LLVM,"onnx-mlir version 0.4.2, onnx version 1.21.0 (https://github.com/onnx/onnx-mlir.git 4a13c34aa695b228599d637cdb772c19b4b18dba)",onnx-mlir-llvm,true,,62,10,74066,0.0,0.0,35d2c04fdeb8ce01d42aef5621e5ec37692893d9b6cb06ab3baf7f22ad7c3f63,f911e2d804c9c108183064cc4e0a7432927a9c27753c919623b8e34e5bb71b13,true,20270983
mm-batched,2fa842e74a5cfcbf59217c4e1d85f7cf2fd11e09dc5ef429f8510965e0835d00,matmul,ONNX-MLIR LLVM,"onnx-mlir version 0.4.2, onnx version 1.21.0 (https://github.com/onnx/onnx-mlir.git 4a13c34aa695b228599d637cdb772c19b4b18dba)",onnx-mlir-llvm,true,,63,10,68679,0.0,0.0,35d2c04fdeb8ce01d42aef5621e5ec37692893d9b6cb06ab3baf7f22ad7c3f63,f911e2d804c9c108183064cc4e0a7432927a9c27753c919623b8e34e5bb71b13,true,20270984
mm-batched,2fa842e74a5cfcbf59217c4e1d85f7cf2fd11e09dc5ef429f8510965e0835d00,matmul,ONNX-MLIR LLVM,"onnx-mlir version 0.4.2, onnx version 1.21.0 (https://github.com/onnx/onnx-mlir.git 4a13c34aa695b228599d637cdb772c19b4b18dba)",onnx-mlir-llvm,true,,64,10,71100,0.0,0.0,35d2c04fdeb8ce01d42aef5621e5ec37692893d9b6cb06ab3baf7f22ad7c3f63,f911e2d804c9c108183064cc4e0a7432927a9c27753c919623b8e34e5bb71b13,true,20270985
mm-batched,2fa842e74a5cfcbf59217c4e1d85f7cf2fd11e09dc5ef429f8510965e0835d00,matmul,ONNX-MLIR LLVM,"onnx-mlir version 0.4.2, onnx version 1.21.0 (https://github.com/onnx/onnx-mlir.git 4a13c34aa695b228599d637cdb772c19b4b18dba)",onnx-mlir-llvm,true,,65,10,69937,0.0,0.0,35d2c04fdeb8ce01d42aef5621e5ec37692893d9b6cb06ab3baf7f22ad7c3f63,f911e2d804c9c108183064cc4e0a7432927a9c27753c919623b8e34e5bb71b13,true,20270986
mm-batched,2fa842e74a5cfcbf59217c4e1d85f7cf2fd11e09dc5ef429f8510965e0835d00,matmul,ONNX-MLIR LLVM,"onnx-mlir version 0.4.2, onnx version 1.21.0 (https://github.com/onnx/onnx-mlir.git 4a13c34aa695b228599d637cdb772c19b4b18dba)",onnx-mlir-llvm,true,,66,10,64741,0.0,0.0,35d2c04fdeb8ce01d42aef5621e5ec37692893d9b6cb06ab3baf7f22ad7c3f63,f911e2d804c9c108183064cc4e0a7432927a9c27753c919623b8e34e5bb71b13,true,20270987
mm-batched,2fa842e74a5cfcbf59217c4e1d85f7cf2fd11e09dc5ef429f8510965e0835d00,matmul,ONNX-MLIR LLVM,"onnx-mlir version 0.4.2, onnx version 1.21.0 (https://github.com/onnx/onnx-mlir.git 4a13c34aa695b228599d637cdb772c19b4b18dba)",onnx-mlir-llvm,true,,67,10,65929,0.0,0.0,35d2c04fdeb8ce01d42aef5621e5ec37692893d9b6cb06ab3baf7f22ad7c3f63,f911e2d804c9c108183064cc4e0a7432927a9c27753c919623b8e34e5bb71b13,true,20270988
mm-batched,2fa842e74a5cfcbf59217c4e1d85f7cf2fd11e09dc5ef429f8510965e0835d00,matmul,ONNX-MLIR LLVM,"onnx-mlir version 0.4.2, onnx version 1.21.0 (https://github.com/onnx/onnx-mlir.git 4a13c34aa695b228599d637cdb772c19b4b18dba)",onnx-mlir-llvm,true,,68,10,67350,0.0,0.0,35d2c04fdeb8ce01d42aef5621e5ec37692893d9b6cb06ab3baf7f22ad7c3f63,f911e2d804c9c108183064cc4e0a7432927a9c27753c919623b8e34e5bb71b13,true,20270989
mm-batched,2fa842e74a5cfcbf59217c4e1d85f7cf2fd11e09dc5ef429f8510965e0835d00,matmul,ONNX-MLIR LLVM,"onnx-mlir version 0.4.2, onnx version 1.21.0 (https://github.com/onnx/onnx-mlir.git 4a13c34aa695b228599d637cdb772c19b4b18dba)",onnx-mlir-llvm,true,,69,10,66879,0.0,0.0,35d2c04fdeb8ce01d42aef5621e5ec37692893d9b6cb06ab3baf7f22ad7c3f63,f911e2d804c9c108183064cc4e0a7432927a9c27753c919623b8e34e5bb71b13,true,20270990
mm-batched,2fa842e74a5cfcbf59217c4e1d85f7cf2fd11e09dc5ef429f8510965e0835d00,matmul,ONNX-MLIR LLVM,"onnx-mlir version 0.4.2, onnx version 1.21.0 (https://github.com/onnx/onnx-mlir.git 4a13c34aa695b228599d637cdb772c19b4b18dba)",onnx-mlir-llvm,true,,70,10,64520,0.0,0.0,35d2c04fdeb8ce01d42aef5621e5ec37692893d9b6cb06ab3baf7f22ad7c3f63,f911e2d804c9c108183064cc4e0a7432927a9c27753c919623b8e34e5bb71b13,true,20270991
mm-batched,2fa842e74a5cfcbf59217c4e1d85f7cf2fd11e09dc5ef429f8510965e0835d00,matmul,ONNX-MLIR LLVM,"onnx-mlir version 0.4.2, onnx version 1.21.0 (https://github.com/onnx/onnx-mlir.git 4a13c34aa695b228599d637cdb772c19b4b18dba)",onnx-mlir-llvm,true,,71,10,71358,0.0,0.0,35d2c04fdeb8ce01d42aef5621e5ec37692893d9b6cb06ab3baf7f22ad7c3f63,f911e2d804c9c108183064cc4e0a7432927a9c27753c919623b8e34e5bb71b13,true,20270992
mm-batched,2fa842e74a5cfcbf59217c4e1d85f7cf2fd11e09dc5ef429f8510965e0835d00,matmul,ONNX-MLIR LLVM,"onnx-mlir version 0.4.2, onnx version 1.21.0 (https://github.com/onnx/onnx-mlir.git 4a13c34aa695b228599d637cdb772c19b4b18dba)",onnx-mlir-llvm,true,,72,10,69908,0.0,0.0,35d2c04fdeb8ce01d42aef5621e5ec37692893d9b6cb06ab3baf7f22ad7c3f63,f911e2d804c9c108183064cc4e0a7432927a9c27753c919623b8e34e5bb71b13,true,20270993
mm-batched,2fa842e74a5cfcbf59217c4e1d85f7cf2fd11e09dc5ef429f8510965e0835d00,matmul,ONNX-MLIR LLVM,"onnx-mlir version 0.4.2, onnx version 1.21.0 (https://github.com/onnx/onnx-mlir.git 4a13c34aa695b228599d637cdb772c19b4b18dba)",onnx-mlir-llvm,true,,73,10,68312,0.0,0.0,35d2c04fdeb8ce01d42aef5621e5ec37692893d9b6cb06ab3baf7f22ad7c3f63,f911e2d804c9c108183064cc4e0a7432927a9c27753c919623b8e34e5bb71b13,true,20270994
mm-batched,2fa842e74a5cfcbf59217c4e1d85f7cf2fd11e09dc5ef429f8510965e0835d00,matmul,ONNX-MLIR LLVM,"onnx-mlir version 0.4.2, onnx version 1.21.0 (https://github.com/onnx/onnx-mlir.git 4a13c34aa695b228599d637cdb772c19b4b18dba)",onnx-mlir-llvm,true,,74,10,68337,0.0,0.0,35d2c04fdeb8ce01d42aef5621e5ec37692893d9b6cb06ab3baf7f22ad7c3f63,f911e2d804c9c108183064cc4e0a7432927a9c27753c919623b8e34e5bb71b13,true,20270995
mm-batched,2fa842e74a5cfcbf59217c4e1d85f7cf2fd11e09dc5ef429f8510965e0835d00,matmul,ONNX-MLIR LLVM,"onnx-mlir version 0.4.2, onnx version 1.21.0 (https://github.com/onnx/onnx-mlir.git 4a13c34aa695b228599d637cdb772c19b4b18dba)",onnx-mlir-llvm,true,,75,10,67250,0.0,0.0,35d2c04fdeb8ce01d42aef5621e5ec37692893d9b6cb06ab3baf7f22ad7c3f63,f911e2d804c9c108183064cc4e0a7432927a9c27753c919623b8e34e5bb71b13,true,20270996
mm-batched,2fa842e74a5cfcbf59217c4e1d85f7cf2fd11e09dc5ef429f8510965e0835d00,matmul,ONNX-MLIR LLVM,"onnx-mlir version 0.4.2, onnx version 1.21.0 (https://github.com/onnx/onnx-mlir.git 4a13c34aa695b228599d637cdb772c19b4b18dba)",onnx-mlir-llvm,true,,76,10,65266,0.0,0.0,35d2c04fdeb8ce01d42aef5621e5ec37692893d9b6cb06ab3baf7f22ad7c3f63,f911e2d804c9c108183064cc4e0a7432927a9c27753c919623b8e34e5bb71b13,true,20270997
mm-batched,2fa842e74a5cfcbf59217c4e1d85f7cf2fd11e09dc5ef429f8510965e0835d00,matmul,ONNX-MLIR LLVM,"onnx-mlir version 0.4.2, onnx version 1.21.0 (https://github.com/onnx/onnx-mlir.git 4a13c34aa695b228599d637cdb772c19b4b18dba)",onnx-mlir-llvm,true,,77,10,72129,0.0,0.0,35d2c04fdeb8ce01d42aef5621e5ec37692893d9b6cb06ab3baf7f22ad7c3f63,f911e2d804c9c108183064cc4e0a7432927a9c27753c919623b8e34e5bb71b13,true,20270998
mm-batched,2fa842e74a5cfcbf59217c4e1d85f7cf2fd11e09dc5ef429f8510965e0835d00,matmul,ONNX-MLIR LLVM,"onnx-mlir version 0.4.2, onnx version 1.21.0 (https://github.com/onnx/onnx-mlir.git 4a13c34aa695b228599d637cdb772c19b4b18dba)",onnx-mlir-llvm,true,,78,10,64145,0.0,0.0,35d2c04fdeb8ce01d42aef5621e5ec37692893d9b6cb06ab3baf7f22ad7c3f63,f911e2d804c9c108183064cc4e0a7432927a9c27753c919623b8e34e5bb71b13,true,20270999
mm-batched,2fa842e74a5cfcbf59217c4e1d85f7cf2fd11e09dc5ef429f8510965e0835d00,matmul,ONNX-MLIR LLVM,"onnx-mlir version 0.4.2, onnx version 1.21.0 (https://github.com/onnx/onnx-mlir.git 4a13c34aa695b228599d637cdb772c19b4b18dba)",onnx-mlir-llvm,true,,79,10,68512,0.0,0.0,35d2c04fdeb8ce01d42aef5621e5ec37692893d9b6cb06ab3baf7f22ad7c3f63,f911e2d804c9c108183064cc4e0a7432927a9c27753c919623b8e34e5bb71b13,true,20271000
mm-batched,2fa842e74a5cfcbf59217c4e1d85f7cf2fd11e09dc5ef429f8510965e0835d00,matmul,ONNX-MLIR LLVM,"onnx-mlir version 0.4.2, onnx version 1.21.0 (https://github.com/onnx/onnx-mlir.git 4a13c34aa695b228599d637cdb772c19b4b18dba)",onnx-mlir-llvm,true,,80,10,68141,0.0,0.0,35d2c04fdeb8ce01d42aef5621e5ec37692893d9b6cb06ab3baf7f22ad7c3f63,f911e2d804c9c108183064cc4e0a7432927a9c27753c919623b8e34e5bb71b13,true,20271001
mm-batched,2fa842e74a5cfcbf59217c4e1d85f7cf2fd11e09dc5ef429f8510965e0835d00,matmul,ONNX-MLIR LLVM,"onnx-mlir version 0.4.2, onnx version 1.21.0 (https://github.com/onnx/onnx-mlir.git 4a13c34aa695b228599d637cdb772c19b4b18dba)",onnx-mlir-llvm,true,,81,10,64837,0.0,0.0,35d2c04fdeb8ce01d42aef5621e5ec37692893d9b6cb06ab3baf7f22ad7c3f63,f911e2d804c9c108183064cc4e0a7432927a9c27753c919623b8e34e5bb71b13,true,20271002
mm-batched,2fa842e74a5cfcbf59217c4e1d85f7cf2fd11e09dc5ef429f8510965e0835d00,matmul,ONNX-MLIR LLVM,"onnx-mlir version 0.4.2, onnx version 1.21.0 (https://github.com/onnx/onnx-mlir.git 4a13c34aa695b228599d637cdb772c19b4b18dba)",onnx-mlir-llvm,true,,82,10,65966,0.0,0.0,35d2c04fdeb8ce01d42aef5621e5ec37692893d9b6cb06ab3baf7f22ad7c3f63,f911e2d804c9c108183064cc4e0a7432927a9c27753c919623b8e34e5bb71b13,true,20271003
mm-batched,2fa842e74a5cfcbf59217c4e1d85f7cf2fd11e09dc5ef429f8510965e0835d00,matmul,ONNX-MLIR LLVM,"onnx-mlir version 0.4.2, onnx version 1.21.0 (https://github.com/onnx/onnx-mlir.git 4a13c34aa695b228599d637cdb772c19b4b18dba)",onnx-mlir-llvm,true,,83,10,64975,0.0,0.0,35d2c04fdeb8ce01d42aef5621e5ec37692893d9b6cb06ab3baf7f22ad7c3f63,f911e2d804c9c108183064cc4e0a7432927a9c27753c919623b8e34e5bb71b13,true,20271004
mm-batched,2fa842e74a5cfcbf59217c4e1d85f7cf2fd11e09dc5ef429f8510965e0835d00,matmul,ONNX-MLIR LLVM,"onnx-mlir version 0.4.2, onnx version 1.21.0 (https://github.com/onnx/onnx-mlir.git 4a13c34aa695b228599d637cdb772c19b4b18dba)",onnx-mlir-llvm,true,,84,10,65075,0.0,0.0,35d2c04fdeb8ce01d42aef5621e5ec37692893d9b6cb06ab3baf7f22ad7c3f63,f911e2d804c9c108183064cc4e0a7432927a9c27753c919623b8e34e5bb71b13,true,20271005
mm-batched,2fa842e74a5cfcbf59217c4e1d85f7cf2fd11e09dc5ef429f8510965e0835d00,matmul,ONNX-MLIR LLVM,"onnx-mlir version 0.4.2, onnx version 1.21.0 (https://github.com/onnx/onnx-mlir.git 4a13c34aa695b228599d637cdb772c19b4b18dba)",onnx-mlir-llvm,true,,85,10,67662,0.0,0.0,35d2c04fdeb8ce01d42aef5621e5ec37692893d9b6cb06ab3baf7f22ad7c3f63,f911e2d804c9c108183064cc4e0a7432927a9c27753c919623b8e34e5bb71b13,true,20271006
mm-batched,2fa842e74a5cfcbf59217c4e1d85f7cf2fd11e09dc5ef429f8510965e0835d00,matmul,ONNX-MLIR LLVM,"onnx-mlir version 0.4.2, onnx version 1.21.0 (https://github.com/onnx/onnx-mlir.git 4a13c34aa695b228599d637cdb772c19b4b18dba)",onnx-mlir-llvm,true,,86,10,65279,0.0,0.0,35d2c04fdeb8ce01d42aef5621e5ec37692893d9b6cb06ab3baf7f22ad7c3f63,f911e2d804c9c108183064cc4e0a7432927a9c27753c919623b8e34e5bb71b13,true,20271007
mm-batched,2fa842e74a5cfcbf59217c4e1d85f7cf2fd11e09dc5ef429f8510965e0835d00,matmul,ONNX-MLIR LLVM,"onnx-mlir version 0.4.2, onnx version 1.21.0 (https://github.com/onnx/onnx-mlir.git 4a13c34aa695b228599d637cdb772c19b4b18dba)",onnx-mlir-llvm,true,,87,10,65579,0.0,0.0,35d2c04fdeb8ce01d42aef5621e5ec37692893d9b6cb06ab3baf7f22ad7c3f63,f911e2d804c9c108183064cc4e0a7432927a9c27753c919623b8e34e5bb71b13,true,20271008
mm-batched,2fa842e74a5cfcbf59217c4e1d85f7cf2fd11e09dc5ef429f8510965e0835d00,matmul,ONNX-MLIR LLVM,"onnx-mlir version 0.4.2, onnx version 1.21.0 (https://github.com/onnx/onnx-mlir.git 4a13c34aa695b228599d637cdb772c19b4b18dba)",onnx-mlir-llvm,true,,88,10,64075,0.0,0.0,35d2c04fdeb8ce01d42aef5621e5ec37692893d9b6cb06ab3baf7f22ad7c3f63,f911e2d804c9c108183064cc4e0a7432927a9c27753c919623b8e34e5bb71b13,true,20271009
mm-batched,2fa842e74a5cfcbf59217c4e1d85f7cf2fd11e09dc5ef429f8510965e0835d00,matmul,ONNX-MLIR LLVM,"onnx-mlir version 0.4.2, onnx version 1.21.0 (https://github.com/onnx/onnx-mlir.git 4a13c34aa695b228599d637cdb772c19b4b18dba)",onnx-mlir-llvm,true,,89,10,65341,0.0,0.0,35d2c04fdeb8ce01d42aef5621e5ec37692893d9b6cb06ab3baf7f22ad7c3f63,f911e2d804c9c108183064cc4e0a7432927a9c27753c919623b8e34e5bb71b13,true,20271010
mm-batched,2fa842e74a5cfcbf59217c4e1d85f7cf2fd11e09dc5ef429f8510965e0835d00,matmul,ONNX-MLIR LLVM,"onnx-mlir version 0.4.2, onnx version 1.21.0 (https://github.com/onnx/onnx-mlir.git 4a13c34aa695b228599d637cdb772c19b4b18dba)",onnx-mlir-llvm,true,,90,10,65550,0.0,0.0,35d2c04fdeb8ce01d42aef5621e5ec37692893d9b6cb06ab3baf7f22ad7c3f63,f911e2d804c9c108183064cc4e0a7432927a9c27753c919623b8e34e5bb71b13,true,20271011
mm-batched,2fa842e74a5cfcbf59217c4e1d85f7cf2fd11e09dc5ef429f8510965e0835d00,matmul,ONNX-MLIR LLVM,"onnx-mlir version 0.4.2, onnx version 1.21.0 (https://github.com/onnx/onnx-mlir.git 4a13c34aa695b228599d637cdb772c19b4b18dba)",onnx-mlir-llvm,true,,91,10,65070,0.0,0.0,35d2c04fdeb8ce01d42aef5621e5ec37692893d9b6cb06ab3baf7f22ad7c3f63,f911e2d804c9c108183064cc4e0a7432927a9c27753c919623b8e34e5bb71b13,true,20271012
mm-batched,2fa842e74a5cfcbf59217c4e1d85f7cf2fd11e09dc5ef429f8510965e0835d00,matmul,ONNX-MLIR LLVM,"onnx-mlir version 0.4.2, onnx version 1.21.0 (https://github.com/onnx/onnx-mlir.git 4a13c34aa695b228599d637cdb772c19b4b18dba)",onnx-mlir-llvm,true,,92,10,66383,0.0,0.0,35d2c04fdeb8ce01d42aef5621e5ec37692893d9b6cb06ab3baf7f22ad7c3f63,f911e2d804c9c108183064cc4e0a7432927a9c27753c919623b8e34e5bb71b13,true,20271013
mm-batched,2fa842e74a5cfcbf59217c4e1d85f7cf2fd11e09dc5ef429f8510965e0835d00,matmul,ONNX-MLIR LLVM,"onnx-mlir version 0.4.2, onnx version 1.21.0 (https://github.com/onnx/onnx-mlir.git 4a13c34aa695b228599d637cdb772c19b4b18dba)",onnx-mlir-llvm,true,,93,10,67008,0.0,0.0,35d2c04fdeb8ce01d42aef5621e5ec37692893d9b6cb06ab3baf7f22ad7c3f63,f911e2d804c9c108183064cc4e0a7432927a9c27753c919623b8e34e5bb71b13,true,20271014
mm-batched,2fa842e74a5cfcbf59217c4e1d85f7cf2fd11e09dc5ef429f8510965e0835d00,matmul,ONNX-MLIR LLVM,"onnx-mlir version 0.4.2, onnx version 1.21.0 (https://github.com/onnx/onnx-mlir.git 4a13c34aa695b228599d637cdb772c19b4b18dba)",onnx-mlir-llvm,true,,94,10,67066,0.0,0.0,35d2c04fdeb8ce01d42aef5621e5ec37692893d9b6cb06ab3baf7f22ad7c3f63,f911e2d804c9c108183064cc4e0a7432927a9c27753c919623b8e34e5bb71b13,true,20271015
mm-batched,2fa842e74a5cfcbf59217c4e1d85f7cf2fd11e09dc5ef429f8510965e0835d00,matmul,ONNX-MLIR LLVM,"onnx-mlir version 0.4.2, onnx version 1.21.0 (https://github.com/onnx/onnx-mlir.git 4a13c34aa695b228599d637cdb772c19b4b18dba)",onnx-mlir-llvm,true,,95,10,63595,0.0,0.0,35d2c04fdeb8ce01d42aef5621e5ec37692893d9b6cb06ab3baf7f22ad7c3f63,f911e2d804c9c108183064cc4e0a7432927a9c27753c919623b8e34e5bb71b13,true,20271016
mm-batched,2fa842e74a5cfcbf59217c4e1d85f7cf2fd11e09dc5ef429f8510965e0835d00,matmul,ONNX-MLIR LLVM,"onnx-mlir version 0.4.2, onnx version 1.21.0 (https://github.com/onnx/onnx-mlir.git 4a13c34aa695b228599d637cdb772c19b4b18dba)",onnx-mlir-llvm,true,,96,10,63708,0.0,0.0,35d2c04fdeb8ce01d42aef5621e5ec37692893d9b6cb06ab3baf7f22ad7c3f63,f911e2d804c9c108183064cc4e0a7432927a9c27753c919623b8e34e5bb71b13,true,20271017
mm-batched,2fa842e74a5cfcbf59217c4e1d85f7cf2fd11e09dc5ef429f8510965e0835d00,matmul,ONNX-MLIR LLVM,"onnx-mlir version 0.4.2, onnx version 1.21.0 (https://github.com/onnx/onnx-mlir.git 4a13c34aa695b228599d637cdb772c19b4b18dba)",onnx-mlir-llvm,true,,97,10,63662,0.0,0.0,35d2c04fdeb8ce01d42aef5621e5ec37692893d9b6cb06ab3baf7f22ad7c3f63,f911e2d804c9c108183064cc4e0a7432927a9c27753c919623b8e34e5bb71b13,true,20271018
mm-batched,2fa842e74a5cfcbf59217c4e1d85f7cf2fd11e09dc5ef429f8510965e0835d00,matmul,ONNX-MLIR LLVM,"onnx-mlir version 0.4.2, onnx version 1.21.0 (https://github.com/onnx/onnx-mlir.git 4a13c34aa695b228599d637cdb772c19b4b18dba)",onnx-mlir-llvm,true,,98,10,63912,0.0,0.0,35d2c04fdeb8ce01d42aef5621e5ec37692893d9b6cb06ab3baf7f22ad7c3f63,f911e2d804c9c108183064cc4e0a7432927a9c27753c919623b8e34e5bb71b13,true,20271019
mm-batched,2fa842e74a5cfcbf59217c4e1d85f7cf2fd11e09dc5ef429f8510965e0835d00,matmul,ONNX-MLIR LLVM,"onnx-mlir version 0.4.2, onnx version 1.21.0 (https://github.com/onnx/onnx-mlir.git 4a13c34aa695b228599d637cdb772c19b4b18dba)",onnx-mlir-llvm,true,,99,10,63770,0.0,0.0,35d2c04fdeb8ce01d42aef5621e5ec37692893d9b6cb06ab3baf7f22ad7c3f63,f911e2d804c9c108183064cc4e0a7432927a9c27753c919623b8e34e5bb71b13,true,20271020
conv-stem,2fa842e74a5cfcbf59217c4e1d85f7cf2fd11e09dc5ef429f8510965e0835d00,convolution,ONNX-MLIR LLVM,"onnx-mlir version 0.4.2, onnx version 1.21.0 (https://github.com/onnx/onnx-mlir.git 4a13c34aa695b228599d637cdb772c19b4b18dba)",onnx-mlir-llvm,true,,0,1,1077416,2.086162567138672e-07,0.0026082201442760326,4a0ac8b0d76733b60e8fd52759a81bd7481cab0f551d369e881c891484e066aa,8b83a4d9d628a9251dc9648f115f2ffb127a859743a5b3611f62f69571978487,true,20270921
conv-stem,2fa842e74a5cfcbf59217c4e1d85f7cf2fd11e09dc5ef429f8510965e0835d00,convolution,ONNX-MLIR LLVM,"onnx-mlir version 0.4.2, onnx version 1.21.0 (https://github.com/onnx/onnx-mlir.git 4a13c34aa695b228599d637cdb772c19b4b18dba)",onnx-mlir-llvm,true,,1,1,1085958,2.086162567138672e-07,0.0026082201442760326,4a0ac8b0d76733b60e8fd52759a81bd7481cab0f551d369e881c891484e066aa,8b83a4d9d628a9251dc9648f115f2ffb127a859743a5b3611f62f69571978487,true,20270922
conv-stem,2fa842e74a5cfcbf59217c4e1d85f7cf2fd11e09dc5ef429f8510965e0835d00,convolution,ONNX-MLIR LLVM,"onnx-mlir version 0.4.2, onnx version 1.21.0 (https://github.com/onnx/onnx-mlir.git 4a13c34aa695b228599d637cdb772c19b4b18dba)",onnx-mlir-llvm,true,,2,1,1091292,2.086162567138672e-07,0.0026082201442760326,4a0ac8b0d76733b60e8fd52759a81bd7481cab0f551d369e881c891484e066aa,8b83a4d9d628a9251dc9648f115f2ffb127a859743a5b3611f62f69571978487,true,20270923
conv-stem,2fa842e74a5cfcbf59217c4e1d85f7cf2fd11e09dc5ef429f8510965e0835d00,convolution,ONNX-MLIR LLVM,"onnx-mlir version 0.4.2, onnx version 1.21.0 (https://github.com/onnx/onnx-mlir.git 4a13c34aa695b228599d637cdb772c19b4b18dba)",onnx-mlir-llvm,true,,3,1,1190750,2.086162567138672e-07,0.0026082201442760326,4a0ac8b0d76733b60e8fd52759a81bd7481cab0f551d369e881c891484e066aa,8b83a4d9d628a9251dc9648f115f2ffb127a859743a5b3611f62f69571978487,true,20270924
conv-stem,2fa842e74a5cfcbf59217c4e1d85f7cf2fd11e09dc5ef429f8510965e0835d00,convolution,ONNX-MLIR LLVM,"onnx-mlir version 0.4.2, onnx version 1.21.0 (https://github.com/onnx/onnx-mlir.git 4a13c34aa695b228599d637cdb772c19b4b18dba)",onnx-mlir-llvm,true,,4,1,1250791,2.086162567138672e-07,0.0026082201442760326,4a0ac8b0d76733b60e8fd52759a81bd7481cab0f551d369e881c891484e066aa,8b83a4d9d628a9251dc9648f115f2ffb127a859743a5b3611f62f69571978487,true,20270925
conv-stem,2fa842e74a5cfcbf59217c4e1d85f7cf2fd11e09dc5ef429f8510965e0835d00,convolution,ONNX-MLIR LLVM,"onnx-mlir version 0.4.2, onnx version 1.21.0 (https://github.com/onnx/onnx-mlir.git 4a13c34aa695b228599d637cdb772c19b4b18dba)",onnx-mlir-llvm,true,,5,1,1076875,2.086162567138672e-07,0.0026082201442760326,4a0ac8b0d76733b60e8fd52759a81bd7481cab0f551d369e881c891484e066aa,8b83a4d9d628a9251dc9648f115f2ffb127a859743a5b3611f62f69571978487,true,20270926
conv-stem,2fa842e74a5cfcbf59217c4e1d85f7cf2fd11e09dc5ef429f8510965e0835d00,convolution,ONNX-MLIR LLVM,"onnx-mlir version 0.4.2, onnx version 1.21.0 (https://github.com/onnx/onnx-mlir.git 4a13c34aa695b228599d637cdb772c19b4b18dba)",onnx-mlir-llvm,true,,6,1,1381916,2.086162567138672e-07,0.0026082201442760326,4a0ac8b0d76733b60e8fd52759a81bd7481cab0f551d369e881c891484e066aa,8b83a4d9d628a9251dc9648f115f2ffb127a859743a5b3611f62f69571978487,true,20270927
conv-stem,2fa842e74a5cfcbf59217c4e1d85f7cf2fd11e09dc5ef429f8510965e0835d00,convolution,ONNX-MLIR LLVM,"onnx-mlir version 0.4.2, onnx version 1.21.0 (https://github.com/onnx/onnx-mlir.git 4a13c34aa695b228599d637cdb772c19b4b18dba)",onnx-mlir-llvm,true,,7,1,1345334,2.086162567138672e-07,0.0026082201442760326,4a0ac8b0d76733b60e8fd52759a81bd7481cab0f551d369e881c891484e066aa,8b83a4d9d628a9251dc9648f115f2ffb127a859743a5b3611f62f69571978487,true,20270928
conv-stem,2fa842e74a5cfcbf59217c4e1d85f7cf2fd11e09dc5ef429f8510965e0835d00,convolution,ONNX-MLIR LLVM,"onnx-mlir version 0.4.2, onnx version 1.21.0 (https://github.com/onnx/onnx-mlir.git 4a13c34aa695b228599d637cdb772c19b4b18dba)",onnx-mlir-llvm,true,,8,1,1597875,2.086162567138672e-07,0.0026082201442760326,4a0ac8b0d76733b60e8fd52759a81bd7481cab0f551d369e881c891484e066aa,8b83a4d9d628a9251dc9648f115f2ffb127a859743a5b3611f62f69571978487,true,20270929
conv-stem,2fa842e74a5cfcbf59217c4e1d85f7cf2fd11e09dc5ef429f8510965e0835d00,convolution,ONNX-MLIR LLVM,"onnx-mlir version 0.4.2, onnx version 1.21.0 (https://github.com/onnx/onnx-mlir.git 4a13c34aa695b228599d637cdb772c19b4b18dba)",onnx-mlir-llvm,true,,9,1,1246666,2.086162567138672e-07,0.0026082201442760326,4a0ac8b0d76733b60e8fd52759a81bd7481cab0f551d369e881c891484e066aa,8b83a4d9d628a9251dc9648f115f2ffb127a859743a5b3611f62f69571978487,true,20270930
conv-stem,2fa842e74a5cfcbf59217c4e1d85f7cf2fd11e09dc5ef429f8510965e0835d00,convolution,ONNX-MLIR LLVM,"onnx-mlir version 0.4.2, onnx version 1.21.0 (https://github.com/onnx/onnx-mlir.git 4a13c34aa695b228599d637cdb772c19b4b18dba)",onnx-mlir-llvm,true,,10,1,1597917,2.086162567138672e-07,0.0026082201442760326,4a0ac8b0d76733b60e8fd52759a81bd7481cab0f551d369e881c891484e066aa,8b83a4d9d628a9251dc9648f115f2ffb127a859743a5b3611f62f69571978487,true,20270931
conv-stem,2fa842e74a5cfcbf59217c4e1d85f7cf2fd11e09dc5ef429f8510965e0835d00,convolution,ONNX-MLIR LLVM,"onnx-mlir version 0.4.2, onnx version 1.21.0 (https://github.com/onnx/onnx-mlir.git 4a13c34aa695b228599d637cdb772c19b4b18dba)",onnx-mlir-llvm,true,,11,1,1316708,2.086162567138672e-07,0.0026082201442760326,4a0ac8b0d76733b60e8fd52759a81bd7481cab0f551d369e881c891484e066aa,8b83a4d9d628a9251dc9648f115f2ffb127a859743a5b3611f62f69571978487,true,20270932
conv-stem,2fa842e74a5cfcbf59217c4e1d85f7cf2fd11e09dc5ef429f8510965e0835d00,convolution,ONNX-MLIR LLVM,"onnx-mlir version 0.4.2, onnx version 1.21.0 (https://github.com/onnx/onnx-mlir.git 4a13c34aa695b228599d637cdb772c19b4b18dba)",onnx-mlir-llvm,true,,12,1,1094083,2.086162567138672e-07,0.0026082201442760326,4a0ac8b0d76733b60e8fd52759a81bd7481cab0f551d369e881c891484e066aa,8b83a4d9d628a9251dc9648f115f2ffb127a859743a5b3611f62f69571978487,true,20270933
conv-stem,2fa842e74a5cfcbf59217c4e1d85f7cf2fd11e09dc5ef429f8510965e0835d00,convolution,ONNX-MLIR LLVM,"onnx-mlir version 0.4.2, onnx version 1.21.0 (https://github.com/onnx/onnx-mlir.git 4a13c34aa695b228599d637cdb772c19b4b18dba)",onnx-mlir-llvm,true,,13,1,1140875,2.086162567138672e-07,0.0026082201442760326,4a0ac8b0d76733b60e8fd52759a81bd7481cab0f551d369e881c891484e066aa,8b83a4d9d628a9251dc9648f115f2ffb127a859743a5b3611f62f69571978487,true,20270934
conv-stem,2fa842e74a5cfcbf59217c4e1d85f7cf2fd11e09dc5ef429f8510965e0835d00,convolution,ONNX-MLIR LLVM,"onnx-mlir version 0.4.2, onnx version 1.21.0 (https://github.com/onnx/onnx-mlir.git 4a13c34aa695b228599d637cdb772c19b4b18dba)",onnx-mlir-llvm,true,,14,1,1091875,2.086162567138672e-07,0.0026082201442760326,4a0ac8b0d76733b60e8fd52759a81bd7481cab0f551d369e881c891484e066aa,8b83a4d9d628a9251dc9648f115f2ffb127a859743a5b3611f62f69571978487,true,20270935
conv-stem,2fa842e74a5cfcbf59217c4e1d85f7cf2fd11e09dc5ef429f8510965e0835d00,convolution,ONNX-MLIR LLVM,"onnx-mlir version 0.4.2, onnx version 1.21.0 (https://github.com/onnx/onnx-mlir.git 4a13c34aa695b228599d637cdb772c19b4b18dba)",onnx-mlir-llvm,true,,15,1,1198500,2.086162567138672e-07,0.0026082201442760326,4a0ac8b0d76733b60e8fd52759a81bd7481cab0f551d369e881c891484e066aa,8b83a4d9d628a9251dc9648f115f2ffb127a859743a5b3611f62f69571978487,true,20270936
conv-stem,2fa842e74a5cfcbf59217c4e1d85f7cf2fd11e09dc5ef429f8510965e0835d00,convolution,ONNX-MLIR LLVM,"onnx-mlir version 0.4.2, onnx version 1.21.0 (https://github.com/onnx/onnx-mlir.git 4a13c34aa695b228599d637cdb772c19b4b18dba)",onnx-mlir-llvm,true,,16,1,1211917,2.086162567138672e-07,0.0026082201442760326,4a0ac8b0d76733b60e8fd52759a81bd7481cab0f551d369e881c891484e066aa,8b83a4d9d628a9251dc9648f115f2ffb127a859743a5b3611f62f69571978487,true,20270937
conv-stem,2fa842e74a5cfcbf59217c4e1d85f7cf2fd11e09dc5ef429f8510965e0835d00,convolution,ONNX-MLIR LLVM,"onnx-mlir version 0.4.2, onnx version 1.21.0 (https://github.com/onnx/onnx-mlir.git 4a13c34aa695b228599d637cdb772c19b4b18dba)",onnx-mlir-llvm,true,,17,1,1312583,2.086162567138672e-07,0.0026082201442760326,4a0ac8b0d76733b60e8fd52759a81bd7481cab0f551d369e881c891484e066aa,8b83a4d9d628a9251dc9648f115f2ffb127a859743a5b3611f62f69571978487,true,20270938
conv-stem,2fa842e74a5cfcbf59217c4e1d85f7cf2fd11e09dc5ef429f8510965e0835d00,convolution,ONNX-MLIR LLVM,"onnx-mlir version 0.4.2, onnx version 1.21.0 (https://github.com/onnx/onnx-mlir.git 4a13c34aa695b228599d637cdb772c19b4b18dba)",onnx-mlir-llvm,true,,18,1,1072708,2.086162567138672e-07,0.0026082201442760326,4a0ac8b0d76733b60e8fd52759a81bd7481cab0f551d369e881c891484e066aa,8b83a4d9d628a9251dc9648f115f2ffb127a859743a5b3611f62f69571978487,true,20270939
conv-stem,2fa842e74a5cfcbf59217c4e1d85f7cf2fd11e09dc5ef429f8510965e0835d00,convolution,ONNX-MLIR LLVM,"onnx-mlir version 0.4.2, onnx version 1.21.0 (https://github.com/onnx/onnx-mlir.git 4a13c34aa695b228599d637cdb772c19b4b18dba)",onnx-mlir-llvm,true,,19,1,1243375,2.086162567138672e-07,0.0026082201442760326,4a0ac8b0d76733b60e8fd52759a81bd7481cab0f551d369e881c891484e066aa,8b83a4d9d628a9251dc9648f115f2ffb127a859743a5b3611f62f69571978487,true,20270940
conv-stem,2fa842e74a5cfcbf59217c4e1d85f7cf2fd11e09dc5ef429f8510965e0835d00,convolution,ONNX-MLIR LLVM,"onnx-mlir version 0.4.2, onnx version 1.21.0 (https://github.com/onnx/onnx-mlir.git 4a13c34aa695b228599d637cdb772c19b4b18dba)",onnx-mlir-llvm,true,,20,1,1206417,2.086162567138672e-07,0.0026082201442760326,4a0ac8b0d76733b60e8fd52759a81bd7481cab0f551d369e881c891484e066aa,8b83a4d9d628a9251dc9648f115f2ffb127a859743a5b3611f62f69571978487,true,20270941
conv-stem,2fa842e74a5cfcbf59217c4e1d85f7cf2fd11e09dc5ef429f8510965e0835d00,convolution,ONNX-MLIR LLVM,"onnx-mlir version 0.4.2, onnx version 1.21.0 (https://github.com/onnx/onnx-mlir.git 4a13c34aa695b228599d637cdb772c19b4b18dba)",onnx-mlir-llvm,true,,21,1,1356083,2.086162567138672e-07,0.0026082201442760326,4a0ac8b0d76733b60e8fd52759a81bd7481cab0f551d369e881c891484e066aa,8b83a4d9d628a9251dc9648f115f2ffb127a859743a5b3611f62f69571978487,true,20270942
conv-stem,2fa842e74a5cfcbf59217c4e1d85f7cf2fd11e09dc5ef429f8510965e0835d00,convolution,ONNX-MLIR LLVM,"onnx-mlir version 0.4.2, onnx version 1.21.0 (https://github.com/onnx/onnx-mlir.git 4a13c34aa695b228599d637cdb772c19b4b18dba)",onnx-mlir-llvm,true,,22,1,1157417,2.086162567138672e-07,0.0026082201442760326,4a0ac8b0d76733b60e8fd52759a81bd7481cab0f551d369e881c891484e066aa,8b83a4d9d628a9251dc9648f115f2ffb127a859743a5b3611f62f69571978487,true,20270943
conv-stem,2fa842e74a5cfcbf59217c4e1d85f7cf2fd11e09dc5ef429f8510965e0835d00,convolution,ONNX-MLIR LLVM,"onnx-mlir version 0.4.2, onnx version 1.21.0 (https://github.com/onnx/onnx-mlir.git 4a13c34aa695b228599d637cdb772c19b4b18dba)",onnx-mlir-llvm,true,,23,1,1195459,2.086162567138672e-07,0.0026082201442760326,4a0ac8b0d76733b60e8fd52759a81bd7481cab0f551d369e881c891484e066aa,8b83a4d9d628a9251dc9648f115f2ffb127a859743a5b3611f62f69571978487,true,20270944
conv-stem,2fa842e74a5cfcbf59217c4e1d85f7cf2fd11e09dc5ef429f8510965e0835d00,convolution,ONNX-MLIR LLVM,"onnx-mlir version 0.4.2, onnx version 1.21.0 (https://github.com/onnx/onnx-mlir.git 4a13c34aa695b228599d637cdb772c19b4b18dba)",onnx-mlir-llvm,true,,24,1,1134000,2.086162567138672e-07,0.0026082201442760326,4a0ac8b0d76733b60e8fd52759a81bd7481cab0f551d369e881c891484e066aa,8b83a4d9d628a9251dc9648f115f2ffb127a859743a5b3611f62f69571978487,true,20270945
conv-stem,2fa842e74a5cfcbf59217c4e1d85f7cf2fd11e09dc5ef429f8510965e0835d00,convolution,ONNX-MLIR LLVM,"onnx-mlir version 0.4.2, onnx version 1.21.0 (https://github.com/onnx/onnx-mlir.git 4a13c34aa695b228599d637cdb772c19b4b18dba)",onnx-mlir-llvm,true,,25,1,1081250,2.086162567138672e-07,0.0026082201442760326,4a0ac8b0d76733b60e8fd52759a81bd7481cab0f551d369e881c891484e066aa,8b83a4d9d628a9251dc9648f115f2ffb127a859743a5b3611f62f69571978487,true,20270946
conv-stem,2fa842e74a5cfcbf59217c4e1d85f7cf2fd11e09dc5ef429f8510965e0835d00,convolution,ONNX-MLIR LLVM,"onnx-mlir version 0.4.2, onnx version 1.21.0 (https://github.com/onnx/onnx-mlir.git 4a13c34aa695b228599d637cdb772c19b4b18dba)",onnx-mlir-llvm,true,,26,1,1070208,2.086162567138672e-07,0.0026082201442760326,4a0ac8b0d76733b60e8fd52759a81bd7481cab0f551d369e881c891484e066aa,8b83a4d9d628a9251dc9648f115f2ffb127a859743a5b3611f62f69571978487,true,20270947
conv-stem,2fa842e74a5cfcbf59217c4e1d85f7cf2fd11e09dc5ef429f8510965e0835d00,convolution,ONNX-MLIR LLVM,"onnx-mlir version 0.4.2, onnx version 1.21.0 (https://github.com/onnx/onnx-mlir.git 4a13c34aa695b228599d637cdb772c19b4b18dba)",onnx-mlir-llvm,true,,27,1,1237542,2.086162567138672e-07,0.0026082201442760326,4a0ac8b0d76733b60e8fd52759a81bd7481cab0f551d369e881c891484e066aa,8b83a4d9d628a9251dc9648f115f2ffb127a859743a5b3611f62f69571978487,true,20270948
conv-stem,2fa842e74a5cfcbf59217c4e1d85f7cf2fd11e09dc5ef429f8510965e0835d00,convolution,ONNX-MLIR LLVM,"onnx-mlir version 0.4.2, onnx version 1.21.0 (https://github.com/onnx/onnx-mlir.git 4a13c34aa695b228599d637cdb772c19b4b18dba)",onnx-mlir-llvm,true,,28,1,1067083,2.086162567138672e-07,0.0026082201442760326,4a0ac8b0d76733b60e8fd52759a81bd7481cab0f551d369e881c891484e066aa,8b83a4d9d628a9251dc9648f115f2ffb127a859743a5b3611f62f69571978487,true,20270949
conv-stem,2fa842e74a5cfcbf59217c4e1d85f7cf2fd11e09dc5ef429f8510965e0835d00,convolution,ONNX-MLIR LLVM,"onnx-mlir version 0.4.2, onnx version 1.21.0 (https://github.com/onnx/onnx-mlir.git 4a13c34aa695b228599d637cdb772c19b4b18dba)",onnx-mlir-llvm,true,,29,1,1060250,2.086162567138672e-07,0.0026082201442760326,4a0ac8b0d76733b60e8fd52759a81bd7481cab0f551d369e881c891484e066aa,8b83a4d9d628a9251dc9648f115f2ffb127a859743a5b3611f62f69571978487,true,20270950
conv-stem,2fa842e74a5cfcbf59217c4e1d85f7cf2fd11e09dc5ef429f8510965e0835d00,convolution,ONNX-MLIR LLVM,"onnx-mlir version 0.4.2, onnx version 1.21.0 (https://github.com/onnx/onnx-mlir.git 4a13c34aa695b228599d637cdb772c19b4b18dba)",onnx-mlir-llvm,true,,30,1,1129417,2.086162567138672e-07,0.0026082201442760326,4a0ac8b0d76733b60e8fd52759a81bd7481cab0f551d369e881c891484e066aa,8b83a4d9d628a9251dc9648f115f2ffb127a859743a5b3611f62f69571978487,true,20270951
conv-stem,2fa842e74a5cfcbf59217c4e1d85f7cf2fd11e09dc5ef429f8510965e0835d00,convolution,ONNX-MLIR LLVM,"onnx-mlir version 0.4.2, onnx version 1.21.0 (https://github.com/onnx/onnx-mlir.git 4a13c34aa695b228599d637cdb772c19b4b18dba)",onnx-mlir-llvm,true,,31,1,1113458,2.086162567138672e-07,0.0026082201442760326,4a0ac8b0d76733b60e8fd52759a81bd7481cab0f551d369e881c891484e066aa,8b83a4d9d628a9251dc9648f115f2ffb127a859743a5b3611f62f69571978487,true,20270952
conv-stem,2fa842e74a5cfcbf59217c4e1d85f7cf2fd11e09dc5ef429f8510965e0835d00,convolution,ONNX-MLIR LLVM,"onnx-mlir version 0.4.2, onnx version 1.21.0 (https://github.com/onnx/onnx-mlir.git 4a13c34aa695b228599d637cdb772c19b4b18dba)",onnx-mlir-llvm,true,,32,1,1197917,2.086162567138672e-07,0.0026082201442760326,4a0ac8b0d76733b60e8fd52759a81bd7481cab0f551d369e881c891484e066aa,8b83a4d9d628a9251dc9648f115f2ffb127a859743a5b3611f62f69571978487,true,20270953
conv-stem,2fa842e74a5cfcbf59217c4e1d85f7cf2fd11e09dc5ef429f8510965e0835d00,convolution,ONNX-MLIR LLVM,"onnx-mlir version 0.4.2, onnx version 1.21.0 (https://github.com/onnx/onnx-mlir.git 4a13c34aa695b228599d637cdb772c19b4b18dba)",onnx-mlir-llvm,true,,33,1,1074125,2.086162567138672e-07,0.0026082201442760326,4a0ac8b0d76733b60e8fd52759a81bd7481cab0f551d369e881c891484e066aa,8b83a4d9d628a9251dc9648f115f2ffb127a859743a5b3611f62f69571978487,true,20270954
conv-stem,2fa842e74a5cfcbf59217c4e1d85f7cf2fd11e09dc5ef429f8510965e0835d00,convolution,ONNX-MLIR LLVM,"onnx-mlir version 0.4.2, onnx version 1.21.0 (https://github.com/onnx/onnx-mlir.git 4a13c34aa695b228599d637cdb772c19b4b18dba)",onnx-mlir-llvm,true,,34,1,1098708,2.086162567138672e-07,0.0026082201442760326,4a0ac8b0d76733b60e8fd52759a81bd7481cab0f551d369e881c891484e066aa,8b83a4d9d628a9251dc9648f115f2ffb127a859743a5b3611f62f69571978487,true,20270955
conv-stem,2fa842e74a5cfcbf59217c4e1d85f7cf2fd11e09dc5ef429f8510965e0835d00,convolution,ONNX-MLIR LLVM,"onnx-mlir version 0.4.2, onnx version 1.21.0 (https://github.com/onnx/onnx-mlir.git 4a13c34aa695b228599d637cdb772c19b4b18dba)",onnx-mlir-llvm,true,,35,1,1055333,2.086162567138672e-07,0.0026082201442760326,4a0ac8b0d76733b60e8fd52759a81bd7481cab0f551d369e881c891484e066aa,8b83a4d9d628a9251dc9648f115f2ffb127a859743a5b3611f62f69571978487,true,20270956
conv-stem,2fa842e74a5cfcbf59217c4e1d85f7cf2fd11e09dc5ef429f8510965e0835d00,convolution,ONNX-MLIR LLVM,"onnx-mlir version 0.4.2, onnx version 1.21.0 (https://github.com/onnx/onnx-mlir.git 4a13c34aa695b228599d637cdb772c19b4b18dba)",onnx-mlir-llvm,true,,36,1,1131875,2.086162567138672e-07,0.0026082201442760326,4a0ac8b0d76733b60e8fd52759a81bd7481cab0f551d369e881c891484e066aa,8b83a4d9d628a9251dc9648f115f2ffb127a859743a5b3611f62f69571978487,true,20270957
conv-stem,2fa842e74a5cfcbf59217c4e1d85f7cf2fd11e09dc5ef429f8510965e0835d00,convolution,ONNX-MLIR LLVM,"onnx-mlir version 0.4.2, onnx version 1.21.0 (https://github.com/onnx/onnx-mlir.git 4a13c34aa695b228599d637cdb772c19b4b18dba)",onnx-mlir-llvm,true,,37,1,1128333,2.086162567138672e-07,0.0026082201442760326,4a0ac8b0d76733b60e8fd52759a81bd7481cab0f551d369e881c891484e066aa,8b83a4d9d628a9251dc9648f115f2ffb127a859743a5b3611f62f69571978487,true,20270958
conv-stem,2fa842e74a5cfcbf59217c4e1d85f7cf2fd11e09dc5ef429f8510965e0835d00,convolution,ONNX-MLIR LLVM,"onnx-mlir version 0.4.2, onnx version 1.21.0 (https://github.com/onnx/onnx-mlir.git 4a13c34aa695b228599d637cdb772c19b4b18dba)",onnx-mlir-llvm,true,,38,1,1038208,2.086162567138672e-07,0.0026082201442760326,4a0ac8b0d76733b60e8fd52759a81bd7481cab0f551d369e881c891484e066aa,8b83a4d9d628a9251dc9648f115f2ffb127a859743a5b3611f62f69571978487,true,20270959
conv-stem,2fa842e74a5cfcbf59217c4e1d85f7cf2fd11e09dc5ef429f8510965e0835d00,convolution,ONNX-MLIR LLVM,"onnx-mlir version 0.4.2, onnx version 1.21.0 (https://github.com/onnx/onnx-mlir.git 4a13c34aa695b228599d637cdb772c19b4b18dba)",onnx-mlir-llvm,true,,39,1,1099458,2.086162567138672e-07,0.0026082201442760326,4a0ac8b0d76733b60e8fd52759a81bd7481cab0f551d369e881c891484e066aa,8b83a4d9d628a9251dc9648f115f2ffb127a859743a5b3611f62f69571978487,true,20270960
conv-stem,2fa842e74a5cfcbf59217c4e1d85f7cf2fd11e09dc5ef429f8510965e0835d00,convolution,ONNX-MLIR LLVM,"onnx-mlir version 0.4.2, onnx version 1.21.0 (https://github.com/onnx/onnx-mlir.git 4a13c34aa695b228599d637cdb772c19b4b18dba)",onnx-mlir-llvm,true,,40,1,1038125,2.086162567138672e-07,0.0026082201442760326,4a0ac8b0d76733b60e8fd52759a81bd7481cab0f551d369e881c891484e066aa,8b83a4d9d628a9251dc9648f115f2ffb127a859743a5b3611f62f69571978487,true,20270961
conv-stem,2fa842e74a5cfcbf59217c4e1d85f7cf2fd11e09dc5ef429f8510965e0835d00,convolution,ONNX-MLIR LLVM,"onnx-mlir version 0.4.2, onnx version 1.21.0 (https://github.com/onnx/onnx-mlir.git 4a13c34aa695b228599d637cdb772c19b4b18dba)",onnx-mlir-llvm,true,,41,1,1055708,2.086162567138672e-07,0.0026082201442760326,4a0ac8b0d76733b60e8fd52759a81bd7481cab0f551d369e881c891484e066aa,8b83a4d9d628a9251dc9648f115f2ffb127a859743a5b3611f62f69571978487,true,20270962
conv-stem,2fa842e74a5cfcbf59217c4e1d85f7cf2fd11e09dc5ef429f8510965e0835d00,convolution,ONNX-MLIR LLVM,"onnx-mlir version 0.4.2, onnx version 1.21.0 (https://github.com/onnx/onnx-mlir.git 4a13c34aa695b228599d637cdb772c19b4b18dba)",onnx-mlir-llvm,true,,42,1,1056125,2.086162567138672e-07,0.0026082201442760326,4a0ac8b0d76733b60e8fd52759a81bd7481cab0f551d369e881c891484e066aa,8b83a4d9d628a9251dc9648f115f2ffb127a859743a5b3611f62f69571978487,true,20270963
conv-stem,2fa842e74a5cfcbf59217c4e1d85f7cf2fd11e09dc5ef429f8510965e0835d00,convolution,ONNX-MLIR LLVM,"onnx-mlir version 0.4.2, onnx version 1.21.0 (https://github.com/onnx/onnx-mlir.git 4a13c34aa695b228599d637cdb772c19b4b18dba)",onnx-mlir-llvm,true,,43,1,1033417,2.086162567138672e-07,0.0026082201442760326,4a0ac8b0d76733b60e8fd52759a81bd7481cab0f551d369e881c891484e066aa,8b83a4d9d628a9251dc9648f115f2ffb127a859743a5b3611f62f69571978487,true,20270964
conv-stem,2fa842e74a5cfcbf59217c4e1d85f7cf2fd11e09dc5ef429f8510965e0835d00,convolution,ONNX-MLIR LLVM,"onnx-mlir version 0.4.2, onnx version 1.21.0 (https://github.com/onnx/onnx-mlir.git 4a13c34aa695b228599d637cdb772c19b4b18dba)",onnx-mlir-llvm,true,,44,1,1067375,2.086162567138672e-07,0.0026082201442760326,4a0ac8b0d76733b60e8fd52759a81bd7481cab0f551d369e881c891484e066aa,8b83a4d9d628a9251dc9648f115f2ffb127a859743a5b3611f62f69571978487,true,20270965
conv-stem,2fa842e74a5cfcbf59217c4e1d85f7cf2fd11e09dc5ef429f8510965e0835d00,convolution,ONNX-MLIR LLVM,"onnx-mlir version 0.4.2, onnx version 1.21.0 (https://github.com/onnx/onnx-mlir.git 4a13c34aa695b228599d637cdb772c19b4b18dba)",onnx-mlir-llvm,true,,45,1,1036542,2.086162567138672e-07,0.0026082201442760326,4a0ac8b0d76733b60e8fd52759a81bd7481cab0f551d369e881c891484e066aa,8b83a4d9d628a9251dc9648f115f2ffb127a859743a5b3611f62f69571978487,true,20270966
conv-stem,2fa842e74a5cfcbf59217c4e1d85f7cf2fd11e09dc5ef429f8510965e0835d00,convolution,ONNX-MLIR LLVM,"onnx-mlir version 0.4.2, onnx version 1.21.0 (https://github.com/onnx/onnx-mlir.git 4a13c34aa695b228599d637cdb772c19b4b18dba)",onnx-mlir-llvm,true,,46,1,1051792,2.086162567138672e-07,0.0026082201442760326,4a0ac8b0d76733b60e8fd52759a81bd7481cab0f551d369e881c891484e066aa,8b83a4d9d628a9251dc9648f115f2ffb127a859743a5b3611f62f69571978487,true,20270967
conv-stem,2fa842e74a5cfcbf59217c4e1d85f7cf2fd11e09dc5ef429f8510965e0835d00,convolution,ONNX-MLIR LLVM,"onnx-mlir version 0.4.2, onnx version 1.21.0 (https://github.com/onnx/onnx-mlir.git 4a13c34aa695b228599d637cdb772c19b4b18dba)",onnx-mlir-llvm,true,,47,1,1046666,2.086162567138672e-07,0.0026082201442760326,4a0ac8b0d76733b60e8fd52759a81bd7481cab0f551d369e881c891484e066aa,8b83a4d9d628a9251dc9648f115f2ffb127a859743a5b3611f62f69571978487,true,20270968
conv-stem,2fa842e74a5cfcbf59217c4e1d85f7cf2fd11e09dc5ef429f8510965e0835d00,convolution,ONNX-MLIR LLVM,"onnx-mlir version 0.4.2, onnx version 1.21.0 (https://github.com/onnx/onnx-mlir.git 4a13c34aa695b228599d637cdb772c19b4b18dba)",onnx-mlir-llvm,true,,48,1,1039375,2.086162567138672e-07,0.0026082201442760326,4a0ac8b0d76733b60e8fd52759a81bd7481cab0f551d369e881c891484e066aa,8b83a4d9d628a9251dc9648f115f2ffb127a859743a5b3611f62f69571978487,true,20270969
conv-stem,2fa842e74a5cfcbf59217c4e1d85f7cf2fd11e09dc5ef429f8510965e0835d00,convolution,ONNX-MLIR LLVM,"onnx-mlir version 0.4.2, onnx version 1.21.0 (https://github.com/onnx/onnx-mlir.git 4a13c34aa695b228599d637cdb772c19b4b18dba)",onnx-mlir-llvm,true,,49,1,1045291,2.086162567138672e-07,0.0026082201442760326,4a0ac8b0d76733b60e8fd52759a81bd7481cab0f551d369e881c891484e066aa,8b83a4d9d628a9251dc9648f115f2ffb127a859743a5b3611f62f69571978487,true,20270970
conv-stem,2fa842e74a5cfcbf59217c4e1d85f7cf2fd11e09dc5ef429f8510965e0835d00,convolution,ONNX-MLIR LLVM,"onnx-mlir version 0.4.2, onnx version 1.21.0 (https://github.com/onnx/onnx-mlir.git 4a13c34aa695b228599d637cdb772c19b4b18dba)",onnx-mlir-llvm,true,,50,1,1075083,2.086162567138672e-07,0.0026082201442760326,4a0ac8b0d76733b60e8fd52759a81bd7481cab0f551d369e881c891484e066aa,8b83a4d9d628a9251dc9648f115f2ffb127a859743a5b3611f62f69571978487,true,20270971
conv-stem,2fa842e74a5cfcbf59217c4e1d85f7cf2fd11e09dc5ef429f8510965e0835d00,convolution,ONNX-MLIR LLVM,"onnx-mlir version 0.4.2, onnx version 1.21.0 (https://github.com/onnx/onnx-mlir.git 4a13c34aa695b228599d637cdb772c19b4b18dba)",onnx-mlir-llvm,true,,51,1,1032083,2.086162567138672e-07,0.0026082201442760326,4a0ac8b0d76733b60e8fd52759a81bd7481cab0f551d369e881c891484e066aa,8b83a4d9d628a9251dc9648f115f2ffb127a859743a5b3611f62f69571978487,true,20270972
conv-stem,2fa842e74a5cfcbf59217c4e1d85f7cf2fd11e09dc5ef429f8510965e0835d00,convolution,ONNX-MLIR LLVM,"onnx-mlir version 0.4.2, onnx version 1.21.0 (https://github.com/onnx/onnx-mlir.git 4a13c34aa695b228599d637cdb772c19b4b18dba)",onnx-mlir-llvm,true,,52,1,1049250,2.086162567138672e-07,0.0026082201442760326,4a0ac8b0d76733b60e8fd52759a81bd7481cab0f551d369e881c891484e066aa,8b83a4d9d628a9251dc9648f115f2ffb127a859743a5b3611f62f69571978487,true,20270973
conv-stem,2fa842e74a5cfcbf59217c4e1d85f7cf2fd11e09dc5ef429f8510965e0835d00,convolution,ONNX-MLIR LLVM,"onnx-mlir version 0.4.2, onnx version 1.21.0 (https://github.com/onnx/onnx-mlir.git 4a13c34aa695b228599d637cdb772c19b4b18dba)",onnx-mlir-llvm,true,,53,1,1043500,2.086162567138672e-07,0.0026082201442760326,4a0ac8b0d76733b60e8fd52759a81bd7481cab0f551d369e881c891484e066aa,8b83a4d9d628a9251dc9648f115f2ffb127a859743a5b3611f62f69571978487,true,20270974
conv-stem,2fa842e74a5cfcbf59217c4e1d85f7cf2fd11e09dc5ef429f8510965e0835d00,convolution,ONNX-MLIR LLVM,"onnx-mlir version 0.4.2, onnx version 1.21.0 (https://github.com/onnx/onnx-mlir.git 4a13c34aa695b228599d637cdb772c19b4b18dba)",onnx-mlir-llvm,true,,54,1,1034709,2.086162567138672e-07,0.0026082201442760326,4a0ac8b0d76733b60e8fd52759a81bd7481cab0f551d369e881c891484e066aa,8b83a4d9d628a9251dc9648f115f2ffb127a859743a5b3611f62f69571978487,true,20270975
conv-stem,2fa842e74a5cfcbf59217c4e1d85f7cf2fd11e09dc5ef429f8510965e0835d00,convolution,ONNX-MLIR LLVM,"onnx-mlir version 0.4.2, onnx version 1.21.0 (https://github.com/onnx/onnx-mlir.git 4a13c34aa695b228599d637cdb772c19b4b18dba)",onnx-mlir-llvm,true,,55,1,1023416,2.086162567138672e-07,0.0026082201442760326,4a0ac8b0d76733b60e8fd52759a81bd7481cab0f551d369e881c891484e066aa,8b83a4d9d628a9251dc9648f115f2ffb127a859743a5b3611f62f69571978487,true,20270976
conv-stem,2fa842e74a5cfcbf59217c4e1d85f7cf2fd11e09dc5ef429f8510965e0835d00,convolution,ONNX-MLIR LLVM,"onnx-mlir version 0.4.2, onnx version 1.21.0 (https://github.com/onnx/onnx-mlir.git 4a13c34aa695b228599d637cdb772c19b4b18dba)",onnx-mlir-llvm,true,,56,1,1085917,2.086162567138672e-07,0.0026082201442760326,4a0ac8b0d76733b60e8fd52759a81bd7481cab0f551d369e881c891484e066aa,8b83a4d9d628a9251dc9648f115f2ffb127a859743a5b3611f62f69571978487,true,20270977
conv-stem,2fa842e74a5cfcbf59217c4e1d85f7cf2fd11e09dc5ef429f8510965e0835d00,convolution,ONNX-MLIR LLVM,"onnx-mlir version 0.4.2, onnx version 1.21.0 (https://github.com/onnx/onnx-mlir.git 4a13c34aa695b228599d637cdb772c19b4b18dba)",onnx-mlir-llvm,true,,57,1,1074792,2.086162567138672e-07,0.0026082201442760326,4a0ac8b0d76733b60e8fd52759a81bd7481cab0f551d369e881c891484e066aa,8b83a4d9d628a9251dc9648f115f2ffb127a859743a5b3611f62f69571978487,true,20270978
conv-stem,2fa842e74a5cfcbf59217c4e1d85f7cf2fd11e09dc5ef429f8510965e0835d00,convolution,ONNX-MLIR LLVM,"onnx-mlir version 0.4.2, onnx version 1.21.0 (https://github.com/onnx/onnx-mlir.git 4a13c34aa695b228599d637cdb772c19b4b18dba)",onnx-mlir-llvm,true,,58,1,1021584,2.086162567138672e-07,0.0026082201442760326,4a0ac8b0d76733b60e8fd52759a81bd7481cab0f551d369e881c891484e066aa,8b83a4d9d628a9251dc9648f115f2ffb127a859743a5b3611f62f69571978487,true,20270979
conv-stem,2fa842e74a5cfcbf59217c4e1d85f7cf2fd11e09dc5ef429f8510965e0835d00,convolution,ONNX-MLIR LLVM,"onnx-mlir version 0.4.2, onnx version 1.21.0 (https://github.com/onnx/onnx-mlir.git 4a13c34aa695b228599d637cdb772c19b4b18dba)",onnx-mlir-llvm,true,,59,1,1024125,2.086162567138672e-07,0.0026082201442760326,4a0ac8b0d76733b60e8fd52759a81bd7481cab0f551d369e881c891484e066aa,8b83a4d9d628a9251dc9648f115f2ffb127a859743a5b3611f62f69571978487,true,20270980
conv-stem,2fa842e74a5cfcbf59217c4e1d85f7cf2fd11e09dc5ef429f8510965e0835d00,convolution,ONNX-MLIR LLVM,"onnx-mlir version 0.4.2, onnx version 1.21.0 (https://github.com/onnx/onnx-mlir.git 4a13c34aa695b228599d637cdb772c19b4b18dba)",onnx-mlir-llvm,true,,60,1,1029166,2.086162567138672e-07,0.0026082201442760326,4a0ac8b0d76733b60e8fd52759a81bd7481cab0f551d369e881c891484e066aa,8b83a4d9d628a9251dc9648f115f2ffb127a859743a5b3611f62f69571978487,true,20270981
conv-stem,2fa842e74a5cfcbf59217c4e1d85f7cf2fd11e09dc5ef429f8510965e0835d00,convolution,ONNX-MLIR LLVM,"onnx-mlir version 0.4.2, onnx version 1.21.0 (https://github.com/onnx/onnx-mlir.git 4a13c34aa695b228599d637cdb772c19b4b18dba)",onnx-mlir-llvm,true,,61,1,1060125,2.086162567138672e-07,0.0026082201442760326,4a0ac8b0d76733b60e8fd52759a81bd7481cab0f551d369e881c891484e066aa,8b83a4d9d628a9251dc9648f115f2ffb127a859743a5b3611f62f69571978487,true,20270982
conv-stem,2fa842e74a5cfcbf59217c4e1d85f7cf2fd11e09dc5ef429f8510965e0835d00,convolution,ONNX-MLIR LLVM,"onnx-mlir version 0.4.2, onnx version 1.21.0 (https://github.com/onnx/onnx-mlir.git 4a13c34aa695b228599d637cdb772c19b4b18dba)",onnx-mlir-llvm,true,,62,1,1051167,2.086162567138672e-07,0.0026082201442760326,4a0ac8b0d76733b60e8fd52759a81bd7481cab0f551d369e881c891484e066aa,8b83a4d9d628a9251dc9648f115f2ffb127a859743a5b3611f62f69571978487,true,20270983
conv-stem,2fa842e74a5cfcbf59217c4e1d85f7cf2fd11e09dc5ef429f8510965e0835d00,convolution,ONNX-MLIR LLVM,"onnx-mlir version 0.4.2, onnx version 1.21.0 (https://github.com/onnx/onnx-mlir.git 4a13c34aa695b228599d637cdb772c19b4b18dba)",onnx-mlir-llvm,true,,63,1,1060459,2.086162567138672e-07,0.0026082201442760326,4a0ac8b0d76733b60e8fd52759a81bd7481cab0f551d369e881c891484e066aa,8b83a4d9d628a9251dc9648f115f2ffb127a859743a5b3611f62f69571978487,true,20270984
conv-stem,2fa842e74a5cfcbf59217c4e1d85f7cf2fd11e09dc5ef429f8510965e0835d00,convolution,ONNX-MLIR LLVM,"onnx-mlir version 0.4.2, onnx version 1.21.0 (https://github.com/onnx/onnx-mlir.git 4a13c34aa695b228599d637cdb772c19b4b18dba)",onnx-mlir-llvm,true,,64,1,1050042,2.086162567138672e-07,0.0026082201442760326,4a0ac8b0d76733b60e8fd52759a81bd7481cab0f551d369e881c891484e066aa,8b83a4d9d628a9251dc9648f115f2ffb127a859743a5b3611f62f69571978487,true,20270985
conv-stem,2fa842e74a5cfcbf59217c4e1d85f7cf2fd11e09dc5ef429f8510965e0835d00,convolution,ONNX-MLIR LLVM,"onnx-mlir version 0.4.2, onnx version 1.21.0 (https://github.com/onnx/onnx-mlir.git 4a13c34aa695b228599d637cdb772c19b4b18dba)",onnx-mlir-llvm,true,,65,1,1055708,2.086162567138672e-07,0.0026082201442760326,4a0ac8b0d76733b60e8fd52759a81bd7481cab0f551d369e881c891484e066aa,8b83a4d9d628a9251dc9648f115f2ffb127a859743a5b3611f62f69571978487,true,20270986
conv-stem,2fa842e74a5cfcbf59217c4e1d85f7cf2fd11e09dc5ef429f8510965e0835d00,convolution,ONNX-MLIR LLVM,"onnx-mlir version 0.4.2, onnx version 1.21.0 (https://github.com/onnx/onnx-mlir.git 4a13c34aa695b228599d637cdb772c19b4b18dba)",onnx-mlir-llvm,true,,66,1,1053583,2.086162567138672e-07,0.0026082201442760326,4a0ac8b0d76733b60e8fd52759a81bd7481cab0f551d369e881c891484e066aa,8b83a4d9d628a9251dc9648f115f2ffb127a859743a5b3611f62f69571978487,true,20270987
conv-stem,2fa842e74a5cfcbf59217c4e1d85f7cf2fd11e09dc5ef429f8510965e0835d00,convolution,ONNX-MLIR LLVM,"onnx-mlir version 0.4.2, onnx version 1.21.0 (https://github.com/onnx/onnx-mlir.git 4a13c34aa695b228599d637cdb772c19b4b18dba)",onnx-mlir-llvm,true,,67,1,1090667,2.086162567138672e-07,0.0026082201442760326,4a0ac8b0d76733b60e8fd52759a81bd7481cab0f551d369e881c891484e066aa,8b83a4d9d628a9251dc9648f115f2ffb127a859743a5b3611f62f69571978487,true,20270988
conv-stem,2fa842e74a5cfcbf59217c4e1d85f7cf2fd11e09dc5ef429f8510965e0835d00,convolution,ONNX-MLIR LLVM,"onnx-mlir version 0.4.2, onnx version 1.21.0 (https://github.com/onnx/onnx-mlir.git 4a13c34aa695b228599d637cdb772c19b4b18dba)",onnx-mlir-llvm,true,,68,1,1086125,2.086162567138672e-07,0.0026082201442760326,4a0ac8b0d76733b60e8fd52759a81bd7481cab0f551d369e881c891484e066aa,8b83a4d9d628a9251dc9648f115f2ffb127a859743a5b3611f62f69571978487,true,20270989
conv-stem,2fa842e74a5cfcbf59217c4e1d85f7cf2fd11e09dc5ef429f8510965e0835d00,convolution,ONNX-MLIR LLVM,"onnx-mlir version 0.4.2, onnx version 1.21.0 (https://github.com/onnx/onnx-mlir.git 4a13c34aa695b228599d637cdb772c19b4b18dba)",onnx-mlir-llvm,true,,69,1,1032625,2.086162567138672e-07,0.0026082201442760326,4a0ac8b0d76733b60e8fd52759a81bd7481cab0f551d369e881c891484e066aa,8b83a4d9d628a9251dc9648f115f2ffb127a859743a5b3611f62f69571978487,true,20270990
conv-stem,2fa842e74a5cfcbf59217c4e1d85f7cf2fd11e09dc5ef429f8510965e0835d00,convolution,ONNX-MLIR LLVM,"onnx-mlir version 0.4.2, onnx version 1.21.0 (https://github.com/onnx/onnx-mlir.git 4a13c34aa695b228599d637cdb772c19b4b18dba)",onnx-mlir-llvm,true,,70,1,1031750,2.086162567138672e-07,0.0026082201442760326,4a0ac8b0d76733b60e8fd52759a81bd7481cab0f551d369e881c891484e066aa,8b83a4d9d628a9251dc9648f115f2ffb127a859743a5b3611f62f69571978487,true,20270991
conv-stem,2fa842e74a5cfcbf59217c4e1d85f7cf2fd11e09dc5ef429f8510965e0835d00,convolution,ONNX-MLIR LLVM,"onnx-mlir version 0.4.2, onnx version 1.21.0 (https://github.com/onnx/onnx-mlir.git 4a13c34aa695b228599d637cdb772c19b4b18dba)",onnx-mlir-llvm,true,,71,1,1054625,2.086162567138672e-07,0.0026082201442760326,4a0ac8b0d76733b60e8fd52759a81bd7481cab0f551d369e881c891484e066aa,8b83a4d9d628a9251dc9648f115f2ffb127a859743a5b3611f62f69571978487,true,20270992
conv-stem,2fa842e74a5cfcbf59217c4e1d85f7cf2fd11e09dc5ef429f8510965e0835d00,convolution,ONNX-MLIR LLVM,"onnx-mlir version 0.4.2, onnx version 1.21.0 (https://github.com/onnx/onnx-mlir.git 4a13c34aa695b228599d637cdb772c19b4b18dba)",onnx-mlir-llvm,true,,72,1,1066583,2.086162567138672e-07,0.0026082201442760326,4a0ac8b0d76733b60e8fd52759a81bd7481cab0f551d369e881c891484e066aa,8b83a4d9d628a9251dc9648f115f2ffb127a859743a5b3611f62f69571978487,true,20270993
conv-stem,2fa842e74a5cfcbf59217c4e1d85f7cf2fd11e09dc5ef429f8510965e0835d00,convolution,ONNX-MLIR LLVM,"onnx-mlir version 0.4.2, onnx version 1.21.0 (https://github.com/onnx/onnx-mlir.git 4a13c34aa695b228599d637cdb772c19b4b18dba)",onnx-mlir-llvm,true,,73,1,1092916,2.086162567138672e-07,0.0026082201442760326,4a0ac8b0d76733b60e8fd52759a81bd7481cab0f551d369e881c891484e066aa,8b83a4d9d628a9251dc9648f115f2ffb127a859743a5b3611f62f69571978487,true,20270994
conv-stem,2fa842e74a5cfcbf59217c4e1d85f7cf2fd11e09dc5ef429f8510965e0835d00,convolution,ONNX-MLIR LLVM,"onnx-mlir version 0.4.2, onnx version 1.21.0 (https://github.com/onnx/onnx-mlir.git 4a13c34aa695b228599d637cdb772c19b4b18dba)",onnx-mlir-llvm,true,,74,1,1060291,2.086162567138672e-07,0.0026082201442760326,4a0ac8b0d76733b60e8fd52759a81bd7481cab0f551d369e881c891484e066aa,8b83a4d9d628a9251dc9648f115f2ffb127a859743a5b3611f62f69571978487,true,20270995
conv-stem,2fa842e74a5cfcbf59217c4e1d85f7cf2fd11e09dc5ef429f8510965e0835d00,convolution,ONNX-MLIR LLVM,"onnx-mlir version 0.4.2, onnx version 1.21.0 (https://github.com/onnx/onnx-mlir.git 4a13c34aa695b228599d637cdb772c19b4b18dba)",onnx-mlir-llvm,true,,75,1,1064209,2.086162567138672e-07,0.0026082201442760326,4a0ac8b0d76733b60e8fd52759a81bd7481cab0f551d369e881c891484e066aa,8b83a4d9d628a9251dc9648f115f2ffb127a859743a5b3611f62f69571978487,true,20270996
conv-stem,2fa842e74a5cfcbf59217c4e1d85f7cf2fd11e09dc5ef429f8510965e0835d00,convolution,ONNX-MLIR LLVM,"onnx-mlir version 0.4.2, onnx version 1.21.0 (https://github.com/onnx/onnx-mlir.git 4a13c34aa695b228599d637cdb772c19b4b18dba)",onnx-mlir-llvm,true,,76,1,1049041,2.086162567138672e-07,0.0026082201442760326,4a0ac8b0d76733b60e8fd52759a81bd7481cab0f551d369e881c891484e066aa,8b83a4d9d628a9251dc9648f115f2ffb127a859743a5b3611f62f69571978487,true,20270997
conv-stem,2fa842e74a5cfcbf59217c4e1d85f7cf2fd11e09dc5ef429f8510965e0835d00,convolution,ONNX-MLIR LLVM,"onnx-mlir version 0.4.2, onnx version 1.21.0 (https://github.com/onnx/onnx-mlir.git 4a13c34aa695b228599d637cdb772c19b4b18dba)",onnx-mlir-llvm,true,,77,1,1034208,2.086162567138672e-07,0.0026082201442760326,4a0ac8b0d76733b60e8fd52759a81bd7481cab0f551d369e881c891484e066aa,8b83a4d9d628a9251dc9648f115f2ffb127a859743a5b3611f62f69571978487,true,20270998
conv-stem,2fa842e74a5cfcbf59217c4e1d85f7cf2fd11e09dc5ef429f8510965e0835d00,convolution,ONNX-MLIR LLVM,"onnx-mlir version 0.4.2, onnx version 1.21.0 (https://github.com/onnx/onnx-mlir.git 4a13c34aa695b228599d637cdb772c19b4b18dba)",onnx-mlir-llvm,true,,78,1,1046375,2.086162567138672e-07,0.0026082201442760326,4a0ac8b0d76733b60e8fd52759a81bd7481cab0f551d369e881c891484e066aa,8b83a4d9d628a9251dc9648f115f2ffb127a859743a5b3611f62f69571978487,true,20270999
conv-stem,2fa842e74a5cfcbf59217c4e1d85f7cf2fd11e09dc5ef429f8510965e0835d00,convolution,ONNX-MLIR LLVM,"onnx-mlir version 0.4.2, onnx version 1.21.0 (https://github.com/onnx/onnx-mlir.git 4a13c34aa695b228599d637cdb772c19b4b18dba)",onnx-mlir-llvm,true,,79,1,1031542,2.086162567138672e-07,0.0026082201442760326,4a0ac8b0d76733b60e8fd52759a81bd7481cab0f551d369e881c891484e066aa,8b83a4d9d628a9251dc9648f115f2ffb127a859743a5b3611f62f69571978487,true,20271000
conv-stem,2fa842e74a5cfcbf59217c4e1d85f7cf2fd11e09dc5ef429f8510965e0835d00,convolution,ONNX-MLIR LLVM,"onnx-mlir version 0.4.2, onnx version 1.21.0 (https://github.com/onnx/onnx-mlir.git 4a13c34aa695b228599d637cdb772c19b4b18dba)",onnx-mlir-llvm,true,,80,1,1034458,2.086162567138672e-07,0.0026082201442760326,4a0ac8b0d76733b60e8fd52759a81bd7481cab0f551d369e881c891484e066aa,8b83a4d9d628a9251dc9648f115f2ffb127a859743a5b3611f62f69571978487,true,20271001
conv-stem,2fa842e74a5cfcbf59217c4e1d85f7cf2fd11e09dc5ef429f8510965e0835d00,convolution,ONNX-MLIR LLVM,"onnx-mlir version 0.4.2, onnx version 1.21.0 (https://github.com/onnx/onnx-mlir.git 4a13c34aa695b228599d637cdb772c19b4b18dba)",onnx-mlir-llvm,true,,81,1,1074166,2.086162567138672e-07,0.0026082201442760326,4a0ac8b0d76733b60e8fd52759a81bd7481cab0f551d369e881c891484e066aa,8b83a4d9d628a9251dc9648f115f2ffb127a859743a5b3611f62f69571978487,true,20271002
conv-stem,2fa842e74a5cfcbf59217c4e1d85f7cf2fd11e09dc5ef429f8510965e0835d00,convolution,ONNX-MLIR LLVM,"onnx-mlir version 0.4.2, onnx version 1.21.0 (https://github.com/onnx/onnx-mlir.git 4a13c34aa695b228599d637cdb772c19b4b18dba)",onnx-mlir-llvm,true,,82,1,1055542,2.086162567138672e-07,0.0026082201442760326,4a0ac8b0d76733b60e8fd52759a81bd7481cab0f551d369e881c891484e066aa,8b83a4d9d628a9251dc9648f115f2ffb127a859743a5b3611f62f69571978487,true,20271003
conv-stem,2fa842e74a5cfcbf59217c4e1d85f7cf2fd11e09dc5ef429f8510965e0835d00,convolution,ONNX-MLIR LLVM,"onnx-mlir version 0.4.2, onnx version 1.21.0 (https://github.com/onnx/onnx-mlir.git 4a13c34aa695b228599d637cdb772c19b4b18dba)",onnx-mlir-llvm,true,,83,1,1041291,2.086162567138672e-07,0.0026082201442760326,4a0ac8b0d76733b60e8fd52759a81bd7481cab0f551d369e881c891484e066aa,8b83a4d9d628a9251dc9648f115f2ffb127a859743a5b3611f62f69571978487,true,20271004
conv-stem,2fa842e74a5cfcbf59217c4e1d85f7cf2fd11e09dc5ef429f8510965e0835d00,convolution,ONNX-MLIR LLVM,"onnx-mlir version 0.4.2, onnx version 1.21.0 (https://github.com/onnx/onnx-mlir.git 4a13c34aa695b228599d637cdb772c19b4b18dba)",onnx-mlir-llvm,true,,84,1,1032709,2.086162567138672e-07,0.0026082201442760326,4a0ac8b0d76733b60e8fd52759a81bd7481cab0f551d369e881c891484e066aa,8b83a4d9d628a9251dc9648f115f2ffb127a859743a5b3611f62f69571978487,true,20271005
conv-stem,2fa842e74a5cfcbf59217c4e1d85f7cf2fd11e09dc5ef429f8510965e0835d00,convolution,ONNX-MLIR LLVM,"onnx-mlir version 0.4.2, onnx version 1.21.0 (https://github.com/onnx/onnx-mlir.git 4a13c34aa695b228599d637cdb772c19b4b18dba)",onnx-mlir-llvm,true,,85,1,1052042,2.086162567138672e-07,0.0026082201442760326,4a0ac8b0d76733b60e8fd52759a81bd7481cab0f551d369e881c891484e066aa,8b83a4d9d628a9251dc9648f115f2ffb127a859743a5b3611f62f69571978487,true,20271006
conv-stem,2fa842e74a5cfcbf59217c4e1d85f7cf2fd11e09dc5ef429f8510965e0835d00,convolution,ONNX-MLIR LLVM,"onnx-mlir version 0.4.2, onnx version 1.21.0 (https://github.com/onnx/onnx-mlir.git 4a13c34aa695b228599d637cdb772c19b4b18dba)",onnx-mlir-llvm,true,,86,1,1050625,2.086162567138672e-07,0.0026082201442760326,4a0ac8b0d76733b60e8fd52759a81bd7481cab0f551d369e881c891484e066aa,8b83a4d9d628a9251dc9648f115f2ffb127a859743a5b3611f62f69571978487,true,20271007
conv-stem,2fa842e74a5cfcbf59217c4e1d85f7cf2fd11e09dc5ef429f8510965e0835d00,convolution,ONNX-MLIR LLVM,"onnx-mlir version 0.4.2, onnx version 1.21.0 (https://github.com/onnx/onnx-mlir.git 4a13c34aa695b228599d637cdb772c19b4b18dba)",onnx-mlir-llvm,true,,87,1,1036375,2.086162567138672e-07,0.0026082201442760326,4a0ac8b0d76733b60e8fd52759a81bd7481cab0f551d369e881c891484e066aa,8b83a4d9d628a9251dc9648f115f2ffb127a859743a5b3611f62f69571978487,true,20271008
conv-stem,2fa842e74a5cfcbf59217c4e1d85f7cf2fd11e09dc5ef429f8510965e0835d00,convolution,ONNX-MLIR LLVM,"onnx-mlir version 0.4.2, onnx version 1.21.0 (https://github.com/onnx/onnx-mlir.git 4a13c34aa695b228599d637cdb772c19b4b18dba)",onnx-mlir-llvm,true,,88,1,1054208,2.086162567138672e-07,0.0026082201442760326,4a0ac8b0d76733b60e8fd52759a81bd7481cab0f551d369e881c891484e066aa,8b83a4d9d628a9251dc9648f115f2ffb127a859743a5b3611f62f69571978487,true,20271009
conv-stem,2fa842e74a5cfcbf59217c4e1d85f7cf2fd11e09dc5ef429f8510965e0835d00,convolution,ONNX-MLIR LLVM,"onnx-mlir version 0.4.2, onnx version 1.21.0 (https://github.com/onnx/onnx-mlir.git 4a13c34aa695b228599d637cdb772c19b4b18dba)",onnx-mlir-llvm,true,,89,1,1082791,2.086162567138672e-07,0.0026082201442760326,4a0ac8b0d76733b60e8fd52759a81bd7481cab0f551d369e881c891484e066aa,8b83a4d9d628a9251dc9648f115f2ffb127a859743a5b3611f62f69571978487,true,20271010
conv-stem,2fa842e74a5cfcbf59217c4e1d85f7cf2fd11e09dc5ef429f8510965e0835d00,convolution,ONNX-MLIR LLVM,"onnx-mlir version 0.4.2, onnx version 1.21.0 (https://github.com/onnx/onnx-mlir.git 4a13c34aa695b228599d637cdb772c19b4b18dba)",onnx-mlir-llvm,true,,90,1,1111292,2.086162567138672e-07,0.0026082201442760326,4a0ac8b0d76733b60e8fd52759a81bd7481cab0f551d369e881c891484e066aa,8b83a4d9d628a9251dc9648f115f2ffb127a859743a5b3611f62f69571978487,true,20271011
conv-stem,2fa842e74a5cfcbf59217c4e1d85f7cf2fd11e09dc5ef429f8510965e0835d00,convolution,ONNX-MLIR LLVM,"onnx-mlir version 0.4.2, onnx version 1.21.0 (https://github.com/onnx/onnx-mlir.git 4a13c34aa695b228599d637cdb772c19b4b18dba)",onnx-mlir-llvm,true,,91,1,1039583,2.086162567138672e-07,0.0026082201442760326,4a0ac8b0d76733b60e8fd52759a81bd7481cab0f551d369e881c891484e066aa,8b83a4d9d628a9251dc9648f115f2ffb127a859743a5b3611f62f69571978487,true,20271012
conv-stem,2fa842e74a5cfcbf59217c4e1d85f7cf2fd11e09dc5ef429f8510965e0835d00,convolution,ONNX-MLIR LLVM,"onnx-mlir version 0.4.2, onnx version 1.21.0 (https://github.com/onnx/onnx-mlir.git 4a13c34aa695b228599d637cdb772c19b4b18dba)",onnx-mlir-llvm,true,,92,1,1048375,2.086162567138672e-07,0.0026082201442760326,4a0ac8b0d76733b60e8fd52759a81bd7481cab0f551d369e881c891484e066aa,8b83a4d9d628a9251dc9648f115f2ffb127a859743a5b3611f62f69571978487,true,20271013
conv-stem,2fa842e74a5cfcbf59217c4e1d85f7cf2fd11e09dc5ef429f8510965e0835d00,convolution,ONNX-MLIR LLVM,"onnx-mlir version 0.4.2, onnx version 1.21.0 (https://github.com/onnx/onnx-mlir.git 4a13c34aa695b228599d637cdb772c19b4b18dba)",onnx-mlir-llvm,true,,93,1,1028000,2.086162567138672e-07,0.0026082201442760326,4a0ac8b0d76733b60e8fd52759a81bd7481cab0f551d369e881c891484e066aa,8b83a4d9d628a9251dc9648f115f2ffb127a859743a5b3611f62f69571978487,true,20271014
conv-stem,2fa842e74a5cfcbf59217c4e1d85f7cf2fd11e09dc5ef429f8510965e0835d00,convolution,ONNX-MLIR LLVM,"onnx-mlir version 0.4.2, onnx version 1.21.0 (https://github.com/onnx/onnx-mlir.git 4a13c34aa695b228599d637cdb772c19b4b18dba)",onnx-mlir-llvm,true,,94,1,1041375,2.086162567138672e-07,0.0026082201442760326,4a0ac8b0d76733b60e8fd52759a81bd7481cab0f551d369e881c891484e066aa,8b83a4d9d628a9251dc9648f115f2ffb127a859743a5b3611f62f69571978487,true,20271015
conv-stem,2fa842e74a5cfcbf59217c4e1d85f7cf2fd11e09dc5ef429f8510965e0835d00,convolution,ONNX-MLIR LLVM,"onnx-mlir version 0.4.2, onnx version 1.21.0 (https://github.com/onnx/onnx-mlir.git 4a13c34aa695b228599d637cdb772c19b4b18dba)",onnx-mlir-llvm,true,,95,1,1030000,2.086162567138672e-07,0.0026082201442760326,4a0ac8b0d76733b60e8fd52759a81bd7481cab0f551d369e881c891484e066aa,8b83a4d9d628a9251dc9648f115f2ffb127a859743a5b3611f62f69571978487,true,20271016
conv-stem,2fa842e74a5cfcbf59217c4e1d85f7cf2fd11e09dc5ef429f8510965e0835d00,convolution,ONNX-MLIR LLVM,"onnx-mlir version 0.4.2, onnx version 1.21.0 (https://github.com/onnx/onnx-mlir.git 4a13c34aa695b228599d637cdb772c19b4b18dba)",onnx-mlir-llvm,true,,96,1,1023708,2.086162567138672e-07,0.0026082201442760326,4a0ac8b0d76733b60e8fd52759a81bd7481cab0f551d369e881c891484e066aa,8b83a4d9d628a9251dc9648f115f2ffb127a859743a5b3611f62f69571978487,true,20271017
conv-stem,2fa842e74a5cfcbf59217c4e1d85f7cf2fd11e09dc5ef429f8510965e0835d00,convolution,ONNX-MLIR LLVM,"onnx-mlir version 0.4.2, onnx version 1.21.0 (https://github.com/onnx/onnx-mlir.git 4a13c34aa695b228599d637cdb772c19b4b18dba)",onnx-mlir-llvm,true,,97,1,1077000,2.086162567138672e-07,0.0026082201442760326,4a0ac8b0d76733b60e8fd52759a81bd7481cab0f551d369e881c891484e066aa,8b83a4d9d628a9251dc9648f115f2ffb127a859743a5b3611f62f69571978487,true,20271018
conv-stem,2fa842e74a5cfcbf59217c4e1d85f7cf2fd11e09dc5ef429f8510965e0835d00,convolution,ONNX-MLIR LLVM,"onnx-mlir version 0.4.2, onnx version 1.21.0 (https://github.com/onnx/onnx-mlir.git 4a13c34aa695b228599d637cdb772c19b4b18dba)",onnx-mlir-llvm,true,,98,1,1047333,2.086162567138672e-07,0.0026082201442760326,4a0ac8b0d76733b60e8fd52759a81bd7481cab0f551d369e881c891484e066aa,8b83a4d9d628a9251dc9648f115f2ffb127a859743a5b3611f62f69571978487,true,20271019
conv-stem,2fa842e74a5cfcbf59217c4e1d85f7cf2fd11e09dc5ef429f8510965e0835d00,convolution,ONNX-MLIR LLVM,"onnx-mlir version 0.4.2, onnx version 1.21.0 (https://github.com/onnx/onnx-mlir.git 4a13c34aa695b228599d637cdb772c19b4b18dba)",onnx-mlir-llvm,true,,99,1,1027500,2.086162567138672e-07,0.0026082201442760326,4a0ac8b0d76733b60e8fd52759a81bd7481cab0f551d369e881c891484e066aa,8b83a4d9d628a9251dc9648f115f2ffb127a859743a5b3611f62f69571978487,true,20271020
red-mean-spatial,2fa842e74a5cfcbf59217c4e1d85f7cf2fd11e09dc5ef429f8510965e0835d00,reduction,ONNX-MLIR LLVM,"onnx-mlir version 0.4.2, onnx version 1.21.0 (https://github.com/onnx/onnx-mlir.git 4a13c34aa695b228599d637cdb772c19b4b18dba)",onnx-mlir-llvm,true,,0,50,211072,4.0978193283081055e-08,0.00023999555503640937,6f705e66b424686dfa48e7d75af6b16b1ad4bdbaaf88dc56b54ba1bd8f47ab7e,4728a5b97d3adc09f9f78e1d31405eeccf1b1f4839b7da4d5141e1e6f057f297,true,20270921
red-mean-spatial,2fa842e74a5cfcbf59217c4e1d85f7cf2fd11e09dc5ef429f8510965e0835d00,reduction,ONNX-MLIR LLVM,"onnx-mlir version 0.4.2, onnx version 1.21.0 (https://github.com/onnx/onnx-mlir.git 4a13c34aa695b228599d637cdb772c19b4b18dba)",onnx-mlir-llvm,true,,1,50,235684,4.0978193283081055e-08,0.00023999555503640937,6f705e66b424686dfa48e7d75af6b16b1ad4bdbaaf88dc56b54ba1bd8f47ab7e,4728a5b97d3adc09f9f78e1d31405eeccf1b1f4839b7da4d5141e1e6f057f297,true,20270922
red-mean-spatial,2fa842e74a5cfcbf59217c4e1d85f7cf2fd11e09dc5ef429f8510965e0835d00,reduction,ONNX-MLIR LLVM,"onnx-mlir version 0.4.2, onnx version 1.21.0 (https://github.com/onnx/onnx-mlir.git 4a13c34aa695b228599d637cdb772c19b4b18dba)",onnx-mlir-llvm,true,,2,50,182665,4.0978193283081055e-08,0.00023999555503640937,6f705e66b424686dfa48e7d75af6b16b1ad4bdbaaf88dc56b54ba1bd8f47ab7e,4728a5b97d3adc09f9f78e1d31405eeccf1b1f4839b7da4d5141e1e6f057f297,true,20270923
red-mean-spatial,2fa842e74a5cfcbf59217c4e1d85f7cf2fd11e09dc5ef429f8510965e0835d00,reduction,ONNX-MLIR LLVM,"onnx-mlir version 0.4.2, onnx version 1.21.0 (https://github.com/onnx/onnx-mlir.git 4a13c34aa695b228599d637cdb772c19b4b18dba)",onnx-mlir-llvm,true,,3,50,155741,4.0978193283081055e-08,0.00023999555503640937,6f705e66b424686dfa48e7d75af6b16b1ad4bdbaaf88dc56b54ba1bd8f47ab7e,4728a5b97d3adc09f9f78e1d31405eeccf1b1f4839b7da4d5141e1e6f057f297,true,20270924
red-mean-spatial,2fa842e74a5cfcbf59217c4e1d85f7cf2fd11e09dc5ef429f8510965e0835d00,reduction,ONNX-MLIR LLVM,"onnx-mlir version 0.4.2, onnx version 1.21.0 (https://github.com/onnx/onnx-mlir.git 4a13c34aa695b228599d637cdb772c19b4b18dba)",onnx-mlir-llvm,true,,4,50,139298,4.0978193283081055e-08,0.00023999555503640937,6f705e66b424686dfa48e7d75af6b16b1ad4bdbaaf88dc56b54ba1bd8f47ab7e,4728a5b97d3adc09f9f78e1d31405eeccf1b1f4839b7da4d5141e1e6f057f297,true,20270925
red-mean-spatial,2fa842e74a5cfcbf59217c4e1d85f7cf2fd11e09dc5ef429f8510965e0835d00,reduction,ONNX-MLIR LLVM,"onnx-mlir version 0.4.2, onnx version 1.21.0 (https://github.com/onnx/onnx-mlir.git 4a13c34aa695b228599d637cdb772c19b4b18dba)",onnx-mlir-llvm,true,,5,50,128730,4.0978193283081055e-08,0.00023999555503640937,6f705e66b424686dfa48e7d75af6b16b1ad4bdbaaf88dc56b54ba1bd8f47ab7e,4728a5b97d3adc09f9f78e1d31405eeccf1b1f4839b7da4d5141e1e6f057f297,true,20270926
red-mean-spatial,2fa842e74a5cfcbf59217c4e1d85f7cf2fd11e09dc5ef429f8510965e0835d00,reduction,ONNX-MLIR LLVM,"onnx-mlir version 0.4.2, onnx version 1.21.0 (https://github.com/onnx/onnx-mlir.git 4a13c34aa695b228599d637cdb772c19b4b18dba)",onnx-mlir-llvm,true,,6,50,120897,4.0978193283081055e-08,0.00023999555503640937,6f705e66b424686dfa48e7d75af6b16b1ad4bdbaaf88dc56b54ba1bd8f47ab7e,4728a5b97d3adc09f9f78e1d31405eeccf1b1f4839b7da4d5141e1e6f057f297,true,20270927
red-mean-spatial,2fa842e74a5cfcbf59217c4e1d85f7cf2fd11e09dc5ef429f8510965e0835d00,reduction,ONNX-MLIR LLVM,"onnx-mlir version 0.4.2, onnx version 1.21.0 (https://github.com/onnx/onnx-mlir.git 4a13c34aa695b228599d637cdb772c19b4b18dba)",onnx-mlir-llvm,true,,7,50,114921,4.0978193283081055e-08,0.00023999555503640937,6f705e66b424686dfa48e7d75af6b16b1ad4bdbaaf88dc56b54ba1bd8f47ab7e,4728a5b97d3adc09f9f78e1d31405eeccf1b1f4839b7da4d5141e1e6f057f297,true,20270928
red-mean-spatial,2fa842e74a5cfcbf59217c4e1d85f7cf2fd11e09dc5ef429f8510965e0835d00,reduction,ONNX-MLIR LLVM,"onnx-mlir version 0.4.2, onnx version 1.21.0 (https://github.com/onnx/onnx-mlir.git 4a13c34aa695b228599d637cdb772c19b4b18dba)",onnx-mlir-llvm,true,,8,50,113266,4.0978193283081055e-08,0.00023999555503640937,6f705e66b424686dfa48e7d75af6b16b1ad4bdbaaf88dc56b54ba1bd8f47ab7e,4728a5b97d3adc09f9f78e1d31405eeccf1b1f4839b7da4d5141e1e6f057f297,true,20270929
red-mean-spatial,2fa842e74a5cfcbf59217c4e1d85f7cf2fd11e09dc5ef429f8510965e0835d00,reduction,ONNX-MLIR LLVM,"onnx-mlir version 0.4.2, onnx version 1.21.0 (https://github.com/onnx/onnx-mlir.git 4a13c34aa695b228599d637cdb772c19b4b18dba)",onnx-mlir-llvm,true,,9,50,107480,4.0978193283081055e-08,0.00023999555503640937,6f705e66b424686dfa48e7d75af6b16b1ad4bdbaaf88dc56b54ba1bd8f47ab7e,4728a5b97d3adc09f9f78e1d31405eeccf1b1f4839b7da4d5141e1e6f057f297,true,20270930
red-mean-spatial,2fa842e74a5cfcbf59217c4e1d85f7cf2fd11e09dc5ef429f8510965e0835d00,reduction,ONNX-MLIR LLVM,"onnx-mlir version 0.4.2, onnx version 1.21.0 (https://github.com/onnx/onnx-mlir.git 4a13c34aa695b228599d637cdb772c19b4b18dba)",onnx-mlir-llvm,true,,10,50,105575,4.0978193283081055e-08,0.00023999555503640937,6f705e66b424686dfa48e7d75af6b16b1ad4bdbaaf88dc56b54ba1bd8f47ab7e,4728a5b97d3adc09f9f78e1d31405eeccf1b1f4839b7da4d5141e1e6f057f297,true,20270931
red-mean-spatial,2fa842e74a5cfcbf59217c4e1d85f7cf2fd11e09dc5ef429f8510965e0835d00,reduction,ONNX-MLIR LLVM,"onnx-mlir version 0.4.2, onnx version 1.21.0 (https://github.com/onnx/onnx-mlir.git 4a13c34aa695b228599d637cdb772c19b4b18dba)",onnx-mlir-llvm,true,,11,50,102420,4.0978193283081055e-08,0.00023999555503640937,6f705e66b424686dfa48e7d75af6b16b1ad4bdbaaf88dc56b54ba1bd8f47ab7e,4728a5b97d3adc09f9f78e1d31405eeccf1b1f4839b7da4d5141e1e6f057f297,true,20270932
red-mean-spatial,2fa842e74a5cfcbf59217c4e1d85f7cf2fd11e09dc5ef429f8510965e0835d00,reduction,ONNX-MLIR LLVM,"onnx-mlir version 0.4.2, onnx version 1.21.0 (https://github.com/onnx/onnx-mlir.git 4a13c34aa695b228599d637cdb772c19b4b18dba)",onnx-mlir-llvm,true,,12,50,101146,4.0978193283081055e-08,0.00023999555503640937,6f705e66b424686dfa48e7d75af6b16b1ad4bdbaaf88dc56b54ba1bd8f47ab7e,4728a5b97d3adc09f9f78e1d31405eeccf1b1f4839b7da4d5141e1e6f057f297,true,20270933
red-mean-spatial,2fa842e74a5cfcbf59217c4e1d85f7cf2fd11e09dc5ef429f8510965e0835d00,reduction,ONNX-MLIR LLVM,"onnx-mlir version 0.4.2, onnx version 1.21.0 (https://github.com/onnx/onnx-mlir.git 4a13c34aa695b228599d637cdb772c19b4b18dba)",onnx-mlir-llvm,true,,13,50,101135,4.0978193283081055e-08,0.00023999555503640937,6f705e66b424686dfa48e7d75af6b16b1ad4bdbaaf88dc56b54ba1bd8f47ab7e,4728a5b97d3adc09f9f78e1d31405eeccf1b1f4839b7da4d5141e1e6f057f297,true,20270934
red-mean-spatial,2fa842e74a5cfcbf59217c4e1d85f7cf2fd11e09dc5ef429f8510965e0835d00,reduction,ONNX-MLIR LLVM,"onnx-mlir version 0.4.2, onnx version 1.21.0 (https://github.com/onnx/onnx-mlir.git 4a13c34aa695b228599d637cdb772c19b4b18dba)",onnx-mlir-llvm,true,,14,50,102165,4.0978193283081055e-08,0.00023999555503640937,6f705e66b424686dfa48e7d75af6b16b1ad4bdbaaf88dc56b54ba1bd8f47ab7e,4728a5b97d3adc09f9f78e1d31405eeccf1b1f4839b7da4d5141e1e6f057f297,true,20270935
red-mean-spatial,2fa842e74a5cfcbf59217c4e1d85f7cf2fd11e09dc5ef429f8510965e0835d00,reduction,ONNX-MLIR LLVM,"onnx-mlir version 0.4.2, onnx version 1.21.0 (https://github.com/onnx/onnx-mlir.git 4a13c34aa695b228599d637cdb772c19b4b18dba)",onnx-mlir-llvm,true,,15,50,101278,4.0978193283081055e-08,0.00023999555503640937,6f705e66b424686dfa48e7d75af6b16b1ad4bdbaaf88dc56b54ba1bd8f47ab7e,4728a5b97d3adc09f9f78e1d31405eeccf1b1f4839b7da4d5141e1e6f057f297,true,20270936
red-mean-spatial,2fa842e74a5cfcbf59217c4e1d85f7cf2fd11e09dc5ef429f8510965e0835d00,reduction,ONNX-MLIR LLVM,"onnx-mlir version 0.4.2, onnx version 1.21.0 (https://github.com/onnx/onnx-mlir.git 4a13c34aa695b228599d637cdb772c19b4b18dba)",onnx-mlir-llvm,true,,16,50,101505,4.0978193283081055e-08,0.00023999555503640937,6f705e66b424686dfa48e7d75af6b16b1ad4bdbaaf88dc56b54ba1bd8f47ab7e,4728a5b97d3adc09f9f78e1d31405eeccf1b1f4839b7da4d5141e1e6f057f297,true,20270937
red-mean-spatial,2fa842e74a5cfcbf59217c4e1d85f7cf2fd11e09dc5ef429f8510965e0835d00,reduction,ONNX-MLIR LLVM,"onnx-mlir version 0.4.2, onnx version 1.21.0 (https://github.com/onnx/onnx-mlir.git 4a13c34aa695b228599d637cdb772c19b4b18dba)",onnx-mlir-llvm,true,,17,50,100809,4.0978193283081055e-08,0.00023999555503640937,6f705e66b424686dfa48e7d75af6b16b1ad4bdbaaf88dc56b54ba1bd8f47ab7e,4728a5b97d3adc09f9f78e1d31405eeccf1b1f4839b7da4d5141e1e6f057f297,true,20270938
red-mean-spatial,2fa842e74a5cfcbf59217c4e1d85f7cf2fd11e09dc5ef429f8510965e0835d00,reduction,ONNX-MLIR LLVM,"onnx-mlir version 0.4.2, onnx version 1.21.0 (https://github.com/onnx/onnx-mlir.git 4a13c34aa695b228599d637cdb772c19b4b18dba)",onnx-mlir-llvm,true,,18,50,101047,4.0978193283081055e-08,0.00023999555503640937,6f705e66b424686dfa48e7d75af6b16b1ad4bdbaaf88dc56b54ba1bd8f47ab7e,4728a5b97d3adc09f9f78e1d31405eeccf1b1f4839b7da4d5141e1e6f057f297,true,20270939
red-mean-spatial,2fa842e74a5cfcbf59217c4e1d85f7cf2fd11e09dc5ef429f8510965e0835d00,reduction,ONNX-MLIR LLVM,"onnx-mlir version 0.4.2, onnx version 1.21.0 (https://github.com/onnx/onnx-mlir.git 4a13c34aa695b228599d637cdb772c19b4b18dba)",onnx-mlir-llvm,true,,19,50,102355,4.0978193283081055e-08,0.00023999555503640937,6f705e66b424686dfa48e7d75af6b16b1ad4bdbaaf88dc56b54ba1bd8f47ab7e,4728a5b97d3adc09f9f78e1d31405eeccf1b1f4839b7da4d5141e1e6f057f297,true,20270940
red-mean-spatial,2fa842e74a5cfcbf59217c4e1d85f7cf2fd11e09dc5ef429f8510965e0835d00,reduction,ONNX-MLIR LLVM,"onnx-mlir version 0.4.2, onnx version 1.21.0 (https://github.com/onnx/onnx-mlir.git 4a13c34aa695b228599d637cdb772c19b4b18dba)",onnx-mlir-llvm,true,,20,50,102298,4.0978193283081055e-08,0.00023999555503640937,6f705e66b424686dfa48e7d75af6b16b1ad4bdbaaf88dc56b54ba1bd8f47ab7e,4728a5b97d3adc09f9f78e1d31405eeccf1b1f4839b7da4d5141e1e6f057f297,true,20270941
red-mean-spatial,2fa842e74a5cfcbf59217c4e1d85f7cf2fd11e09dc5ef429f8510965e0835d00,reduction,ONNX-MLIR LLVM,"onnx-mlir version 0.4.2, onnx version 1.21.0 (https://github.com/onnx/onnx-mlir.git 4a13c34aa695b228599d637cdb772c19b4b18dba)",onnx-mlir-llvm,true,,21,50,102739,4.0978193283081055e-08,0.00023999555503640937,6f705e66b424686dfa48e7d75af6b16b1ad4bdbaaf88dc56b54ba1bd8f47ab7e,4728a5b97d3adc09f9f78e1d31405eeccf1b1f4839b7da4d5141e1e6f057f297,true,20270942
red-mean-spatial,2fa842e74a5cfcbf59217c4e1d85f7cf2fd11e09dc5ef429f8510965e0835d00,reduction,ONNX-MLIR LLVM,"onnx-mlir version 0.4.2, onnx version 1.21.0 (https://github.com/onnx/onnx-mlir.git 4a13c34aa695b228599d637cdb772c19b4b18dba)",onnx-mlir-llvm,true,,22,50,101945,4.0978193283081055e-08,0.00023999555503640937,6f705e66b424686dfa48e7d75af6b16b1ad4bdbaaf88dc56b54ba1bd8f47ab7e,4728a5b97d3adc09f9f78e1d31405eeccf1b1f4839b7da4d5141e1e6f057f297,true,20270943
red-mean-spatial,2fa842e74a5cfcbf59217c4e1d85f7cf2fd11e09dc5ef429f8510965e0835d00,reduction,ONNX-MLIR LLVM,"onnx-mlir version 0.4.2, onnx version 1.21.0 (https://github.com/onnx/onnx-mlir.git 4a13c34aa695b228599d637cdb772c19b4b18dba)",onnx-mlir-llvm,true,,23,50,101378,4.0978193283081055e-08,0.00023999555503640937,6f705e66b424686dfa48e7d75af6b16b1ad4bdbaaf88dc56b54ba1bd8f47ab7e,4728a5b97d3adc09f9f78e1d31405eeccf1b1f4839b7da4d5141e1e6f057f297,true,20270944
red-mean-spatial,2fa842e74a5cfcbf59217c4e1d85f7cf2fd11e09dc5ef429f8510965e0835d00,reduction,ONNX-MLIR LLVM,"onnx-mlir version 0.4.2, onnx version 1.21.0 (https://github.com/onnx/onnx-mlir.git 4a13c34aa695b228599d637cdb772c19b4b18dba)",onnx-mlir-llvm,true,,24,50,101654,4.0978193283081055e-08,0.00023999555503640937,6f705e66b424686dfa48e7d75af6b16b1ad4bdbaaf88dc56b54ba1bd8f47ab7e,4728a5b97d3adc09f9f78e1d31405eeccf1b1f4839b7da4d5141e1e6f057f297,true,20270945
red-mean-spatial,2fa842e74a5cfcbf59217c4e1d85f7cf2fd11e09dc5ef429f8510965e0835d00,reduction,ONNX-MLIR LLVM,"onnx-mlir version 0.4.2, onnx version 1.21.0 (https://github.com/onnx/onnx-mlir.git 4a13c34aa695b228599d637cdb772c19b4b18dba)",onnx-mlir-llvm,true,,25,50,101401,4.0978193283081055e-08,0.00023999555503640937,6f705e66b424686dfa48e7d75af6b16b1ad4bdbaaf88dc56b54ba1bd8f47ab7e,4728a5b97d3adc09f9f78e1d31405eeccf1b1f4839b7da4d5141e1e6f057f297,true,20270946
red-mean-spatial,2fa842e74a5cfcbf59217c4e1d85f7cf2fd11e09dc5ef429f8510965e0835d00,reduction,ONNX-MLIR LLVM,"onnx-mlir version 0.4.2, onnx version 1.21.0 (https://github.com/onnx/onnx-mlir.git 4a13c34aa695b228599d637cdb772c19b4b18dba)",onnx-mlir-llvm,true,,26,50,104200,4.0978193283081055e-08,0.00023999555503640937,6f705e66b424686dfa48e7d75af6b16b1ad4bdbaaf88dc56b54ba1bd8f47ab7e,4728a5b97d3adc09f9f78e1d31405eeccf1b1f4839b7da4d5141e1e6f057f297,true,20270947
red-mean-spatial,2fa842e74a5cfcbf59217c4e1d85f7cf2fd11e09dc5ef429f8510965e0835d00,reduction,ONNX-MLIR LLVM,"onnx-mlir version 0.4.2, onnx version 1.21.0 (https://github.com/onnx/onnx-mlir.git 4a13c34aa695b228599d637cdb772c19b4b18dba)",onnx-mlir-llvm,true,,27,50,102210,4.0978193283081055e-08,0.00023999555503640937,6f705e66b424686dfa48e7d75af6b16b1ad4bdbaaf88dc56b54ba1bd8f47ab7e,4728a5b97d3adc09f9f78e1d31405eeccf1b1f4839b7da4d5141e1e6f057f297,true,20270948
red-mean-spatial,2fa842e74a5cfcbf59217c4e1d85f7cf2fd11e09dc5ef429f8510965e0835d00,reduction,ONNX-MLIR LLVM,"onnx-mlir version 0.4.2, onnx version 1.21.0 (https://github.com/onnx/onnx-mlir.git 4a13c34aa695b228599d637cdb772c19b4b18dba)",onnx-mlir-llvm,true,,28,50,102143,4.0978193283081055e-08,0.00023999555503640937,6f705e66b424686dfa48e7d75af6b16b1ad4bdbaaf88dc56b54ba1bd8f47ab7e,4728a5b97d3adc09f9f78e1d31405eeccf1b1f4839b7da4d5141e1e6f057f297,true,20270949
red-mean-spatial,2fa842e74a5cfcbf59217c4e1d85f7cf2fd11e09dc5ef429f8510965e0835d00,reduction,ONNX-MLIR LLVM,"onnx-mlir version 0.4.2, onnx version 1.21.0 (https://github.com/onnx/onnx-mlir.git 4a13c34aa695b228599d637cdb772c19b4b18dba)",onnx-mlir-llvm,true,,29,50,101365,4.0978193283081055e-08,0.00023999555503640937,6f705e66b424686dfa48e7d75af6b16b1ad4bdbaaf88dc56b54ba1bd8f47ab7e,4728a5b97d3adc09f9f78e1d31405eeccf1b1f4839b7da4d5141e1e6f057f297,true,20270950
red-mean-spatial,2fa842e74a5cfcbf59217c4e1d85f7cf2fd11e09dc5ef429f8510965e0835d00,reduction,ONNX-MLIR LLVM,"onnx-mlir version 0.4.2, onnx version 1.21.0 (https://github.com/onnx/onnx-mlir.git 4a13c34aa695b228599d637cdb772c19b4b18dba)",onnx-mlir-llvm,true,,30,50,100797,4.0978193283081055e-08,0.00023999555503640937,6f705e66b424686dfa48e7d75af6b16b1ad4bdbaaf88dc56b54ba1bd8f47ab7e,4728a5b97d3adc09f9f78e1d31405eeccf1b1f4839b7da4d5141e1e6f057f297,true,20270951
red-mean-spatial,2fa842e74a5cfcbf59217c4e1d85f7cf2fd11e09dc5ef429f8510965e0835d00,reduction,ONNX-MLIR LLVM,"onnx-mlir version 0.4.2, onnx version 1.21.0 (https://github.com/onnx/onnx-mlir.git 4a13c34aa695b228599d637cdb772c19b4b18dba)",onnx-mlir-llvm,true,,31,50,102944,4.0978193283081055e-08,0.00023999555503640937,6f705e66b424686dfa48e7d75af6b16b1ad4bdbaaf88dc56b54ba1bd8f47ab7e,4728a5b97d3adc09f9f78e1d31405eeccf1b1f4839b7da4d5141e1e6f057f297,true,20270952
red-mean-spatial,2fa842e74a5cfcbf59217c4e1d85f7cf2fd11e09dc5ef429f8510965e0835d00,reduction,ONNX-MLIR LLVM,"onnx-mlir version 0.4.2, onnx version 1.21.0 (https://github.com/onnx/onnx-mlir.git 4a13c34aa695b228599d637cdb772c19b4b18dba)",onnx-mlir-llvm,true,,32,50,102137,4.0978193283081055e-08,0.00023999555503640937,6f705e66b424686dfa48e7d75af6b16b1ad4bdbaaf88dc56b54ba1bd8f47ab7e,4728a5b97d3adc09f9f78e1d31405eeccf1b1f4839b7da4d5141e1e6f057f297,true,20270953
red-mean-spatial,2fa842e74a5cfcbf59217c4e1d85f7cf2fd11e09dc5ef429f8510965e0835d00,reduction,ONNX-MLIR LLVM,"onnx-mlir version 0.4.2, onnx version 1.21.0 (https://github.com/onnx/onnx-mlir.git 4a13c34aa695b228599d637cdb772c19b4b18dba)",onnx-mlir-llvm,true,,33,50,102385,4.0978193283081055e-08,0.00023999555503640937,6f705e66b424686dfa48e7d75af6b16b1ad4bdbaaf88dc56b54ba1bd8f47ab7e,4728a5b97d3adc09f9f78e1d31405eeccf1b1f4839b7da4d5141e1e6f057f297,true,20270954
red-mean-spatial,2fa842e74a5cfcbf59217c4e1d85f7cf2fd11e09dc5ef429f8510965e0835d00,reduction,ONNX-MLIR LLVM,"onnx-mlir version 0.4.2, onnx version 1.21.0 (https://github.com/onnx/onnx-mlir.git 4a13c34aa695b228599d637cdb772c19b4b18dba)",onnx-mlir-llvm,true,,34,50,102167,4.0978193283081055e-08,0.00023999555503640937,6f705e66b424686dfa48e7d75af6b16b1ad4bdbaaf88dc56b54ba1bd8f47ab7e,4728a5b97d3adc09f9f78e1d31405eeccf1b1f4839b7da4d5141e1e6f057f297,true,20270955
red-mean-spatial,2fa842e74a5cfcbf59217c4e1d85f7cf2fd11e09dc5ef429f8510965e0835d00,reduction,ONNX-MLIR LLVM,"onnx-mlir version 0.4.2, onnx version 1.21.0 (https://github.com/onnx/onnx-mlir.git 4a13c34aa695b228599d637cdb772c19b4b18dba)",onnx-mlir-llvm,true,,35,50,102770,4.0978193283081055e-08,0.00023999555503640937,6f705e66b424686dfa48e7d75af6b16b1ad4bdbaaf88dc56b54ba1bd8f47ab7e,4728a5b97d3adc09f9f78e1d31405eeccf1b1f4839b7da4d5141e1e6f057f297,true,20270956
red-mean-spatial,2fa842e74a5cfcbf59217c4e1d85f7cf2fd11e09dc5ef429f8510965e0835d00,reduction,ONNX-MLIR LLVM,"onnx-mlir version 0.4.2, onnx version 1.21.0 (https://github.com/onnx/onnx-mlir.git 4a13c34aa695b228599d637cdb772c19b4b18dba)",onnx-mlir-llvm,true,,36,50,104210,4.0978193283081055e-08,0.00023999555503640937,6f705e66b424686dfa48e7d75af6b16b1ad4bdbaaf88dc56b54ba1bd8f47ab7e,4728a5b97d3adc09f9f78e1d31405eeccf1b1f4839b7da4d5141e1e6f057f297,true,20270957
red-mean-spatial,2fa842e74a5cfcbf59217c4e1d85f7cf2fd11e09dc5ef429f8510965e0835d00,reduction,ONNX-MLIR LLVM,"onnx-mlir version 0.4.2, onnx version 1.21.0 (https://github.com/onnx/onnx-mlir.git 4a13c34aa695b228599d637cdb772c19b4b18dba)",onnx-mlir-llvm,true,,37,50,103413,4.0978193283081055e-08,0.00023999555503640937,6f705e66b424686dfa48e7d75af6b16b1ad4bdbaaf88dc56b54ba1bd8f47ab7e,4728a5b97d3adc09f9f78e1d31405eeccf1b1f4839b7da4d5141e1e6f057f297,true,20270958
red-mean-spatial,2fa842e74a5cfcbf59217c4e1d85f7cf2fd11e09dc5ef429f8510965e0835d00,reduction,ONNX-MLIR LLVM,"onnx-mlir version 0.4.2, onnx version 1.21.0 (https://github.com/onnx/onnx-mlir.git 4a13c34aa695b228599d637cdb772c19b4b18dba)",onnx-mlir-llvm,true,,38,50,101702,4.0978193283081055e-08,0.00023999555503640937,6f705e66b424686dfa48e7d75af6b16b1ad4bdbaaf88dc56b54ba1bd8f47ab7e,4728a5b97d3adc09f9f78e1d31405eeccf1b1f4839b7da4d5141e1e6f057f297,true,20270959
red-mean-spatial,2fa842e74a5cfcbf59217c4e1d85f7cf2fd11e09dc5ef429f8510965e0835d00,reduction,ONNX-MLIR LLVM,"onnx-mlir version 0.4.2, onnx version 1.21.0 (https://github.com/onnx/onnx-mlir.git 4a13c34aa695b228599d637cdb772c19b4b18dba)",onnx-mlir-llvm,true,,39,50,104087,4.0978193283081055e-08,0.00023999555503640937,6f705e66b424686dfa48e7d75af6b16b1ad4bdbaaf88dc56b54ba1bd8f47ab7e,4728a5b97d3adc09f9f78e1d31405eeccf1b1f4839b7da4d5141e1e6f057f297,true,20270960
red-mean-spatial,2fa842e74a5cfcbf59217c4e1d85f7cf2fd11e09dc5ef429f8510965e0835d00,reduction,ONNX-MLIR LLVM,"onnx-mlir version 0.4.2, onnx version 1.21.0 (https://github.com/onnx/onnx-mlir.git 4a13c34aa695b228599d637cdb772c19b4b18dba)",onnx-mlir-llvm,true,,40,50,102101,4.0978193283081055e-08,0.00023999555503640937,6f705e66b424686dfa48e7d75af6b16b1ad4bdbaaf88dc56b54ba1bd8f47ab7e,4728a5b97d3adc09f9f78e1d31405eeccf1b1f4839b7da4d5141e1e6f057f297,true,20270961
red-mean-spatial,2fa842e74a5cfcbf59217c4e1d85f7cf2fd11e09dc5ef429f8510965e0835d00,reduction,ONNX-MLIR LLVM,"onnx-mlir version 0.4.2, onnx version 1.21.0 (https://github.com/onnx/onnx-mlir.git 4a13c34aa695b228599d637cdb772c19b4b18dba)",onnx-mlir-llvm,true,,41,50,102340,4.0978193283081055e-08,0.00023999555503640937,6f705e66b424686dfa48e7d75af6b16b1ad4bdbaaf88dc56b54ba1bd8f47ab7e,4728a5b97d3adc09f9f78e1d31405eeccf1b1f4839b7da4d5141e1e6f057f297,true,20270962
red-mean-spatial,2fa842e74a5cfcbf59217c4e1d85f7cf2fd11e09dc5ef429f8510965e0835d00,reduction,ONNX-MLIR LLVM,"onnx-mlir version 0.4.2, onnx version 1.21.0 (https://github.com/onnx/onnx-mlir.git 4a13c34aa695b228599d637cdb772c19b4b18dba)",onnx-mlir-llvm,true,,42,50,103956,4.0978193283081055e-08,0.00023999555503640937,6f705e66b424686dfa48e7d75af6b16b1ad4bdbaaf88dc56b54ba1bd8f47ab7e,4728a5b97d3adc09f9f78e1d31405eeccf1b1f4839b7da4d5141e1e6f057f297,true,20270963
red-mean-spatial,2fa842e74a5cfcbf59217c4e1d85f7cf2fd11e09dc5ef429f8510965e0835d00,reduction,ONNX-MLIR LLVM,"onnx-mlir version 0.4.2, onnx version 1.21.0 (https://github.com/onnx/onnx-mlir.git 4a13c34aa695b228599d637cdb772c19b4b18dba)",onnx-mlir-llvm,true,,43,50,101615,4.0978193283081055e-08,0.00023999555503640937,6f705e66b424686dfa48e7d75af6b16b1ad4bdbaaf88dc56b54ba1bd8f47ab7e,4728a5b97d3adc09f9f78e1d31405eeccf1b1f4839b7da4d5141e1e6f057f297,true,20270964
red-mean-spatial,2fa842e74a5cfcbf59217c4e1d85f7cf2fd11e09dc5ef429f8510965e0835d00,reduction,ONNX-MLIR LLVM,"onnx-mlir version 0.4.2, onnx version 1.21.0 (https://github.com/onnx/onnx-mlir.git 4a13c34aa695b228599d637cdb772c19b4b18dba)",onnx-mlir-llvm,true,,44,50,103480,4.0978193283081055e-08,0.00023999555503640937,6f705e66b424686dfa48e7d75af6b16b1ad4bdbaaf88dc56b54ba1bd8f47ab7e,4728a5b97d3adc09f9f78e1d31405eeccf1b1f4839b7da4d5141e1e6f057f297,true,20270965
red-mean-spatial,2fa842e74a5cfcbf59217c4e1d85f7cf2fd11e09dc5ef429f8510965e0835d00,reduction,ONNX-MLIR LLVM,"onnx-mlir version 0.4.2, onnx version 1.21.0 (https://github.com/onnx/onnx-mlir.git 4a13c34aa695b228599d637cdb772c19b4b18dba)",onnx-mlir-llvm,true,,45,50,103680,4.0978193283081055e-08,0.00023999555503640937,6f705e66b424686dfa48e7d75af6b16b1ad4bdbaaf88dc56b54ba1bd8f47ab7e,4728a5b97d3adc09f9f78e1d31405eeccf1b1f4839b7da4d5141e1e6f057f297,true,20270966
red-mean-spatial,2fa842e74a5cfcbf59217c4e1d85f7cf2fd11e09dc5ef429f8510965e0835d00,reduction,ONNX-MLIR LLVM,"onnx-mlir version 0.4.2, onnx version 1.21.0 (https://github.com/onnx/onnx-mlir.git 4a13c34aa695b228599d637cdb772c19b4b18dba)",onnx-mlir-llvm,true,,46,50,101775,4.0978193283081055e-08,0.00023999555503640937,6f705e66b424686dfa48e7d75af6b16b1ad4bdbaaf88dc56b54ba1bd8f47ab7e,4728a5b97d3adc09f9f78e1d31405eeccf1b1f4839b7da4d5141e1e6f057f297,true,20270967
red-mean-spatial,2fa842e74a5cfcbf59217c4e1d85f7cf2fd11e09dc5ef429f8510965e0835d00,reduction,ONNX-MLIR LLVM,"onnx-mlir version 0.4.2, onnx version 1.21.0 (https://github.com/onnx/onnx-mlir.git 4a13c34aa695b228599d637cdb772c19b4b18dba)",onnx-mlir-llvm,true,,47,50,103659,4.0978193283081055e-08,0.00023999555503640937,6f705e66b424686dfa48e7d75af6b16b1ad4bdbaaf88dc56b54ba1bd8f47ab7e,4728a5b97d3adc09f9f78e1d31405eeccf1b1f4839b7da4d5141e1e6f057f297,true,20270968
red-mean-spatial,2fa842e74a5cfcbf59217c4e1d85f7cf2fd11e09dc5ef429f8510965e0835d00,reduction,ONNX-MLIR LLVM,"onnx-mlir version 0.4.2, onnx version 1.21.0 (https://github.com/onnx/onnx-mlir.git 4a13c34aa695b228599d637cdb772c19b4b18dba)",onnx-mlir-llvm,true,,48,50,101630,4.0978193283081055e-08,0.00023999555503640937,6f705e66b424686dfa48e7d75af6b16b1ad4bdbaaf88dc56b54ba1bd8f47ab7e,4728a5b97d3adc09f9f78e1d31405eeccf1b1f4839b7da4d5141e1e6f057f297,true,20270969
red-mean-spatial,2fa842e74a5cfcbf59217c4e1d85f7cf2fd11e09dc5ef429f8510965e0835d00,reduction,ONNX-MLIR LLVM,"onnx-mlir version 0.4.2, onnx version 1.21.0 (https://github.com/onnx/onnx-mlir.git 4a13c34aa695b228599d637cdb772c19b4b18dba)",onnx-mlir-llvm,true,,49,50,103439,4.0978193283081055e-08,0.00023999555503640937,6f705e66b424686dfa48e7d75af6b16b1ad4bdbaaf88dc56b54ba1bd8f47ab7e,4728a5b97d3adc09f9f78e1d31405eeccf1b1f4839b7da4d5141e1e6f057f297,true,20270970
red-mean-spatial,2fa842e74a5cfcbf59217c4e1d85f7cf2fd11e09dc5ef429f8510965e0835d00,reduction,ONNX-MLIR LLVM,"onnx-mlir version 0.4.2, onnx version 1.21.0 (https://github.com/onnx/onnx-mlir.git 4a13c34aa695b228599d637cdb772c19b4b18dba)",onnx-mlir-llvm,true,,50,50,102830,4.0978193283081055e-08,0.00023999555503640937,6f705e66b424686dfa48e7d75af6b16b1ad4bdbaaf88dc56b54ba1bd8f47ab7e,4728a5b97d3adc09f9f78e1d31405eeccf1b1f4839b7da4d5141e1e6f057f297,true,20270971
red-mean-spatial,2fa842e74a5cfcbf59217c4e1d85f7cf2fd11e09dc5ef429f8510965e0835d00,reduction,ONNX-MLIR LLVM,"onnx-mlir version 0.4.2, onnx version 1.21.0 (https://github.com/onnx/onnx-mlir.git 4a13c34aa695b228599d637cdb772c19b4b18dba)",onnx-mlir-llvm,true,,51,50,100763,4.0978193283081055e-08,0.00023999555503640937,6f705e66b424686dfa48e7d75af6b16b1ad4bdbaaf88dc56b54ba1bd8f47ab7e,4728a5b97d3adc09f9f78e1d31405eeccf1b1f4839b7da4d5141e1e6f057f297,true,20270972
red-mean-spatial,2fa842e74a5cfcbf59217c4e1d85f7cf2fd11e09dc5ef429f8510965e0835d00,reduction,ONNX-MLIR LLVM,"onnx-mlir version 0.4.2, onnx version 1.21.0 (https://github.com/onnx/onnx-mlir.git 4a13c34aa695b228599d637cdb772c19b4b18dba)",onnx-mlir-llvm,true,,52,50,103230,4.0978193283081055e-08,0.00023999555503640937,6f705e66b424686dfa48e7d75af6b16b1ad4bdbaaf88dc56b54ba1bd8f47ab7e,4728a5b97d3adc09f9f78e1d31405eeccf1b1f4839b7da4d5141e1e6f057f297,true,20270973
red-mean-spatial,2fa842e74a5cfcbf59217c4e1d85f7cf2fd11e09dc5ef429f8510965e0835d00,reduction,ONNX-MLIR LLVM,"onnx-mlir version 0.4.2, onnx version 1.21.0 (https://github.com/onnx/onnx-mlir.git 4a13c34aa695b228599d637cdb772c19b4b18dba)",onnx-mlir-llvm,true,,53,50,101629,4.0978193283081055e-08,0.00023999555503640937,6f705e66b424686dfa48e7d75af6b16b1ad4bdbaaf88dc56b54ba1bd8f47ab7e,4728a5b97d3adc09f9f78e1d31405eeccf1b1f4839b7da4d5141e1e6f057f297,true,20270974
red-mean-spatial,2fa842e74a5cfcbf59217c4e1d85f7cf2fd11e09dc5ef429f8510965e0835d00,reduction,ONNX-MLIR LLVM,"onnx-mlir version 0.4.2, onnx version 1.21.0 (https://github.com/onnx/onnx-mlir.git 4a13c34aa695b228599d637cdb772c19b4b18dba)",onnx-mlir-llvm,true,,54,50,100916,4.0978193283081055e-08,0.00023999555503640937,6f705e66b424686dfa48e7d75af6b16b1ad4bdbaaf88dc56b54ba1bd8f47ab7e,4728a5b97d3adc09f9f78e1d31405eeccf1b1f4839b7da4d5141e1e6f057f297,true,20270975
red-mean-spatial,2fa842e74a5cfcbf59217c4e1d85f7cf2fd11e09dc5ef429f8510965e0835d00,reduction,ONNX-MLIR LLVM,"onnx-mlir version 0.4.2, onnx version 1.21.0 (https://github.com/onnx/onnx-mlir.git 4a13c34aa695b228599d637cdb772c19b4b18dba)",onnx-mlir-llvm,true,,55,50,103648,4.0978193283081055e-08,0.00023999555503640937,6f705e66b424686dfa48e7d75af6b16b1ad4bdbaaf88dc56b54ba1bd8f47ab7e,4728a5b97d3adc09f9f78e1d31405eeccf1b1f4839b7da4d5141e1e6f057f297,true,20270976
red-mean-spatial,2fa842e74a5cfcbf59217c4e1d85f7cf2fd11e09dc5ef429f8510965e0835d00,reduction,ONNX-MLIR LLVM,"onnx-mlir version 0.4.2, onnx version 1.21.0 (https://github.com/onnx/onnx-mlir.git 4a13c34aa695b228599d637cdb772c19b4b18dba)",onnx-mlir-llvm,true,,56,50,102060,4.0978193283081055e-08,0.00023999555503640937,6f705e66b424686dfa48e7d75af6b16b1ad4bdbaaf88dc56b54ba1bd8f47ab7e,4728a5b97d3adc09f9f78e1d31405eeccf1b1f4839b7da4d5141e1e6f057f297,true,20270977
red-mean-spatial,2fa842e74a5cfcbf59217c4e1d85f7cf2fd11e09dc5ef429f8510965e0835d00,reduction,ONNX-MLIR LLVM,"onnx-mlir version 0.4.2, onnx version 1.21.0 (https://github.com/onnx/onnx-mlir.git 4a13c34aa695b228599d637cdb772c19b4b18dba)",onnx-mlir-llvm,true,,57,50,103120,4.0978193283081055e-08,0.00023999555503640937,6f705e66b424686dfa48e7d75af6b16b1ad4bdbaaf88dc56b54ba1bd8f47ab7e,4728a5b97d3adc09f9f78e1d31405eeccf1b1f4839b7da4d5141e1e6f057f297,true,20270978
red-mean-spatial,2fa842e74a5cfcbf59217c4e1d85f7cf2fd11e09dc5ef429f8510965e0835d00,reduction,ONNX-MLIR LLVM,"onnx-mlir version 0.4.2, onnx version 1.21.0 (https://github.com/onnx/onnx-mlir.git 4a13c34aa695b228599d637cdb772c19b4b18dba)",onnx-mlir-llvm,true,,58,50,103458,4.0978193283081055e-08,0.00023999555503640937,6f705e66b424686dfa48e7d75af6b16b1ad4bdbaaf88dc56b54ba1bd8f47ab7e,4728a5b97d3adc09f9f78e1d31405eeccf1b1f4839b7da4d5141e1e6f057f297,true,20270979
red-mean-spatial,2fa842e74a5cfcbf59217c4e1d85f7cf2fd11e09dc5ef429f8510965e0835d00,reduction,ONNX-MLIR LLVM,"onnx-mlir version 0.4.2, onnx version 1.21.0 (https://github.com/onnx/onnx-mlir.git 4a13c34aa695b228599d637cdb772c19b4b18dba)",onnx-mlir-llvm,true,,59,50,101829,4.0978193283081055e-08,0.00023999555503640937,6f705e66b424686dfa48e7d75af6b16b1ad4bdbaaf88dc56b54ba1bd8f47ab7e,4728a5b97d3adc09f9f78e1d31405eeccf1b1f4839b7da4d5141e1e6f057f297,true,20270980
red-mean-spatial,2fa842e74a5cfcbf59217c4e1d85f7cf2fd11e09dc5ef429f8510965e0835d00,reduction,ONNX-MLIR LLVM,"onnx-mlir version 0.4.2, onnx version 1.21.0 (https://github.com/onnx/onnx-mlir.git 4a13c34aa695b228599d637cdb772c19b4b18dba)",onnx-mlir-llvm,true,,60,50,102872,4.0978193283081055e-08,0.00023999555503640937,6f705e66b424686dfa48e7d75af6b16b1ad4bdbaaf88dc56b54ba1bd8f47ab7e,4728a5b97d3adc09f9f78e1d31405eeccf1b1f4839b7da4d5141e1e6f057f297,true,20270981
red-mean-spatial,2fa842e74a5cfcbf59217c4e1d85f7cf2fd11e09dc5ef429f8510965e0835d00,reduction,ONNX-MLIR LLVM,"onnx-mlir version 0.4.2, onnx version 1.21.0 (https://github.com/onnx/onnx-mlir.git 4a13c34aa695b228599d637cdb772c19b4b18dba)",onnx-mlir-llvm,true,,61,50,101570,4.0978193283081055e-08,0.00023999555503640937,6f705e66b424686dfa48e7d75af6b16b1ad4bdbaaf88dc56b54ba1bd8f47ab7e,4728a5b97d3adc09f9f78e1d31405eeccf1b1f4839b7da4d5141e1e6f057f297,true,20270982
red-mean-spatial,2fa842e74a5cfcbf59217c4e1d85f7cf2fd11e09dc5ef429f8510965e0835d00,reduction,ONNX-MLIR LLVM,"onnx-mlir version 0.4.2, onnx version 1.21.0 (https://github.com/onnx/onnx-mlir.git 4a13c34aa695b228599d637cdb772c19b4b18dba)",onnx-mlir-llvm,true,,62,50,103305,4.0978193283081055e-08,0.00023999555503640937,6f705e66b424686dfa48e7d75af6b16b1ad4bdbaaf88dc56b54ba1bd8f47ab7e,4728a5b97d3adc09f9f78e1d31405eeccf1b1f4839b7da4d5141e1e6f057f297,true,20270983
red-mean-spatial,2fa842e74a5cfcbf59217c4e1d85f7cf2fd11e09dc5ef429f8510965e0835d00,reduction,ONNX-MLIR LLVM,"onnx-mlir version 0.4.2, onnx version 1.21.0 (https://github.com/onnx/onnx-mlir.git 4a13c34aa695b228599d637cdb772c19b4b18dba)",onnx-mlir-llvm,true,,63,50,103344,4.0978193283081055e-08,0.00023999555503640937,6f705e66b424686dfa48e7d75af6b16b1ad4bdbaaf88dc56b54ba1bd8f47ab7e,4728a5b97d3adc09f9f78e1d31405eeccf1b1f4839b7da4d5141e1e6f057f297,true,20270984
red-mean-spatial,2fa842e74a5cfcbf59217c4e1d85f7cf2fd11e09dc5ef429f8510965e0835d00,reduction,ONNX-MLIR LLVM,"onnx-mlir version 0.4.2, onnx version 1.21.0 (https://github.com/onnx/onnx-mlir.git 4a13c34aa695b228599d637cdb772c19b4b18dba)",onnx-mlir-llvm,true,,64,50,101527,4.0978193283081055e-08,0.00023999555503640937,6f705e66b424686dfa48e7d75af6b16b1ad4bdbaaf88dc56b54ba1bd8f47ab7e,4728a5b97d3adc09f9f78e1d31405eeccf1b1f4839b7da4d5141e1e6f057f297,true,20270985
red-mean-spatial,2fa842e74a5cfcbf59217c4e1d85f7cf2fd11e09dc5ef429f8510965e0835d00,reduction,ONNX-MLIR LLVM,"onnx-mlir version 0.4.2, onnx version 1.21.0 (https://github.com/onnx/onnx-mlir.git 4a13c34aa695b228599d637cdb772c19b4b18dba)",onnx-mlir-llvm,true,,65,50,103918,4.0978193283081055e-08,0.00023999555503640937,6f705e66b424686dfa48e7d75af6b16b1ad4bdbaaf88dc56b54ba1bd8f47ab7e,4728a5b97d3adc09f9f78e1d31405eeccf1b1f4839b7da4d5141e1e6f057f297,true,20270986
red-mean-spatial,2fa842e74a5cfcbf59217c4e1d85f7cf2fd11e09dc5ef429f8510965e0835d00,reduction,ONNX-MLIR LLVM,"onnx-mlir version 0.4.2, onnx version 1.21.0 (https://github.com/onnx/onnx-mlir.git 4a13c34aa695b228599d637cdb772c19b4b18dba)",onnx-mlir-llvm,true,,66,50,102171,4.0978193283081055e-08,0.00023999555503640937,6f705e66b424686dfa48e7d75af6b16b1ad4bdbaaf88dc56b54ba1bd8f47ab7e,4728a5b97d3adc09f9f78e1d31405eeccf1b1f4839b7da4d5141e1e6f057f297,true,20270987
red-mean-spatial,2fa842e74a5cfcbf59217c4e1d85f7cf2fd11e09dc5ef429f8510965e0835d00,reduction,ONNX-MLIR LLVM,"onnx-mlir version 0.4.2, onnx version 1.21.0 (https://github.com/onnx/onnx-mlir.git 4a13c34aa695b228599d637cdb772c19b4b18dba)",onnx-mlir-llvm,true,,67,50,101413,4.0978193283081055e-08,0.00023999555503640937,6f705e66b424686dfa48e7d75af6b16b1ad4bdbaaf88dc56b54ba1bd8f47ab7e,4728a5b97d3adc09f9f78e1d31405eeccf1b1f4839b7da4d5141e1e6f057f297,true,20270988
red-mean-spatial,2fa842e74a5cfcbf59217c4e1d85f7cf2fd11e09dc5ef429f8510965e0835d00,reduction,ONNX-MLIR LLVM,"onnx-mlir version 0.4.2, onnx version 1.21.0 (https://github.com/onnx/onnx-mlir.git 4a13c34aa695b228599d637cdb772c19b4b18dba)",onnx-mlir-llvm,true,,68,50,103580,4.0978193283081055e-08,0.00023999555503640937,6f705e66b424686dfa48e7d75af6b16b1ad4bdbaaf88dc56b54ba1bd8f47ab7e,4728a5b97d3adc09f9f78e1d31405eeccf1b1f4839b7da4d5141e1e6f057f297,true,20270989
red-mean-spatial,2fa842e74a5cfcbf59217c4e1d85f7cf2fd11e09dc5ef429f8510965e0835d00,reduction,ONNX-MLIR LLVM,"onnx-mlir version 0.4.2, onnx version 1.21.0 (https://github.com/onnx/onnx-mlir.git 4a13c34aa695b228599d637cdb772c19b4b18dba)",onnx-mlir-llvm,true,,69,50,102236,4.0978193283081055e-08,0.00023999555503640937,6f705e66b424686dfa48e7d75af6b16b1ad4bdbaaf88dc56b54ba1bd8f47ab7e,4728a5b97d3adc09f9f78e1d31405eeccf1b1f4839b7da4d5141e1e6f057f297,true,20270990
red-mean-spatial,2fa842e74a5cfcbf59217c4e1d85f7cf2fd11e09dc5ef429f8510965e0835d00,reduction,ONNX-MLIR LLVM,"onnx-mlir version 0.4.2, onnx version 1.21.0 (https://github.com/onnx/onnx-mlir.git 4a13c34aa695b228599d637cdb772c19b4b18dba)",onnx-mlir-llvm,true,,70,50,103013,4.0978193283081055e-08,0.00023999555503640937,6f705e66b424686dfa48e7d75af6b16b1ad4bdbaaf88dc56b54ba1bd8f47ab7e,4728a5b97d3adc09f9f78e1d31405eeccf1b1f4839b7da4d5141e1e6f057f297,true,20270991
red-mean-spatial,2fa842e74a5cfcbf59217c4e1d85f7cf2fd11e09dc5ef429f8510965e0835d00,reduction,ONNX-MLIR LLVM,"onnx-mlir version 0.4.2, onnx version 1.21.0 (https://github.com/onnx/onnx-mlir.git 4a13c34aa695b228599d637cdb772c19b4b18dba)",onnx-mlir-llvm,true,,71,50,102856,4.0978193283081055e-08,0.00023999555503640937,6f705e66b424686dfa48e7d75af6b16b1ad4bdbaaf88dc56b54ba1bd8f47ab7e,4728a5b97d3adc09f9f78e1d31405eeccf1b1f4839b7da4d5141e1e6f057f297,true,20270992
red-mean-spatial,2fa842e74a5cfcbf59217c4e1d85f7cf2fd11e09dc5ef429f8510965e0835d00,reduction,ONNX-MLIR LLVM,"onnx-mlir version 0.4.2, onnx version 1.21.0 (https://github.com/onnx/onnx-mlir.git 4a13c34aa695b228599d637cdb772c19b4b18dba)",onnx-mlir-llvm,true,,72,50,101635,4.0978193283081055e-08,0.00023999555503640937,6f705e66b424686dfa48e7d75af6b16b1ad4bdbaaf88dc56b54ba1bd8f47ab7e,4728a5b97d3adc09f9f78e1d31405eeccf1b1f4839b7da4d5141e1e6f057f297,true,20270993
red-mean-spatial,2fa842e74a5cfcbf59217c4e1d85f7cf2fd11e09dc5ef429f8510965e0835d00,reduction,ONNX-MLIR LLVM,"onnx-mlir version 0.4.2, onnx version 1.21.0 (https://github.com/onnx/onnx-mlir.git 4a13c34aa695b228599d637cdb772c19b4b18dba)",onnx-mlir-llvm,true,,73,50,102118,4.0978193283081055e-08,0.00023999555503640937,6f705e66b424686dfa48e7d75af6b16b1ad4bdbaaf88dc56b54ba1bd8f47ab7e,4728a5b97d3adc09f9f78e1d31405eeccf1b1f4839b7da4d5141e1e6f057f297,true,20270994
red-mean-spatial,2fa842e74a5cfcbf59217c4e1d85f7cf2fd11e09dc5ef429f8510965e0835d00,reduction,ONNX-MLIR LLVM,"onnx-mlir version 0.4.2, onnx version 1.21.0 (https://github.com/onnx/onnx-mlir.git 4a13c34aa695b228599d637cdb772c19b4b18dba)",onnx-mlir-llvm,true,,74,50,101681,4.0978193283081055e-08,0.00023999555503640937,6f705e66b424686dfa48e7d75af6b16b1ad4bdbaaf88dc56b54ba1bd8f47ab7e,4728a5b97d3adc09f9f78e1d31405eeccf1b1f4839b7da4d5141e1e6f057f297,true,20270995
red-mean-spatial,2fa842e74a5cfcbf59217c4e1d85f7cf2fd11e09dc5ef429f8510965e0835d00,reduction,ONNX-MLIR LLVM,"onnx-mlir version 0.4.2, onnx version 1.21.0 (https://github.com/onnx/onnx-mlir.git 4a13c34aa695b228599d637cdb772c19b4b18dba)",onnx-mlir-llvm,true,,75,50,103850,4.0978193283081055e-08,0.00023999555503640937,6f705e66b424686dfa48e7d75af6b16b1ad4bdbaaf88dc56b54ba1bd8f47ab7e,4728a5b97d3adc09f9f78e1d31405eeccf1b1f4839b7da4d5141e1e6f057f297,true,20270996
red-mean-spatial,2fa842e74a5cfcbf59217c4e1d85f7cf2fd11e09dc5ef429f8510965e0835d00,reduction,ONNX-MLIR LLVM,"onnx-mlir version 0.4.2, onnx version 1.21.0 (https://github.com/onnx/onnx-mlir.git 4a13c34aa695b228599d637cdb772c19b4b18dba)",onnx-mlir-llvm,true,,76,50,103500,4.0978193283081055e-08,0.00023999555503640937,6f705e66b424686dfa48e7d75af6b16b1ad4bdbaaf88dc56b54ba1bd8f47ab7e,4728a5b97d3adc09f9f78e1d31405eeccf1b1f4839b7da4d5141e1e6f057f297,true,20270997
red-mean-spatial,2fa842e74a5cfcbf59217c4e1d85f7cf2fd11e09dc5ef429f8510965e0835d00,reduction,ONNX-MLIR LLVM,"onnx-mlir version 0.4.2, onnx version 1.21.0 (https://github.com/onnx/onnx-mlir.git 4a13c34aa695b228599d637cdb772c19b4b18dba)",onnx-mlir-llvm,true,,77,50,102506,4.0978193283081055e-08,0.00023999555503640937,6f705e66b424686dfa48e7d75af6b16b1ad4bdbaaf88dc56b54ba1bd8f47ab7e,4728a5b97d3adc09f9f78e1d31405eeccf1b1f4839b7da4d5141e1e6f057f297,true,20270998
red-mean-spatial,2fa842e74a5cfcbf59217c4e1d85f7cf2fd11e09dc5ef429f8510965e0835d00,reduction,ONNX-MLIR LLVM,"onnx-mlir version 0.4.2, onnx version 1.21.0 (https://github.com/onnx/onnx-mlir.git 4a13c34aa695b228599d637cdb772c19b4b18dba)",onnx-mlir-llvm,true,,78,50,104024,4.0978193283081055e-08,0.00023999555503640937,6f705e66b424686dfa48e7d75af6b16b1ad4bdbaaf88dc56b54ba1bd8f47ab7e,4728a5b97d3adc09f9f78e1d31405eeccf1b1f4839b7da4d5141e1e6f057f297,true,20270999
red-mean-spatial,2fa842e74a5cfcbf59217c4e1d85f7cf2fd11e09dc5ef429f8510965e0835d00,reduction,ONNX-MLIR LLVM,"onnx-mlir version 0.4.2, onnx version 1.21.0 (https://github.com/onnx/onnx-mlir.git 4a13c34aa695b228599d637cdb772c19b4b18dba)",onnx-mlir-llvm,true,,79,50,101865,4.0978193283081055e-08,0.00023999555503640937,6f705e66b424686dfa48e7d75af6b16b1ad4bdbaaf88dc56b54ba1bd8f47ab7e,4728a5b97d3adc09f9f78e1d31405eeccf1b1f4839b7da4d5141e1e6f057f297,true,20271000
red-mean-spatial,2fa842e74a5cfcbf59217c4e1d85f7cf2fd11e09dc5ef429f8510965e0835d00,reduction,ONNX-MLIR LLVM,"onnx-mlir version 0.4.2, onnx version 1.21.0 (https://github.com/onnx/onnx-mlir.git 4a13c34aa695b228599d637cdb772c19b4b18dba)",onnx-mlir-llvm,true,,80,50,102778,4.0978193283081055e-08,0.00023999555503640937,6f705e66b424686dfa48e7d75af6b16b1ad4bdbaaf88dc56b54ba1bd8f47ab7e,4728a5b97d3adc09f9f78e1d31405eeccf1b1f4839b7da4d5141e1e6f057f297,true,20271001
red-mean-spatial,2fa842e74a5cfcbf59217c4e1d85f7cf2fd11e09dc5ef429f8510965e0835d00,reduction,ONNX-MLIR LLVM,"onnx-mlir version 0.4.2, onnx version 1.21.0 (https://github.com/onnx/onnx-mlir.git 4a13c34aa695b228599d637cdb772c19b4b18dba)",onnx-mlir-llvm,true,,81,50,104240,4.0978193283081055e-08,0.00023999555503640937,6f705e66b424686dfa48e7d75af6b16b1ad4bdbaaf88dc56b54ba1bd8f47ab7e,4728a5b97d3adc09f9f78e1d31405eeccf1b1f4839b7da4d5141e1e6f057f297,true,20271002
red-mean-spatial,2fa842e74a5cfcbf59217c4e1d85f7cf2fd11e09dc5ef429f8510965e0835d00,reduction,ONNX-MLIR LLVM,"onnx-mlir version 0.4.2, onnx version 1.21.0 (https://github.com/onnx/onnx-mlir.git 4a13c34aa695b228599d637cdb772c19b4b18dba)",onnx-mlir-llvm,true,,82,50,101820,4.0978193283081055e-08,0.00023999555503640937,6f705e66b424686dfa48e7d75af6b16b1ad4bdbaaf88dc56b54ba1bd8f47ab7e,4728a5b97d3adc09f9f78e1d31405eeccf1b1f4839b7da4d5141e1e6f057f297,true,20271003
red-mean-spatial,2fa842e74a5cfcbf59217c4e1d85f7cf2fd11e09dc5ef429f8510965e0835d00,reduction,ONNX-MLIR LLVM,"onnx-mlir version 0.4.2, onnx version 1.21.0 (https://github.com/onnx/onnx-mlir.git 4a13c34aa695b228599d637cdb772c19b4b18dba)",onnx-mlir-llvm,true,,83,50,103345,4.0978193283081055e-08,0.00023999555503640937,6f705e66b424686dfa48e7d75af6b16b1ad4bdbaaf88dc56b54ba1bd8f47ab7e,4728a5b97d3adc09f9f78e1d31405eeccf1b1f4839b7da4d5141e1e6f057f297,true,20271004
red-mean-spatial,2fa842e74a5cfcbf59217c4e1d85f7cf2fd11e09dc5ef429f8510965e0835d00,reduction,ONNX-MLIR LLVM,"onnx-mlir version 0.4.2, onnx version 1.21.0 (https://github.com/onnx/onnx-mlir.git 4a13c34aa695b228599d637cdb772c19b4b18dba)",onnx-mlir-llvm,true,,84,50,103648,4.0978193283081055e-08,0.00023999555503640937,6f705e66b424686dfa48e7d75af6b16b1ad4bdbaaf88dc56b54ba1bd8f47ab7e,4728a5b97d3adc09f9f78e1d31405eeccf1b1f4839b7da4d5141e1e6f057f297,true,20271005
red-mean-spatial,2fa842e74a5cfcbf59217c4e1d85f7cf2fd11e09dc5ef429f8510965e0835d00,reduction,ONNX-MLIR LLVM,"onnx-mlir version 0.4.2, onnx version 1.21.0 (https://github.com/onnx/onnx-mlir.git 4a13c34aa695b228599d637cdb772c19b4b18dba)",onnx-mlir-llvm,true,,85,50,101607,4.0978193283081055e-08,0.00023999555503640937,6f705e66b424686dfa48e7d75af6b16b1ad4bdbaaf88dc56b54ba1bd8f47ab7e,4728a5b97d3adc09f9f78e1d31405eeccf1b1f4839b7da4d5141e1e6f057f297,true,20271006
red-mean-spatial,2fa842e74a5cfcbf59217c4e1d85f7cf2fd11e09dc5ef429f8510965e0835d00,reduction,ONNX-MLIR LLVM,"onnx-mlir version 0.4.2, onnx version 1.21.0 (https://github.com/onnx/onnx-mlir.git 4a13c34aa695b228599d637cdb772c19b4b18dba)",onnx-mlir-llvm,true,,86,50,102504,4.0978193283081055e-08,0.00023999555503640937,6f705e66b424686dfa48e7d75af6b16b1ad4bdbaaf88dc56b54ba1bd8f47ab7e,4728a5b97d3adc09f9f78e1d31405eeccf1b1f4839b7da4d5141e1e6f057f297,true,20271007
red-mean-spatial,2fa842e74a5cfcbf59217c4e1d85f7cf2fd11e09dc5ef429f8510965e0835d00,reduction,ONNX-MLIR LLVM,"onnx-mlir version 0.4.2, onnx version 1.21.0 (https://github.com/onnx/onnx-mlir.git 4a13c34aa695b228599d637cdb772c19b4b18dba)",onnx-mlir-llvm,true,,87,50,102313,4.0978193283081055e-08,0.00023999555503640937,6f705e66b424686dfa48e7d75af6b16b1ad4bdbaaf88dc56b54ba1bd8f47ab7e,4728a5b97d3adc09f9f78e1d31405eeccf1b1f4839b7da4d5141e1e6f057f297,true,20271008
red-mean-spatial,2fa842e74a5cfcbf59217c4e1d85f7cf2fd11e09dc5ef429f8510965e0835d00,reduction,ONNX-MLIR LLVM,"onnx-mlir version 0.4.2, onnx version 1.21.0 (https://github.com/onnx/onnx-mlir.git 4a13c34aa695b228599d637cdb772c19b4b18dba)",onnx-mlir-llvm,true,,88,50,102962,4.0978193283081055e-08,0.00023999555503640937,6f705e66b424686dfa48e7d75af6b16b1ad4bdbaaf88dc56b54ba1bd8f47ab7e,4728a5b97d3adc09f9f78e1d31405eeccf1b1f4839b7da4d5141e1e6f057f297,true,20271009
red-mean-spatial,2fa842e74a5cfcbf59217c4e1d85f7cf2fd11e09dc5ef429f8510965e0835d00,reduction,ONNX-MLIR LLVM,"onnx-mlir version 0.4.2, onnx version 1.21.0 (https://github.com/onnx/onnx-mlir.git 4a13c34aa695b228599d637cdb772c19b4b18dba)",onnx-mlir-llvm,true,,89,50,102013,4.0978193283081055e-08,0.00023999555503640937,6f705e66b424686dfa48e7d75af6b16b1ad4bdbaaf88dc56b54ba1bd8f47ab7e,4728a5b97d3adc09f9f78e1d31405eeccf1b1f4839b7da4d5141e1e6f057f297,true,20271010
red-mean-spatial,2fa842e74a5cfcbf59217c4e1d85f7cf2fd11e09dc5ef429f8510965e0835d00,reduction,ONNX-MLIR LLVM,"onnx-mlir version 0.4.2, onnx version 1.21.0 (https://github.com/onnx/onnx-mlir.git 4a13c34aa695b228599d637cdb772c19b4b18dba)",onnx-mlir-llvm,true,,90,50,101198,4.0978193283081055e-08,0.00023999555503640937,6f705e66b424686dfa48e7d75af6b16b1ad4bdbaaf88dc56b54ba1bd8f47ab7e,4728a5b97d3adc09f9f78e1d31405eeccf1b1f4839b7da4d5141e1e6f057f297,true,20271011
red-mean-spatial,2fa842e74a5cfcbf59217c4e1d85f7cf2fd11e09dc5ef429f8510965e0835d00,reduction,ONNX-MLIR LLVM,"onnx-mlir version 0.4.2, onnx version 1.21.0 (https://github.com/onnx/onnx-mlir.git 4a13c34aa695b228599d637cdb772c19b4b18dba)",onnx-mlir-llvm,true,,91,50,102930,4.0978193283081055e-08,0.00023999555503640937,6f705e66b424686dfa48e7d75af6b16b1ad4bdbaaf88dc56b54ba1bd8f47ab7e,4728a5b97d3adc09f9f78e1d31405eeccf1b1f4839b7da4d5141e1e6f057f297,true,20271012
red-mean-spatial,2fa842e74a5cfcbf59217c4e1d85f7cf2fd11e09dc5ef429f8510965e0835d00,reduction,ONNX-MLIR LLVM,"onnx-mlir version 0.4.2, onnx version 1.21.0 (https://github.com/onnx/onnx-mlir.git 4a13c34aa695b228599d637cdb772c19b4b18dba)",onnx-mlir-llvm,true,,92,50,101708,4.0978193283081055e-08,0.00023999555503640937,6f705e66b424686dfa48e7d75af6b16b1ad4bdbaaf88dc56b54ba1bd8f47ab7e,4728a5b97d3adc09f9f78e1d31405eeccf1b1f4839b7da4d5141e1e6f057f297,true,20271013
red-mean-spatial,2fa842e74a5cfcbf59217c4e1d85f7cf2fd11e09dc5ef429f8510965e0835d00,reduction,ONNX-MLIR LLVM,"onnx-mlir version 0.4.2, onnx version 1.21.0 (https://github.com/onnx/onnx-mlir.git 4a13c34aa695b228599d637cdb772c19b4b18dba)",onnx-mlir-llvm,true,,93,50,100915,4.0978193283081055e-08,0.00023999555503640937,6f705e66b424686dfa48e7d75af6b16b1ad4bdbaaf88dc56b54ba1bd8f47ab7e,4728a5b97d3adc09f9f78e1d31405eeccf1b1f4839b7da4d5141e1e6f057f297,true,20271014
red-mean-spatial,2fa842e74a5cfcbf59217c4e1d85f7cf2fd11e09dc5ef429f8510965e0835d00,reduction,ONNX-MLIR LLVM,"onnx-mlir version 0.4.2, onnx version 1.21.0 (https://github.com/onnx/onnx-mlir.git 4a13c34aa695b228599d637cdb772c19b4b18dba)",onnx-mlir-llvm,true,,94,50,104465,4.0978193283081055e-08,0.00023999555503640937,6f705e66b424686dfa48e7d75af6b16b1ad4bdbaaf88dc56b54ba1bd8f47ab7e,4728a5b97d3adc09f9f78e1d31405eeccf1b1f4839b7da4d5141e1e6f057f297,true,20271015
red-mean-spatial,2fa842e74a5cfcbf59217c4e1d85f7cf2fd11e09dc5ef429f8510965e0835d00,reduction,ONNX-MLIR LLVM,"onnx-mlir version 0.4.2, onnx version 1.21.0 (https://github.com/onnx/onnx-mlir.git 4a13c34aa695b228599d637cdb772c19b4b18dba)",onnx-mlir-llvm,true,,95,50,101858,4.0978193283081055e-08,0.00023999555503640937,6f705e66b424686dfa48e7d75af6b16b1ad4bdbaaf88dc56b54ba1bd8f47ab7e,4728a5b97d3adc09f9f78e1d31405eeccf1b1f4839b7da4d5141e1e6f057f297,true,20271016
red-mean-spatial,2fa842e74a5cfcbf59217c4e1d85f7cf2fd11e09dc5ef429f8510965e0835d00,reduction,ONNX-MLIR LLVM,"onnx-mlir version 0.4.2, onnx version 1.21.0 (https://github.com/onnx/onnx-mlir.git 4a13c34aa695b228599d637cdb772c19b4b18dba)",onnx-mlir-llvm,true,,96,50,103943,4.0978193283081055e-08,0.00023999555503640937,6f705e66b424686dfa48e7d75af6b16b1ad4bdbaaf88dc56b54ba1bd8f47ab7e,4728a5b97d3adc09f9f78e1d31405eeccf1b1f4839b7da4d5141e1e6f057f297,true,20271017
red-mean-spatial,2fa842e74a5cfcbf59217c4e1d85f7cf2fd11e09dc5ef429f8510965e0835d00,reduction,ONNX-MLIR LLVM,"onnx-mlir version 0.4.2, onnx version 1.21.0 (https://github.com/onnx/onnx-mlir.git 4a13c34aa695b228599d637cdb772c19b4b18dba)",onnx-mlir-llvm,true,,97,50,103892,4.0978193283081055e-08,0.00023999555503640937,6f705e66b424686dfa48e7d75af6b16b1ad4bdbaaf88dc56b54ba1bd8f47ab7e,4728a5b97d3adc09f9f78e1d31405eeccf1b1f4839b7da4d5141e1e6f057f297,true,20271018
red-mean-spatial,2fa842e74a5cfcbf59217c4e1d85f7cf2fd11e09dc5ef429f8510965e0835d00,reduction,ONNX-MLIR LLVM,"onnx-mlir version 0.4.2, onnx version 1.21.0 (https://github.com/onnx/onnx-mlir.git 4a13c34aa695b228599d637cdb772c19b4b18dba)",onnx-mlir-llvm,true,,98,50,102020,4.0978193283081055e-08,0.00023999555503640937,6f705e66b424686dfa48e7d75af6b16b1ad4bdbaaf88dc56b54ba1bd8f47ab7e,4728a5b97d3adc09f9f78e1d31405eeccf1b1f4839b7da4d5141e1e6f057f297,true,20271019
red-mean-spatial,2fa842e74a5cfcbf59217c4e1d85f7cf2fd11e09dc5ef429f8510965e0835d00,reduction,ONNX-MLIR LLVM,"onnx-mlir version 0.4.2, onnx version 1.21.0 (https://github.com/onnx/onnx-mlir.git 4a13c34aa695b228599d637cdb772c19b4b18dba)",onnx-mlir-llvm,true,,99,50,102630,4.0978193283081055e-08,0.00023999555503640937,6f705e66b424686dfa48e7d75af6b16b1ad4bdbaaf88dc56b54ba1bd8f47ab7e,4728a5b97d3adc09f9f78e1d31405eeccf1b1f4839b7da4d5141e1e6f057f297,true,20271020
fuse-conv-bias-relu,2fa842e74a5cfcbf59217c4e1d85f7cf2fd11e09dc5ef429f8510965e0835d00,fusion,ONNX-MLIR LLVM,"onnx-mlir version 0.4.2, onnx version 1.21.0 (https://github.com/onnx/onnx-mlir.git 4a13c34aa695b228599d637cdb772c19b4b18dba)",onnx-mlir-llvm,true,,0,1,22443167,1.2516975402832031e-06,0.005345282261259853,65ca70347d70d5cf5887574937de95e0257c9cc1965bbda7f51c814716faef03,1c1bdb9a640d94d256c9941a7e961a8054bfed54013d2e23e507ee229829ed5b,true,20270921
fuse-conv-bias-relu,2fa842e74a5cfcbf59217c4e1d85f7cf2fd11e09dc5ef429f8510965e0835d00,fusion,ONNX-MLIR LLVM,"onnx-mlir version 0.4.2, onnx version 1.21.0 (https://github.com/onnx/onnx-mlir.git 4a13c34aa695b228599d637cdb772c19b4b18dba)",onnx-mlir-llvm,true,,1,1,22371875,1.2516975402832031e-06,0.005345282261259853,65ca70347d70d5cf5887574937de95e0257c9cc1965bbda7f51c814716faef03,1c1bdb9a640d94d256c9941a7e961a8054bfed54013d2e23e507ee229829ed5b,true,20270922
fuse-conv-bias-relu,2fa842e74a5cfcbf59217c4e1d85f7cf2fd11e09dc5ef429f8510965e0835d00,fusion,ONNX-MLIR LLVM,"onnx-mlir version 0.4.2, onnx version 1.21.0 (https://github.com/onnx/onnx-mlir.git 4a13c34aa695b228599d637cdb772c19b4b18dba)",onnx-mlir-llvm,true,,2,1,22353208,1.2516975402832031e-06,0.005345282261259853,65ca70347d70d5cf5887574937de95e0257c9cc1965bbda7f51c814716faef03,1c1bdb9a640d94d256c9941a7e961a8054bfed54013d2e23e507ee229829ed5b,true,20270923
fuse-conv-bias-relu,2fa842e74a5cfcbf59217c4e1d85f7cf2fd11e09dc5ef429f8510965e0835d00,fusion,ONNX-MLIR LLVM,"onnx-mlir version 0.4.2, onnx version 1.21.0 (https://github.com/onnx/onnx-mlir.git 4a13c34aa695b228599d637cdb772c19b4b18dba)",onnx-mlir-llvm,true,,3,1,22450458,1.2516975402832031e-06,0.005345282261259853,65ca70347d70d5cf5887574937de95e0257c9cc1965bbda7f51c814716faef03,1c1bdb9a640d94d256c9941a7e961a8054bfed54013d2e23e507ee229829ed5b,true,20270924
fuse-conv-bias-relu,2fa842e74a5cfcbf59217c4e1d85f7cf2fd11e09dc5ef429f8510965e0835d00,fusion,ONNX-MLIR LLVM,"onnx-mlir version 0.4.2, onnx version 1.21.0 (https://github.com/onnx/onnx-mlir.git 4a13c34aa695b228599d637cdb772c19b4b18dba)",onnx-mlir-llvm,true,,4,1,22442375,1.2516975402832031e-06,0.005345282261259853,65ca70347d70d5cf5887574937de95e0257c9cc1965bbda7f51c814716faef03,1c1bdb9a640d94d256c9941a7e961a8054bfed54013d2e23e507ee229829ed5b,true,20270925
fuse-conv-bias-relu,2fa842e74a5cfcbf59217c4e1d85f7cf2fd11e09dc5ef429f8510965e0835d00,fusion,ONNX-MLIR LLVM,"onnx-mlir version 0.4.2, onnx version 1.21.0 (https://github.com/onnx/onnx-mlir.git 4a13c34aa695b228599d637cdb772c19b4b18dba)",onnx-mlir-llvm,true,,5,1,22268959,1.2516975402832031e-06,0.005345282261259853,65ca70347d70d5cf5887574937de95e0257c9cc1965bbda7f51c814716faef03,1c1bdb9a640d94d256c9941a7e961a8054bfed54013d2e23e507ee229829ed5b,true,20270926
fuse-conv-bias-relu,2fa842e74a5cfcbf59217c4e1d85f7cf2fd11e09dc5ef429f8510965e0835d00,fusion,ONNX-MLIR LLVM,"onnx-mlir version 0.4.2, onnx version 1.21.0 (https://github.com/onnx/onnx-mlir.git 4a13c34aa695b228599d637cdb772c19b4b18dba)",onnx-mlir-llvm,true,,6,1,22298375,1.2516975402832031e-06,0.005345282261259853,65ca70347d70d5cf5887574937de95e0257c9cc1965bbda7f51c814716faef03,1c1bdb9a640d94d256c9941a7e961a8054bfed54013d2e23e507ee229829ed5b,true,20270927
fuse-conv-bias-relu,2fa842e74a5cfcbf59217c4e1d85f7cf2fd11e09dc5ef429f8510965e0835d00,fusion,ONNX-MLIR LLVM,"onnx-mlir version 0.4.2, onnx version 1.21.0 (https://github.com/onnx/onnx-mlir.git 4a13c34aa695b228599d637cdb772c19b4b18dba)",onnx-mlir-llvm,true,,7,1,22693083,1.2516975402832031e-06,0.005345282261259853,65ca70347d70d5cf5887574937de95e0257c9cc1965bbda7f51c814716faef03,1c1bdb9a640d94d256c9941a7e961a8054bfed54013d2e23e507ee229829ed5b,true,20270928
fuse-conv-bias-relu,2fa842e74a5cfcbf59217c4e1d85f7cf2fd11e09dc5ef429f8510965e0835d00,fusion,ONNX-MLIR LLVM,"onnx-mlir version 0.4.2, onnx version 1.21.0 (https://github.com/onnx/onnx-mlir.git 4a13c34aa695b228599d637cdb772c19b4b18dba)",onnx-mlir-llvm,true,,8,1,22410750,1.2516975402832031e-06,0.005345282261259853,65ca70347d70d5cf5887574937de95e0257c9cc1965bbda7f51c814716faef03,1c1bdb9a640d94d256c9941a7e961a8054bfed54013d2e23e507ee229829ed5b,true,20270929
fuse-conv-bias-relu,2fa842e74a5cfcbf59217c4e1d85f7cf2fd11e09dc5ef429f8510965e0835d00,fusion,ONNX-MLIR LLVM,"onnx-mlir version 0.4.2, onnx version 1.21.0 (https://github.com/onnx/onnx-mlir.git 4a13c34aa695b228599d637cdb772c19b4b18dba)",onnx-mlir-llvm,true,,9,1,22414833,1.2516975402832031e-06,0.005345282261259853,65ca70347d70d5cf5887574937de95e0257c9cc1965bbda7f51c814716faef03,1c1bdb9a640d94d256c9941a7e961a8054bfed54013d2e23e507ee229829ed5b,true,20270930
fuse-conv-bias-relu,2fa842e74a5cfcbf59217c4e1d85f7cf2fd11e09dc5ef429f8510965e0835d00,fusion,ONNX-MLIR LLVM,"onnx-mlir version 0.4.2, onnx version 1.21.0 (https://github.com/onnx/onnx-mlir.git 4a13c34aa695b228599d637cdb772c19b4b18dba)",onnx-mlir-llvm,true,,10,1,22272583,1.2516975402832031e-06,0.005345282261259853,65ca70347d70d5cf5887574937de95e0257c9cc1965bbda7f51c814716faef03,1c1bdb9a640d94d256c9941a7e961a8054bfed54013d2e23e507ee229829ed5b,true,20270931
fuse-conv-bias-relu,2fa842e74a5cfcbf59217c4e1d85f7cf2fd11e09dc5ef429f8510965e0835d00,fusion,ONNX-MLIR LLVM,"onnx-mlir version 0.4.2, onnx version 1.21.0 (https://github.com/onnx/onnx-mlir.git 4a13c34aa695b228599d637cdb772c19b4b18dba)",onnx-mlir-llvm,true,,11,1,22402334,1.2516975402832031e-06,0.005345282261259853,65ca70347d70d5cf5887574937de95e0257c9cc1965bbda7f51c814716faef03,1c1bdb9a640d94d256c9941a7e961a8054bfed54013d2e23e507ee229829ed5b,true,20270932
fuse-conv-bias-relu,2fa842e74a5cfcbf59217c4e1d85f7cf2fd11e09dc5ef429f8510965e0835d00,fusion,ONNX-MLIR LLVM,"onnx-mlir version 0.4.2, onnx version 1.21.0 (https://github.com/onnx/onnx-mlir.git 4a13c34aa695b228599d637cdb772c19b4b18dba)",onnx-mlir-llvm,true,,12,1,22413709,1.2516975402832031e-06,0.005345282261259853,65ca70347d70d5cf5887574937de95e0257c9cc1965bbda7f51c814716faef03,1c1bdb9a640d94d256c9941a7e961a8054bfed54013d2e23e507ee229829ed5b,true,20270933
fuse-conv-bias-relu,2fa842e74a5cfcbf59217c4e1d85f7cf2fd11e09dc5ef429f8510965e0835d00,fusion,ONNX-MLIR LLVM,"onnx-mlir version 0.4.2, onnx version 1.21.0 (https://github.com/onnx/onnx-mlir.git 4a13c34aa695b228599d637cdb772c19b4b18dba)",onnx-mlir-llvm,true,,13,1,22669834,1.2516975402832031e-06,0.005345282261259853,65ca70347d70d5cf5887574937de95e0257c9cc1965bbda7f51c814716faef03,1c1bdb9a640d94d256c9941a7e961a8054bfed54013d2e23e507ee229829ed5b,true,20270934
fuse-conv-bias-relu,2fa842e74a5cfcbf59217c4e1d85f7cf2fd11e09dc5ef429f8510965e0835d00,fusion,ONNX-MLIR LLVM,"onnx-mlir version 0.4.2, onnx version 1.21.0 (https://github.com/onnx/onnx-mlir.git 4a13c34aa695b228599d637cdb772c19b4b18dba)",onnx-mlir-llvm,true,,14,1,22575750,1.2516975402832031e-06,0.005345282261259853,65ca70347d70d5cf5887574937de95e0257c9cc1965bbda7f51c814716faef03,1c1bdb9a640d94d256c9941a7e961a8054bfed54013d2e23e507ee229829ed5b,true,20270935
fuse-conv-bias-relu,2fa842e74a5cfcbf59217c4e1d85f7cf2fd11e09dc5ef429f8510965e0835d00,fusion,ONNX-MLIR LLVM,"onnx-mlir version 0.4.2, onnx version 1.21.0 (https://github.com/onnx/onnx-mlir.git 4a13c34aa695b228599d637cdb772c19b4b18dba)",onnx-mlir-llvm,true,,15,1,22332791,1.2516975402832031e-06,0.005345282261259853,65ca70347d70d5cf5887574937de95e0257c9cc1965bbda7f51c814716faef03,1c1bdb9a640d94d256c9941a7e961a8054bfed54013d2e23e507ee229829ed5b,true,20270936
fuse-conv-bias-relu,2fa842e74a5cfcbf59217c4e1d85f7cf2fd11e09dc5ef429f8510965e0835d00,fusion,ONNX-MLIR LLVM,"onnx-mlir version 0.4.2, onnx version 1.21.0 (https://github.com/onnx/onnx-mlir.git 4a13c34aa695b228599d637cdb772c19b4b18dba)",onnx-mlir-llvm,true,,16,1,22478625,1.2516975402832031e-06,0.005345282261259853,65ca70347d70d5cf5887574937de95e0257c9cc1965bbda7f51c814716faef03,1c1bdb9a640d94d256c9941a7e961a8054bfed54013d2e23e507ee229829ed5b,true,20270937
fuse-conv-bias-relu,2fa842e74a5cfcbf59217c4e1d85f7cf2fd11e09dc5ef429f8510965e0835d00,fusion,ONNX-MLIR LLVM,"onnx-mlir version 0.4.2, onnx version 1.21.0 (https://github.com/onnx/onnx-mlir.git 4a13c34aa695b228599d637cdb772c19b4b18dba)",onnx-mlir-llvm,true,,17,1,22437458,1.2516975402832031e-06,0.005345282261259853,65ca70347d70d5cf5887574937de95e0257c9cc1965bbda7f51c814716faef03,1c1bdb9a640d94d256c9941a7e961a8054bfed54013d2e23e507ee229829ed5b,true,20270938
fuse-conv-bias-relu,2fa842e74a5cfcbf59217c4e1d85f7cf2fd11e09dc5ef429f8510965e0835d00,fusion,ONNX-MLIR LLVM,"onnx-mlir version 0.4.2, onnx version 1.21.0 (https://github.com/onnx/onnx-mlir.git 4a13c34aa695b228599d637cdb772c19b4b18dba)",onnx-mlir-llvm,true,,18,1,22304958,1.2516975402832031e-06,0.005345282261259853,65ca70347d70d5cf5887574937de95e0257c9cc1965bbda7f51c814716faef03,1c1bdb9a640d94d256c9941a7e961a8054bfed54013d2e23e507ee229829ed5b,true,20270939
fuse-conv-bias-relu,2fa842e74a5cfcbf59217c4e1d85f7cf2fd11e09dc5ef429f8510965e0835d00,fusion,ONNX-MLIR LLVM,"onnx-mlir version 0.4.2, onnx version 1.21.0 (https://github.com/onnx/onnx-mlir.git 4a13c34aa695b228599d637cdb772c19b4b18dba)",onnx-mlir-llvm,true,,19,1,22242209,1.2516975402832031e-06,0.005345282261259853,65ca70347d70d5cf5887574937de95e0257c9cc1965bbda7f51c814716faef03,1c1bdb9a640d94d256c9941a7e961a8054bfed54013d2e23e507ee229829ed5b,true,20270940
fuse-conv-bias-relu,2fa842e74a5cfcbf59217c4e1d85f7cf2fd11e09dc5ef429f8510965e0835d00,fusion,ONNX-MLIR LLVM,"onnx-mlir version 0.4.2, onnx version 1.21.0 (https://github.com/onnx/onnx-mlir.git 4a13c34aa695b228599d637cdb772c19b4b18dba)",onnx-mlir-llvm,true,,20,1,22472917,1.2516975402832031e-06,0.005345282261259853,65ca70347d70d5cf5887574937de95e0257c9cc1965bbda7f51c814716faef03,1c1bdb9a640d94d256c9941a7e961a8054bfed54013d2e23e507ee229829ed5b,true,20270941
fuse-conv-bias-relu,2fa842e74a5cfcbf59217c4e1d85f7cf2fd11e09dc5ef429f8510965e0835d00,fusion,ONNX-MLIR LLVM,"onnx-mlir version 0.4.2, onnx version 1.21.0 (https://github.com/onnx/onnx-mlir.git 4a13c34aa695b228599d637cdb772c19b4b18dba)",onnx-mlir-llvm,true,,21,1,22299166,1.2516975402832031e-06,0.005345282261259853,65ca70347d70d5cf5887574937de95e0257c9cc1965bbda7f51c814716faef03,1c1bdb9a640d94d256c9941a7e961a8054bfed54013d2e23e507ee229829ed5b,true,20270942
fuse-conv-bias-relu,2fa842e74a5cfcbf59217c4e1d85f7cf2fd11e09dc5ef429f8510965e0835d00,fusion,ONNX-MLIR LLVM,"onnx-mlir version 0.4.2, onnx version 1.21.0 (https://github.com/onnx/onnx-mlir.git 4a13c34aa695b228599d637cdb772c19b4b18dba)",onnx-mlir-llvm,true,,22,1,22355166,1.2516975402832031e-06,0.005345282261259853,65ca70347d70d5cf5887574937de95e0257c9cc1965bbda7f51c814716faef03,1c1bdb9a640d94d256c9941a7e961a8054bfed54013d2e23e507ee229829ed5b,true,20270943
fuse-conv-bias-relu,2fa842e74a5cfcbf59217c4e1d85f7cf2fd11e09dc5ef429f8510965e0835d00,fusion,ONNX-MLIR LLVM,"onnx-mlir version 0.4.2, onnx version 1.21.0 (https://github.com/onnx/onnx-mlir.git 4a13c34aa695b228599d637cdb772c19b4b18dba)",onnx-mlir-llvm,true,,23,1,22300500,1.2516975402832031e-06,0.005345282261259853,65ca70347d70d5cf5887574937de95e0257c9cc1965bbda7f51c814716faef03,1c1bdb9a640d94d256c9941a7e961a8054bfed54013d2e23e507ee229829ed5b,true,20270944
fuse-conv-bias-relu,2fa842e74a5cfcbf59217c4e1d85f7cf2fd11e09dc5ef429f8510965e0835d00,fusion,ONNX-MLIR LLVM,"onnx-mlir version 0.4.2, onnx version 1.21.0 (https://github.com/onnx/onnx-mlir.git 4a13c34aa695b228599d637cdb772c19b4b18dba)",onnx-mlir-llvm,true,,24,1,22267666,1.2516975402832031e-06,0.005345282261259853,65ca70347d70d5cf5887574937de95e0257c9cc1965bbda7f51c814716faef03,1c1bdb9a640d94d256c9941a7e961a8054bfed54013d2e23e507ee229829ed5b,true,20270945
fuse-conv-bias-relu,2fa842e74a5cfcbf59217c4e1d85f7cf2fd11e09dc5ef429f8510965e0835d00,fusion,ONNX-MLIR LLVM,"onnx-mlir version 0.4.2, onnx version 1.21.0 (https://github.com/onnx/onnx-mlir.git 4a13c34aa695b228599d637cdb772c19b4b18dba)",onnx-mlir-llvm,true,,25,1,22337375,1.2516975402832031e-06,0.005345282261259853,65ca70347d70d5cf5887574937de95e0257c9cc1965bbda7f51c814716faef03,1c1bdb9a640d94d256c9941a7e961a8054bfed54013d2e23e507ee229829ed5b,true,20270946
fuse-conv-bias-relu,2fa842e74a5cfcbf59217c4e1d85f7cf2fd11e09dc5ef429f8510965e0835d00,fusion,ONNX-MLIR LLVM,"onnx-mlir version 0.4.2, onnx version 1.21.0 (https://github.com/onnx/onnx-mlir.git 4a13c34aa695b228599d637cdb772c19b4b18dba)",onnx-mlir-llvm,true,,26,1,22473708,1.2516975402832031e-06,0.005345282261259853,65ca70347d70d5cf5887574937de95e0257c9cc1965bbda7f51c814716faef03,1c1bdb9a640d94d256c9941a7e961a8054bfed54013d2e23e507ee229829ed5b,true,20270947
fuse-conv-bias-relu,2fa842e74a5cfcbf59217c4e1d85f7cf2fd11e09dc5ef429f8510965e0835d00,fusion,ONNX-MLIR LLVM,"onnx-mlir version 0.4.2, onnx version 1.21.0 (https://github.com/onnx/onnx-mlir.git 4a13c34aa695b228599d637cdb772c19b4b18dba)",onnx-mlir-llvm,true,,27,1,22379000,1.2516975402832031e-06,0.005345282261259853,65ca70347d70d5cf5887574937de95e0257c9cc1965bbda7f51c814716faef03,1c1bdb9a640d94d256c9941a7e961a8054bfed54013d2e23e507ee229829ed5b,true,20270948
fuse-conv-bias-relu,2fa842e74a5cfcbf59217c4e1d85f7cf2fd11e09dc5ef429f8510965e0835d00,fusion,ONNX-MLIR LLVM,"onnx-mlir version 0.4.2, onnx version 1.21.0 (https://github.com/onnx/onnx-mlir.git 4a13c34aa695b228599d637cdb772c19b4b18dba)",onnx-mlir-llvm,true,,28,1,22136750,1.2516975402832031e-06,0.005345282261259853,65ca70347d70d5cf5887574937de95e0257c9cc1965bbda7f51c814716faef03,1c1bdb9a640d94d256c9941a7e961a8054bfed54013d2e23e507ee229829ed5b,true,20270949
fuse-conv-bias-relu,2fa842e74a5cfcbf59217c4e1d85f7cf2fd11e09dc5ef429f8510965e0835d00,fusion,ONNX-MLIR LLVM,"onnx-mlir version 0.4.2, onnx version 1.21.0 (https://github.com/onnx/onnx-mlir.git 4a13c34aa695b228599d637cdb772c19b4b18dba)",onnx-mlir-llvm,true,,29,1,22126958,1.2516975402832031e-06,0.005345282261259853,65ca70347d70d5cf5887574937de95e0257c9cc1965bbda7f51c814716faef03,1c1bdb9a640d94d256c9941a7e961a8054bfed54013d2e23e507ee229829ed5b,true,20270950
fuse-conv-bias-relu,2fa842e74a5cfcbf59217c4e1d85f7cf2fd11e09dc5ef429f8510965e0835d00,fusion,ONNX-MLIR LLVM,"onnx-mlir version 0.4.2, onnx version 1.21.0 (https://github.com/onnx/onnx-mlir.git 4a13c34aa695b228599d637cdb772c19b4b18dba)",onnx-mlir-llvm,true,,30,1,22277458,1.2516975402832031e-06,0.005345282261259853,65ca70347d70d5cf5887574937de95e0257c9cc1965bbda7f51c814716faef03,1c1bdb9a640d94d256c9941a7e961a8054bfed54013d2e23e507ee229829ed5b,true,20270951
fuse-conv-bias-relu,2fa842e74a5cfcbf59217c4e1d85f7cf2fd11e09dc5ef429f8510965e0835d00,fusion,ONNX-MLIR LLVM,"onnx-mlir version 0.4.2, onnx version 1.21.0 (https://github.com/onnx/onnx-mlir.git 4a13c34aa695b228599d637cdb772c19b4b18dba)",onnx-mlir-llvm,true,,31,1,22140667,1.2516975402832031e-06,0.005345282261259853,65ca70347d70d5cf5887574937de95e0257c9cc1965bbda7f51c814716faef03,1c1bdb9a640d94d256c9941a7e961a8054bfed54013d2e23e507ee229829ed5b,true,20270952
fuse-conv-bias-relu,2fa842e74a5cfcbf59217c4e1d85f7cf2fd11e09dc5ef429f8510965e0835d00,fusion,ONNX-MLIR LLVM,"onnx-mlir version 0.4.2, onnx version 1.21.0 (https://github.com/onnx/onnx-mlir.git 4a13c34aa695b228599d637cdb772c19b4b18dba)",onnx-mlir-llvm,true,,32,1,22277000,1.2516975402832031e-06,0.005345282261259853,65ca70347d70d5cf5887574937de95e0257c9cc1965bbda7f51c814716faef03,1c1bdb9a640d94d256c9941a7e961a8054bfed54013d2e23e507ee229829ed5b,true,20270953
fuse-conv-bias-relu,2fa842e74a5cfcbf59217c4e1d85f7cf2fd11e09dc5ef429f8510965e0835d00,fusion,ONNX-MLIR LLVM,"onnx-mlir version 0.4.2, onnx version 1.21.0 (https://github.com/onnx/onnx-mlir.git 4a13c34aa695b228599d637cdb772c19b4b18dba)",onnx-mlir-llvm,true,,33,1,21985250,1.2516975402832031e-06,0.005345282261259853,65ca70347d70d5cf5887574937de95e0257c9cc1965bbda7f51c814716faef03,1c1bdb9a640d94d256c9941a7e961a8054bfed54013d2e23e507ee229829ed5b,true,20270954
fuse-conv-bias-relu,2fa842e74a5cfcbf59217c4e1d85f7cf2fd11e09dc5ef429f8510965e0835d00,fusion,ONNX-MLIR LLVM,"onnx-mlir version 0.4.2, onnx version 1.21.0 (https://github.com/onnx/onnx-mlir.git 4a13c34aa695b228599d637cdb772c19b4b18dba)",onnx-mlir-llvm,true,,34,1,22194833,1.2516975402832031e-06,0.005345282261259853,65ca70347d70d5cf5887574937de95e0257c9cc1965bbda7f51c814716faef03,1c1bdb9a640d94d256c9941a7e961a8054bfed54013d2e23e507ee229829ed5b,true,20270955
fuse-conv-bias-relu,2fa842e74a5cfcbf59217c4e1d85f7cf2fd11e09dc5ef429f8510965e0835d00,fusion,ONNX-MLIR LLVM,"onnx-mlir version 0.4.2, onnx version 1.21.0 (https://github.com/onnx/onnx-mlir.git 4a13c34aa695b228599d637cdb772c19b4b18dba)",onnx-mlir-llvm,true,,35,1,22179708,1.2516975402832031e-06,0.005345282261259853,65ca70347d70d5cf5887574937de95e0257c9cc1965bbda7f51c814716faef03,1c1bdb9a640d94d256c9941a7e961a8054bfed54013d2e23e507ee229829ed5b,true,20270956
fuse-conv-bias-relu,2fa842e74a5cfcbf59217c4e1d85f7cf2fd11e09dc5ef429f8510965e0835d00,fusion,ONNX-MLIR LLVM,"onnx-mlir version 0.4.2, onnx version 1.21.0 (https://github.com/onnx/onnx-mlir.git 4a13c34aa695b228599d637cdb772c19b4b18dba)",onnx-mlir-llvm,true,,36,1,22095792,1.2516975402832031e-06,0.005345282261259853,65ca70347d70d5cf5887574937de95e0257c9cc1965bbda7f51c814716faef03,1c1bdb9a640d94d256c9941a7e961a8054bfed54013d2e23e507ee229829ed5b,true,20270957
fuse-conv-bias-relu,2fa842e74a5cfcbf59217c4e1d85f7cf2fd11e09dc5ef429f8510965e0835d00,fusion,ONNX-MLIR LLVM,"onnx-mlir version 0.4.2, onnx version 1.21.0 (https://github.com/onnx/onnx-mlir.git 4a13c34aa695b228599d637cdb772c19b4b18dba)",onnx-mlir-llvm,true,,37,1,22221750,1.2516975402832031e-06,0.005345282261259853,65ca70347d70d5cf5887574937de95e0257c9cc1965bbda7f51c814716faef03,1c1bdb9a640d94d256c9941a7e961a8054bfed54013d2e23e507ee229829ed5b,true,20270958
fuse-conv-bias-relu,2fa842e74a5cfcbf59217c4e1d85f7cf2fd11e09dc5ef429f8510965e0835d00,fusion,ONNX-MLIR LLVM,"onnx-mlir version 0.4.2, onnx version 1.21.0 (https://github.com/onnx/onnx-mlir.git 4a13c34aa695b228599d637cdb772c19b4b18dba)",onnx-mlir-llvm,true,,38,1,22430417,1.2516975402832031e-06,0.005345282261259853,65ca70347d70d5cf5887574937de95e0257c9cc1965bbda7f51c814716faef03,1c1bdb9a640d94d256c9941a7e961a8054bfed54013d2e23e507ee229829ed5b,true,20270959
fuse-conv-bias-relu,2fa842e74a5cfcbf59217c4e1d85f7cf2fd11e09dc5ef429f8510965e0835d00,fusion,ONNX-MLIR LLVM,"onnx-mlir version 0.4.2, onnx version 1.21.0 (https://github.com/onnx/onnx-mlir.git 4a13c34aa695b228599d637cdb772c19b4b18dba)",onnx-mlir-llvm,true,,39,1,22391333,1.2516975402832031e-06,0.005345282261259853,65ca70347d70d5cf5887574937de95e0257c9cc1965bbda7f51c814716faef03,1c1bdb9a640d94d256c9941a7e961a8054bfed54013d2e23e507ee229829ed5b,true,20270960
fuse-conv-bias-relu,2fa842e74a5cfcbf59217c4e1d85f7cf2fd11e09dc5ef429f8510965e0835d00,fusion,ONNX-MLIR LLVM,"onnx-mlir version 0.4.2, onnx version 1.21.0 (https://github.com/onnx/onnx-mlir.git 4a13c34aa695b228599d637cdb772c19b4b18dba)",onnx-mlir-llvm,true,,40,1,22352083,1.2516975402832031e-06,0.005345282261259853,65ca70347d70d5cf5887574937de95e0257c9cc1965bbda7f51c814716faef03,1c1bdb9a640d94d256c9941a7e961a8054bfed54013d2e23e507ee229829ed5b,true,20270961
fuse-conv-bias-relu,2fa842e74a5cfcbf59217c4e1d85f7cf2fd11e09dc5ef429f8510965e0835d00,fusion,ONNX-MLIR LLVM,"onnx-mlir version 0.4.2, onnx version 1.21.0 (https://github.com/onnx/onnx-mlir.git 4a13c34aa695b228599d637cdb772c19b4b18dba)",onnx-mlir-llvm,true,,41,1,22357083,1.2516975402832031e-06,0.005345282261259853,65ca70347d70d5cf5887574937de95e0257c9cc1965bbda7f51c814716faef03,1c1bdb9a640d94d256c9941a7e961a8054bfed54013d2e23e507ee229829ed5b,true,20270962
fuse-conv-bias-relu,2fa842e74a5cfcbf59217c4e1d85f7cf2fd11e09dc5ef429f8510965e0835d00,fusion,ONNX-MLIR LLVM,"onnx-mlir version 0.4.2, onnx version 1.21.0 (https://github.com/onnx/onnx-mlir.git 4a13c34aa695b228599d637cdb772c19b4b18dba)",onnx-mlir-llvm,true,,42,1,22297000,1.2516975402832031e-06,0.005345282261259853,65ca70347d70d5cf5887574937de95e0257c9cc1965bbda7f51c814716faef03,1c1bdb9a640d94d256c9941a7e961a8054bfed54013d2e23e507ee229829ed5b,true,20270963
fuse-conv-bias-relu,2fa842e74a5cfcbf59217c4e1d85f7cf2fd11e09dc5ef429f8510965e0835d00,fusion,ONNX-MLIR LLVM,"onnx-mlir version 0.4.2, onnx version 1.21.0 (https://github.com/onnx/onnx-mlir.git 4a13c34aa695b228599d637cdb772c19b4b18dba)",onnx-mlir-llvm,true,,43,1,22192334,1.2516975402832031e-06,0.005345282261259853,65ca70347d70d5cf5887574937de95e0257c9cc1965bbda7f51c814716faef03,1c1bdb9a640d94d256c9941a7e961a8054bfed54013d2e23e507ee229829ed5b,true,20270964
fuse-conv-bias-relu,2fa842e74a5cfcbf59217c4e1d85f7cf2fd11e09dc5ef429f8510965e0835d00,fusion,ONNX-MLIR LLVM,"onnx-mlir version 0.4.2, onnx version 1.21.0 (https://github.com/onnx/onnx-mlir.git 4a13c34aa695b228599d637cdb772c19b4b18dba)",onnx-mlir-llvm,true,,44,1,22471541,1.2516975402832031e-06,0.005345282261259853,65ca70347d70d5cf5887574937de95e0257c9cc1965bbda7f51c814716faef03,1c1bdb9a640d94d256c9941a7e961a8054bfed54013d2e23e507ee229829ed5b,true,20270965
fuse-conv-bias-relu,2fa842e74a5cfcbf59217c4e1d85f7cf2fd11e09dc5ef429f8510965e0835d00,fusion,ONNX-MLIR LLVM,"onnx-mlir version 0.4.2, onnx version 1.21.0 (https://github.com/onnx/onnx-mlir.git 4a13c34aa695b228599d637cdb772c19b4b18dba)",onnx-mlir-llvm,true,,45,1,22290000,1.2516975402832031e-06,0.005345282261259853,65ca70347d70d5cf5887574937de95e0257c9cc1965bbda7f51c814716faef03,1c1bdb9a640d94d256c9941a7e961a8054bfed54013d2e23e507ee229829ed5b,true,20270966
fuse-conv-bias-relu,2fa842e74a5cfcbf59217c4e1d85f7cf2fd11e09dc5ef429f8510965e0835d00,fusion,ONNX-MLIR LLVM,"onnx-mlir version 0.4.2, onnx version 1.21.0 (https://github.com/onnx/onnx-mlir.git 4a13c34aa695b228599d637cdb772c19b4b18dba)",onnx-mlir-llvm,true,,46,1,22266500,1.2516975402832031e-06,0.005345282261259853,65ca70347d70d5cf5887574937de95e0257c9cc1965bbda7f51c814716faef03,1c1bdb9a640d94d256c9941a7e961a8054bfed54013d2e23e507ee229829ed5b,true,20270967
fuse-conv-bias-relu,2fa842e74a5cfcbf59217c4e1d85f7cf2fd11e09dc5ef429f8510965e0835d00,fusion,ONNX-MLIR LLVM,"onnx-mlir version 0.4.2, onnx version 1.21.0 (https://github.com/onnx/onnx-mlir.git 4a13c34aa695b228599d637cdb772c19b4b18dba)",onnx-mlir-llvm,true,,47,1,22676167,1.2516975402832031e-06,0.005345282261259853,65ca70347d70d5cf5887574937de95e0257c9cc1965bbda7f51c814716faef03,1c1bdb9a640d94d256c9941a7e961a8054bfed54013d2e23e507ee229829ed5b,true,20270968
fuse-conv-bias-relu,2fa842e74a5cfcbf59217c4e1d85f7cf2fd11e09dc5ef429f8510965e0835d00,fusion,ONNX-MLIR LLVM,"onnx-mlir version 0.4.2, onnx version 1.21.0 (https://github.com/onnx/onnx-mlir.git 4a13c34aa695b228599d637cdb772c19b4b18dba)",onnx-mlir-llvm,true,,48,1,22398625,1.2516975402832031e-06,0.005345282261259853,65ca70347d70d5cf5887574937de95e0257c9cc1965bbda7f51c814716faef03,1c1bdb9a640d94d256c9941a7e961a8054bfed54013d2e23e507ee229829ed5b,true,20270969
fuse-conv-bias-relu,2fa842e74a5cfcbf59217c4e1d85f7cf2fd11e09dc5ef429f8510965e0835d00,fusion,ONNX-MLIR LLVM,"onnx-mlir version 0.4.2, onnx version 1.21.0 (https://github.com/onnx/onnx-mlir.git 4a13c34aa695b228599d637cdb772c19b4b18dba)",onnx-mlir-llvm,true,,49,1,22361542,1.2516975402832031e-06,0.005345282261259853,65ca70347d70d5cf5887574937de95e0257c9cc1965bbda7f51c814716faef03,1c1bdb9a640d94d256c9941a7e961a8054bfed54013d2e23e507ee229829ed5b,true,20270970
fuse-conv-bias-relu,2fa842e74a5cfcbf59217c4e1d85f7cf2fd11e09dc5ef429f8510965e0835d00,fusion,ONNX-MLIR LLVM,"onnx-mlir version 0.4.2, onnx version 1.21.0 (https://github.com/onnx/onnx-mlir.git 4a13c34aa695b228599d637cdb772c19b4b18dba)",onnx-mlir-llvm,true,,50,1,22339375,1.2516975402832031e-06,0.005345282261259853,65ca70347d70d5cf5887574937de95e0257c9cc1965bbda7f51c814716faef03,1c1bdb9a640d94d256c9941a7e961a8054bfed54013d2e23e507ee229829ed5b,true,20270971
fuse-conv-bias-relu,2fa842e74a5cfcbf59217c4e1d85f7cf2fd11e09dc5ef429f8510965e0835d00,fusion,ONNX-MLIR LLVM,"onnx-mlir version 0.4.2, onnx version 1.21.0 (https://github.com/onnx/onnx-mlir.git 4a13c34aa695b228599d637cdb772c19b4b18dba)",onnx-mlir-llvm,true,,51,1,22355458,1.2516975402832031e-06,0.005345282261259853,65ca70347d70d5cf5887574937de95e0257c9cc1965bbda7f51c814716faef03,1c1bdb9a640d94d256c9941a7e961a8054bfed54013d2e23e507ee229829ed5b,true,20270972
fuse-conv-bias-relu,2fa842e74a5cfcbf59217c4e1d85f7cf2fd11e09dc5ef429f8510965e0835d00,fusion,ONNX-MLIR LLVM,"onnx-mlir version 0.4.2, onnx version 1.21.0 (https://github.com/onnx/onnx-mlir.git 4a13c34aa695b228599d637cdb772c19b4b18dba)",onnx-mlir-llvm,true,,52,1,22366375,1.2516975402832031e-06,0.005345282261259853,65ca70347d70d5cf5887574937de95e0257c9cc1965bbda7f51c814716faef03,1c1bdb9a640d94d256c9941a7e961a8054bfed54013d2e23e507ee229829ed5b,true,20270973
fuse-conv-bias-relu,2fa842e74a5cfcbf59217c4e1d85f7cf2fd11e09dc5ef429f8510965e0835d00,fusion,ONNX-MLIR LLVM,"onnx-mlir version 0.4.2, onnx version 1.21.0 (https://github.com/onnx/onnx-mlir.git 4a13c34aa695b228599d637cdb772c19b4b18dba)",onnx-mlir-llvm,true,,53,1,22395000,1.2516975402832031e-06,0.005345282261259853,65ca70347d70d5cf5887574937de95e0257c9cc1965bbda7f51c814716faef03,1c1bdb9a640d94d256c9941a7e961a8054bfed54013d2e23e507ee229829ed5b,true,20270974
fuse-conv-bias-relu,2fa842e74a5cfcbf59217c4e1d85f7cf2fd11e09dc5ef429f8510965e0835d00,fusion,ONNX-MLIR LLVM,"onnx-mlir version 0.4.2, onnx version 1.21.0 (https://github.com/onnx/onnx-mlir.git 4a13c34aa695b228599d637cdb772c19b4b18dba)",onnx-mlir-llvm,true,,54,1,22375542,1.2516975402832031e-06,0.005345282261259853,65ca70347d70d5cf5887574937de95e0257c9cc1965bbda7f51c814716faef03,1c1bdb9a640d94d256c9941a7e961a8054bfed54013d2e23e507ee229829ed5b,true,20270975
fuse-conv-bias-relu,2fa842e74a5cfcbf59217c4e1d85f7cf2fd11e09dc5ef429f8510965e0835d00,fusion,ONNX-MLIR LLVM,"onnx-mlir version 0.4.2, onnx version 1.21.0 (https://github.com/onnx/onnx-mlir.git 4a13c34aa695b228599d637cdb772c19b4b18dba)",onnx-mlir-llvm,true,,55,1,22254333,1.2516975402832031e-06,0.005345282261259853,65ca70347d70d5cf5887574937de95e0257c9cc1965bbda7f51c814716faef03,1c1bdb9a640d94d256c9941a7e961a8054bfed54013d2e23e507ee229829ed5b,true,20270976
fuse-conv-bias-relu,2fa842e74a5cfcbf59217c4e1d85f7cf2fd11e09dc5ef429f8510965e0835d00,fusion,ONNX-MLIR LLVM,"onnx-mlir version 0.4.2, onnx version 1.21.0 (https://github.com/onnx/onnx-mlir.git 4a13c34aa695b228599d637cdb772c19b4b18dba)",onnx-mlir-llvm,true,,56,1,22367833,1.2516975402832031e-06,0.005345282261259853,65ca70347d70d5cf5887574937de95e0257c9cc1965bbda7f51c814716faef03,1c1bdb9a640d94d256c9941a7e961a8054bfed54013d2e23e507ee229829ed5b,true,20270977
fuse-conv-bias-relu,2fa842e74a5cfcbf59217c4e1d85f7cf2fd11e09dc5ef429f8510965e0835d00,fusion,ONNX-MLIR LLVM,"onnx-mlir version 0.4.2, onnx version 1.21.0 (https://github.com/onnx/onnx-mlir.git 4a13c34aa695b228599d637cdb772c19b4b18dba)",onnx-mlir-llvm,true,,57,1,22217750,1.2516975402832031e-06,0.005345282261259853,65ca70347d70d5cf5887574937de95e0257c9cc1965bbda7f51c814716faef03,1c1bdb9a640d94d256c9941a7e961a8054bfed54013d2e23e507ee229829ed5b,true,20270978
fuse-conv-bias-relu,2fa842e74a5cfcbf59217c4e1d85f7cf2fd11e09dc5ef429f8510965e0835d00,fusion,ONNX-MLIR LLVM,"onnx-mlir version 0.4.2, onnx version 1.21.0 (https://github.com/onnx/onnx-mlir.git 4a13c34aa695b228599d637cdb772c19b4b18dba)",onnx-mlir-llvm,true,,58,1,23277875,1.2516975402832031e-06,0.005345282261259853,65ca70347d70d5cf5887574937de95e0257c9cc1965bbda7f51c814716faef03,1c1bdb9a640d94d256c9941a7e961a8054bfed54013d2e23e507ee229829ed5b,true,20270979
fuse-conv-bias-relu,2fa842e74a5cfcbf59217c4e1d85f7cf2fd11e09dc5ef429f8510965e0835d00,fusion,ONNX-MLIR LLVM,"onnx-mlir version 0.4.2, onnx version 1.21.0 (https://github.com/onnx/onnx-mlir.git 4a13c34aa695b228599d637cdb772c19b4b18dba)",onnx-mlir-llvm,true,,59,1,22762750,1.2516975402832031e-06,0.005345282261259853,65ca70347d70d5cf5887574937de95e0257c9cc1965bbda7f51c814716faef03,1c1bdb9a640d94d256c9941a7e961a8054bfed54013d2e23e507ee229829ed5b,true,20270980
fuse-conv-bias-relu,2fa842e74a5cfcbf59217c4e1d85f7cf2fd11e09dc5ef429f8510965e0835d00,fusion,ONNX-MLIR LLVM,"onnx-mlir version 0.4.2, onnx version 1.21.0 (https://github.com/onnx/onnx-mlir.git 4a13c34aa695b228599d637cdb772c19b4b18dba)",onnx-mlir-llvm,true,,60,1,22625500,1.2516975402832031e-06,0.005345282261259853,65ca70347d70d5cf5887574937de95e0257c9cc1965bbda7f51c814716faef03,1c1bdb9a640d94d256c9941a7e961a8054bfed54013d2e23e507ee229829ed5b,true,20270981
fuse-conv-bias-relu,2fa842e74a5cfcbf59217c4e1d85f7cf2fd11e09dc5ef429f8510965e0835d00,fusion,ONNX-MLIR LLVM,"onnx-mlir version 0.4.2, onnx version 1.21.0 (https://github.com/onnx/onnx-mlir.git 4a13c34aa695b228599d637cdb772c19b4b18dba)",onnx-mlir-llvm,true,,61,1,22679750,1.2516975402832031e-06,0.005345282261259853,65ca70347d70d5cf5887574937de95e0257c9cc1965bbda7f51c814716faef03,1c1bdb9a640d94d256c9941a7e961a8054bfed54013d2e23e507ee229829ed5b,true,20270982
fuse-conv-bias-relu,2fa842e74a5cfcbf59217c4e1d85f7cf2fd11e09dc5ef429f8510965e0835d00,fusion,ONNX-MLIR LLVM,"onnx-mlir version 0.4.2, onnx version 1.21.0 (https://github.com/onnx/onnx-mlir.git 4a13c34aa695b228599d637cdb772c19b4b18dba)",onnx-mlir-llvm,true,,62,1,22526625,1.2516975402832031e-06,0.005345282261259853,65ca70347d70d5cf5887574937de95e0257c9cc1965bbda7f51c814716faef03,1c1bdb9a640d94d256c9941a7e961a8054bfed54013d2e23e507ee229829ed5b,true,20270983
fuse-conv-bias-relu,2fa842e74a5cfcbf59217c4e1d85f7cf2fd11e09dc5ef429f8510965e0835d00,fusion,ONNX-MLIR LLVM,"onnx-mlir version 0.4.2, onnx version 1.21.0 (https://github.com/onnx/onnx-mlir.git 4a13c34aa695b228599d637cdb772c19b4b18dba)",onnx-mlir-llvm,true,,63,1,22628916,1.2516975402832031e-06,0.005345282261259853,65ca70347d70d5cf5887574937de95e0257c9cc1965bbda7f51c814716faef03,1c1bdb9a640d94d256c9941a7e961a8054bfed54013d2e23e507ee229829ed5b,true,20270984
fuse-conv-bias-relu,2fa842e74a5cfcbf59217c4e1d85f7cf2fd11e09dc5ef429f8510965e0835d00,fusion,ONNX-MLIR LLVM,"onnx-mlir version 0.4.2, onnx version 1.21.0 (https://github.com/onnx/onnx-mlir.git 4a13c34aa695b228599d637cdb772c19b4b18dba)",onnx-mlir-llvm,true,,64,1,22291416,1.2516975402832031e-06,0.005345282261259853,65ca70347d70d5cf5887574937de95e0257c9cc1965bbda7f51c814716faef03,1c1bdb9a640d94d256c9941a7e961a8054bfed54013d2e23e507ee229829ed5b,true,20270985
fuse-conv-bias-relu,2fa842e74a5cfcbf59217c4e1d85f7cf2fd11e09dc5ef429f8510965e0835d00,fusion,ONNX-MLIR LLVM,"onnx-mlir version 0.4.2, onnx version 1.21.0 (https://github.com/onnx/onnx-mlir.git 4a13c34aa695b228599d637cdb772c19b4b18dba)",onnx-mlir-llvm,true,,65,1,22256375,1.2516975402832031e-06,0.005345282261259853,65ca70347d70d5cf5887574937de95e0257c9cc1965bbda7f51c814716faef03,1c1bdb9a640d94d256c9941a7e961a8054bfed54013d2e23e507ee229829ed5b,true,20270986
fuse-conv-bias-relu,2fa842e74a5cfcbf59217c4e1d85f7cf2fd11e09dc5ef429f8510965e0835d00,fusion,ONNX-MLIR LLVM,"onnx-mlir version 0.4.2, onnx version 1.21.0 (https://github.com/onnx/onnx-mlir.git 4a13c34aa695b228599d637cdb772c19b4b18dba)",onnx-mlir-llvm,true,,66,1,22211750,1.2516975402832031e-06,0.005345282261259853,65ca70347d70d5cf5887574937de95e0257c9cc1965bbda7f51c814716faef03,1c1bdb9a640d94d256c9941a7e961a8054bfed54013d2e23e507ee229829ed5b,true,20270987
fuse-conv-bias-relu,2fa842e74a5cfcbf59217c4e1d85f7cf2fd11e09dc5ef429f8510965e0835d00,fusion,ONNX-MLIR LLVM,"onnx-mlir version 0.4.2, onnx version 1.21.0 (https://github.com/onnx/onnx-mlir.git 4a13c34aa695b228599d637cdb772c19b4b18dba)",onnx-mlir-llvm,true,,67,1,22460125,1.2516975402832031e-06,0.005345282261259853,65ca70347d70d5cf5887574937de95e0257c9cc1965bbda7f51c814716faef03,1c1bdb9a640d94d256c9941a7e961a8054bfed54013d2e23e507ee229829ed5b,true,20270988
fuse-conv-bias-relu,2fa842e74a5cfcbf59217c4e1d85f7cf2fd11e09dc5ef429f8510965e0835d00,fusion,ONNX-MLIR LLVM,"onnx-mlir version 0.4.2, onnx version 1.21.0 (https://github.com/onnx/onnx-mlir.git 4a13c34aa695b228599d637cdb772c19b4b18dba)",onnx-mlir-llvm,true,,68,1,22223041,1.2516975402832031e-06,0.005345282261259853,65ca70347d70d5cf5887574937de95e0257c9cc1965bbda7f51c814716faef03,1c1bdb9a640d94d256c9941a7e961a8054bfed54013d2e23e507ee229829ed5b,true,20270989
fuse-conv-bias-relu,2fa842e74a5cfcbf59217c4e1d85f7cf2fd11e09dc5ef429f8510965e0835d00,fusion,ONNX-MLIR LLVM,"onnx-mlir version 0.4.2, onnx version 1.21.0 (https://github.com/onnx/onnx-mlir.git 4a13c34aa695b228599d637cdb772c19b4b18dba)",onnx-mlir-llvm,true,,69,1,22237166,1.2516975402832031e-06,0.005345282261259853,65ca70347d70d5cf5887574937de95e0257c9cc1965bbda7f51c814716faef03,1c1bdb9a640d94d256c9941a7e961a8054bfed54013d2e23e507ee229829ed5b,true,20270990
fuse-conv-bias-relu,2fa842e74a5cfcbf59217c4e1d85f7cf2fd11e09dc5ef429f8510965e0835d00,fusion,ONNX-MLIR LLVM,"onnx-mlir version 0.4.2, onnx version 1.21.0 (https://github.com/onnx/onnx-mlir.git 4a13c34aa695b228599d637cdb772c19b4b18dba)",onnx-mlir-llvm,true,,70,1,22430834,1.2516975402832031e-06,0.005345282261259853,65ca70347d70d5cf5887574937de95e0257c9cc1965bbda7f51c814716faef03,1c1bdb9a640d94d256c9941a7e961a8054bfed54013d2e23e507ee229829ed5b,true,20270991
fuse-conv-bias-relu,2fa842e74a5cfcbf59217c4e1d85f7cf2fd11e09dc5ef429f8510965e0835d00,fusion,ONNX-MLIR LLVM,"onnx-mlir version 0.4.2, onnx version 1.21.0 (https://github.com/onnx/onnx-mlir.git 4a13c34aa695b228599d637cdb772c19b4b18dba)",onnx-mlir-llvm,true,,71,1,22404209,1.2516975402832031e-06,0.005345282261259853,65ca70347d70d5cf5887574937de95e0257c9cc1965bbda7f51c814716faef03,1c1bdb9a640d94d256c9941a7e961a8054bfed54013d2e23e507ee229829ed5b,true,20270992
fuse-conv-bias-relu,2fa842e74a5cfcbf59217c4e1d85f7cf2fd11e09dc5ef429f8510965e0835d00,fusion,ONNX-MLIR LLVM,"onnx-mlir version 0.4.2, onnx version 1.21.0 (https://github.com/onnx/onnx-mlir.git 4a13c34aa695b228599d637cdb772c19b4b18dba)",onnx-mlir-llvm,true,,72,1,22196542,1.2516975402832031e-06,0.005345282261259853,65ca70347d70d5cf5887574937de95e0257c9cc1965bbda7f51c814716faef03,1c1bdb9a640d94d256c9941a7e961a8054bfed54013d2e23e507ee229829ed5b,true,20270993
fuse-conv-bias-relu,2fa842e74a5cfcbf59217c4e1d85f7cf2fd11e09dc5ef429f8510965e0835d00,fusion,ONNX-MLIR LLVM,"onnx-mlir version 0.4.2, onnx version 1.21.0 (https://github.com/onnx/onnx-mlir.git 4a13c34aa695b228599d637cdb772c19b4b18dba)",onnx-mlir-llvm,true,,73,1,22122834,1.2516975402832031e-06,0.005345282261259853,65ca70347d70d5cf5887574937de95e0257c9cc1965bbda7f51c814716faef03,1c1bdb9a640d94d256c9941a7e961a8054bfed54013d2e23e507ee229829ed5b,true,20270994
fuse-conv-bias-relu,2fa842e74a5cfcbf59217c4e1d85f7cf2fd11e09dc5ef429f8510965e0835d00,fusion,ONNX-MLIR LLVM,"onnx-mlir version 0.4.2, onnx version 1.21.0 (https://github.com/onnx/onnx-mlir.git 4a13c34aa695b228599d637cdb772c19b4b18dba)",onnx-mlir-llvm,true,,74,1,22104958,1.2516975402832031e-06,0.005345282261259853,65ca70347d70d5cf5887574937de95e0257c9cc1965bbda7f51c814716faef03,1c1bdb9a640d94d256c9941a7e961a8054bfed54013d2e23e507ee229829ed5b,true,20270995
fuse-conv-bias-relu,2fa842e74a5cfcbf59217c4e1d85f7cf2fd11e09dc5ef429f8510965e0835d00,fusion,ONNX-MLIR LLVM,"onnx-mlir version 0.4.2, onnx version 1.21.0 (https://github.com/onnx/onnx-mlir.git 4a13c34aa695b228599d637cdb772c19b4b18dba)",onnx-mlir-llvm,true,,75,1,22235167,1.2516975402832031e-06,0.005345282261259853,65ca70347d70d5cf5887574937de95e0257c9cc1965bbda7f51c814716faef03,1c1bdb9a640d94d256c9941a7e961a8054bfed54013d2e23e507ee229829ed5b,true,20270996
fuse-conv-bias-relu,2fa842e74a5cfcbf59217c4e1d85f7cf2fd11e09dc5ef429f8510965e0835d00,fusion,ONNX-MLIR LLVM,"onnx-mlir version 0.4.2, onnx version 1.21.0 (https://github.com/onnx/onnx-mlir.git 4a13c34aa695b228599d637cdb772c19b4b18dba)",onnx-mlir-llvm,true,,76,1,22185917,1.2516975402832031e-06,0.005345282261259853,65ca70347d70d5cf5887574937de95e0257c9cc1965bbda7f51c814716faef03,1c1bdb9a640d94d256c9941a7e961a8054bfed54013d2e23e507ee229829ed5b,true,20270997
fuse-conv-bias-relu,2fa842e74a5cfcbf59217c4e1d85f7cf2fd11e09dc5ef429f8510965e0835d00,fusion,ONNX-MLIR LLVM,"onnx-mlir version 0.4.2, onnx version 1.21.0 (https://github.com/onnx/onnx-mlir.git 4a13c34aa695b228599d637cdb772c19b4b18dba)",onnx-mlir-llvm,true,,77,1,22121250,1.2516975402832031e-06,0.005345282261259853,65ca70347d70d5cf5887574937de95e0257c9cc1965bbda7f51c814716faef03,1c1bdb9a640d94d256c9941a7e961a8054bfed54013d2e23e507ee229829ed5b,true,20270998
fuse-conv-bias-relu,2fa842e74a5cfcbf59217c4e1d85f7cf2fd11e09dc5ef429f8510965e0835d00,fusion,ONNX-MLIR LLVM,"onnx-mlir version 0.4.2, onnx version 1.21.0 (https://github.com/onnx/onnx-mlir.git 4a13c34aa695b228599d637cdb772c19b4b18dba)",onnx-mlir-llvm,true,,78,1,21962958,1.2516975402832031e-06,0.005345282261259853,65ca70347d70d5cf5887574937de95e0257c9cc1965bbda7f51c814716faef03,1c1bdb9a640d94d256c9941a7e961a8054bfed54013d2e23e507ee229829ed5b,true,20270999
fuse-conv-bias-relu,2fa842e74a5cfcbf59217c4e1d85f7cf2fd11e09dc5ef429f8510965e0835d00,fusion,ONNX-MLIR LLVM,"onnx-mlir version 0.4.2, onnx version 1.21.0 (https://github.com/onnx/onnx-mlir.git 4a13c34aa695b228599d637cdb772c19b4b18dba)",onnx-mlir-llvm,true,,79,1,22220834,1.2516975402832031e-06,0.005345282261259853,65ca70347d70d5cf5887574937de95e0257c9cc1965bbda7f51c814716faef03,1c1bdb9a640d94d256c9941a7e961a8054bfed54013d2e23e507ee229829ed5b,true,20271000
fuse-conv-bias-relu,2fa842e74a5cfcbf59217c4e1d85f7cf2fd11e09dc5ef429f8510965e0835d00,fusion,ONNX-MLIR LLVM,"onnx-mlir version 0.4.2, onnx version 1.21.0 (https://github.com/onnx/onnx-mlir.git 4a13c34aa695b228599d637cdb772c19b4b18dba)",onnx-mlir-llvm,true,,80,1,22196209,1.2516975402832031e-06,0.005345282261259853,65ca70347d70d5cf5887574937de95e0257c9cc1965bbda7f51c814716faef03,1c1bdb9a640d94d256c9941a7e961a8054bfed54013d2e23e507ee229829ed5b,true,20271001
fuse-conv-bias-relu,2fa842e74a5cfcbf59217c4e1d85f7cf2fd11e09dc5ef429f8510965e0835d00,fusion,ONNX-MLIR LLVM,"onnx-mlir version 0.4.2, onnx version 1.21.0 (https://github.com/onnx/onnx-mlir.git 4a13c34aa695b228599d637cdb772c19b4b18dba)",onnx-mlir-llvm,true,,81,1,22124583,1.2516975402832031e-06,0.005345282261259853,65ca70347d70d5cf5887574937de95e0257c9cc1965bbda7f51c814716faef03,1c1bdb9a640d94d256c9941a7e961a8054bfed54013d2e23e507ee229829ed5b,true,20271002
fuse-conv-bias-relu,2fa842e74a5cfcbf59217c4e1d85f7cf2fd11e09dc5ef429f8510965e0835d00,fusion,ONNX-MLIR LLVM,"onnx-mlir version 0.4.2, onnx version 1.21.0 (https://github.com/onnx/onnx-mlir.git 4a13c34aa695b228599d637cdb772c19b4b18dba)",onnx-mlir-llvm,true,,82,1,22352042,1.2516975402832031e-06,0.005345282261259853,65ca70347d70d5cf5887574937de95e0257c9cc1965bbda7f51c814716faef03,1c1bdb9a640d94d256c9941a7e961a8054bfed54013d2e23e507ee229829ed5b,true,20271003
fuse-conv-bias-relu,2fa842e74a5cfcbf59217c4e1d85f7cf2fd11e09dc5ef429f8510965e0835d00,fusion,ONNX-MLIR LLVM,"onnx-mlir version 0.4.2, onnx version 1.21.0 (https://github.com/onnx/onnx-mlir.git 4a13c34aa695b228599d637cdb772c19b4b18dba)",onnx-mlir-llvm,true,,83,1,22397708,1.2516975402832031e-06,0.005345282261259853,65ca70347d70d5cf5887574937de95e0257c9cc1965bbda7f51c814716faef03,1c1bdb9a640d94d256c9941a7e961a8054bfed54013d2e23e507ee229829ed5b,true,20271004
fuse-conv-bias-relu,2fa842e74a5cfcbf59217c4e1d85f7cf2fd11e09dc5ef429f8510965e0835d00,fusion,ONNX-MLIR LLVM,"onnx-mlir version 0.4.2, onnx version 1.21.0 (https://github.com/onnx/onnx-mlir.git 4a13c34aa695b228599d637cdb772c19b4b18dba)",onnx-mlir-llvm,true,,84,1,22329458,1.2516975402832031e-06,0.005345282261259853,65ca70347d70d5cf5887574937de95e0257c9cc1965bbda7f51c814716faef03,1c1bdb9a640d94d256c9941a7e961a8054bfed54013d2e23e507ee229829ed5b,true,20271005
fuse-conv-bias-relu,2fa842e74a5cfcbf59217c4e1d85f7cf2fd11e09dc5ef429f8510965e0835d00,fusion,ONNX-MLIR LLVM,"onnx-mlir version 0.4.2, onnx version 1.21.0 (https://github.com/onnx/onnx-mlir.git 4a13c34aa695b228599d637cdb772c19b4b18dba)",onnx-mlir-llvm,true,,85,1,22283458,1.2516975402832031e-06,0.005345282261259853,65ca70347d70d5cf5887574937de95e0257c9cc1965bbda7f51c814716faef03,1c1bdb9a640d94d256c9941a7e961a8054bfed54013d2e23e507ee229829ed5b,true,20271006
fuse-conv-bias-relu,2fa842e74a5cfcbf59217c4e1d85f7cf2fd11e09dc5ef429f8510965e0835d00,fusion,ONNX-MLIR LLVM,"onnx-mlir version 0.4.2, onnx version 1.21.0 (https://github.com/onnx/onnx-mlir.git 4a13c34aa695b228599d637cdb772c19b4b18dba)",onnx-mlir-llvm,true,,86,1,22305083,1.2516975402832031e-06,0.005345282261259853,65ca70347d70d5cf5887574937de95e0257c9cc1965bbda7f51c814716faef03,1c1bdb9a640d94d256c9941a7e961a8054bfed54013d2e23e507ee229829ed5b,true,20271007
fuse-conv-bias-relu,2fa842e74a5cfcbf59217c4e1d85f7cf2fd11e09dc5ef429f8510965e0835d00,fusion,ONNX-MLIR LLVM,"onnx-mlir version 0.4.2, onnx version 1.21.0 (https://github.com/onnx/onnx-mlir.git 4a13c34aa695b228599d637cdb772c19b4b18dba)",onnx-mlir-llvm,true,,87,1,22126542,1.2516975402832031e-06,0.005345282261259853,65ca70347d70d5cf5887574937de95e0257c9cc1965bbda7f51c814716faef03,1c1bdb9a640d94d256c9941a7e961a8054bfed54013d2e23e507ee229829ed5b,true,20271008
fuse-conv-bias-relu,2fa842e74a5cfcbf59217c4e1d85f7cf2fd11e09dc5ef429f8510965e0835d00,fusion,ONNX-MLIR LLVM,"onnx-mlir version 0.4.2, onnx version 1.21.0 (https://github.com/onnx/onnx-mlir.git 4a13c34aa695b228599d637cdb772c19b4b18dba)",onnx-mlir-llvm,true,,88,1,22308958,1.2516975402832031e-06,0.005345282261259853,65ca70347d70d5cf5887574937de95e0257c9cc1965bbda7f51c814716faef03,1c1bdb9a640d94d256c9941a7e961a8054bfed54013d2e23e507ee229829ed5b,true,20271009
fuse-conv-bias-relu,2fa842e74a5cfcbf59217c4e1d85f7cf2fd11e09dc5ef429f8510965e0835d00,fusion,ONNX-MLIR LLVM,"onnx-mlir version 0.4.2, onnx version 1.21.0 (https://github.com/onnx/onnx-mlir.git 4a13c34aa695b228599d637cdb772c19b4b18dba)",onnx-mlir-llvm,true,,89,1,22281292,1.2516975402832031e-06,0.005345282261259853,65ca70347d70d5cf5887574937de95e0257c9cc1965bbda7f51c814716faef03,1c1bdb9a640d94d256c9941a7e961a8054bfed54013d2e23e507ee229829ed5b,true,20271010
fuse-conv-bias-relu,2fa842e74a5cfcbf59217c4e1d85f7cf2fd11e09dc5ef429f8510965e0835d00,fusion,ONNX-MLIR LLVM,"onnx-mlir version 0.4.2, onnx version 1.21.0 (https://github.com/onnx/onnx-mlir.git 4a13c34aa695b228599d637cdb772c19b4b18dba)",onnx-mlir-llvm,true,,90,1,22216166,1.2516975402832031e-06,0.005345282261259853,65ca70347d70d5cf5887574937de95e0257c9cc1965bbda7f51c814716faef03,1c1bdb9a640d94d256c9941a7e961a8054bfed54013d2e23e507ee229829ed5b,true,20271011
fuse-conv-bias-relu,2fa842e74a5cfcbf59217c4e1d85f7cf2fd11e09dc5ef429f8510965e0835d00,fusion,ONNX-MLIR LLVM,"onnx-mlir version 0.4.2, onnx version 1.21.0 (https://github.com/onnx/onnx-mlir.git 4a13c34aa695b228599d637cdb772c19b4b18dba)",onnx-mlir-llvm,true,,91,1,22478625,1.2516975402832031e-06,0.005345282261259853,65ca70347d70d5cf5887574937de95e0257c9cc1965bbda7f51c814716faef03,1c1bdb9a640d94d256c9941a7e961a8054bfed54013d2e23e507ee229829ed5b,true,20271012
fuse-conv-bias-relu,2fa842e74a5cfcbf59217c4e1d85f7cf2fd11e09dc5ef429f8510965e0835d00,fusion,ONNX-MLIR LLVM,"onnx-mlir version 0.4.2, onnx version 1.21.0 (https://github.com/onnx/onnx-mlir.git 4a13c34aa695b228599d637cdb772c19b4b18dba)",onnx-mlir-llvm,true,,92,1,22487916,1.2516975402832031e-06,0.005345282261259853,65ca70347d70d5cf5887574937de95e0257c9cc1965bbda7f51c814716faef03,1c1bdb9a640d94d256c9941a7e961a8054bfed54013d2e23e507ee229829ed5b,true,20271013
fuse-conv-bias-relu,2fa842e74a5cfcbf59217c4e1d85f7cf2fd11e09dc5ef429f8510965e0835d00,fusion,ONNX-MLIR LLVM,"onnx-mlir version 0.4.2, onnx version 1.21.0 (https://github.com/onnx/onnx-mlir.git 4a13c34aa695b228599d637cdb772c19b4b18dba)",onnx-mlir-llvm,true,,93,1,22388667,1.2516975402832031e-06,0.005345282261259853,65ca70347d70d5cf5887574937de95e0257c9cc1965bbda7f51c814716faef03,1c1bdb9a640d94d256c9941a7e961a8054bfed54013d2e23e507ee229829ed5b,true,20271014
fuse-conv-bias-relu,2fa842e74a5cfcbf59217c4e1d85f7cf2fd11e09dc5ef429f8510965e0835d00,fusion,ONNX-MLIR LLVM,"onnx-mlir version 0.4.2, onnx version 1.21.0 (https://github.com/onnx/onnx-mlir.git 4a13c34aa695b228599d637cdb772c19b4b18dba)",onnx-mlir-llvm,true,,94,1,22400541,1.2516975402832031e-06,0.005345282261259853,65ca70347d70d5cf5887574937de95e0257c9cc1965bbda7f51c814716faef03,1c1bdb9a640d94d256c9941a7e961a8054bfed54013d2e23e507ee229829ed5b,true,20271015
fuse-conv-bias-relu,2fa842e74a5cfcbf59217c4e1d85f7cf2fd11e09dc5ef429f8510965e0835d00,fusion,ONNX-MLIR LLVM,"onnx-mlir version 0.4.2, onnx version 1.21.0 (https://github.com/onnx/onnx-mlir.git 4a13c34aa695b228599d637cdb772c19b4b18dba)",onnx-mlir-llvm,true,,95,1,22219583,1.2516975402832031e-06,0.005345282261259853,65ca70347d70d5cf5887574937de95e0257c9cc1965bbda7f51c814716faef03,1c1bdb9a640d94d256c9941a7e961a8054bfed54013d2e23e507ee229829ed5b,true,20271016
fuse-conv-bias-relu,2fa842e74a5cfcbf59217c4e1d85f7cf2fd11e09dc5ef429f8510965e0835d00,fusion,ONNX-MLIR LLVM,"onnx-mlir version 0.4.2, onnx version 1.21.0 (https://github.com/onnx/onnx-mlir.git 4a13c34aa695b228599d637cdb772c19b4b18dba)",onnx-mlir-llvm,true,,96,1,22319958,1.2516975402832031e-06,0.005345282261259853,65ca70347d70d5cf5887574937de95e0257c9cc1965bbda7f51c814716faef03,1c1bdb9a640d94d256c9941a7e961a8054bfed54013d2e23e507ee229829ed5b,true,20271017
fuse-conv-bias-relu,2fa842e74a5cfcbf59217c4e1d85f7cf2fd11e09dc5ef429f8510965e0835d00,fusion,ONNX-MLIR LLVM,"onnx-mlir version 0.4.2, onnx version 1.21.0 (https://github.com/onnx/onnx-mlir.git 4a13c34aa695b228599d637cdb772c19b4b18dba)",onnx-mlir-llvm,true,,97,1,22439000,1.2516975402832031e-06,0.005345282261259853,65ca70347d70d5cf5887574937de95e0257c9cc1965bbda7f51c814716faef03,1c1bdb9a640d94d256c9941a7e961a8054bfed54013d2e23e507ee229829ed5b,true,20271018
fuse-conv-bias-relu,2fa842e74a5cfcbf59217c4e1d85f7cf2fd11e09dc5ef429f8510965e0835d00,fusion,ONNX-MLIR LLVM,"onnx-mlir version 0.4.2, onnx version 1.21.0 (https://github.com/onnx/onnx-mlir.git 4a13c34aa695b228599d637cdb772c19b4b18dba)",onnx-mlir-llvm,true,,98,1,22436542,1.2516975402832031e-06,0.005345282261259853,65ca70347d70d5cf5887574937de95e0257c9cc1965bbda7f51c814716faef03,1c1bdb9a640d94d256c9941a7e961a8054bfed54013d2e23e507ee229829ed5b,true,20271019
fuse-conv-bias-relu,2fa842e74a5cfcbf59217c4e1d85f7cf2fd11e09dc5ef429f8510965e0835d00,fusion,ONNX-MLIR LLVM,"onnx-mlir version 0.4.2, onnx version 1.21.0 (https://github.com/onnx/onnx-mlir.git 4a13c34aa695b228599d637cdb772c19b4b18dba)",onnx-mlir-llvm,true,,99,1,22282500,1.2516975402832031e-06,0.005345282261259853,65ca70347d70d5cf5887574937de95e0257c9cc1965bbda7f51c814716faef03,1c1bdb9a640d94d256c9941a7e961a8054bfed54013d2e23e507ee229829ed5b,true,20271020
ew-chain-64k,2fa842e74a5cfcbf59217c4e1d85f7cf2fd11e09dc5ef429f8510965e0835d00,elementwise,ONNX-MLIR LLVM,"onnx-mlir version 0.4.2, onnx version 1.21.0 (https://github.com/onnx/onnx-mlir.git 4a13c34aa695b228599d637cdb772c19b4b18dba)",onnx-mlir-llvm,true,,0,100,48229,0.0,0.0,bac37a3b37bba7dca00424cd04e3fda0e005b31d39222a33ca9c4265a78f0914,2f45f6d8df8fcf8e163e105feb7b26631383ab1120b4ca13110447de0bb4c56b,true,20270921
ew-chain-64k,2fa842e74a5cfcbf59217c4e1d85f7cf2fd11e09dc5ef429f8510965e0835d00,elementwise,ONNX-MLIR LLVM,"onnx-mlir version 0.4.2, onnx version 1.21.0 (https://github.com/onnx/onnx-mlir.git 4a13c34aa695b228599d637cdb772c19b4b18dba)",onnx-mlir-llvm,true,,1,100,45588,0.0,0.0,bac37a3b37bba7dca00424cd04e3fda0e005b31d39222a33ca9c4265a78f0914,2f45f6d8df8fcf8e163e105feb7b26631383ab1120b4ca13110447de0bb4c56b,true,20270922
ew-chain-64k,2fa842e74a5cfcbf59217c4e1d85f7cf2fd11e09dc5ef429f8510965e0835d00,elementwise,ONNX-MLIR LLVM,"onnx-mlir version 0.4.2, onnx version 1.21.0 (https://github.com/onnx/onnx-mlir.git 4a13c34aa695b228599d637cdb772c19b4b18dba)",onnx-mlir-llvm,true,,2,100,43860,0.0,0.0,bac37a3b37bba7dca00424cd04e3fda0e005b31d39222a33ca9c4265a78f0914,2f45f6d8df8fcf8e163e105feb7b26631383ab1120b4ca13110447de0bb4c56b,true,20270923
ew-chain-64k,2fa842e74a5cfcbf59217c4e1d85f7cf2fd11e09dc5ef429f8510965e0835d00,elementwise,ONNX-MLIR LLVM,"onnx-mlir version 0.4.2, onnx version 1.21.0 (https://github.com/onnx/onnx-mlir.git 4a13c34aa695b228599d637cdb772c19b4b18dba)",onnx-mlir-llvm,true,,3,100,30921,0.0,0.0,bac37a3b37bba7dca00424cd04e3fda0e005b31d39222a33ca9c4265a78f0914,2f45f6d8df8fcf8e163e105feb7b26631383ab1120b4ca13110447de0bb4c56b,true,20270924
ew-chain-64k,2fa842e74a5cfcbf59217c4e1d85f7cf2fd11e09dc5ef429f8510965e0835d00,elementwise,ONNX-MLIR LLVM,"onnx-mlir version 0.4.2, onnx version 1.21.0 (https://github.com/onnx/onnx-mlir.git 4a13c34aa695b228599d637cdb772c19b4b18dba)",onnx-mlir-llvm,true,,4,100,17168,0.0,0.0,bac37a3b37bba7dca00424cd04e3fda0e005b31d39222a33ca9c4265a78f0914,2f45f6d8df8fcf8e163e105feb7b26631383ab1120b4ca13110447de0bb4c56b,true,20270925
ew-chain-64k,2fa842e74a5cfcbf59217c4e1d85f7cf2fd11e09dc5ef429f8510965e0835d00,elementwise,ONNX-MLIR LLVM,"onnx-mlir version 0.4.2, onnx version 1.21.0 (https://github.com/onnx/onnx-mlir.git 4a13c34aa695b228599d637cdb772c19b4b18dba)",onnx-mlir-llvm,true,,5,100,25042,0.0,0.0,bac37a3b37bba7dca00424cd04e3fda0e005b31d39222a33ca9c4265a78f0914,2f45f6d8df8fcf8e163e105feb7b26631383ab1120b4ca13110447de0bb4c56b,true,20270926
ew-chain-64k,2fa842e74a5cfcbf59217c4e1d85f7cf2fd11e09dc5ef429f8510965e0835d00,elementwise,ONNX-MLIR LLVM,"onnx-mlir version 0.4.2, onnx version 1.21.0 (https://github.com/onnx/onnx-mlir.git 4a13c34aa695b228599d637cdb772c19b4b18dba)",onnx-mlir-llvm,true,,6,100,11580,0.0,0.0,bac37a3b37bba7dca00424cd04e3fda0e005b31d39222a33ca9c4265a78f0914,2f45f6d8df8fcf8e163e105feb7b26631383ab1120b4ca13110447de0bb4c56b,true,20270927
ew-chain-64k,2fa842e74a5cfcbf59217c4e1d85f7cf2fd11e09dc5ef429f8510965e0835d00,elementwise,ONNX-MLIR LLVM,"onnx-mlir version 0.4.2, onnx version 1.21.0 (https://github.com/onnx/onnx-mlir.git 4a13c34aa695b228599d637cdb772c19b4b18dba)",onnx-mlir-llvm,true,,7,100,12658,0.0,0.0,bac37a3b37bba7dca00424cd04e3fda0e005b31d39222a33ca9c4265a78f0914,2f45f6d8df8fcf8e163e105feb7b26631383ab1120b4ca13110447de0bb4c56b,true,20270928
ew-chain-64k,2fa842e74a5cfcbf59217c4e1d85f7cf2fd11e09dc5ef429f8510965e0835d00,elementwise,ONNX-MLIR LLVM,"onnx-mlir version 0.4.2, onnx version 1.21.0 (https://github.com/onnx/onnx-mlir.git 4a13c34aa695b228599d637cdb772c19b4b18dba)",onnx-mlir-llvm,true,,8,100,17334,0.0,0.0,bac37a3b37bba7dca00424cd04e3fda0e005b31d39222a33ca9c4265a78f0914,2f45f6d8df8fcf8e163e105feb7b26631383ab1120b4ca13110447de0bb4c56b,true,20270929
ew-chain-64k,2fa842e74a5cfcbf59217c4e1d85f7cf2fd11e09dc5ef429f8510965e0835d00,elementwise,ONNX-MLIR LLVM,"onnx-mlir version 0.4.2, onnx version 1.21.0 (https://github.com/onnx/onnx-mlir.git 4a13c34aa695b228599d637cdb772c19b4b18dba)",onnx-mlir-llvm,true,,9,100,18043,0.0,0.0,bac37a3b37bba7dca00424cd04e3fda0e005b31d39222a33ca9c4265a78f0914,2f45f6d8df8fcf8e163e105feb7b26631383ab1120b4ca13110447de0bb4c56b,true,20270930
ew-chain-64k,2fa842e74a5cfcbf59217c4e1d85f7cf2fd11e09dc5ef429f8510965e0835d00,elementwise,ONNX-MLIR LLVM,"onnx-mlir version 0.4.2, onnx version 1.21.0 (https://github.com/onnx/onnx-mlir.git 4a13c34aa695b228599d637cdb772c19b4b18dba)",onnx-mlir-llvm,true,,10,100,17881,0.0,0.0,bac37a3b37bba7dca00424cd04e3fda0e005b31d39222a33ca9c4265a78f0914,2f45f6d8df8fcf8e163e105feb7b26631383ab1120b4ca13110447de0bb4c56b,true,20270931
ew-chain-64k,2fa842e74a5cfcbf59217c4e1d85f7cf2fd11e09dc5ef429f8510965e0835d00,elementwise,ONNX-MLIR LLVM,"onnx-mlir version 0.4.2, onnx version 1.21.0 (https://github.com/onnx/onnx-mlir.git 4a13c34aa695b228599d637cdb772c19b4b18dba)",onnx-mlir-llvm,true,,11,100,13560,0.0,0.0,bac37a3b37bba7dca00424cd04e3fda0e005b31d39222a33ca9c4265a78f0914,2f45f6d8df8fcf8e163e105feb7b26631383ab1120b4ca13110447de0bb4c56b,true,20270932
ew-chain-64k,2fa842e74a5cfcbf59217c4e1d85f7cf2fd11e09dc5ef429f8510965e0835d00,elementwise,ONNX-MLIR LLVM,"onnx-mlir version 0.4.2, onnx version 1.21.0 (https://github.com/onnx/onnx-mlir.git 4a13c34aa695b228599d637cdb772c19b4b18dba)",onnx-mlir-llvm,true,,12,100,17522,0.0,0.0,bac37a3b37bba7dca00424cd04e3fda0e005b31d39222a33ca9c4265a78f0914,2f45f6d8df8fcf8e163e105feb7b26631383ab1120b4ca13110447de0bb4c56b,true,20270933
ew-chain-64k,2fa842e74a5cfcbf59217c4e1d85f7cf2fd11e09dc5ef429f8510965e0835d00,elementwise,ONNX-MLIR LLVM,"onnx-mlir version 0.4.2, onnx version 1.21.0 (https://github.com/onnx/onnx-mlir.git 4a13c34aa695b228599d637cdb772c19b4b18dba)",onnx-mlir-llvm,true,,13,100,11739,0.0,0.0,bac37a3b37bba7dca00424cd04e3fda0e005b31d39222a33ca9c4265a78f0914,2f45f6d8df8fcf8e163e105feb7b26631383ab1120b4ca13110447de0bb4c56b,true,20270934
ew-chain-64k,2fa842e74a5cfcbf59217c4e1d85f7cf2fd11e09dc5ef429f8510965e0835d00,elementwise,ONNX-MLIR LLVM,"onnx-mlir version 0.4.2, onnx version 1.21.0 (https://github.com/onnx/onnx-mlir.git 4a13c34aa695b228599d637cdb772c19b4b18dba)",onnx-mlir-llvm,true,,14,100,17052,0.0,0.0,bac37a3b37bba7dca00424cd04e3fda0e005b31d39222a33ca9c4265a78f0914,2f45f6d8df8fcf8e163e105feb7b26631383ab1120b4ca13110447de0bb4c56b,true,20270935
ew-chain-64k,2fa842e74a5cfcbf59217c4e1d85f7cf2fd11e09dc5ef429f8510965e0835d00,elementwise,ONNX-MLIR LLVM,"onnx-mlir version 0.4.2, onnx version 1.21.0 (https://github.com/onnx/onnx-mlir.git 4a13c34aa695b228599d637cdb772c19b4b18dba)",onnx-mlir-llvm,true,,15,100,17611,0.0,0.0,bac37a3b37bba7dca00424cd04e3fda0e005b31d39222a33ca9c4265a78f0914,2f45f6d8df8fcf8e163e105feb7b26631383ab1120b4ca13110447de0bb4c56b,true,20270936
ew-chain-64k,2fa842e74a5cfcbf59217c4e1d85f7cf2fd11e09dc5ef429f8510965e0835d00,elementwise,ONNX-MLIR LLVM,"onnx-mlir version 0.4.2, onnx version 1.21.0 (https://github.com/onnx/onnx-mlir.git 4a13c34aa695b228599d637cdb772c19b4b18dba)",onnx-mlir-llvm,true,,16,100,15622,0.0,0.0,bac37a3b37bba7dca00424cd04e3fda0e005b31d39222a33ca9c4265a78f0914,2f45f6d8df8fcf8e163e105feb7b26631383ab1120b4ca13110447de0bb4c56b,true,20270937
ew-chain-64k,2fa842e74a5cfcbf59217c4e1d85f7cf2fd11e09dc5ef429f8510965e0835d00,elementwise,ONNX-MLIR LLVM,"onnx-mlir version 0.4.2, onnx version 1.21.0 (https://github.com/onnx/onnx-mlir.git 4a13c34aa695b228599d637cdb772c19b4b18dba)",onnx-mlir-llvm,true,,17,100,11806,0.0,0.0,bac37a3b37bba7dca00424cd04e3fda0e005b31d39222a33ca9c4265a78f0914,2f45f6d8df8fcf8e163e105feb7b26631383ab1120b4ca13110447de0bb4c56b,true,20270938
ew-chain-64k,2fa842e74a5cfcbf59217c4e1d85f7cf2fd11e09dc5ef429f8510965e0835d00,elementwise,ONNX-MLIR LLVM,"onnx-mlir version 0.4.2, onnx version 1.21.0 (https://github.com/onnx/onnx-mlir.git 4a13c34aa695b228599d637cdb772c19b4b18dba)",onnx-mlir-llvm,true,,18,100,11671,0.0,0.0,bac37a3b37bba7dca00424cd04e3fda0e005b31d39222a33ca9c4265a78f0914,2f45f6d8df8fcf8e163e105feb7b26631383ab1120b4ca13110447de0bb4c56b,true,20270939
ew-chain-64k,2fa842e74a5cfcbf59217c4e1d85f7cf2fd11e09dc5ef429f8510965e0835d00,elementwise,ONNX-MLIR LLVM,"onnx-mlir version 0.4.2, onnx version 1.21.0 (https://github.com/onnx/onnx-mlir.git 4a13c34aa695b228599d637cdb772c19b4b18dba)",onnx-mlir-llvm,true,,19,100,12072,0.0,0.0,bac37a3b37bba7dca00424cd04e3fda0e005b31d39222a33ca9c4265a78f0914,2f45f6d8df8fcf8e163e105feb7b26631383ab1120b4ca13110447de0bb4c56b,true,20270940
ew-chain-64k,2fa842e74a5cfcbf59217c4e1d85f7cf2fd11e09dc5ef429f8510965e0835d00,elementwise,ONNX-MLIR LLVM,"onnx-mlir version 0.4.2, onnx version 1.21.0 (https://github.com/onnx/onnx-mlir.git 4a13c34aa695b228599d637cdb772c19b4b18dba)",onnx-mlir-llvm,true,,20,100,11863,0.0,0.0,bac37a3b37bba7dca00424cd04e3fda0e005b31d39222a33ca9c4265a78f0914,2f45f6d8df8fcf8e163e105feb7b26631383ab1120b4ca13110447de0bb4c56b,true,20270941
ew-chain-64k,2fa842e74a5cfcbf59217c4e1d85f7cf2fd11e09dc5ef429f8510965e0835d00,elementwise,ONNX-MLIR LLVM,"onnx-mlir version 0.4.2, onnx version 1.21.0 (https://github.com/onnx/onnx-mlir.git 4a13c34aa695b228599d637cdb772c19b4b18dba)",onnx-mlir-llvm,true,,21,100,15658,0.0,0.0,bac37a3b37bba7dca00424cd04e3fda0e005b31d39222a33ca9c4265a78f0914,2f45f6d8df8fcf8e163e105feb7b26631383ab1120b4ca13110447de0bb4c56b,true,20270942
ew-chain-64k,2fa842e74a5cfcbf59217c4e1d85f7cf2fd11e09dc5ef429f8510965e0835d00,elementwise,ONNX-MLIR LLVM,"onnx-mlir version 0.4.2, onnx version 1.21.0 (https://github.com/onnx/onnx-mlir.git 4a13c34aa695b228599d637cdb772c19b4b18dba)",onnx-mlir-llvm,true,,22,100,15665,0.0,0.0,bac37a3b37bba7dca00424cd04e3fda0e005b31d39222a33ca9c4265a78f0914,2f45f6d8df8fcf8e163e105feb7b26631383ab1120b4ca13110447de0bb4c56b,true,20270943
ew-chain-64k,2fa842e74a5cfcbf59217c4e1d85f7cf2fd11e09dc5ef429f8510965e0835d00,elementwise,ONNX-MLIR LLVM,"onnx-mlir version 0.4.2, onnx version 1.21.0 (https://github.com/onnx/onnx-mlir.git 4a13c34aa695b228599d637cdb772c19b4b18dba)",onnx-mlir-llvm,true,,23,100,13257,0.0,0.0,bac37a3b37bba7dca00424cd04e3fda0e005b31d39222a33ca9c4265a78f0914,2f45f6d8df8fcf8e163e105feb7b26631383ab1120b4ca13110447de0bb4c56b,true,20270944
ew-chain-64k,2fa842e74a5cfcbf59217c4e1d85f7cf2fd11e09dc5ef429f8510965e0835d00,elementwise,ONNX-MLIR LLVM,"onnx-mlir version 0.4.2, onnx version 1.21.0 (https://github.com/onnx/onnx-mlir.git 4a13c34aa695b228599d637cdb772c19b4b18dba)",onnx-mlir-llvm,true,,24,100,13431,0.0,0.0,bac37a3b37bba7dca00424cd04e3fda0e005b31d39222a33ca9c4265a78f0914,2f45f6d8df8fcf8e163e105feb7b26631383ab1120b4ca13110447de0bb4c56b,true,20270945
ew-chain-64k,2fa842e74a5cfcbf59217c4e1d85f7cf2fd11e09dc5ef429f8510965e0835d00,elementwise,ONNX-MLIR LLVM,"onnx-mlir version 0.4.2, onnx version 1.21.0 (https://github.com/onnx/onnx-mlir.git 4a13c34aa695b228599d637cdb772c19b4b18dba)",onnx-mlir-llvm,true,,25,100,11231,0.0,0.0,bac37a3b37bba7dca00424cd04e3fda0e005b31d39222a33ca9c4265a78f0914,2f45f6d8df8fcf8e163e105feb7b26631383ab1120b4ca13110447de0bb4c56b,true,20270946
ew-chain-64k,2fa842e74a5cfcbf59217c4e1d85f7cf2fd11e09dc5ef429f8510965e0835d00,elementwise,ONNX-MLIR LLVM,"onnx-mlir version 0.4.2, onnx version 1.21.0 (https://github.com/onnx/onnx-mlir.git 4a13c34aa695b228599d637cdb772c19b4b18dba)",onnx-mlir-llvm,true,,26,100,13553,0.0,0.0,bac37a3b37bba7dca00424cd04e3fda0e005b31d39222a33ca9c4265a78f0914,2f45f6d8df8fcf8e163e105feb7b26631383ab1120b4ca13110447de0bb4c56b,true,20270947
ew-chain-64k,2fa842e74a5cfcbf59217c4e1d85f7cf2fd11e09dc5ef429f8510965e0835d00,elementwise,ONNX-MLIR LLVM,"onnx-mlir version 0.4.2, onnx version 1.21.0 (https://github.com/onnx/onnx-mlir.git 4a13c34aa695b228599d637cdb772c19b4b18dba)",onnx-mlir-llvm,true,,27,100,13056,0.0,0.0,bac37a3b37bba7dca00424cd04e3fda0e005b31d39222a33ca9c4265a78f0914,2f45f6d8df8fcf8e163e105feb7b26631383ab1120b4ca13110447de0bb4c56b,true,20270948
ew-chain-64k,2fa842e74a5cfcbf59217c4e1d85f7cf2fd11e09dc5ef429f8510965e0835d00,elementwise,ONNX-MLIR LLVM,"onnx-mlir version 0.4.2, onnx version 1.21.0 (https://github.com/onnx/onnx-mlir.git 4a13c34aa695b228599d637cdb772c19b4b18dba)",onnx-mlir-llvm,true,,28,100,13614,0.0,0.0,bac37a3b37bba7dca00424cd04e3fda0e005b31d39222a33ca9c4265a78f0914,2f45f6d8df8fcf8e163e105feb7b26631383ab1120b4ca13110447de0bb4c56b,true,20270949
ew-chain-64k,2fa842e74a5cfcbf59217c4e1d85f7cf2fd11e09dc5ef429f8510965e0835d00,elementwise,ONNX-MLIR LLVM,"onnx-mlir version 0.4.2, onnx version 1.21.0 (https://github.com/onnx/onnx-mlir.git 4a13c34aa695b228599d637cdb772c19b4b18dba)",onnx-mlir-llvm,true,,29,100,12465,0.0,0.0,bac37a3b37bba7dca00424cd04e3fda0e005b31d39222a33ca9c4265a78f0914,2f45f6d8df8fcf8e163e105feb7b26631383ab1120b4ca13110447de0bb4c56b,true,20270950
ew-chain-64k,2fa842e74a5cfcbf59217c4e1d85f7cf2fd11e09dc5ef429f8510965e0835d00,elementwise,ONNX-MLIR LLVM,"onnx-mlir version 0.4.2, onnx version 1.21.0 (https://github.com/onnx/onnx-mlir.git 4a13c34aa695b228599d637cdb772c19b4b18dba)",onnx-mlir-llvm,true,,30,100,11565,0.0,0.0,bac37a3b37bba7dca00424cd04e3fda0e005b31d39222a33ca9c4265a78f0914,2f45f6d8df8fcf8e163e105feb7b26631383ab1120b4ca13110447de0bb4c56b,true,20270951
ew-chain-64k,2fa842e74a5cfcbf59217c4e1d85f7cf2fd11e09dc5ef429f8510965e0835d00,elementwise,ONNX-MLIR LLVM,"onnx-mlir version 0.4.2, onnx version 1.21.0 (https://github.com/onnx/onnx-mlir.git 4a13c34aa695b228599d637cdb772c19b4b18dba)",onnx-mlir-llvm,true,,31,100,11704,0.0,0.0,bac37a3b37bba7dca00424cd04e3fda0e005b31d39222a33ca9c4265a78f0914,2f45f6d8df8fcf8e163e105feb7b26631383ab1120b4ca13110447de0bb4c56b,true,20270952
ew-chain-64k,2fa842e74a5cfcbf59217c4e1d85f7cf2fd11e09dc5ef429f8510965e0835d00,elementwise,ONNX-MLIR LLVM,"onnx-mlir version 0.4.2, onnx version 1.21.0 (https://github.com/onnx/onnx-mlir.git 4a13c34aa695b228599d637cdb772c19b4b18dba)",onnx-mlir-llvm,true,,32,100,14385,0.0,0.0,bac37a3b37bba7dca00424cd04e3fda0e005b31d39222a33ca9c4265a78f0914,2f45f6d8df8fcf8e163e105feb7b26631383ab1120b4ca13110447de0bb4c56b,true,20270953
ew-chain-64k,2fa842e74a5cfcbf59217c4e1d85f7cf2fd11e09dc5ef429f8510965e0835d00,elementwise,ONNX-MLIR LLVM,"onnx-mlir version 0.4.2, onnx version 1.21.0 (https://github.com/onnx/onnx-mlir.git 4a13c34aa695b228599d637cdb772c19b4b18dba)",onnx-mlir-llvm,true,,33,100,12744,0.0,0.0,bac37a3b37bba7dca00424cd04e3fda0e005b31d39222a33ca9c4265a78f0914,2f45f6d8df8fcf8e163e105feb7b26631383ab1120b4ca13110447de0bb4c56b,true,20270954
ew-chain-64k,2fa842e74a5cfcbf59217c4e1d85f7cf2fd11e09dc5ef429f8510965e0835d00,elementwise,ONNX-MLIR LLVM,"onnx-mlir version 0.4.2, onnx version 1.21.0 (https://github.com/onnx/onnx-mlir.git 4a13c34aa695b228599d637cdb772c19b4b18dba)",onnx-mlir-llvm,true,,34,100,13175,0.0,0.0,bac37a3b37bba7dca00424cd04e3fda0e005b31d39222a33ca9c4265a78f0914,2f45f6d8df8fcf8e163e105feb7b26631383ab1120b4ca13110447de0bb4c56b,true,20270955
ew-chain-64k,2fa842e74a5cfcbf59217c4e1d85f7cf2fd11e09dc5ef429f8510965e0835d00,elementwise,ONNX-MLIR LLVM,"onnx-mlir version 0.4.2, onnx version 1.21.0 (https://github.com/onnx/onnx-mlir.git 4a13c34aa695b228599d637cdb772c19b4b18dba)",onnx-mlir-llvm,true,,35,100,12951,0.0,0.0,bac37a3b37bba7dca00424cd04e3fda0e005b31d39222a33ca9c4265a78f0914,2f45f6d8df8fcf8e163e105feb7b26631383ab1120b4ca13110447de0bb4c56b,true,20270956
ew-chain-64k,2fa842e74a5cfcbf59217c4e1d85f7cf2fd11e09dc5ef429f8510965e0835d00,elementwise,ONNX-MLIR LLVM,"onnx-mlir version 0.4.2, onnx version 1.21.0 (https://github.com/onnx/onnx-mlir.git 4a13c34aa695b228599d637cdb772c19b4b18dba)",onnx-mlir-llvm,true,,36,100,12052,0.0,0.0,bac37a3b37bba7dca00424cd04e3fda0e005b31d39222a33ca9c4265a78f0914,2f45f6d8df8fcf8e163e105feb7b26631383ab1120b4ca13110447de0bb4c56b,true,20270957
ew-chain-64k,2fa842e74a5cfcbf59217c4e1d85f7cf2fd11e09dc5ef429f8510965e0835d00,elementwise,ONNX-MLIR LLVM,"onnx-mlir version 0.4.2, onnx version 1.21.0 (https://github.com/onnx/onnx-mlir.git 4a13c34aa695b228599d637cdb772c19b4b18dba)",onnx-mlir-llvm,true,,37,100,11402,0.0,0.0,bac37a3b37bba7dca00424cd04e3fda0e005b31d39222a33ca9c4265a78f0914,2f45f6d8df8fcf8e163e105feb7b26631383ab1120b4ca13110447de0bb4c56b,true,20270958
ew-chain-64k,2fa842e74a5cfcbf59217c4e1d85f7cf2fd11e09dc5ef429f8510965e0835d00,elementwise,ONNX-MLIR LLVM,"onnx-mlir version 0.4.2, onnx version 1.21.0 (https://github.com/onnx/onnx-mlir.git 4a13c34aa695b228599d637cdb772c19b4b18dba)",onnx-mlir-llvm,true,,38,100,11097,0.0,0.0,bac37a3b37bba7dca00424cd04e3fda0e005b31d39222a33ca9c4265a78f0914,2f45f6d8df8fcf8e163e105feb7b26631383ab1120b4ca13110447de0bb4c56b,true,20270959
ew-chain-64k,2fa842e74a5cfcbf59217c4e1d85f7cf2fd11e09dc5ef429f8510965e0835d00,elementwise,ONNX-MLIR LLVM,"onnx-mlir version 0.4.2, onnx version 1.21.0 (https://github.com/onnx/onnx-mlir.git 4a13c34aa695b228599d637cdb772c19b4b18dba)",onnx-mlir-llvm,true,,39,100,12382,0.0,0.0,bac37a3b37bba7dca00424cd04e3fda0e005b31d39222a33ca9c4265a78f0914,2f45f6d8df8fcf8e163e105feb7b26631383ab1120b4ca13110447de0bb4c56b,true,20270960
ew-chain-64k,2fa842e74a5cfcbf59217c4e1d85f7cf2fd11e09dc5ef429f8510965e0835d00,elementwise,ONNX-MLIR LLVM,"onnx-mlir version 0.4.2, onnx version 1.21.0 (https://github.com/onnx/onnx-mlir.git 4a13c34aa695b228599d637cdb772c19b4b18dba)",onnx-mlir-llvm,true,,40,100,12430,0.0,0.0,bac37a3b37bba7dca00424cd04e3fda0e005b31d39222a33ca9c4265a78f0914,2f45f6d8df8fcf8e163e105feb7b26631383ab1120b4ca13110447de0bb4c56b,true,20270961
ew-chain-64k,2fa842e74a5cfcbf59217c4e1d85f7cf2fd11e09dc5ef429f8510965e0835d00,elementwise,ONNX-MLIR LLVM,"onnx-mlir version 0.4.2, onnx version 1.21.0 (https://github.com/onnx/onnx-mlir.git 4a13c34aa695b228599d637cdb772c19b4b18dba)",onnx-mlir-llvm,true,,41,100,11650,0.0,0.0,bac37a3b37bba7dca00424cd04e3fda0e005b31d39222a33ca9c4265a78f0914,2f45f6d8df8fcf8e163e105feb7b26631383ab1120b4ca13110447de0bb4c56b,true,20270962
ew-chain-64k,2fa842e74a5cfcbf59217c4e1d85f7cf2fd11e09dc5ef429f8510965e0835d00,elementwise,ONNX-MLIR LLVM,"onnx-mlir version 0.4.2, onnx version 1.21.0 (https://github.com/onnx/onnx-mlir.git 4a13c34aa695b228599d637cdb772c19b4b18dba)",onnx-mlir-llvm,true,,42,100,12060,0.0,0.0,bac37a3b37bba7dca00424cd04e3fda0e005b31d39222a33ca9c4265a78f0914,2f45f6d8df8fcf8e163e105feb7b26631383ab1120b4ca13110447de0bb4c56b,true,20270963
ew-chain-64k,2fa842e74a5cfcbf59217c4e1d85f7cf2fd11e09dc5ef429f8510965e0835d00,elementwise,ONNX-MLIR LLVM,"onnx-mlir version 0.4.2, onnx version 1.21.0 (https://github.com/onnx/onnx-mlir.git 4a13c34aa695b228599d637cdb772c19b4b18dba)",onnx-mlir-llvm,true,,43,100,11397,0.0,0.0,bac37a3b37bba7dca00424cd04e3fda0e005b31d39222a33ca9c4265a78f0914,2f45f6d8df8fcf8e163e105feb7b26631383ab1120b4ca13110447de0bb4c56b,true,20270964
ew-chain-64k,2fa842e74a5cfcbf59217c4e1d85f7cf2fd11e09dc5ef429f8510965e0835d00,elementwise,ONNX-MLIR LLVM,"onnx-mlir version 0.4.2, onnx version 1.21.0 (https://github.com/onnx/onnx-mlir.git 4a13c34aa695b228599d637cdb772c19b4b18dba)",onnx-mlir-llvm,true,,44,100,11545,0.0,0.0,bac37a3b37bba7dca00424cd04e3fda0e005b31d39222a33ca9c4265a78f0914,2f45f6d8df8fcf8e163e105feb7b26631383ab1120b4ca13110447de0bb4c56b,true,20270965
ew-chain-64k,2fa842e74a5cfcbf59217c4e1d85f7cf2fd11e09dc5ef429f8510965e0835d00,elementwise,ONNX-MLIR LLVM,"onnx-mlir version 0.4.2, onnx version 1.21.0 (https://github.com/onnx/onnx-mlir.git 4a13c34aa695b228599d637cdb772c19b4b18dba)",onnx-mlir-llvm,true,,45,100,11670,0.0,0.0,bac37a3b37bba7dca00424cd04e3fda0e005b31d39222a33ca9c4265a78f0914,2f45f6d8df8fcf8e163e105feb7b26631383ab1120b4ca13110447de0bb4c56b,true,20270966
ew-chain-64k,2fa842e74a5cfcbf59217c4e1d85f7cf2fd11e09dc5ef429f8510965e0835d00,elementwise,ONNX-MLIR LLVM,"onnx-mlir version 0.4.2, onnx version 1.21.0 (https://github.com/onnx/onnx-mlir.git 4a13c34aa695b228599d637cdb772c19b4b18dba)",onnx-mlir-llvm,true,,46,100,11205,0.0,0.0,bac37a3b37bba7dca00424cd04e3fda0e005b31d39222a33ca9c4265a78f0914,2f45f6d8df8fcf8e163e105feb7b26631383ab1120b4ca13110447de0bb4c56b,true,20270967
ew-chain-64k,2fa842e74a5cfcbf59217c4e1d85f7cf2fd11e09dc5ef429f8510965e0835d00,elementwise,ONNX-MLIR LLVM,"onnx-mlir version 0.4.2, onnx version 1.21.0 (https://github.com/onnx/onnx-mlir.git 4a13c34aa695b228599d637cdb772c19b4b18dba)",onnx-mlir-llvm,true,,47,100,11460,0.0,0.0,bac37a3b37bba7dca00424cd04e3fda0e005b31d39222a33ca9c4265a78f0914,2f45f6d8df8fcf8e163e105feb7b26631383ab1120b4ca13110447de0bb4c56b,true,20270968
ew-chain-64k,2fa842e74a5cfcbf59217c4e1d85f7cf2fd11e09dc5ef429f8510965e0835d00,elementwise,ONNX-MLIR LLVM,"onnx-mlir version 0.4.2, onnx version 1.21.0 (https://github.com/onnx/onnx-mlir.git 4a13c34aa695b228599d637cdb772c19b4b18dba)",onnx-mlir-llvm,true,,48,100,11492,0.0,0.0,bac37a3b37bba7dca00424cd04e3fda0e005b31d39222a33ca9c4265a78f0914,2f45f6d8df8fcf8e163e105feb7b26631383ab1120b4ca13110447de0bb4c56b,true,20270969
ew-chain-64k,2fa842e74a5cfcbf59217c4e1d85f7cf2fd11e09dc5ef429f8510965e0835d00,elementwise,ONNX-MLIR LLVM,"onnx-mlir version 0.4.2, onnx version 1.21.0 (https://github.com/onnx/onnx-mlir.git 4a13c34aa695b228599d637cdb772c19b4b18dba)",onnx-mlir-llvm,true,,49,100,11514,0.0,0.0,bac37a3b37bba7dca00424cd04e3fda0e005b31d39222a33ca9c4265a78f0914,2f45f6d8df8fcf8e163e105feb7b26631383ab1120b4ca13110447de0bb4c56b,true,20270970
ew-chain-64k,2fa842e74a5cfcbf59217c4e1d85f7cf2fd11e09dc5ef429f8510965e0835d00,elementwise,ONNX-MLIR LLVM,"onnx-mlir version 0.4.2, onnx version 1.21.0 (https://github.com/onnx/onnx-mlir.git 4a13c34aa695b228599d637cdb772c19b4b18dba)",onnx-mlir-llvm,true,,50,100,11727,0.0,0.0,bac37a3b37bba7dca00424cd04e3fda0e005b31d39222a33ca9c4265a78f0914,2f45f6d8df8fcf8e163e105feb7b26631383ab1120b4ca13110447de0bb4c56b,true,20270971
ew-chain-64k,2fa842e74a5cfcbf59217c4e1d85f7cf2fd11e09dc5ef429f8510965e0835d00,elementwise,ONNX-MLIR LLVM,"onnx-mlir version 0.4.2, onnx version 1.21.0 (https://github.com/onnx/onnx-mlir.git 4a13c34aa695b228599d637cdb772c19b4b18dba)",onnx-mlir-llvm,true,,51,100,13623,0.0,0.0,bac37a3b37bba7dca00424cd04e3fda0e005b31d39222a33ca9c4265a78f0914,2f45f6d8df8fcf8e163e105feb7b26631383ab1120b4ca13110447de0bb4c56b,true,20270972
ew-chain-64k,2fa842e74a5cfcbf59217c4e1d85f7cf2fd11e09dc5ef429f8510965e0835d00,elementwise,ONNX-MLIR LLVM,"onnx-mlir version 0.4.2, onnx version 1.21.0 (https://github.com/onnx/onnx-mlir.git 4a13c34aa695b228599d637cdb772c19b4b18dba)",onnx-mlir-llvm,true,,52,100,11551,0.0,0.0,bac37a3b37bba7dca00424cd04e3fda0e005b31d39222a33ca9c4265a78f0914,2f45f6d8df8fcf8e163e105feb7b26631383ab1120b4ca13110447de0bb4c56b,true,20270973
ew-chain-64k,2fa842e74a5cfcbf59217c4e1d85f7cf2fd11e09dc5ef429f8510965e0835d00,elementwise,ONNX-MLIR LLVM,"onnx-mlir version 0.4.2, onnx version 1.21.0 (https://github.com/onnx/onnx-mlir.git 4a13c34aa695b228599d637cdb772c19b4b18dba)",onnx-mlir-llvm,true,,53,100,11377,0.0,0.0,bac37a3b37bba7dca00424cd04e3fda0e005b31d39222a33ca9c4265a78f0914,2f45f6d8df8fcf8e163e105feb7b26631383ab1120b4ca13110447de0bb4c56b,true,20270974
ew-chain-64k,2fa842e74a5cfcbf59217c4e1d85f7cf2fd11e09dc5ef429f8510965e0835d00,elementwise,ONNX-MLIR LLVM,"onnx-mlir version 0.4.2, onnx version 1.21.0 (https://github.com/onnx/onnx-mlir.git 4a13c34aa695b228599d637cdb772c19b4b18dba)",onnx-mlir-llvm,true,,54,100,11226,0.0,0.0,bac37a3b37bba7dca00424cd04e3fda0e005b31d39222a33ca9c4265a78f0914,2f45f6d8df8fcf8e163e105feb7b26631383ab1120b4ca13110447de0bb4c56b,true,20270975
ew-chain-64k,2fa842e74a5cfcbf59217c4e1d85f7cf2fd11e09dc5ef429f8510965e0835d00,elementwise,ONNX-MLIR LLVM,"onnx-mlir version 0.4.2, onnx version 1.21.0 (https://github.com/onnx/onnx-mlir.git 4a13c34aa695b228599d637cdb772c19b4b18dba)",onnx-mlir-llvm,true,,55,100,11208,0.0,0.0,bac37a3b37bba7dca00424cd04e3fda0e005b31d39222a33ca9c4265a78f0914,2f45f6d8df8fcf8e163e105feb7b26631383ab1120b4ca13110447de0bb4c56b,true,20270976
ew-chain-64k,2fa842e74a5cfcbf59217c4e1d85f7cf2fd11e09dc5ef429f8510965e0835d00,elementwise,ONNX-MLIR LLVM,"onnx-mlir version 0.4.2, onnx version 1.21.0 (https://github.com/onnx/onnx-mlir.git 4a13c34aa695b228599d637cdb772c19b4b18dba)",onnx-mlir-llvm,true,,56,100,11100,0.0,0.0,bac37a3b37bba7dca00424cd04e3fda0e005b31d39222a33ca9c4265a78f0914,2f45f6d8df8fcf8e163e105feb7b26631383ab1120b4ca13110447de0bb4c56b,true,20270977
ew-chain-64k,2fa842e74a5cfcbf59217c4e1d85f7cf2fd11e09dc5ef429f8510965e0835d00,elementwise,ONNX-MLIR LLVM,"onnx-mlir version 0.4.2, onnx version 1.21.0 (https://github.com/onnx/onnx-mlir.git 4a13c34aa695b228599d637cdb772c19b4b18dba)",onnx-mlir-llvm,true,,57,100,11293,0.0,0.0,bac37a3b37bba7dca00424cd04e3fda0e005b31d39222a33ca9c4265a78f0914,2f45f6d8df8fcf8e163e105feb7b26631383ab1120b4ca13110447de0bb4c56b,true,20270978
ew-chain-64k,2fa842e74a5cfcbf59217c4e1d85f7cf2fd11e09dc5ef429f8510965e0835d00,elementwise,ONNX-MLIR LLVM,"onnx-mlir version 0.4.2, onnx version 1.21.0 (https://github.com/onnx/onnx-mlir.git 4a13c34aa695b228599d637cdb772c19b4b18dba)",onnx-mlir-llvm,true,,58,100,11426,0.0,0.0,bac37a3b37bba7dca00424cd04e3fda0e005b31d39222a33ca9c4265a78f0914,2f45f6d8df8fcf8e163e105feb7b26631383ab1120b4ca13110447de0bb4c56b,true,20270979
ew-chain-64k,2fa842e74a5cfcbf59217c4e1d85f7cf2fd11e09dc5ef429f8510965e0835d00,elementwise,ONNX-MLIR LLVM,"onnx-mlir version 0.4.2, onnx version 1.21.0 (https://github.com/onnx/onnx-mlir.git 4a13c34aa695b228599d637cdb772c19b4b18dba)",onnx-mlir-llvm,true,,59,100,11465,0.0,0.0,bac37a3b37bba7dca00424cd04e3fda0e005b31d39222a33ca9c4265a78f0914,2f45f6d8df8fcf8e163e105feb7b26631383ab1120b4ca13110447de0bb4c56b,true,20270980
ew-chain-64k,2fa842e74a5cfcbf59217c4e1d85f7cf2fd11e09dc5ef429f8510965e0835d00,elementwise,ONNX-MLIR LLVM,"onnx-mlir version 0.4.2, onnx version 1.21.0 (https://github.com/onnx/onnx-mlir.git 4a13c34aa695b228599d637cdb772c19b4b18dba)",onnx-mlir-llvm,true,,60,100,11596,0.0,0.0,bac37a3b37bba7dca00424cd04e3fda0e005b31d39222a33ca9c4265a78f0914,2f45f6d8df8fcf8e163e105feb7b26631383ab1120b4ca13110447de0bb4c56b,true,20270981
ew-chain-64k,2fa842e74a5cfcbf59217c4e1d85f7cf2fd11e09dc5ef429f8510965e0835d00,elementwise,ONNX-MLIR LLVM,"onnx-mlir version 0.4.2, onnx version 1.21.0 (https://github.com/onnx/onnx-mlir.git 4a13c34aa695b228599d637cdb772c19b4b18dba)",onnx-mlir-llvm,true,,61,100,12183,0.0,0.0,bac37a3b37bba7dca00424cd04e3fda0e005b31d39222a33ca9c4265a78f0914,2f45f6d8df8fcf8e163e105feb7b26631383ab1120b4ca13110447de0bb4c56b,true,20270982
ew-chain-64k,2fa842e74a5cfcbf59217c4e1d85f7cf2fd11e09dc5ef429f8510965e0835d00,elementwise,ONNX-MLIR LLVM,"onnx-mlir version 0.4.2, onnx version 1.21.0 (https://github.com/onnx/onnx-mlir.git 4a13c34aa695b228599d637cdb772c19b4b18dba)",onnx-mlir-llvm,true,,62,100,11986,0.0,0.0,bac37a3b37bba7dca00424cd04e3fda0e005b31d39222a33ca9c4265a78f0914,2f45f6d8df8fcf8e163e105feb7b26631383ab1120b4ca13110447de0bb4c56b,true,20270983
ew-chain-64k,2fa842e74a5cfcbf59217c4e1d85f7cf2fd11e09dc5ef429f8510965e0835d00,elementwise,ONNX-MLIR LLVM,"onnx-mlir version 0.4.2, onnx version 1.21.0 (https://github.com/onnx/onnx-mlir.git 4a13c34aa695b228599d637cdb772c19b4b18dba)",onnx-mlir-llvm,true,,63,100,11717,0.0,0.0,bac37a3b37bba7dca00424cd04e3fda0e005b31d39222a33ca9c4265a78f0914,2f45f6d8df8fcf8e163e105feb7b26631383ab1120b4ca13110447de0bb4c56b,true,20270984
ew-chain-64k,2fa842e74a5cfcbf59217c4e1d85f7cf2fd11e09dc5ef429f8510965e0835d00,elementwise,ONNX-MLIR LLVM,"onnx-mlir version 0.4.2, onnx version 1.21.0 (https://github.com/onnx/onnx-mlir.git 4a13c34aa695b228599d637cdb772c19b4b18dba)",onnx-mlir-llvm,true,,64,100,11724,0.0,0.0,bac37a3b37bba7dca00424cd04e3fda0e005b31d39222a33ca9c4265a78f0914,2f45f6d8df8fcf8e163e105feb7b26631383ab1120b4ca13110447de0bb4c56b,true,20270985
ew-chain-64k,2fa842e74a5cfcbf59217c4e1d85f7cf2fd11e09dc5ef429f8510965e0835d00,elementwise,ONNX-MLIR LLVM,"onnx-mlir version 0.4.2, onnx version 1.21.0 (https://github.com/onnx/onnx-mlir.git 4a13c34aa695b228599d637cdb772c19b4b18dba)",onnx-mlir-llvm,true,,65,100,12878,0.0,0.0,bac37a3b37bba7dca00424cd04e3fda0e005b31d39222a33ca9c4265a78f0914,2f45f6d8df8fcf8e163e105feb7b26631383ab1120b4ca13110447de0bb4c56b,true,20270986
ew-chain-64k,2fa842e74a5cfcbf59217c4e1d85f7cf2fd11e09dc5ef429f8510965e0835d00,elementwise,ONNX-MLIR LLVM,"onnx-mlir version 0.4.2, onnx version 1.21.0 (https://github.com/onnx/onnx-mlir.git 4a13c34aa695b228599d637cdb772c19b4b18dba)",onnx-mlir-llvm,true,,66,100,12578,0.0,0.0,bac37a3b37bba7dca00424cd04e3fda0e005b31d39222a33ca9c4265a78f0914,2f45f6d8df8fcf8e163e105feb7b26631383ab1120b4ca13110447de0bb4c56b,true,20270987
ew-chain-64k,2fa842e74a5cfcbf59217c4e1d85f7cf2fd11e09dc5ef429f8510965e0835d00,elementwise,ONNX-MLIR LLVM,"onnx-mlir version 0.4.2, onnx version 1.21.0 (https://github.com/onnx/onnx-mlir.git 4a13c34aa695b228599d637cdb772c19b4b18dba)",onnx-mlir-llvm,true,,67,100,11471,0.0,0.0,bac37a3b37bba7dca00424cd04e3fda0e005b31d39222a33ca9c4265a78f0914,2f45f6d8df8fcf8e163e105feb7b26631383ab1120b4ca13110447de0bb4c56b,true,20270988
ew-chain-64k,2fa842e74a5cfcbf59217c4e1d85f7cf2fd11e09dc5ef429f8510965e0835d00,elementwise,ONNX-MLIR LLVM,"onnx-mlir version 0.4.2, onnx version 1.21.0 (https://github.com/onnx/onnx-mlir.git 4a13c34aa695b228599d637cdb772c19b4b18dba)",onnx-mlir-llvm,true,,68,100,11600,0.0,0.0,bac37a3b37bba7dca00424cd04e3fda0e005b31d39222a33ca9c4265a78f0914,2f45f6d8df8fcf8e163e105feb7b26631383ab1120b4ca13110447de0bb4c56b,true,20270989
ew-chain-64k,2fa842e74a5cfcbf59217c4e1d85f7cf2fd11e09dc5ef429f8510965e0835d00,elementwise,ONNX-MLIR LLVM,"onnx-mlir version 0.4.2, onnx version 1.21.0 (https://github.com/onnx/onnx-mlir.git 4a13c34aa695b228599d637cdb772c19b4b18dba)",onnx-mlir-llvm,true,,69,100,11451,0.0,0.0,bac37a3b37bba7dca00424cd04e3fda0e005b31d39222a33ca9c4265a78f0914,2f45f6d8df8fcf8e163e105feb7b26631383ab1120b4ca13110447de0bb4c56b,true,20270990
ew-chain-64k,2fa842e74a5cfcbf59217c4e1d85f7cf2fd11e09dc5ef429f8510965e0835d00,elementwise,ONNX-MLIR LLVM,"onnx-mlir version 0.4.2, onnx version 1.21.0 (https://github.com/onnx/onnx-mlir.git 4a13c34aa695b228599d637cdb772c19b4b18dba)",onnx-mlir-llvm,true,,70,100,11271,0.0,0.0,bac37a3b37bba7dca00424cd04e3fda0e005b31d39222a33ca9c4265a78f0914,2f45f6d8df8fcf8e163e105feb7b26631383ab1120b4ca13110447de0bb4c56b,true,20270991
ew-chain-64k,2fa842e74a5cfcbf59217c4e1d85f7cf2fd11e09dc5ef429f8510965e0835d00,elementwise,ONNX-MLIR LLVM,"onnx-mlir version 0.4.2, onnx version 1.21.0 (https://github.com/onnx/onnx-mlir.git 4a13c34aa695b228599d637cdb772c19b4b18dba)",onnx-mlir-llvm,true,,71,100,11323,0.0,0.0,bac37a3b37bba7dca00424cd04e3fda0e005b31d39222a33ca9c4265a78f0914,2f45f6d8df8fcf8e163e105feb7b26631383ab1120b4ca13110447de0bb4c56b,true,20270992
ew-chain-64k,2fa842e74a5cfcbf59217c4e1d85f7cf2fd11e09dc5ef429f8510965e0835d00,elementwise,ONNX-MLIR LLVM,"onnx-mlir version 0.4.2, onnx version 1.21.0 (https://github.com/onnx/onnx-mlir.git 4a13c34aa695b228599d637cdb772c19b4b18dba)",onnx-mlir-llvm,true,,72,100,11541,0.0,0.0,bac37a3b37bba7dca00424cd04e3fda0e005b31d39222a33ca9c4265a78f0914,2f45f6d8df8fcf8e163e105feb7b26631383ab1120b4ca13110447de0bb4c56b,true,20270993
ew-chain-64k,2fa842e74a5cfcbf59217c4e1d85f7cf2fd11e09dc5ef429f8510965e0835d00,elementwise,ONNX-MLIR LLVM,"onnx-mlir version 0.4.2, onnx version 1.21.0 (https://github.com/onnx/onnx-mlir.git 4a13c34aa695b228599d637cdb772c19b4b18dba)",onnx-mlir-llvm,true,,73,100,11866,0.0,0.0,bac37a3b37bba7dca00424cd04e3fda0e005b31d39222a33ca9c4265a78f0914,2f45f6d8df8fcf8e163e105feb7b26631383ab1120b4ca13110447de0bb4c56b,true,20270994
ew-chain-64k,2fa842e74a5cfcbf59217c4e1d85f7cf2fd11e09dc5ef429f8510965e0835d00,elementwise,ONNX-MLIR LLVM,"onnx-mlir version 0.4.2, onnx version 1.21.0 (https://github.com/onnx/onnx-mlir.git 4a13c34aa695b228599d637cdb772c19b4b18dba)",onnx-mlir-llvm,true,,74,100,12100,0.0,0.0,bac37a3b37bba7dca00424cd04e3fda0e005b31d39222a33ca9c4265a78f0914,2f45f6d8df8fcf8e163e105feb7b26631383ab1120b4ca13110447de0bb4c56b,true,20270995
ew-chain-64k,2fa842e74a5cfcbf59217c4e1d85f7cf2fd11e09dc5ef429f8510965e0835d00,elementwise,ONNX-MLIR LLVM,"onnx-mlir version 0.4.2, onnx version 1.21.0 (https://github.com/onnx/onnx-mlir.git 4a13c34aa695b228599d637cdb772c19b4b18dba)",onnx-mlir-llvm,true,,75,100,11528,0.0,0.0,bac37a3b37bba7dca00424cd04e3fda0e005b31d39222a33ca9c4265a78f0914,2f45f6d8df8fcf8e163e105feb7b26631383ab1120b4ca13110447de0bb4c56b,true,20270996
ew-chain-64k,2fa842e74a5cfcbf59217c4e1d85f7cf2fd11e09dc5ef429f8510965e0835d00,elementwise,ONNX-MLIR LLVM,"onnx-mlir version 0.4.2, onnx version 1.21.0 (https://github.com/onnx/onnx-mlir.git 4a13c34aa695b228599d637cdb772c19b4b18dba)",onnx-mlir-llvm,true,,76,100,11523,0.0,0.0,bac37a3b37bba7dca00424cd04e3fda0e005b31d39222a33ca9c4265a78f0914,2f45f6d8df8fcf8e163e105feb7b26631383ab1120b4ca13110447de0bb4c56b,true,20270997
ew-chain-64k,2fa842e74a5cfcbf59217c4e1d85f7cf2fd11e09dc5ef429f8510965e0835d00,elementwise,ONNX-MLIR LLVM,"onnx-mlir version 0.4.2, onnx version 1.21.0 (https://github.com/onnx/onnx-mlir.git 4a13c34aa695b228599d637cdb772c19b4b18dba)",onnx-mlir-llvm,true,,77,100,11747,0.0,0.0,bac37a3b37bba7dca00424cd04e3fda0e005b31d39222a33ca9c4265a78f0914,2f45f6d8df8fcf8e163e105feb7b26631383ab1120b4ca13110447de0bb4c56b,true,20270998
ew-chain-64k,2fa842e74a5cfcbf59217c4e1d85f7cf2fd11e09dc5ef429f8510965e0835d00,elementwise,ONNX-MLIR LLVM,"onnx-mlir version 0.4.2, onnx version 1.21.0 (https://github.com/onnx/onnx-mlir.git 4a13c34aa695b228599d637cdb772c19b4b18dba)",onnx-mlir-llvm,true,,78,100,11502,0.0,0.0,bac37a3b37bba7dca00424cd04e3fda0e005b31d39222a33ca9c4265a78f0914,2f45f6d8df8fcf8e163e105feb7b26631383ab1120b4ca13110447de0bb4c56b,true,20270999
ew-chain-64k,2fa842e74a5cfcbf59217c4e1d85f7cf2fd11e09dc5ef429f8510965e0835d00,elementwise,ONNX-MLIR LLVM,"onnx-mlir version 0.4.2, onnx version 1.21.0 (https://github.com/onnx/onnx-mlir.git 4a13c34aa695b228599d637cdb772c19b4b18dba)",onnx-mlir-llvm,true,,79,100,12042,0.0,0.0,bac37a3b37bba7dca00424cd04e3fda0e005b31d39222a33ca9c4265a78f0914,2f45f6d8df8fcf8e163e105feb7b26631383ab1120b4ca13110447de0bb4c56b,true,20271000
ew-chain-64k,2fa842e74a5cfcbf59217c4e1d85f7cf2fd11e09dc5ef429f8510965e0835d00,elementwise,ONNX-MLIR LLVM,"onnx-mlir version 0.4.2, onnx version 1.21.0 (https://github.com/onnx/onnx-mlir.git 4a13c34aa695b228599d637cdb772c19b4b18dba)",onnx-mlir-llvm,true,,80,100,12325,0.0,0.0,bac37a3b37bba7dca00424cd04e3fda0e005b31d39222a33ca9c4265a78f0914,2f45f6d8df8fcf8e163e105feb7b26631383ab1120b4ca13110447de0bb4c56b,true,20271001
ew-chain-64k,2fa842e74a5cfcbf59217c4e1d85f7cf2fd11e09dc5ef429f8510965e0835d00,elementwise,ONNX-MLIR LLVM,"onnx-mlir version 0.4.2, onnx version 1.21.0 (https://github.com/onnx/onnx-mlir.git 4a13c34aa695b228599d637cdb772c19b4b18dba)",onnx-mlir-llvm,true,,81,100,12079,0.0,0.0,bac37a3b37bba7dca00424cd04e3fda0e005b31d39222a33ca9c4265a78f0914,2f45f6d8df8fcf8e163e105feb7b26631383ab1120b4ca13110447de0bb4c56b,true,20271002
ew-chain-64k,2fa842e74a5cfcbf59217c4e1d85f7cf2fd11e09dc5ef429f8510965e0835d00,elementwise,ONNX-MLIR LLVM,"onnx-mlir version 0.4.2, onnx version 1.21.0 (https://github.com/onnx/onnx-mlir.git 4a13c34aa695b228599d637cdb772c19b4b18dba)",onnx-mlir-llvm,true,,82,100,11859,0.0,0.0,bac37a3b37bba7dca00424cd04e3fda0e005b31d39222a33ca9c4265a78f0914,2f45f6d8df8fcf8e163e105feb7b26631383ab1120b4ca13110447de0bb4c56b,true,20271003
ew-chain-64k,2fa842e74a5cfcbf59217c4e1d85f7cf2fd11e09dc5ef429f8510965e0835d00,elementwise,ONNX-MLIR LLVM,"onnx-mlir version 0.4.2, onnx version 1.21.0 (https://github.com/onnx/onnx-mlir.git 4a13c34aa695b228599d637cdb772c19b4b18dba)",onnx-mlir-llvm,true,,83,100,11496,0.0,0.0,bac37a3b37bba7dca00424cd04e3fda0e005b31d39222a33ca9c4265a78f0914,2f45f6d8df8fcf8e163e105feb7b26631383ab1120b4ca13110447de0bb4c56b,true,20271004
ew-chain-64k,2fa842e74a5cfcbf59217c4e1d85f7cf2fd11e09dc5ef429f8510965e0835d00,elementwise,ONNX-MLIR LLVM,"onnx-mlir version 0.4.2, onnx version 1.21.0 (https://github.com/onnx/onnx-mlir.git 4a13c34aa695b228599d637cdb772c19b4b18dba)",onnx-mlir-llvm,true,,84,100,11485,0.0,0.0,bac37a3b37bba7dca00424cd04e3fda0e005b31d39222a33ca9c4265a78f0914,2f45f6d8df8fcf8e163e105feb7b26631383ab1120b4ca13110447de0bb4c56b,true,20271005
ew-chain-64k,2fa842e74a5cfcbf59217c4e1d85f7cf2fd11e09dc5ef429f8510965e0835d00,elementwise,ONNX-MLIR LLVM,"onnx-mlir version 0.4.2, onnx version 1.21.0 (https://github.com/onnx/onnx-mlir.git 4a13c34aa695b228599d637cdb772c19b4b18dba)",onnx-mlir-llvm,true,,85,100,11334,0.0,0.0,bac37a3b37bba7dca00424cd04e3fda0e005b31d39222a33ca9c4265a78f0914,2f45f6d8df8fcf8e163e105feb7b26631383ab1120b4ca13110447de0bb4c56b,true,20271006
ew-chain-64k,2fa842e74a5cfcbf59217c4e1d85f7cf2fd11e09dc5ef429f8510965e0835d00,elementwise,ONNX-MLIR LLVM,"onnx-mlir version 0.4.2, onnx version 1.21.0 (https://github.com/onnx/onnx-mlir.git 4a13c34aa695b228599d637cdb772c19b4b18dba)",onnx-mlir-llvm,true,,86,100,11471,0.0,0.0,bac37a3b37bba7dca00424cd04e3fda0e005b31d39222a33ca9c4265a78f0914,2f45f6d8df8fcf8e163e105feb7b26631383ab1120b4ca13110447de0bb4c56b,true,20271007
ew-chain-64k,2fa842e74a5cfcbf59217c4e1d85f7cf2fd11e09dc5ef429f8510965e0835d00,elementwise,ONNX-MLIR LLVM,"onnx-mlir version 0.4.2, onnx version 1.21.0 (https://github.com/onnx/onnx-mlir.git 4a13c34aa695b228599d637cdb772c19b4b18dba)",onnx-mlir-llvm,true,,87,100,11614,0.0,0.0,bac37a3b37bba7dca00424cd04e3fda0e005b31d39222a33ca9c4265a78f0914,2f45f6d8df8fcf8e163e105feb7b26631383ab1120b4ca13110447de0bb4c56b,true,20271008
ew-chain-64k,2fa842e74a5cfcbf59217c4e1d85f7cf2fd11e09dc5ef429f8510965e0835d00,elementwise,ONNX-MLIR LLVM,"onnx-mlir version 0.4.2, onnx version 1.21.0 (https://github.com/onnx/onnx-mlir.git 4a13c34aa695b228599d637cdb772c19b4b18dba)",onnx-mlir-llvm,true,,88,100,11440,0.0,0.0,bac37a3b37bba7dca00424cd04e3fda0e005b31d39222a33ca9c4265a78f0914,2f45f6d8df8fcf8e163e105feb7b26631383ab1120b4ca13110447de0bb4c56b,true,20271009
ew-chain-64k,2fa842e74a5cfcbf59217c4e1d85f7cf2fd11e09dc5ef429f8510965e0835d00,elementwise,ONNX-MLIR LLVM,"onnx-mlir version 0.4.2, onnx version 1.21.0 (https://github.com/onnx/onnx-mlir.git 4a13c34aa695b228599d637cdb772c19b4b18dba)",onnx-mlir-llvm,true,,89,100,12429,0.0,0.0,bac37a3b37bba7dca00424cd04e3fda0e005b31d39222a33ca9c4265a78f0914,2f45f6d8df8fcf8e163e105feb7b26631383ab1120b4ca13110447de0bb4c56b,true,20271010
ew-chain-64k,2fa842e74a5cfcbf59217c4e1d85f7cf2fd11e09dc5ef429f8510965e0835d00,elementwise,ONNX-MLIR LLVM,"onnx-mlir version 0.4.2, onnx version 1.21.0 (https://github.com/onnx/onnx-mlir.git 4a13c34aa695b228599d637cdb772c19b4b18dba)",onnx-mlir-llvm,true,,90,100,11241,0.0,0.0,bac37a3b37bba7dca00424cd04e3fda0e005b31d39222a33ca9c4265a78f0914,2f45f6d8df8fcf8e163e105feb7b26631383ab1120b4ca13110447de0bb4c56b,true,20271011
ew-chain-64k,2fa842e74a5cfcbf59217c4e1d85f7cf2fd11e09dc5ef429f8510965e0835d00,elementwise,ONNX-MLIR LLVM,"onnx-mlir version 0.4.2, onnx version 1.21.0 (https://github.com/onnx/onnx-mlir.git 4a13c34aa695b228599d637cdb772c19b4b18dba)",onnx-mlir-llvm,true,,91,100,11553,0.0,0.0,bac37a3b37bba7dca00424cd04e3fda0e005b31d39222a33ca9c4265a78f0914,2f45f6d8df8fcf8e163e105feb7b26631383ab1120b4ca13110447de0bb4c56b,true,20271012
ew-chain-64k,2fa842e74a5cfcbf59217c4e1d85f7cf2fd11e09dc5ef429f8510965e0835d00,elementwise,ONNX-MLIR LLVM,"onnx-mlir version 0.4.2, onnx version 1.21.0 (https://github.com/onnx/onnx-mlir.git 4a13c34aa695b228599d637cdb772c19b4b18dba)",onnx-mlir-llvm,true,,92,100,11541,0.0,0.0,bac37a3b37bba7dca00424cd04e3fda0e005b31d39222a33ca9c4265a78f0914,2f45f6d8df8fcf8e163e105feb7b26631383ab1120b4ca13110447de0bb4c56b,true,20271013
ew-chain-64k,2fa842e74a5cfcbf59217c4e1d85f7cf2fd11e09dc5ef429f8510965e0835d00,elementwise,ONNX-MLIR LLVM,"onnx-mlir version 0.4.2, onnx version 1.21.0 (https://github.com/onnx/onnx-mlir.git 4a13c34aa695b228599d637cdb772c19b4b18dba)",onnx-mlir-llvm,true,,93,100,11968,0.0,0.0,bac37a3b37bba7dca00424cd04e3fda0e005b31d39222a33ca9c4265a78f0914,2f45f6d8df8fcf8e163e105feb7b26631383ab1120b4ca13110447de0bb4c56b,true,20271014
ew-chain-64k,2fa842e74a5cfcbf59217c4e1d85f7cf2fd11e09dc5ef429f8510965e0835d00,elementwise,ONNX-MLIR LLVM,"onnx-mlir version 0.4.2, onnx version 1.21.0 (https://github.com/onnx/onnx-mlir.git 4a13c34aa695b228599d637cdb772c19b4b18dba)",onnx-mlir-llvm,true,,94,100,99999,0.0,0.0,bac37a3b37bba7dca00424cd04e3fda0e005b31d39222a33ca9c4265a78f0914,2f45f6d8df8fcf8e163e105feb7b26631383ab1120b4ca13110447de0bb4c56b,true,20271015
ew-chain-64k,2fa842e74a5cfcbf59217c4e1d85f7cf2fd11e09dc5ef429f8510965e0835d00,elementwise,ONNX-MLIR LLVM,"onnx-mlir version 0.4.2, onnx version 1.21.0 (https://github.com/onnx/onnx-mlir.git 4a13c34aa695b228599d637cdb772c19b4b18dba)",onnx-mlir-llvm,true,,95,100,34792,0.0,0.0,bac37a3b37bba7dca00424cd04e3fda0e005b31d39222a33ca9c4265a78f0914,2f45f6d8df8fcf8e163e105feb7b26631383ab1120b4ca13110447de0bb4c56b,true,20271016
ew-chain-64k,2fa842e74a5cfcbf59217c4e1d85f7cf2fd11e09dc5ef429f8510965e0835d00,elementwise,ONNX-MLIR LLVM,"onnx-mlir version 0.4.2, onnx version 1.21.0 (https://github.com/onnx/onnx-mlir.git 4a13c34aa695b228599d637cdb772c19b4b18dba)",onnx-mlir-llvm,true,,96,100,55114,0.0,0.0,bac37a3b37bba7dca00424cd04e3fda0e005b31d39222a33ca9c4265a78f0914,2f45f6d8df8fcf8e163e105feb7b26631383ab1120b4ca13110447de0bb4c56b,true,20271017
ew-chain-64k,2fa842e74a5cfcbf59217c4e1d85f7cf2fd11e09dc5ef429f8510965e0835d00,elementwise,ONNX-MLIR LLVM,"onnx-mlir version 0.4.2, onnx version 1.21.0 (https://github.com/onnx/onnx-mlir.git 4a13c34aa695b228599d637cdb772c19b4b18dba)",onnx-mlir-llvm,true,,97,100,14671,0.0,0.0,bac37a3b37bba7dca00424cd04e3fda0e005b31d39222a33ca9c4265a78f0914,2f45f6d8df8fcf8e163e105feb7b26631383ab1120b4ca13110447de0bb4c56b,true,20271018
ew-chain-64k,2fa842e74a5cfcbf59217c4e1d85f7cf2fd11e09dc5ef429f8510965e0835d00,elementwise,ONNX-MLIR LLVM,"onnx-mlir version 0.4.2, onnx version 1.21.0 (https://github.com/onnx/onnx-mlir.git 4a13c34aa695b228599d637cdb772c19b4b18dba)",onnx-mlir-llvm,true,,98,100,19438,0.0,0.0,bac37a3b37bba7dca00424cd04e3fda0e005b31d39222a33ca9c4265a78f0914,2f45f6d8df8fcf8e163e105feb7b26631383ab1120b4ca13110447de0bb4c56b,true,20271019
ew-chain-64k,2fa842e74a5cfcbf59217c4e1d85f7cf2fd11e09dc5ef429f8510965e0835d00,elementwise,ONNX-MLIR LLVM,"onnx-mlir version 0.4.2, onnx version 1.21.0 (https://github.com/onnx/onnx-mlir.git 4a13c34aa695b228599d637cdb772c19b4b18dba)",onnx-mlir-llvm,true,,99,100,21353,0.0,0.0,bac37a3b37bba7dca00424cd04e3fda0e005b31d39222a33ca9c4265a78f0914,2f45f6d8df8fcf8e163e105feb7b26631383ab1120b4ca13110447de0bb4c56b,true,20271020
red-max-channel,2fa842e74a5cfcbf59217c4e1d85f7cf2fd11e09dc5ef429f8510965e0835d00,reduction,ONNX-MLIR LLVM,"onnx-mlir version 0.4.2, onnx version 1.21.0 (https://github.com/onnx/onnx-mlir.git 4a13c34aa695b228599d637cdb772c19b4b18dba)",onnx-mlir-llvm,true,,0,10,527583,0.0,0.0,291c48d98c3eedc7e612fdc390b637595c570a6f80a500b3ece5e0d1eed0154c,e6a455f14e7b3df3779efa47320df2d44490ac07a8260d7f5ae20390451d7a09,true,20270921
red-max-channel,2fa842e74a5cfcbf59217c4e1d85f7cf2fd11e09dc5ef429f8510965e0835d00,reduction,ONNX-MLIR LLVM,"onnx-mlir version 0.4.2, onnx version 1.21.0 (https://github.com/onnx/onnx-mlir.git 4a13c34aa695b228599d637cdb772c19b4b18dba)",onnx-mlir-llvm,true,,1,10,469862,0.0,0.0,291c48d98c3eedc7e612fdc390b637595c570a6f80a500b3ece5e0d1eed0154c,e6a455f14e7b3df3779efa47320df2d44490ac07a8260d7f5ae20390451d7a09,true,20270922
red-max-channel,2fa842e74a5cfcbf59217c4e1d85f7cf2fd11e09dc5ef429f8510965e0835d00,reduction,ONNX-MLIR LLVM,"onnx-mlir version 0.4.2, onnx version 1.21.0 (https://github.com/onnx/onnx-mlir.git 4a13c34aa695b228599d637cdb772c19b4b18dba)",onnx-mlir-llvm,true,,2,10,375404,0.0,0.0,291c48d98c3eedc7e612fdc390b637595c570a6f80a500b3ece5e0d1eed0154c,e6a455f14e7b3df3779efa47320df2d44490ac07a8260d7f5ae20390451d7a09,true,20270923
red-max-channel,2fa842e74a5cfcbf59217c4e1d85f7cf2fd11e09dc5ef429f8510965e0835d00,reduction,ONNX-MLIR LLVM,"onnx-mlir version 0.4.2, onnx version 1.21.0 (https://github.com/onnx/onnx-mlir.git 4a13c34aa695b228599d637cdb772c19b4b18dba)",onnx-mlir-llvm,true,,3,10,320262,0.0,0.0,291c48d98c3eedc7e612fdc390b637595c570a6f80a500b3ece5e0d1eed0154c,e6a455f14e7b3df3779efa47320df2d44490ac07a8260d7f5ae20390451d7a09,true,20270924
red-max-channel,2fa842e74a5cfcbf59217c4e1d85f7cf2fd11e09dc5ef429f8510965e0835d00,reduction,ONNX-MLIR LLVM,"onnx-mlir version 0.4.2, onnx version 1.21.0 (https://github.com/onnx/onnx-mlir.git 4a13c34aa695b228599d637cdb772c19b4b18dba)",onnx-mlir-llvm,true,,4,10,276641,0.0,0.0,291c48d98c3eedc7e612fdc390b637595c570a6f80a500b3ece5e0d1eed0154c,e6a455f14e7b3df3779efa47320df2d44490ac07a8260d7f5ae20390451d7a09,true,20270925
red-max-channel,2fa842e74a5cfcbf59217c4e1d85f7cf2fd11e09dc5ef429f8510965e0835d00,reduction,ONNX-MLIR LLVM,"onnx-mlir version 0.4.2, onnx version 1.21.0 (https://github.com/onnx/onnx-mlir.git 4a13c34aa695b228599d637cdb772c19b4b18dba)",onnx-mlir-llvm,true,,5,10,254070,0.0,0.0,291c48d98c3eedc7e612fdc390b637595c570a6f80a500b3ece5e0d1eed0154c,e6a455f14e7b3df3779efa47320df2d44490ac07a8260d7f5ae20390451d7a09,true,20270926
red-max-channel,2fa842e74a5cfcbf59217c4e1d85f7cf2fd11e09dc5ef429f8510965e0835d00,reduction,ONNX-MLIR LLVM,"onnx-mlir version 0.4.2, onnx version 1.21.0 (https://github.com/onnx/onnx-mlir.git 4a13c34aa695b228599d637cdb772c19b4b18dba)",onnx-mlir-llvm,true,,6,10,284941,0.0,0.0,291c48d98c3eedc7e612fdc390b637595c570a6f80a500b3ece5e0d1eed0154c,e6a455f14e7b3df3779efa47320df2d44490ac07a8260d7f5ae20390451d7a09,true,20270927
red-max-channel,2fa842e74a5cfcbf59217c4e1d85f7cf2fd11e09dc5ef429f8510965e0835d00,reduction,ONNX-MLIR LLVM,"onnx-mlir version 0.4.2, onnx version 1.21.0 (https://github.com/onnx/onnx-mlir.git 4a13c34aa695b228599d637cdb772c19b4b18dba)",onnx-mlir-llvm,true,,7,10,238329,0.0,0.0,291c48d98c3eedc7e612fdc390b637595c570a6f80a500b3ece5e0d1eed0154c,e6a455f14e7b3df3779efa47320df2d44490ac07a8260d7f5ae20390451d7a09,true,20270928
red-max-channel,2fa842e74a5cfcbf59217c4e1d85f7cf2fd11e09dc5ef429f8510965e0835d00,reduction,ONNX-MLIR LLVM,"onnx-mlir version 0.4.2, onnx version 1.21.0 (https://github.com/onnx/onnx-mlir.git 4a13c34aa695b228599d637cdb772c19b4b18dba)",onnx-mlir-llvm,true,,8,10,224520,0.0,0.0,291c48d98c3eedc7e612fdc390b637595c570a6f80a500b3ece5e0d1eed0154c,e6a455f14e7b3df3779efa47320df2d44490ac07a8260d7f5ae20390451d7a09,true,20270929
red-max-channel,2fa842e74a5cfcbf59217c4e1d85f7cf2fd11e09dc5ef429f8510965e0835d00,reduction,ONNX-MLIR LLVM,"onnx-mlir version 0.4.2, onnx version 1.21.0 (https://github.com/onnx/onnx-mlir.git 4a13c34aa695b228599d637cdb772c19b4b18dba)",onnx-mlir-llvm,true,,9,10,230212,0.0,0.0,291c48d98c3eedc7e612fdc390b637595c570a6f80a500b3ece5e0d1eed0154c,e6a455f14e7b3df3779efa47320df2d44490ac07a8260d7f5ae20390451d7a09,true,20270930
red-max-channel,2fa842e74a5cfcbf59217c4e1d85f7cf2fd11e09dc5ef429f8510965e0835d00,reduction,ONNX-MLIR LLVM,"onnx-mlir version 0.4.2, onnx version 1.21.0 (https://github.com/onnx/onnx-mlir.git 4a13c34aa695b228599d637cdb772c19b4b18dba)",onnx-mlir-llvm,true,,10,10,221862,0.0,0.0,291c48d98c3eedc7e612fdc390b637595c570a6f80a500b3ece5e0d1eed0154c,e6a455f14e7b3df3779efa47320df2d44490ac07a8260d7f5ae20390451d7a09,true,20270931
red-max-channel,2fa842e74a5cfcbf59217c4e1d85f7cf2fd11e09dc5ef429f8510965e0835d00,reduction,ONNX-MLIR LLVM,"onnx-mlir version 0.4.2, onnx version 1.21.0 (https://github.com/onnx/onnx-mlir.git 4a13c34aa695b228599d637cdb772c19b4b18dba)",onnx-mlir-llvm,true,,11,10,200750,0.0,0.0,291c48d98c3eedc7e612fdc390b637595c570a6f80a500b3ece5e0d1eed0154c,e6a455f14e7b3df3779efa47320df2d44490ac07a8260d7f5ae20390451d7a09,true,20270932
red-max-channel,2fa842e74a5cfcbf59217c4e1d85f7cf2fd11e09dc5ef429f8510965e0835d00,reduction,ONNX-MLIR LLVM,"onnx-mlir version 0.4.2, onnx version 1.21.0 (https://github.com/onnx/onnx-mlir.git 4a13c34aa695b228599d637cdb772c19b4b18dba)",onnx-mlir-llvm,true,,12,10,182458,0.0,0.0,291c48d98c3eedc7e612fdc390b637595c570a6f80a500b3ece5e0d1eed0154c,e6a455f14e7b3df3779efa47320df2d44490ac07a8260d7f5ae20390451d7a09,true,20270933
red-max-channel,2fa842e74a5cfcbf59217c4e1d85f7cf2fd11e09dc5ef429f8510965e0835d00,reduction,ONNX-MLIR LLVM,"onnx-mlir version 0.4.2, onnx version 1.21.0 (https://github.com/onnx/onnx-mlir.git 4a13c34aa695b228599d637cdb772c19b4b18dba)",onnx-mlir-llvm,true,,13,10,181575,0.0,0.0,291c48d98c3eedc7e612fdc390b637595c570a6f80a500b3ece5e0d1eed0154c,e6a455f14e7b3df3779efa47320df2d44490ac07a8260d7f5ae20390451d7a09,true,20270934
red-max-channel,2fa842e74a5cfcbf59217c4e1d85f7cf2fd11e09dc5ef429f8510965e0835d00,reduction,ONNX-MLIR LLVM,"onnx-mlir version 0.4.2, onnx version 1.21.0 (https://github.com/onnx/onnx-mlir.git 4a13c34aa695b228599d637cdb772c19b4b18dba)",onnx-mlir-llvm,true,,14,10,181179,0.0,0.0,291c48d98c3eedc7e612fdc390b637595c570a6f80a500b3ece5e0d1eed0154c,e6a455f14e7b3df3779efa47320df2d44490ac07a8260d7f5ae20390451d7a09,true,20270935
red-max-channel,2fa842e74a5cfcbf59217c4e1d85f7cf2fd11e09dc5ef429f8510965e0835d00,reduction,ONNX-MLIR LLVM,"onnx-mlir version 0.4.2, onnx version 1.21.0 (https://github.com/onnx/onnx-mlir.git 4a13c34aa695b228599d637cdb772c19b4b18dba)",onnx-mlir-llvm,true,,15,10,180995,0.0,0.0,291c48d98c3eedc7e612fdc390b637595c570a6f80a500b3ece5e0d1eed0154c,e6a455f14e7b3df3779efa47320df2d44490ac07a8260d7f5ae20390451d7a09,true,20270936
red-max-channel,2fa842e74a5cfcbf59217c4e1d85f7cf2fd11e09dc5ef429f8510965e0835d00,reduction,ONNX-MLIR LLVM,"onnx-mlir version 0.4.2, onnx version 1.21.0 (https://github.com/onnx/onnx-mlir.git 4a13c34aa695b228599d637cdb772c19b4b18dba)",onnx-mlir-llvm,true,,16,10,189254,0.0,0.0,291c48d98c3eedc7e612fdc390b637595c570a6f80a500b3ece5e0d1eed0154c,e6a455f14e7b3df3779efa47320df2d44490ac07a8260d7f5ae20390451d7a09,true,20270937
red-max-channel,2fa842e74a5cfcbf59217c4e1d85f7cf2fd11e09dc5ef429f8510965e0835d00,reduction,ONNX-MLIR LLVM,"onnx-mlir version 0.4.2, onnx version 1.21.0 (https://github.com/onnx/onnx-mlir.git 4a13c34aa695b228599d637cdb772c19b4b18dba)",onnx-mlir-llvm,true,,17,10,171495,0.0,0.0,291c48d98c3eedc7e612fdc390b637595c570a6f80a500b3ece5e0d1eed0154c,e6a455f14e7b3df3779efa47320df2d44490ac07a8260d7f5ae20390451d7a09,true,20270938
red-max-channel,2fa842e74a5cfcbf59217c4e1d85f7cf2fd11e09dc5ef429f8510965e0835d00,reduction,ONNX-MLIR LLVM,"onnx-mlir version 0.4.2, onnx version 1.21.0 (https://github.com/onnx/onnx-mlir.git 4a13c34aa695b228599d637cdb772c19b4b18dba)",onnx-mlir-llvm,true,,18,10,185641,0.0,0.0,291c48d98c3eedc7e612fdc390b637595c570a6f80a500b3ece5e0d1eed0154c,e6a455f14e7b3df3779efa47320df2d44490ac07a8260d7f5ae20390451d7a09,true,20270939
red-max-channel,2fa842e74a5cfcbf59217c4e1d85f7cf2fd11e09dc5ef429f8510965e0835d00,reduction,ONNX-MLIR LLVM,"onnx-mlir version 0.4.2, onnx version 1.21.0 (https://github.com/onnx/onnx-mlir.git 4a13c34aa695b228599d637cdb772c19b4b18dba)",onnx-mlir-llvm,true,,19,10,175450,0.0,0.0,291c48d98c3eedc7e612fdc390b637595c570a6f80a500b3ece5e0d1eed0154c,e6a455f14e7b3df3779efa47320df2d44490ac07a8260d7f5ae20390451d7a09,true,20270940
red-max-channel,2fa842e74a5cfcbf59217c4e1d85f7cf2fd11e09dc5ef429f8510965e0835d00,reduction,ONNX-MLIR LLVM,"onnx-mlir version 0.4.2, onnx version 1.21.0 (https://github.com/onnx/onnx-mlir.git 4a13c34aa695b228599d637cdb772c19b4b18dba)",onnx-mlir-llvm,true,,20,10,159895,0.0,0.0,291c48d98c3eedc7e612fdc390b637595c570a6f80a500b3ece5e0d1eed0154c,e6a455f14e7b3df3779efa47320df2d44490ac07a8260d7f5ae20390451d7a09,true,20270941
red-max-channel,2fa842e74a5cfcbf59217c4e1d85f7cf2fd11e09dc5ef429f8510965e0835d00,reduction,ONNX-MLIR LLVM,"onnx-mlir version 0.4.2, onnx version 1.21.0 (https://github.com/onnx/onnx-mlir.git 4a13c34aa695b228599d637cdb772c19b4b18dba)",onnx-mlir-llvm,true,,21,10,161475,0.0,0.0,291c48d98c3eedc7e612fdc390b637595c570a6f80a500b3ece5e0d1eed0154c,e6a455f14e7b3df3779efa47320df2d44490ac07a8260d7f5ae20390451d7a09,true,20270942
red-max-channel,2fa842e74a5cfcbf59217c4e1d85f7cf2fd11e09dc5ef429f8510965e0835d00,reduction,ONNX-MLIR LLVM,"onnx-mlir version 0.4.2, onnx version 1.21.0 (https://github.com/onnx/onnx-mlir.git 4a13c34aa695b228599d637cdb772c19b4b18dba)",onnx-mlir-llvm,true,,22,10,157795,0.0,0.0,291c48d98c3eedc7e612fdc390b637595c570a6f80a500b3ece5e0d1eed0154c,e6a455f14e7b3df3779efa47320df2d44490ac07a8260d7f5ae20390451d7a09,true,20270943
red-max-channel,2fa842e74a5cfcbf59217c4e1d85f7cf2fd11e09dc5ef429f8510965e0835d00,reduction,ONNX-MLIR LLVM,"onnx-mlir version 0.4.2, onnx version 1.21.0 (https://github.com/onnx/onnx-mlir.git 4a13c34aa695b228599d637cdb772c19b4b18dba)",onnx-mlir-llvm,true,,23,10,150537,0.0,0.0,291c48d98c3eedc7e612fdc390b637595c570a6f80a500b3ece5e0d1eed0154c,e6a455f14e7b3df3779efa47320df2d44490ac07a8260d7f5ae20390451d7a09,true,20270944
red-max-channel,2fa842e74a5cfcbf59217c4e1d85f7cf2fd11e09dc5ef429f8510965e0835d00,reduction,ONNX-MLIR LLVM,"onnx-mlir version 0.4.2, onnx version 1.21.0 (https://github.com/onnx/onnx-mlir.git 4a13c34aa695b228599d637cdb772c19b4b18dba)",onnx-mlir-llvm,true,,24,10,149150,0.0,0.0,291c48d98c3eedc7e612fdc390b637595c570a6f80a500b3ece5e0d1eed0154c,e6a455f14e7b3df3779efa47320df2d44490ac07a8260d7f5ae20390451d7a09,true,20270945
red-max-channel,2fa842e74a5cfcbf59217c4e1d85f7cf2fd11e09dc5ef429f8510965e0835d00,reduction,ONNX-MLIR LLVM,"onnx-mlir version 0.4.2, onnx version 1.21.0 (https://github.com/onnx/onnx-mlir.git 4a13c34aa695b228599d637cdb772c19b4b18dba)",onnx-mlir-llvm,true,,25,10,151500,0.0,0.0,291c48d98c3eedc7e612fdc390b637595c570a6f80a500b3ece5e0d1eed0154c,e6a455f14e7b3df3779efa47320df2d44490ac07a8260d7f5ae20390451d7a09,true,20270946
red-max-channel,2fa842e74a5cfcbf59217c4e1d85f7cf2fd11e09dc5ef429f8510965e0835d00,reduction,ONNX-MLIR LLVM,"onnx-mlir version 0.4.2, onnx version 1.21.0 (https://github.com/onnx/onnx-mlir.git 4a13c34aa695b228599d637cdb772c19b4b18dba)",onnx-mlir-llvm,true,,26,10,148512,0.0,0.0,291c48d98c3eedc7e612fdc390b637595c570a6f80a500b3ece5e0d1eed0154c,e6a455f14e7b3df3779efa47320df2d44490ac07a8260d7f5ae20390451d7a09,true,20270947
red-max-channel,2fa842e74a5cfcbf59217c4e1d85f7cf2fd11e09dc5ef429f8510965e0835d00,reduction,ONNX-MLIR LLVM,"onnx-mlir version 0.4.2, onnx version 1.21.0 (https://github.com/onnx/onnx-mlir.git 4a13c34aa695b228599d637cdb772c19b4b18dba)",onnx-mlir-llvm,true,,27,10,164541,0.0,0.0,291c48d98c3eedc7e612fdc390b637595c570a6f80a500b3ece5e0d1eed0154c,e6a455f14e7b3df3779efa47320df2d44490ac07a8260d7f5ae20390451d7a09,true,20270948
red-max-channel,2fa842e74a5cfcbf59217c4e1d85f7cf2fd11e09dc5ef429f8510965e0835d00,reduction,ONNX-MLIR LLVM,"onnx-mlir version 0.4.2, onnx version 1.21.0 (https://github.com/onnx/onnx-mlir.git 4a13c34aa695b228599d637cdb772c19b4b18dba)",onnx-mlir-llvm,true,,28,10,144683,0.0,0.0,291c48d98c3eedc7e612fdc390b637595c570a6f80a500b3ece5e0d1eed0154c,e6a455f14e7b3df3779efa47320df2d44490ac07a8260d7f5ae20390451d7a09,true,20270949
red-max-channel,2fa842e74a5cfcbf59217c4e1d85f7cf2fd11e09dc5ef429f8510965e0835d00,reduction,ONNX-MLIR LLVM,"onnx-mlir version 0.4.2, onnx version 1.21.0 (https://github.com/onnx/onnx-mlir.git 4a13c34aa695b228599d637cdb772c19b4b18dba)",onnx-mlir-llvm,true,,29,10,181100,0.0,0.0,291c48d98c3eedc7e612fdc390b637595c570a6f80a500b3ece5e0d1eed0154c,e6a455f14e7b3df3779efa47320df2d44490ac07a8260d7f5ae20390451d7a09,true,20270950
red-max-channel,2fa842e74a5cfcbf59217c4e1d85f7cf2fd11e09dc5ef429f8510965e0835d00,reduction,ONNX-MLIR LLVM,"onnx-mlir version 0.4.2, onnx version 1.21.0 (https://github.com/onnx/onnx-mlir.git 4a13c34aa695b228599d637cdb772c19b4b18dba)",onnx-mlir-llvm,true,,30,10,147708,0.0,0.0,291c48d98c3eedc7e612fdc390b637595c570a6f80a500b3ece5e0d1eed0154c,e6a455f14e7b3df3779efa47320df2d44490ac07a8260d7f5ae20390451d7a09,true,20270951
red-max-channel,2fa842e74a5cfcbf59217c4e1d85f7cf2fd11e09dc5ef429f8510965e0835d00,reduction,ONNX-MLIR LLVM,"onnx-mlir version 0.4.2, onnx version 1.21.0 (https://github.com/onnx/onnx-mlir.git 4a13c34aa695b228599d637cdb772c19b4b18dba)",onnx-mlir-llvm,true,,31,10,143745,0.0,0.0,291c48d98c3eedc7e612fdc390b637595c570a6f80a500b3ece5e0d1eed0154c,e6a455f14e7b3df3779efa47320df2d44490ac07a8260d7f5ae20390451d7a09,true,20270952
red-max-channel,2fa842e74a5cfcbf59217c4e1d85f7cf2fd11e09dc5ef429f8510965e0835d00,reduction,ONNX-MLIR LLVM,"onnx-mlir version 0.4.2, onnx version 1.21.0 (https://github.com/onnx/onnx-mlir.git 4a13c34aa695b228599d637cdb772c19b4b18dba)",onnx-mlir-llvm,true,,32,10,142779,0.0,0.0,291c48d98c3eedc7e612fdc390b637595c570a6f80a500b3ece5e0d1eed0154c,e6a455f14e7b3df3779efa47320df2d44490ac07a8260d7f5ae20390451d7a09,true,20270953
red-max-channel,2fa842e74a5cfcbf59217c4e1d85f7cf2fd11e09dc5ef429f8510965e0835d00,reduction,ONNX-MLIR LLVM,"onnx-mlir version 0.4.2, onnx version 1.21.0 (https://github.com/onnx/onnx-mlir.git 4a13c34aa695b228599d637cdb772c19b4b18dba)",onnx-mlir-llvm,true,,33,10,139508,0.0,0.0,291c48d98c3eedc7e612fdc390b637595c570a6f80a500b3ece5e0d1eed0154c,e6a455f14e7b3df3779efa47320df2d44490ac07a8260d7f5ae20390451d7a09,true,20270954
red-max-channel,2fa842e74a5cfcbf59217c4e1d85f7cf2fd11e09dc5ef429f8510965e0835d00,reduction,ONNX-MLIR LLVM,"onnx-mlir version 0.4.2, onnx version 1.21.0 (https://github.com/onnx/onnx-mlir.git 4a13c34aa695b228599d637cdb772c19b4b18dba)",onnx-mlir-llvm,true,,34,10,139633,0.0,0.0,291c48d98c3eedc7e612fdc390b637595c570a6f80a500b3ece5e0d1eed0154c,e6a455f14e7b3df3779efa47320df2d44490ac07a8260d7f5ae20390451d7a09,true,20270955
red-max-channel,2fa842e74a5cfcbf59217c4e1d85f7cf2fd11e09dc5ef429f8510965e0835d00,reduction,ONNX-MLIR LLVM,"onnx-mlir version 0.4.2, onnx version 1.21.0 (https://github.com/onnx/onnx-mlir.git 4a13c34aa695b228599d637cdb772c19b4b18dba)",onnx-mlir-llvm,true,,35,10,133554,0.0,0.0,291c48d98c3eedc7e612fdc390b637595c570a6f80a500b3ece5e0d1eed0154c,e6a455f14e7b3df3779efa47320df2d44490ac07a8260d7f5ae20390451d7a09,true,20270956
red-max-channel,2fa842e74a5cfcbf59217c4e1d85f7cf2fd11e09dc5ef429f8510965e0835d00,reduction,ONNX-MLIR LLVM,"onnx-mlir version 0.4.2, onnx version 1.21.0 (https://github.com/onnx/onnx-mlir.git 4a13c34aa695b228599d637cdb772c19b4b18dba)",onnx-mlir-llvm,true,,36,10,137345,0.0,0.0,291c48d98c3eedc7e612fdc390b637595c570a6f80a500b3ece5e0d1eed0154c,e6a455f14e7b3df3779efa47320df2d44490ac07a8260d7f5ae20390451d7a09,true,20270957
red-max-channel,2fa842e74a5cfcbf59217c4e1d85f7cf2fd11e09dc5ef429f8510965e0835d00,reduction,ONNX-MLIR LLVM,"onnx-mlir version 0.4.2, onnx version 1.21.0 (https://github.com/onnx/onnx-mlir.git 4a13c34aa695b228599d637cdb772c19b4b18dba)",onnx-mlir-llvm,true,,37,10,148804,0.0,0.0,291c48d98c3eedc7e612fdc390b637595c570a6f80a500b3ece5e0d1eed0154c,e6a455f14e7b3df3779efa47320df2d44490ac07a8260d7f5ae20390451d7a09,true,20270958
red-max-channel,2fa842e74a5cfcbf59217c4e1d85f7cf2fd11e09dc5ef429f8510965e0835d00,reduction,ONNX-MLIR LLVM,"onnx-mlir version 0.4.2, onnx version 1.21.0 (https://github.com/onnx/onnx-mlir.git 4a13c34aa695b228599d637cdb772c19b4b18dba)",onnx-mlir-llvm,true,,38,10,143583,0.0,0.0,291c48d98c3eedc7e612fdc390b637595c570a6f80a500b3ece5e0d1eed0154c,e6a455f14e7b3df3779efa47320df2d44490ac07a8260d7f5ae20390451d7a09,true,20270959
red-max-channel,2fa842e74a5cfcbf59217c4e1d85f7cf2fd11e09dc5ef429f8510965e0835d00,reduction,ONNX-MLIR LLVM,"onnx-mlir version 0.4.2, onnx version 1.21.0 (https://github.com/onnx/onnx-mlir.git 4a13c34aa695b228599d637cdb772c19b4b18dba)",onnx-mlir-llvm,true,,39,10,130787,0.0,0.0,291c48d98c3eedc7e612fdc390b637595c570a6f80a500b3ece5e0d1eed0154c,e6a455f14e7b3df3779efa47320df2d44490ac07a8260d7f5ae20390451d7a09,true,20270960
red-max-channel,2fa842e74a5cfcbf59217c4e1d85f7cf2fd11e09dc5ef429f8510965e0835d00,reduction,ONNX-MLIR LLVM,"onnx-mlir version 0.4.2, onnx version 1.21.0 (https://github.com/onnx/onnx-mlir.git 4a13c34aa695b228599d637cdb772c19b4b18dba)",onnx-mlir-llvm,true,,40,10,129216,0.0,0.0,291c48d98c3eedc7e612fdc390b637595c570a6f80a500b3ece5e0d1eed0154c,e6a455f14e7b3df3779efa47320df2d44490ac07a8260d7f5ae20390451d7a09,true,20270961
red-max-channel,2fa842e74a5cfcbf59217c4e1d85f7cf2fd11e09dc5ef429f8510965e0835d00,reduction,ONNX-MLIR LLVM,"onnx-mlir version 0.4.2, onnx version 1.21.0 (https://github.com/onnx/onnx-mlir.git 4a13c34aa695b228599d637cdb772c19b4b18dba)",onnx-mlir-llvm,true,,41,10,140033,0.0,0.0,291c48d98c3eedc7e612fdc390b637595c570a6f80a500b3ece5e0d1eed0154c,e6a455f14e7b3df3779efa47320df2d44490ac07a8260d7f5ae20390451d7a09,true,20270962
red-max-channel,2fa842e74a5cfcbf59217c4e1d85f7cf2fd11e09dc5ef429f8510965e0835d00,reduction,ONNX-MLIR LLVM,"onnx-mlir version 0.4.2, onnx version 1.21.0 (https://github.com/onnx/onnx-mlir.git 4a13c34aa695b228599d637cdb772c19b4b18dba)",onnx-mlir-llvm,true,,42,10,132600,0.0,0.0,291c48d98c3eedc7e612fdc390b637595c570a6f80a500b3ece5e0d1eed0154c,e6a455f14e7b3df3779efa47320df2d44490ac07a8260d7f5ae20390451d7a09,true,20270963
red-max-channel,2fa842e74a5cfcbf59217c4e1d85f7cf2fd11e09dc5ef429f8510965e0835d00,reduction,ONNX-MLIR LLVM,"onnx-mlir version 0.4.2, onnx version 1.21.0 (https://github.com/onnx/onnx-mlir.git 4a13c34aa695b228599d637cdb772c19b4b18dba)",onnx-mlir-llvm,true,,43,10,128058,0.0,0.0,291c48d98c3eedc7e612fdc390b637595c570a6f80a500b3ece5e0d1eed0154c,e6a455f14e7b3df3779efa47320df2d44490ac07a8260d7f5ae20390451d7a09,true,20270964
red-max-channel,2fa842e74a5cfcbf59217c4e1d85f7cf2fd11e09dc5ef429f8510965e0835d00,reduction,ONNX-MLIR LLVM,"onnx-mlir version 0.4.2, onnx version 1.21.0 (https://github.com/onnx/onnx-mlir.git 4a13c34aa695b228599d637cdb772c19b4b18dba)",onnx-mlir-llvm,true,,44,10,129420,0.0,0.0,291c48d98c3eedc7e612fdc390b637595c570a6f80a500b3ece5e0d1eed0154c,e6a455f14e7b3df3779efa47320df2d44490ac07a8260d7f5ae20390451d7a09,true,20270965
red-max-channel,2fa842e74a5cfcbf59217c4e1d85f7cf2fd11e09dc5ef429f8510965e0835d00,reduction,ONNX-MLIR LLVM,"onnx-mlir version 0.4.2, onnx version 1.21.0 (https://github.com/onnx/onnx-mlir.git 4a13c34aa695b228599d637cdb772c19b4b18dba)",onnx-mlir-llvm,true,,45,10,129183,0.0,0.0,291c48d98c3eedc7e612fdc390b637595c570a6f80a500b3ece5e0d1eed0154c,e6a455f14e7b3df3779efa47320df2d44490ac07a8260d7f5ae20390451d7a09,true,20270966
red-max-channel,2fa842e74a5cfcbf59217c4e1d85f7cf2fd11e09dc5ef429f8510965e0835d00,reduction,ONNX-MLIR LLVM,"onnx-mlir version 0.4.2, onnx version 1.21.0 (https://github.com/onnx/onnx-mlir.git 4a13c34aa695b228599d637cdb772c19b4b18dba)",onnx-mlir-llvm,true,,46,10,128550,0.0,0.0,291c48d98c3eedc7e612fdc390b637595c570a6f80a500b3ece5e0d1eed0154c,e6a455f14e7b3df3779efa47320df2d44490ac07a8260d7f5ae20390451d7a09,true,20270967
red-max-channel,2fa842e74a5cfcbf59217c4e1d85f7cf2fd11e09dc5ef429f8510965e0835d00,reduction,ONNX-MLIR LLVM,"onnx-mlir version 0.4.2, onnx version 1.21.0 (https://github.com/onnx/onnx-mlir.git 4a13c34aa695b228599d637cdb772c19b4b18dba)",onnx-mlir-llvm,true,,47,10,127408,0.0,0.0,291c48d98c3eedc7e612fdc390b637595c570a6f80a500b3ece5e0d1eed0154c,e6a455f14e7b3df3779efa47320df2d44490ac07a8260d7f5ae20390451d7a09,true,20270968
red-max-channel,2fa842e74a5cfcbf59217c4e1d85f7cf2fd11e09dc5ef429f8510965e0835d00,reduction,ONNX-MLIR LLVM,"onnx-mlir version 0.4.2, onnx version 1.21.0 (https://github.com/onnx/onnx-mlir.git 4a13c34aa695b228599d637cdb772c19b4b18dba)",onnx-mlir-llvm,true,,48,10,127970,0.0,0.0,291c48d98c3eedc7e612fdc390b637595c570a6f80a500b3ece5e0d1eed0154c,e6a455f14e7b3df3779efa47320df2d44490ac07a8260d7f5ae20390451d7a09,true,20270969
red-max-channel,2fa842e74a5cfcbf59217c4e1d85f7cf2fd11e09dc5ef429f8510965e0835d00,reduction,ONNX-MLIR LLVM,"onnx-mlir version 0.4.2, onnx version 1.21.0 (https://github.com/onnx/onnx-mlir.git 4a13c34aa695b228599d637cdb772c19b4b18dba)",onnx-mlir-llvm,true,,49,10,129133,0.0,0.0,291c48d98c3eedc7e612fdc390b637595c570a6f80a500b3ece5e0d1eed0154c,e6a455f14e7b3df3779efa47320df2d44490ac07a8260d7f5ae20390451d7a09,true,20270970
red-max-channel,2fa842e74a5cfcbf59217c4e1d85f7cf2fd11e09dc5ef429f8510965e0835d00,reduction,ONNX-MLIR LLVM,"onnx-mlir version 0.4.2, onnx version 1.21.0 (https://github.com/onnx/onnx-mlir.git 4a13c34aa695b228599d637cdb772c19b4b18dba)",onnx-mlir-llvm,true,,50,10,127383,0.0,0.0,291c48d98c3eedc7e612fdc390b637595c570a6f80a500b3ece5e0d1eed0154c,e6a455f14e7b3df3779efa47320df2d44490ac07a8260d7f5ae20390451d7a09,true,20270971
red-max-channel,2fa842e74a5cfcbf59217c4e1d85f7cf2fd11e09dc5ef429f8510965e0835d00,reduction,ONNX-MLIR LLVM,"onnx-mlir version 0.4.2, onnx version 1.21.0 (https://github.com/onnx/onnx-mlir.git 4a13c34aa695b228599d637cdb772c19b4b18dba)",onnx-mlir-llvm,true,,51,10,127958,0.0,0.0,291c48d98c3eedc7e612fdc390b637595c570a6f80a500b3ece5e0d1eed0154c,e6a455f14e7b3df3779efa47320df2d44490ac07a8260d7f5ae20390451d7a09,true,20270972
red-max-channel,2fa842e74a5cfcbf59217c4e1d85f7cf2fd11e09dc5ef429f8510965e0835d00,reduction,ONNX-MLIR LLVM,"onnx-mlir version 0.4.2, onnx version 1.21.0 (https://github.com/onnx/onnx-mlir.git 4a13c34aa695b228599d637cdb772c19b4b18dba)",onnx-mlir-llvm,true,,52,10,128750,0.0,0.0,291c48d98c3eedc7e612fdc390b637595c570a6f80a500b3ece5e0d1eed0154c,e6a455f14e7b3df3779efa47320df2d44490ac07a8260d7f5ae20390451d7a09,true,20270973
red-max-channel,2fa842e74a5cfcbf59217c4e1d85f7cf2fd11e09dc5ef429f8510965e0835d00,reduction,ONNX-MLIR LLVM,"onnx-mlir version 0.4.2, onnx version 1.21.0 (https://github.com/onnx/onnx-mlir.git 4a13c34aa695b228599d637cdb772c19b4b18dba)",onnx-mlir-llvm,true,,53,10,136241,0.0,0.0,291c48d98c3eedc7e612fdc390b637595c570a6f80a500b3ece5e0d1eed0154c,e6a455f14e7b3df3779efa47320df2d44490ac07a8260d7f5ae20390451d7a09,true,20270974
red-max-channel,2fa842e74a5cfcbf59217c4e1d85f7cf2fd11e09dc5ef429f8510965e0835d00,reduction,ONNX-MLIR LLVM,"onnx-mlir version 0.4.2, onnx version 1.21.0 (https://github.com/onnx/onnx-mlir.git 4a13c34aa695b228599d637cdb772c19b4b18dba)",onnx-mlir-llvm,true,,54,10,144154,0.0,0.0,291c48d98c3eedc7e612fdc390b637595c570a6f80a500b3ece5e0d1eed0154c,e6a455f14e7b3df3779efa47320df2d44490ac07a8260d7f5ae20390451d7a09,true,20270975
red-max-channel,2fa842e74a5cfcbf59217c4e1d85f7cf2fd11e09dc5ef429f8510965e0835d00,reduction,ONNX-MLIR LLVM,"onnx-mlir version 0.4.2, onnx version 1.21.0 (https://github.com/onnx/onnx-mlir.git 4a13c34aa695b228599d637cdb772c19b4b18dba)",onnx-mlir-llvm,true,,55,10,129766,0.0,0.0,291c48d98c3eedc7e612fdc390b637595c570a6f80a500b3ece5e0d1eed0154c,e6a455f14e7b3df3779efa47320df2d44490ac07a8260d7f5ae20390451d7a09,true,20270976
red-max-channel,2fa842e74a5cfcbf59217c4e1d85f7cf2fd11e09dc5ef429f8510965e0835d00,reduction,ONNX-MLIR LLVM,"onnx-mlir version 0.4.2, onnx version 1.21.0 (https://github.com/onnx/onnx-mlir.git 4a13c34aa695b228599d637cdb772c19b4b18dba)",onnx-mlir-llvm,true,,56,10,130829,0.0,0.0,291c48d98c3eedc7e612fdc390b637595c570a6f80a500b3ece5e0d1eed0154c,e6a455f14e7b3df3779efa47320df2d44490ac07a8260d7f5ae20390451d7a09,true,20270977
red-max-channel,2fa842e74a5cfcbf59217c4e1d85f7cf2fd11e09dc5ef429f8510965e0835d00,reduction,ONNX-MLIR LLVM,"onnx-mlir version 0.4.2, onnx version 1.21.0 (https://github.com/onnx/onnx-mlir.git 4a13c34aa695b228599d637cdb772c19b4b18dba)",onnx-mlir-llvm,true,,57,10,129087,0.0,0.0,291c48d98c3eedc7e612fdc390b637595c570a6f80a500b3ece5e0d1eed0154c,e6a455f14e7b3df3779efa47320df2d44490ac07a8260d7f5ae20390451d7a09,true,20270978
red-max-channel,2fa842e74a5cfcbf59217c4e1d85f7cf2fd11e09dc5ef429f8510965e0835d00,reduction,ONNX-MLIR LLVM,"onnx-mlir version 0.4.2, onnx version 1.21.0 (https://github.com/onnx/onnx-mlir.git 4a13c34aa695b228599d637cdb772c19b4b18dba)",onnx-mlir-llvm,true,,58,10,129245,0.0,0.0,291c48d98c3eedc7e612fdc390b637595c570a6f80a500b3ece5e0d1eed0154c,e6a455f14e7b3df3779efa47320df2d44490ac07a8260d7f5ae20390451d7a09,true,20270979
red-max-channel,2fa842e74a5cfcbf59217c4e1d85f7cf2fd11e09dc5ef429f8510965e0835d00,reduction,ONNX-MLIR LLVM,"onnx-mlir version 0.4.2, onnx version 1.21.0 (https://github.com/onnx/onnx-mlir.git 4a13c34aa695b228599d637cdb772c19b4b18dba)",onnx-mlir-llvm,true,,59,10,128100,0.0,0.0,291c48d98c3eedc7e612fdc390b637595c570a6f80a500b3ece5e0d1eed0154c,e6a455f14e7b3df3779efa47320df2d44490ac07a8260d7f5ae20390451d7a09,true,20270980
red-max-channel,2fa842e74a5cfcbf59217c4e1d85f7cf2fd11e09dc5ef429f8510965e0835d00,reduction,ONNX-MLIR LLVM,"onnx-mlir version 0.4.2, onnx version 1.21.0 (https://github.com/onnx/onnx-mlir.git 4a13c34aa695b228599d637cdb772c19b4b18dba)",onnx-mlir-llvm,true,,60,10,128104,0.0,0.0,291c48d98c3eedc7e612fdc390b637595c570a6f80a500b3ece5e0d1eed0154c,e6a455f14e7b3df3779efa47320df2d44490ac07a8260d7f5ae20390451d7a09,true,20270981
red-max-channel,2fa842e74a5cfcbf59217c4e1d85f7cf2fd11e09dc5ef429f8510965e0835d00,reduction,ONNX-MLIR LLVM,"onnx-mlir version 0.4.2, onnx version 1.21.0 (https://github.com/onnx/onnx-mlir.git 4a13c34aa695b228599d637cdb772c19b4b18dba)",onnx-mlir-llvm,true,,61,10,129012,0.0,0.0,291c48d98c3eedc7e612fdc390b637595c570a6f80a500b3ece5e0d1eed0154c,e6a455f14e7b3df3779efa47320df2d44490ac07a8260d7f5ae20390451d7a09,true,20270982
red-max-channel,2fa842e74a5cfcbf59217c4e1d85f7cf2fd11e09dc5ef429f8510965e0835d00,reduction,ONNX-MLIR LLVM,"onnx-mlir version 0.4.2, onnx version 1.21.0 (https://github.com/onnx/onnx-mlir.git 4a13c34aa695b228599d637cdb772c19b4b18dba)",onnx-mlir-llvm,true,,62,10,139950,0.0,0.0,291c48d98c3eedc7e612fdc390b637595c570a6f80a500b3ece5e0d1eed0154c,e6a455f14e7b3df3779efa47320df2d44490ac07a8260d7f5ae20390451d7a09,true,20270983
red-max-channel,2fa842e74a5cfcbf59217c4e1d85f7cf2fd11e09dc5ef429f8510965e0835d00,reduction,ONNX-MLIR LLVM,"onnx-mlir version 0.4.2, onnx version 1.21.0 (https://github.com/onnx/onnx-mlir.git 4a13c34aa695b228599d637cdb772c19b4b18dba)",onnx-mlir-llvm,true,,63,10,156433,0.0,0.0,291c48d98c3eedc7e612fdc390b637595c570a6f80a500b3ece5e0d1eed0154c,e6a455f14e7b3df3779efa47320df2d44490ac07a8260d7f5ae20390451d7a09,true,20270984
red-max-channel,2fa842e74a5cfcbf59217c4e1d85f7cf2fd11e09dc5ef429f8510965e0835d00,reduction,ONNX-MLIR LLVM,"onnx-mlir version 0.4.2, onnx version 1.21.0 (https://github.com/onnx/onnx-mlir.git 4a13c34aa695b228599d637cdb772c19b4b18dba)",onnx-mlir-llvm,true,,64,10,127629,0.0,0.0,291c48d98c3eedc7e612fdc390b637595c570a6f80a500b3ece5e0d1eed0154c,e6a455f14e7b3df3779efa47320df2d44490ac07a8260d7f5ae20390451d7a09,true,20270985
red-max-channel,2fa842e74a5cfcbf59217c4e1d85f7cf2fd11e09dc5ef429f8510965e0835d00,reduction,ONNX-MLIR LLVM,"onnx-mlir version 0.4.2, onnx version 1.21.0 (https://github.com/onnx/onnx-mlir.git 4a13c34aa695b228599d637cdb772c19b4b18dba)",onnx-mlir-llvm,true,,65,10,127491,0.0,0.0,291c48d98c3eedc7e612fdc390b637595c570a6f80a500b3ece5e0d1eed0154c,e6a455f14e7b3df3779efa47320df2d44490ac07a8260d7f5ae20390451d7a09,true,20270986
red-max-channel,2fa842e74a5cfcbf59217c4e1d85f7cf2fd11e09dc5ef429f8510965e0835d00,reduction,ONNX-MLIR LLVM,"onnx-mlir version 0.4.2, onnx version 1.21.0 (https://github.com/onnx/onnx-mlir.git 4a13c34aa695b228599d637cdb772c19b4b18dba)",onnx-mlir-llvm,true,,66,10,132104,0.0,0.0,291c48d98c3eedc7e612fdc390b637595c570a6f80a500b3ece5e0d1eed0154c,e6a455f14e7b3df3779efa47320df2d44490ac07a8260d7f5ae20390451d7a09,true,20270987
red-max-channel,2fa842e74a5cfcbf59217c4e1d85f7cf2fd11e09dc5ef429f8510965e0835d00,reduction,ONNX-MLIR LLVM,"onnx-mlir version 0.4.2, onnx version 1.21.0 (https://github.com/onnx/onnx-mlir.git 4a13c34aa695b228599d637cdb772c19b4b18dba)",onnx-mlir-llvm,true,,67,10,127466,0.0,0.0,291c48d98c3eedc7e612fdc390b637595c570a6f80a500b3ece5e0d1eed0154c,e6a455f14e7b3df3779efa47320df2d44490ac07a8260d7f5ae20390451d7a09,true,20270988
red-max-channel,2fa842e74a5cfcbf59217c4e1d85f7cf2fd11e09dc5ef429f8510965e0835d00,reduction,ONNX-MLIR LLVM,"onnx-mlir version 0.4.2, onnx version 1.21.0 (https://github.com/onnx/onnx-mlir.git 4a13c34aa695b228599d637cdb772c19b4b18dba)",onnx-mlir-llvm,true,,68,10,127416,0.0,0.0,291c48d98c3eedc7e612fdc390b637595c570a6f80a500b3ece5e0d1eed0154c,e6a455f14e7b3df3779efa47320df2d44490ac07a8260d7f5ae20390451d7a09,true,20270989
red-max-channel,2fa842e74a5cfcbf59217c4e1d85f7cf2fd11e09dc5ef429f8510965e0835d00,reduction,ONNX-MLIR LLVM,"onnx-mlir version 0.4.2, onnx version 1.21.0 (https://github.com/onnx/onnx-mlir.git 4a13c34aa695b228599d637cdb772c19b4b18dba)",onnx-mlir-llvm,true,,69,10,129329,0.0,0.0,291c48d98c3eedc7e612fdc390b637595c570a6f80a500b3ece5e0d1eed0154c,e6a455f14e7b3df3779efa47320df2d44490ac07a8260d7f5ae20390451d7a09,true,20270990
red-max-channel,2fa842e74a5cfcbf59217c4e1d85f7cf2fd11e09dc5ef429f8510965e0835d00,reduction,ONNX-MLIR LLVM,"onnx-mlir version 0.4.2, onnx version 1.21.0 (https://github.com/onnx/onnx-mlir.git 4a13c34aa695b228599d637cdb772c19b4b18dba)",onnx-mlir-llvm,true,,70,10,128933,0.0,0.0,291c48d98c3eedc7e612fdc390b637595c570a6f80a500b3ece5e0d1eed0154c,e6a455f14e7b3df3779efa47320df2d44490ac07a8260d7f5ae20390451d7a09,true,20270991
red-max-channel,2fa842e74a5cfcbf59217c4e1d85f7cf2fd11e09dc5ef429f8510965e0835d00,reduction,ONNX-MLIR LLVM,"onnx-mlir version 0.4.2, onnx version 1.21.0 (https://github.com/onnx/onnx-mlir.git 4a13c34aa695b228599d637cdb772c19b4b18dba)",onnx-mlir-llvm,true,,71,10,128195,0.0,0.0,291c48d98c3eedc7e612fdc390b637595c570a6f80a500b3ece5e0d1eed0154c,e6a455f14e7b3df3779efa47320df2d44490ac07a8260d7f5ae20390451d7a09,true,20270992
red-max-channel,2fa842e74a5cfcbf59217c4e1d85f7cf2fd11e09dc5ef429f8510965e0835d00,reduction,ONNX-MLIR LLVM,"onnx-mlir version 0.4.2, onnx version 1.21.0 (https://github.com/onnx/onnx-mlir.git 4a13c34aa695b228599d637cdb772c19b4b18dba)",onnx-mlir-llvm,true,,72,10,128941,0.0,0.0,291c48d98c3eedc7e612fdc390b637595c570a6f80a500b3ece5e0d1eed0154c,e6a455f14e7b3df3779efa47320df2d44490ac07a8260d7f5ae20390451d7a09,true,20270993
red-max-channel,2fa842e74a5cfcbf59217c4e1d85f7cf2fd11e09dc5ef429f8510965e0835d00,reduction,ONNX-MLIR LLVM,"onnx-mlir version 0.4.2, onnx version 1.21.0 (https://github.com/onnx/onnx-mlir.git 4a13c34aa695b228599d637cdb772c19b4b18dba)",onnx-mlir-llvm,true,,73,10,127679,0.0,0.0,291c48d98c3eedc7e612fdc390b637595c570a6f80a500b3ece5e0d1eed0154c,e6a455f14e7b3df3779efa47320df2d44490ac07a8260d7f5ae20390451d7a09,true,20270994
red-max-channel,2fa842e74a5cfcbf59217c4e1d85f7cf2fd11e09dc5ef429f8510965e0835d00,reduction,ONNX-MLIR LLVM,"onnx-mlir version 0.4.2, onnx version 1.21.0 (https://github.com/onnx/onnx-mlir.git 4a13c34aa695b228599d637cdb772c19b4b18dba)",onnx-mlir-llvm,true,,74,10,127645,0.0,0.0,291c48d98c3eedc7e612fdc390b637595c570a6f80a500b3ece5e0d1eed0154c,e6a455f14e7b3df3779efa47320df2d44490ac07a8260d7f5ae20390451d7a09,true,20270995
red-max-channel,2fa842e74a5cfcbf59217c4e1d85f7cf2fd11e09dc5ef429f8510965e0835d00,reduction,ONNX-MLIR LLVM,"onnx-mlir version 0.4.2, onnx version 1.21.0 (https://github.com/onnx/onnx-mlir.git 4a13c34aa695b228599d637cdb772c19b4b18dba)",onnx-mlir-llvm,true,,75,10,127633,0.0,0.0,291c48d98c3eedc7e612fdc390b637595c570a6f80a500b3ece5e0d1eed0154c,e6a455f14e7b3df3779efa47320df2d44490ac07a8260d7f5ae20390451d7a09,true,20270996
red-max-channel,2fa842e74a5cfcbf59217c4e1d85f7cf2fd11e09dc5ef429f8510965e0835d00,reduction,ONNX-MLIR LLVM,"onnx-mlir version 0.4.2, onnx version 1.21.0 (https://github.com/onnx/onnx-mlir.git 4a13c34aa695b228599d637cdb772c19b4b18dba)",onnx-mlir-llvm,true,,76,10,128229,0.0,0.0,291c48d98c3eedc7e612fdc390b637595c570a6f80a500b3ece5e0d1eed0154c,e6a455f14e7b3df3779efa47320df2d44490ac07a8260d7f5ae20390451d7a09,true,20270997
red-max-channel,2fa842e74a5cfcbf59217c4e1d85f7cf2fd11e09dc5ef429f8510965e0835d00,reduction,ONNX-MLIR LLVM,"onnx-mlir version 0.4.2, onnx version 1.21.0 (https://github.com/onnx/onnx-mlir.git 4a13c34aa695b228599d637cdb772c19b4b18dba)",onnx-mlir-llvm,true,,77,10,127604,0.0,0.0,291c48d98c3eedc7e612fdc390b637595c570a6f80a500b3ece5e0d1eed0154c,e6a455f14e7b3df3779efa47320df2d44490ac07a8260d7f5ae20390451d7a09,true,20270998
red-max-channel,2fa842e74a5cfcbf59217c4e1d85f7cf2fd11e09dc5ef429f8510965e0835d00,reduction,ONNX-MLIR LLVM,"onnx-mlir version 0.4.2, onnx version 1.21.0 (https://github.com/onnx/onnx-mlir.git 4a13c34aa695b228599d637cdb772c19b4b18dba)",onnx-mlir-llvm,true,,78,10,132808,0.0,0.0,291c48d98c3eedc7e612fdc390b637595c570a6f80a500b3ece5e0d1eed0154c,e6a455f14e7b3df3779efa47320df2d44490ac07a8260d7f5ae20390451d7a09,true,20270999
red-max-channel,2fa842e74a5cfcbf59217c4e1d85f7cf2fd11e09dc5ef429f8510965e0835d00,reduction,ONNX-MLIR LLVM,"onnx-mlir version 0.4.2, onnx version 1.21.0 (https://github.com/onnx/onnx-mlir.git 4a13c34aa695b228599d637cdb772c19b4b18dba)",onnx-mlir-llvm,true,,79,10,140020,0.0,0.0,291c48d98c3eedc7e612fdc390b637595c570a6f80a500b3ece5e0d1eed0154c,e6a455f14e7b3df3779efa47320df2d44490ac07a8260d7f5ae20390451d7a09,true,20271000
red-max-channel,2fa842e74a5cfcbf59217c4e1d85f7cf2fd11e09dc5ef429f8510965e0835d00,reduction,ONNX-MLIR LLVM,"onnx-mlir version 0.4.2, onnx version 1.21.0 (https://github.com/onnx/onnx-mlir.git 4a13c34aa695b228599d637cdb772c19b4b18dba)",onnx-mlir-llvm,true,,80,10,134416,0.0,0.0,291c48d98c3eedc7e612fdc390b637595c570a6f80a500b3ece5e0d1eed0154c,e6a455f14e7b3df3779efa47320df2d44490ac07a8260d7f5ae20390451d7a09,true,20271001
red-max-channel,2fa842e74a5cfcbf59217c4e1d85f7cf2fd11e09dc5ef429f8510965e0835d00,reduction,ONNX-MLIR LLVM,"onnx-mlir version 0.4.2, onnx version 1.21.0 (https://github.com/onnx/onnx-mlir.git 4a13c34aa695b228599d637cdb772c19b4b18dba)",onnx-mlir-llvm,true,,81,10,130616,0.0,0.0,291c48d98c3eedc7e612fdc390b637595c570a6f80a500b3ece5e0d1eed0154c,e6a455f14e7b3df3779efa47320df2d44490ac07a8260d7f5ae20390451d7a09,true,20271002
red-max-channel,2fa842e74a5cfcbf59217c4e1d85f7cf2fd11e09dc5ef429f8510965e0835d00,reduction,ONNX-MLIR LLVM,"onnx-mlir version 0.4.2, onnx version 1.21.0 (https://github.com/onnx/onnx-mlir.git 4a13c34aa695b228599d637cdb772c19b4b18dba)",onnx-mlir-llvm,true,,82,10,130079,0.0,0.0,291c48d98c3eedc7e612fdc390b637595c570a6f80a500b3ece5e0d1eed0154c,e6a455f14e7b3df3779efa47320df2d44490ac07a8260d7f5ae20390451d7a09,true,20271003
red-max-channel,2fa842e74a5cfcbf59217c4e1d85f7cf2fd11e09dc5ef429f8510965e0835d00,reduction,ONNX-MLIR LLVM,"onnx-mlir version 0.4.2, onnx version 1.21.0 (https://github.com/onnx/onnx-mlir.git 4a13c34aa695b228599d637cdb772c19b4b18dba)",onnx-mlir-llvm,true,,83,10,128162,0.0,0.0,291c48d98c3eedc7e612fdc390b637595c570a6f80a500b3ece5e0d1eed0154c,e6a455f14e7b3df3779efa47320df2d44490ac07a8260d7f5ae20390451d7a09,true,20271004
red-max-channel,2fa842e74a5cfcbf59217c4e1d85f7cf2fd11e09dc5ef429f8510965e0835d00,reduction,ONNX-MLIR LLVM,"onnx-mlir version 0.4.2, onnx version 1.21.0 (https://github.com/onnx/onnx-mlir.git 4a13c34aa695b228599d637cdb772c19b4b18dba)",onnx-mlir-llvm,true,,84,10,129495,0.0,0.0,291c48d98c3eedc7e612fdc390b637595c570a6f80a500b3ece5e0d1eed0154c,e6a455f14e7b3df3779efa47320df2d44490ac07a8260d7f5ae20390451d7a09,true,20271005
red-max-channel,2fa842e74a5cfcbf59217c4e1d85f7cf2fd11e09dc5ef429f8510965e0835d00,reduction,ONNX-MLIR LLVM,"onnx-mlir version 0.4.2, onnx version 1.21.0 (https://github.com/onnx/onnx-mlir.git 4a13c34aa695b228599d637cdb772c19b4b18dba)",onnx-mlir-llvm,true,,85,10,128833,0.0,0.0,291c48d98c3eedc7e612fdc390b637595c570a6f80a500b3ece5e0d1eed0154c,e6a455f14e7b3df3779efa47320df2d44490ac07a8260d7f5ae20390451d7a09,true,20271006
red-max-channel,2fa842e74a5cfcbf59217c4e1d85f7cf2fd11e09dc5ef429f8510965e0835d00,reduction,ONNX-MLIR LLVM,"onnx-mlir version 0.4.2, onnx version 1.21.0 (https://github.com/onnx/onnx-mlir.git 4a13c34aa695b228599d637cdb772c19b4b18dba)",onnx-mlir-llvm,true,,86,10,128950,0.0,0.0,291c48d98c3eedc7e612fdc390b637595c570a6f80a500b3ece5e0d1eed0154c,e6a455f14e7b3df3779efa47320df2d44490ac07a8260d7f5ae20390451d7a09,true,20271007
red-max-channel,2fa842e74a5cfcbf59217c4e1d85f7cf2fd11e09dc5ef429f8510965e0835d00,reduction,ONNX-MLIR LLVM,"onnx-mlir version 0.4.2, onnx version 1.21.0 (https://github.com/onnx/onnx-mlir.git 4a13c34aa695b228599d637cdb772c19b4b18dba)",onnx-mlir-llvm,true,,87,10,127912,0.0,0.0,291c48d98c3eedc7e612fdc390b637595c570a6f80a500b3ece5e0d1eed0154c,e6a455f14e7b3df3779efa47320df2d44490ac07a8260d7f5ae20390451d7a09,true,20271008
red-max-channel,2fa842e74a5cfcbf59217c4e1d85f7cf2fd11e09dc5ef429f8510965e0835d00,reduction,ONNX-MLIR LLVM,"onnx-mlir version 0.4.2, onnx version 1.21.0 (https://github.com/onnx/onnx-mlir.git 4a13c34aa695b228599d637cdb772c19b4b18dba)",onnx-mlir-llvm,true,,88,10,130712,0.0,0.0,291c48d98c3eedc7e612fdc390b637595c570a6f80a500b3ece5e0d1eed0154c,e6a455f14e7b3df3779efa47320df2d44490ac07a8260d7f5ae20390451d7a09,true,20271009
red-max-channel,2fa842e74a5cfcbf59217c4e1d85f7cf2fd11e09dc5ef429f8510965e0835d00,reduction,ONNX-MLIR LLVM,"onnx-mlir version 0.4.2, onnx version 1.21.0 (https://github.com/onnx/onnx-mlir.git 4a13c34aa695b228599d637cdb772c19b4b18dba)",onnx-mlir-llvm,true,,89,10,128108,0.0,0.0,291c48d98c3eedc7e612fdc390b637595c570a6f80a500b3ece5e0d1eed0154c,e6a455f14e7b3df3779efa47320df2d44490ac07a8260d7f5ae20390451d7a09,true,20271010
red-max-channel,2fa842e74a5cfcbf59217c4e1d85f7cf2fd11e09dc5ef429f8510965e0835d00,reduction,ONNX-MLIR LLVM,"onnx-mlir version 0.4.2, onnx version 1.21.0 (https://github.com/onnx/onnx-mlir.git 4a13c34aa695b228599d637cdb772c19b4b18dba)",onnx-mlir-llvm,true,,90,10,128087,0.0,0.0,291c48d98c3eedc7e612fdc390b637595c570a6f80a500b3ece5e0d1eed0154c,e6a455f14e7b3df3779efa47320df2d44490ac07a8260d7f5ae20390451d7a09,true,20271011
red-max-channel,2fa842e74a5cfcbf59217c4e1d85f7cf2fd11e09dc5ef429f8510965e0835d00,reduction,ONNX-MLIR LLVM,"onnx-mlir version 0.4.2, onnx version 1.21.0 (https://github.com/onnx/onnx-mlir.git 4a13c34aa695b228599d637cdb772c19b4b18dba)",onnx-mlir-llvm,true,,91,10,128083,0.0,0.0,291c48d98c3eedc7e612fdc390b637595c570a6f80a500b3ece5e0d1eed0154c,e6a455f14e7b3df3779efa47320df2d44490ac07a8260d7f5ae20390451d7a09,true,20271012
red-max-channel,2fa842e74a5cfcbf59217c4e1d85f7cf2fd11e09dc5ef429f8510965e0835d00,reduction,ONNX-MLIR LLVM,"onnx-mlir version 0.4.2, onnx version 1.21.0 (https://github.com/onnx/onnx-mlir.git 4a13c34aa695b228599d637cdb772c19b4b18dba)",onnx-mlir-llvm,true,,92,10,135854,0.0,0.0,291c48d98c3eedc7e612fdc390b637595c570a6f80a500b3ece5e0d1eed0154c,e6a455f14e7b3df3779efa47320df2d44490ac07a8260d7f5ae20390451d7a09,true,20271013
red-max-channel,2fa842e74a5cfcbf59217c4e1d85f7cf2fd11e09dc5ef429f8510965e0835d00,reduction,ONNX-MLIR LLVM,"onnx-mlir version 0.4.2, onnx version 1.21.0 (https://github.com/onnx/onnx-mlir.git 4a13c34aa695b228599d637cdb772c19b4b18dba)",onnx-mlir-llvm,true,,93,10,128283,0.0,0.0,291c48d98c3eedc7e612fdc390b637595c570a6f80a500b3ece5e0d1eed0154c,e6a455f14e7b3df3779efa47320df2d44490ac07a8260d7f5ae20390451d7a09,true,20271014
red-max-channel,2fa842e74a5cfcbf59217c4e1d85f7cf2fd11e09dc5ef429f8510965e0835d00,reduction,ONNX-MLIR LLVM,"onnx-mlir version 0.4.2, onnx version 1.21.0 (https://github.com/onnx/onnx-mlir.git 4a13c34aa695b228599d637cdb772c19b4b18dba)",onnx-mlir-llvm,true,,94,10,128754,0.0,0.0,291c48d98c3eedc7e612fdc390b637595c570a6f80a500b3ece5e0d1eed0154c,e6a455f14e7b3df3779efa47320df2d44490ac07a8260d7f5ae20390451d7a09,true,20271015
red-max-channel,2fa842e74a5cfcbf59217c4e1d85f7cf2fd11e09dc5ef429f8510965e0835d00,reduction,ONNX-MLIR LLVM,"onnx-mlir version 0.4.2, onnx version 1.21.0 (https://github.com/onnx/onnx-mlir.git 4a13c34aa695b228599d637cdb772c19b4b18dba)",onnx-mlir-llvm,true,,95,10,128175,0.0,0.0,291c48d98c3eedc7e612fdc390b637595c570a6f80a500b3ece5e0d1eed0154c,e6a455f14e7b3df3779efa47320df2d44490ac07a8260d7f5ae20390451d7a09,true,20271016
red-max-channel,2fa842e74a5cfcbf59217c4e1d85f7cf2fd11e09dc5ef429f8510965e0835d00,reduction,ONNX-MLIR LLVM,"onnx-mlir version 0.4.2, onnx version 1.21.0 (https://github.com/onnx/onnx-mlir.git 4a13c34aa695b228599d637cdb772c19b4b18dba)",onnx-mlir-llvm,true,,96,10,128200,0.0,0.0,291c48d98c3eedc7e612fdc390b637595c570a6f80a500b3ece5e0d1eed0154c,e6a455f14e7b3df3779efa47320df2d44490ac07a8260d7f5ae20390451d7a09,true,20271017
red-max-channel,2fa842e74a5cfcbf59217c4e1d85f7cf2fd11e09dc5ef429f8510965e0835d00,reduction,ONNX-MLIR LLVM,"onnx-mlir version 0.4.2, onnx version 1.21.0 (https://github.com/onnx/onnx-mlir.git 4a13c34aa695b228599d637cdb772c19b4b18dba)",onnx-mlir-llvm,true,,97,10,128341,0.0,0.0,291c48d98c3eedc7e612fdc390b637595c570a6f80a500b3ece5e0d1eed0154c,e6a455f14e7b3df3779efa47320df2d44490ac07a8260d7f5ae20390451d7a09,true,20271018
red-max-channel,2fa842e74a5cfcbf59217c4e1d85f7cf2fd11e09dc5ef429f8510965e0835d00,reduction,ONNX-MLIR LLVM,"onnx-mlir version 0.4.2, onnx version 1.21.0 (https://github.com/onnx/onnx-mlir.git 4a13c34aa695b228599d637cdb772c19b4b18dba)",onnx-mlir-llvm,true,,98,10,127933,0.0,0.0,291c48d98c3eedc7e612fdc390b637595c570a6f80a500b3ece5e0d1eed0154c,e6a455f14e7b3df3779efa47320df2d44490ac07a8260d7f5ae20390451d7a09,true,20271019
red-max-channel,2fa842e74a5cfcbf59217c4e1d85f7cf2fd11e09dc5ef429f8510965e0835d00,reduction,ONNX-MLIR LLVM,"onnx-mlir version 0.4.2, onnx version 1.21.0 (https://github.com/onnx/onnx-mlir.git 4a13c34aa695b228599d637cdb772c19b4b18dba)",onnx-mlir-llvm,true,,99,10,128204,0.0,0.0,291c48d98c3eedc7e612fdc390b637595c570a6f80a500b3ece5e0d1eed0154c,e6a455f14e7b3df3779efa47320df2d44490ac07a8260d7f5ae20390451d7a09,true,20271020
ew-broadcast-relu,2fa842e74a5cfcbf59217c4e1d85f7cf2fd11e09dc5ef429f8510965e0835d00,elementwise,ONNX-MLIR LLVM,"onnx-mlir version 0.4.2, onnx version 1.21.0 (https://github.com/onnx/onnx-mlir.git 4a13c34aa695b228599d637cdb772c19b4b18dba)",onnx-mlir-llvm,true,,0,500,2220,0.0,0.0,88da2640d7cbc84758ce965213c6628b8e0de6b7b1a3317b4f209eae3fb7441f,febd2f6900db5af864e4bee9ad7fd5b3f5995a64a6b49c85d11ec0ea9543b7bd,true,20270921
ew-broadcast-relu,2fa842e74a5cfcbf59217c4e1d85f7cf2fd11e09dc5ef429f8510965e0835d00,elementwise,ONNX-MLIR LLVM,"onnx-mlir version 0.4.2, onnx version 1.21.0 (https://github.com/onnx/onnx-mlir.git 4a13c34aa695b228599d637cdb772c19b4b18dba)",onnx-mlir-llvm,true,,1,500,2323,0.0,0.0,88da2640d7cbc84758ce965213c6628b8e0de6b7b1a3317b4f209eae3fb7441f,febd2f6900db5af864e4bee9ad7fd5b3f5995a64a6b49c85d11ec0ea9543b7bd,true,20270922
ew-broadcast-relu,2fa842e74a5cfcbf59217c4e1d85f7cf2fd11e09dc5ef429f8510965e0835d00,elementwise,ONNX-MLIR LLVM,"onnx-mlir version 0.4.2, onnx version 1.21.0 (https://github.com/onnx/onnx-mlir.git 4a13c34aa695b228599d637cdb772c19b4b18dba)",onnx-mlir-llvm,true,,2,500,1954,0.0,0.0,88da2640d7cbc84758ce965213c6628b8e0de6b7b1a3317b4f209eae3fb7441f,febd2f6900db5af864e4bee9ad7fd5b3f5995a64a6b49c85d11ec0ea9543b7bd,true,20270923
ew-broadcast-relu,2fa842e74a5cfcbf59217c4e1d85f7cf2fd11e09dc5ef429f8510965e0835d00,elementwise,ONNX-MLIR LLVM,"onnx-mlir version 0.4.2, onnx version 1.21.0 (https://github.com/onnx/onnx-mlir.git 4a13c34aa695b228599d637cdb772c19b4b18dba)",onnx-mlir-llvm,true,,3,500,2105,0.0,0.0,88da2640d7cbc84758ce965213c6628b8e0de6b7b1a3317b4f209eae3fb7441f,febd2f6900db5af864e4bee9ad7fd5b3f5995a64a6b49c85d11ec0ea9543b7bd,true,20270924
ew-broadcast-relu,2fa842e74a5cfcbf59217c4e1d85f7cf2fd11e09dc5ef429f8510965e0835d00,elementwise,ONNX-MLIR LLVM,"onnx-mlir version 0.4.2, onnx version 1.21.0 (https://github.com/onnx/onnx-mlir.git 4a13c34aa695b228599d637cdb772c19b4b18dba)",onnx-mlir-llvm,true,,4,500,1946,0.0,0.0,88da2640d7cbc84758ce965213c6628b8e0de6b7b1a3317b4f209eae3fb7441f,febd2f6900db5af864e4bee9ad7fd5b3f5995a64a6b49c85d11ec0ea9543b7bd,true,20270925
ew-broadcast-relu,2fa842e74a5cfcbf59217c4e1d85f7cf2fd11e09dc5ef429f8510965e0835d00,elementwise,ONNX-MLIR LLVM,"onnx-mlir version 0.4.2, onnx version 1.21.0 (https://github.com/onnx/onnx-mlir.git 4a13c34aa695b228599d637cdb772c19b4b18dba)",onnx-mlir-llvm,true,,5,500,1986,0.0,0.0,88da2640d7cbc84758ce965213c6628b8e0de6b7b1a3317b4f209eae3fb7441f,febd2f6900db5af864e4bee9ad7fd5b3f5995a64a6b49c85d11ec0ea9543b7bd,true,20270926
ew-broadcast-relu,2fa842e74a5cfcbf59217c4e1d85f7cf2fd11e09dc5ef429f8510965e0835d00,elementwise,ONNX-MLIR LLVM,"onnx-mlir version 0.4.2, onnx version 1.21.0 (https://github.com/onnx/onnx-mlir.git 4a13c34aa695b228599d637cdb772c19b4b18dba)",onnx-mlir-llvm,true,,6,500,1710,0.0,0.0,88da2640d7cbc84758ce965213c6628b8e0de6b7b1a3317b4f209eae3fb7441f,febd2f6900db5af864e4bee9ad7fd5b3f5995a64a6b49c85d11ec0ea9543b7bd,true,20270927
ew-broadcast-relu,2fa842e74a5cfcbf59217c4e1d85f7cf2fd11e09dc5ef429f8510965e0835d00,elementwise,ONNX-MLIR LLVM,"onnx-mlir version 0.4.2, onnx version 1.21.0 (https://github.com/onnx/onnx-mlir.git 4a13c34aa695b228599d637cdb772c19b4b18dba)",onnx-mlir-llvm,true,,7,500,1940,0.0,0.0,88da2640d7cbc84758ce965213c6628b8e0de6b7b1a3317b4f209eae3fb7441f,febd2f6900db5af864e4bee9ad7fd5b3f5995a64a6b49c85d11ec0ea9543b7bd,true,20270928
ew-broadcast-relu,2fa842e74a5cfcbf59217c4e1d85f7cf2fd11e09dc5ef429f8510965e0835d00,elementwise,ONNX-MLIR LLVM,"onnx-mlir version 0.4.2, onnx version 1.21.0 (https://github.com/onnx/onnx-mlir.git 4a13c34aa695b228599d637cdb772c19b4b18dba)",onnx-mlir-llvm,true,,8,500,613,0.0,0.0,88da2640d7cbc84758ce965213c6628b8e0de6b7b1a3317b4f209eae3fb7441f,febd2f6900db5af864e4bee9ad7fd5b3f5995a64a6b49c85d11ec0ea9543b7bd,true,20270929
ew-broadcast-relu,2fa842e74a5cfcbf59217c4e1d85f7cf2fd11e09dc5ef429f8510965e0835d00,elementwise,ONNX-MLIR LLVM,"onnx-mlir version 0.4.2, onnx version 1.21.0 (https://github.com/onnx/onnx-mlir.git 4a13c34aa695b228599d637cdb772c19b4b18dba)",onnx-mlir-llvm,true,,9,500,659,0.0,0.0,88da2640d7cbc84758ce965213c6628b8e0de6b7b1a3317b4f209eae3fb7441f,febd2f6900db5af864e4bee9ad7fd5b3f5995a64a6b49c85d11ec0ea9543b7bd,true,20270930
ew-broadcast-relu,2fa842e74a5cfcbf59217c4e1d85f7cf2fd11e09dc5ef429f8510965e0835d00,elementwise,ONNX-MLIR LLVM,"onnx-mlir version 0.4.2, onnx version 1.21.0 (https://github.com/onnx/onnx-mlir.git 4a13c34aa695b228599d637cdb772c19b4b18dba)",onnx-mlir-llvm,true,,10,500,902,0.0,0.0,88da2640d7cbc84758ce965213c6628b8e0de6b7b1a3317b4f209eae3fb7441f,febd2f6900db5af864e4bee9ad7fd5b3f5995a64a6b49c85d11ec0ea9543b7bd,true,20270931
ew-broadcast-relu,2fa842e74a5cfcbf59217c4e1d85f7cf2fd11e09dc5ef429f8510965e0835d00,elementwise,ONNX-MLIR LLVM,"onnx-mlir version 0.4.2, onnx version 1.21.0 (https://github.com/onnx/onnx-mlir.git 4a13c34aa695b228599d637cdb772c19b4b18dba)",onnx-mlir-llvm,true,,11,500,590,0.0,0.0,88da2640d7cbc84758ce965213c6628b8e0de6b7b1a3317b4f209eae3fb7441f,febd2f6900db5af864e4bee9ad7fd5b3f5995a64a6b49c85d11ec0ea9543b7bd,true,20270932
ew-broadcast-relu,2fa842e74a5cfcbf59217c4e1d85f7cf2fd11e09dc5ef429f8510965e0835d00,elementwise,ONNX-MLIR LLVM,"onnx-mlir version 0.4.2, onnx version 1.21.0 (https://github.com/onnx/onnx-mlir.git 4a13c34aa695b228599d637cdb772c19b4b18dba)",onnx-mlir-llvm,true,,12,500,583,0.0,0.0,88da2640d7cbc84758ce965213c6628b8e0de6b7b1a3317b4f209eae3fb7441f,febd2f6900db5af864e4bee9ad7fd5b3f5995a64a6b49c85d11ec0ea9543b7bd,true,20270933
ew-broadcast-relu,2fa842e74a5cfcbf59217c4e1d85f7cf2fd11e09dc5ef429f8510965e0835d00,elementwise,ONNX-MLIR LLVM,"onnx-mlir version 0.4.2, onnx version 1.21.0 (https://github.com/onnx/onnx-mlir.git 4a13c34aa695b228599d637cdb772c19b4b18dba)",onnx-mlir-llvm,true,,13,500,1448,0.0,0.0,88da2640d7cbc84758ce965213c6628b8e0de6b7b1a3317b4f209eae3fb7441f,febd2f6900db5af864e4bee9ad7fd5b3f5995a64a6b49c85d11ec0ea9543b7bd,true,20270934
ew-broadcast-relu,2fa842e74a5cfcbf59217c4e1d85f7cf2fd11e09dc5ef429f8510965e0835d00,elementwise,ONNX-MLIR LLVM,"onnx-mlir version 0.4.2, onnx version 1.21.0 (https://github.com/onnx/onnx-mlir.git 4a13c34aa695b228599d637cdb772c19b4b18dba)",onnx-mlir-llvm,true,,14,500,1592,0.0,0.0,88da2640d7cbc84758ce965213c6628b8e0de6b7b1a3317b4f209eae3fb7441f,febd2f6900db5af864e4bee9ad7fd5b3f5995a64a6b49c85d11ec0ea9543b7bd,true,20270935
ew-broadcast-relu,2fa842e74a5cfcbf59217c4e1d85f7cf2fd11e09dc5ef429f8510965e0835d00,elementwise,ONNX-MLIR LLVM,"onnx-mlir version 0.4.2, onnx version 1.21.0 (https://github.com/onnx/onnx-mlir.git 4a13c34aa695b228599d637cdb772c19b4b18dba)",onnx-mlir-llvm,true,,15,500,1478,0.0,0.0,88da2640d7cbc84758ce965213c6628b8e0de6b7b1a3317b4f209eae3fb7441f,febd2f6900db5af864e4bee9ad7fd5b3f5995a64a6b49c85d11ec0ea9543b7bd,true,20270936
ew-broadcast-relu,2fa842e74a5cfcbf59217c4e1d85f7cf2fd11e09dc5ef429f8510965e0835d00,elementwise,ONNX-MLIR LLVM,"onnx-mlir version 0.4.2, onnx version 1.21.0 (https://github.com/onnx/onnx-mlir.git 4a13c34aa695b228599d637cdb772c19b4b18dba)",onnx-mlir-llvm,true,,16,500,733,0.0,0.0,88da2640d7cbc84758ce965213c6628b8e0de6b7b1a3317b4f209eae3fb7441f,febd2f6900db5af864e4bee9ad7fd5b3f5995a64a6b49c85d11ec0ea9543b7bd,true,20270937
ew-broadcast-relu,2fa842e74a5cfcbf59217c4e1d85f7cf2fd11e09dc5ef429f8510965e0835d00,elementwise,ONNX-MLIR LLVM,"onnx-mlir version 0.4.2, onnx version 1.21.0 (https://github.com/onnx/onnx-mlir.git 4a13c34aa695b228599d637cdb772c19b4b18dba)",onnx-mlir-llvm,true,,17,500,713,0.0,0.0,88da2640d7cbc84758ce965213c6628b8e0de6b7b1a3317b4f209eae3fb7441f,febd2f6900db5af864e4bee9ad7fd5b3f5995a64a6b49c85d11ec0ea9543b7bd,true,20270938
ew-broadcast-relu,2fa842e74a5cfcbf59217c4e1d85f7cf2fd11e09dc5ef429f8510965e0835d00,elementwise,ONNX-MLIR LLVM,"onnx-mlir version 0.4.2, onnx version 1.21.0 (https://github.com/onnx/onnx-mlir.git 4a13c34aa695b228599d637cdb772c19b4b18dba)",onnx-mlir-llvm,true,,18,500,587,0.0,0.0,88da2640d7cbc84758ce965213c6628b8e0de6b7b1a3317b4f209eae3fb7441f,febd2f6900db5af864e4bee9ad7fd5b3f5995a64a6b49c85d11ec0ea9543b7bd,true,20270939
ew-broadcast-relu,2fa842e74a5cfcbf59217c4e1d85f7cf2fd11e09dc5ef429f8510965e0835d00,elementwise,ONNX-MLIR LLVM,"onnx-mlir version 0.4.2, onnx version 1.21.0 (https://github.com/onnx/onnx-mlir.git 4a13c34aa695b228599d637cdb772c19b4b18dba)",onnx-mlir-llvm,true,,19,500,618,0.0,0.0,88da2640d7cbc84758ce965213c6628b8e0de6b7b1a3317b4f209eae3fb7441f,febd2f6900db5af864e4bee9ad7fd5b3f5995a64a6b49c85d11ec0ea9543b7bd,true,20270940
ew-broadcast-relu,2fa842e74a5cfcbf59217c4e1d85f7cf2fd11e09dc5ef429f8510965e0835d00,elementwise,ONNX-MLIR LLVM,"onnx-mlir version 0.4.2, onnx version 1.21.0 (https://github.com/onnx/onnx-mlir.git 4a13c34aa695b228599d637cdb772c19b4b18dba)",onnx-mlir-llvm,true,,20,500,580,0.0,0.0,88da2640d7cbc84758ce965213c6628b8e0de6b7b1a3317b4f209eae3fb7441f,febd2f6900db5af864e4bee9ad7fd5b3f5995a64a6b49c85d11ec0ea9543b7bd,true,20270941
ew-broadcast-relu,2fa842e74a5cfcbf59217c4e1d85f7cf2fd11e09dc5ef429f8510965e0835d00,elementwise,ONNX-MLIR LLVM,"onnx-mlir version 0.4.2, onnx version 1.21.0 (https://github.com/onnx/onnx-mlir.git 4a13c34aa695b228599d637cdb772c19b4b18dba)",onnx-mlir-llvm,true,,21,500,1001,0.0,0.0,88da2640d7cbc84758ce965213c6628b8e0de6b7b1a3317b4f209eae3fb7441f,febd2f6900db5af864e4bee9ad7fd5b3f5995a64a6b49c85d11ec0ea9543b7bd,true,20270942
ew-broadcast-relu,2fa842e74a5cfcbf59217c4e1d85f7cf2fd11e09dc5ef429f8510965e0835d00,elementwise,ONNX-MLIR LLVM,"onnx-mlir version 0.4.2, onnx version 1.21.0 (https://github.com/onnx/onnx-mlir.git 4a13c34aa695b228599d637cdb772c19b4b18dba)",onnx-mlir-llvm,true,,22,500,1325,0.0,0.0,88da2640d7cbc84758ce965213c6628b8e0de6b7b1a3317b4f209eae3fb7441f,febd2f6900db5af864e4bee9ad7fd5b3f5995a64a6b49c85d11ec0ea9543b7bd,true,20270943
ew-broadcast-relu,2fa842e74a5cfcbf59217c4e1d85f7cf2fd11e09dc5ef429f8510965e0835d00,elementwise,ONNX-MLIR LLVM,"onnx-mlir version 0.4.2, onnx version 1.21.0 (https://github.com/onnx/onnx-mlir.git 4a13c34aa695b228599d637cdb772c19b4b18dba)",onnx-mlir-llvm,true,,23,500,1331,0.0,0.0,88da2640d7cbc84758ce965213c6628b8e0de6b7b1a3317b4f209eae3fb7441f,febd2f6900db5af864e4bee9ad7fd5b3f5995a64a6b49c85d11ec0ea9543b7bd,true,20270944
ew-broadcast-relu,2fa842e74a5cfcbf59217c4e1d85f7cf2fd11e09dc5ef429f8510965e0835d00,elementwise,ONNX-MLIR LLVM,"onnx-mlir version 0.4.2, onnx version 1.21.0 (https://github.com/onnx/onnx-mlir.git 4a13c34aa695b228599d637cdb772c19b4b18dba)",onnx-mlir-llvm,true,,24,500,1229,0.0,0.0,88da2640d7cbc84758ce965213c6628b8e0de6b7b1a3317b4f209eae3fb7441f,febd2f6900db5af864e4bee9ad7fd5b3f5995a64a6b49c85d11ec0ea9543b7bd,true,20270945
ew-broadcast-relu,2fa842e74a5cfcbf59217c4e1d85f7cf2fd11e09dc5ef429f8510965e0835d00,elementwise,ONNX-MLIR LLVM,"onnx-mlir version 0.4.2, onnx version 1.21.0 (https://github.com/onnx/onnx-mlir.git 4a13c34aa695b228599d637cdb772c19b4b18dba)",onnx-mlir-llvm,true,,25,500,583,0.0,0.0,88da2640d7cbc84758ce965213c6628b8e0de6b7b1a3317b4f209eae3fb7441f,febd2f6900db5af864e4bee9ad7fd5b3f5995a64a6b49c85d11ec0ea9543b7bd,true,20270946
ew-broadcast-relu,2fa842e74a5cfcbf59217c4e1d85f7cf2fd11e09dc5ef429f8510965e0835d00,elementwise,ONNX-MLIR LLVM,"onnx-mlir version 0.4.2, onnx version 1.21.0 (https://github.com/onnx/onnx-mlir.git 4a13c34aa695b228599d637cdb772c19b4b18dba)",onnx-mlir-llvm,true,,26,500,587,0.0,0.0,88da2640d7cbc84758ce965213c6628b8e0de6b7b1a3317b4f209eae3fb7441f,febd2f6900db5af864e4bee9ad7fd5b3f5995a64a6b49c85d11ec0ea9543b7bd,true,20270947
ew-broadcast-relu,2fa842e74a5cfcbf59217c4e1d85f7cf2fd11e09dc5ef429f8510965e0835d00,elementwise,ONNX-MLIR LLVM,"onnx-mlir version 0.4.2, onnx version 1.21.0 (https://github.com/onnx/onnx-mlir.git 4a13c34aa695b228599d637cdb772c19b4b18dba)",onnx-mlir-llvm,true,,27,500,651,0.0,0.0,88da2640d7cbc84758ce965213c6628b8e0de6b7b1a3317b4f209eae3fb7441f,febd2f6900db5af864e4bee9ad7fd5b3f5995a64a6b49c85d11ec0ea9543b7bd,true,20270948
ew-broadcast-relu,2fa842e74a5cfcbf59217c4e1d85f7cf2fd11e09dc5ef429f8510965e0835d00,elementwise,ONNX-MLIR LLVM,"onnx-mlir version 0.4.2, onnx version 1.21.0 (https://github.com/onnx/onnx-mlir.git 4a13c34aa695b228599d637cdb772c19b4b18dba)",onnx-mlir-llvm,true,,28,500,925,0.0,0.0,88da2640d7cbc84758ce965213c6628b8e0de6b7b1a3317b4f209eae3fb7441f,febd2f6900db5af864e4bee9ad7fd5b3f5995a64a6b49c85d11ec0ea9543b7bd,true,20270949
ew-broadcast-relu,2fa842e74a5cfcbf59217c4e1d85f7cf2fd11e09dc5ef429f8510965e0835d00,elementwise,ONNX-MLIR LLVM,"onnx-mlir version 0.4.2, onnx version 1.21.0 (https://github.com/onnx/onnx-mlir.git 4a13c34aa695b228599d637cdb772c19b4b18dba)",onnx-mlir-llvm,true,,29,500,594,0.0,0.0,88da2640d7cbc84758ce965213c6628b8e0de6b7b1a3317b4f209eae3fb7441f,febd2f6900db5af864e4bee9ad7fd5b3f5995a64a6b49c85d11ec0ea9543b7bd,true,20270950
ew-broadcast-relu,2fa842e74a5cfcbf59217c4e1d85f7cf2fd11e09dc5ef429f8510965e0835d00,elementwise,ONNX-MLIR LLVM,"onnx-mlir version 0.4.2, onnx version 1.21.0 (https://github.com/onnx/onnx-mlir.git 4a13c34aa695b228599d637cdb772c19b4b18dba)",onnx-mlir-llvm,true,,30,500,606,0.0,0.0,88da2640d7cbc84758ce965213c6628b8e0de6b7b1a3317b4f209eae3fb7441f,febd2f6900db5af864e4bee9ad7fd5b3f5995a64a6b49c85d11ec0ea9543b7bd,true,20270951
ew-broadcast-relu,2fa842e74a5cfcbf59217c4e1d85f7cf2fd11e09dc5ef429f8510965e0835d00,elementwise,ONNX-MLIR LLVM,"onnx-mlir version 0.4.2, onnx version 1.21.0 (https://github.com/onnx/onnx-mlir.git 4a13c34aa695b228599d637cdb772c19b4b18dba)",onnx-mlir-llvm,true,,31,500,604,0.0,0.0,88da2640d7cbc84758ce965213c6628b8e0de6b7b1a3317b4f209eae3fb7441f,febd2f6900db5af864e4bee9ad7fd5b3f5995a64a6b49c85d11ec0ea9543b7bd,true,20270952
ew-broadcast-relu,2fa842e74a5cfcbf59217c4e1d85f7cf2fd11e09dc5ef429f8510965e0835d00,elementwise,ONNX-MLIR LLVM,"onnx-mlir version 0.4.2, onnx version 1.21.0 (https://github.com/onnx/onnx-mlir.git 4a13c34aa695b228599d637cdb772c19b4b18dba)",onnx-mlir-llvm,true,,32,500,614,0.0,0.0,88da2640d7cbc84758ce965213c6628b8e0de6b7b1a3317b4f209eae3fb7441f,febd2f6900db5af864e4bee9ad7fd5b3f5995a64a6b49c85d11ec0ea9543b7bd,true,20270953
ew-broadcast-relu,2fa842e74a5cfcbf59217c4e1d85f7cf2fd11e09dc5ef429f8510965e0835d00,elementwise,ONNX-MLIR LLVM,"onnx-mlir version 0.4.2, onnx version 1.21.0 (https://github.com/onnx/onnx-mlir.git 4a13c34aa695b228599d637cdb772c19b4b18dba)",onnx-mlir-llvm,true,,33,500,618,0.0,0.0,88da2640d7cbc84758ce965213c6628b8e0de6b7b1a3317b4f209eae3fb7441f,febd2f6900db5af864e4bee9ad7fd5b3f5995a64a6b49c85d11ec0ea9543b7bd,true,20270954
ew-broadcast-relu,2fa842e74a5cfcbf59217c4e1d85f7cf2fd11e09dc5ef429f8510965e0835d00,elementwise,ONNX-MLIR LLVM,"onnx-mlir version 0.4.2, onnx version 1.21.0 (https://github.com/onnx/onnx-mlir.git 4a13c34aa695b228599d637cdb772c19b4b18dba)",onnx-mlir-llvm,true,,34,500,588,0.0,0.0,88da2640d7cbc84758ce965213c6628b8e0de6b7b1a3317b4f209eae3fb7441f,febd2f6900db5af864e4bee9ad7fd5b3f5995a64a6b49c85d11ec0ea9543b7bd,true,20270955
ew-broadcast-relu,2fa842e74a5cfcbf59217c4e1d85f7cf2fd11e09dc5ef429f8510965e0835d00,elementwise,ONNX-MLIR LLVM,"onnx-mlir version 0.4.2, onnx version 1.21.0 (https://github.com/onnx/onnx-mlir.git 4a13c34aa695b228599d637cdb772c19b4b18dba)",onnx-mlir-llvm,true,,35,500,617,0.0,0.0,88da2640d7cbc84758ce965213c6628b8e0de6b7b1a3317b4f209eae3fb7441f,febd2f6900db5af864e4bee9ad7fd5b3f5995a64a6b49c85d11ec0ea9543b7bd,true,20270956
ew-broadcast-relu,2fa842e74a5cfcbf59217c4e1d85f7cf2fd11e09dc5ef429f8510965e0835d00,elementwise,ONNX-MLIR LLVM,"onnx-mlir version 0.4.2, onnx version 1.21.0 (https://github.com/onnx/onnx-mlir.git 4a13c34aa695b228599d637cdb772c19b4b18dba)",onnx-mlir-llvm,true,,36,500,598,0.0,0.0,88da2640d7cbc84758ce965213c6628b8e0de6b7b1a3317b4f209eae3fb7441f,febd2f6900db5af864e4bee9ad7fd5b3f5995a64a6b49c85d11ec0ea9543b7bd,true,20270957
ew-broadcast-relu,2fa842e74a5cfcbf59217c4e1d85f7cf2fd11e09dc5ef429f8510965e0835d00,elementwise,ONNX-MLIR LLVM,"onnx-mlir version 0.4.2, onnx version 1.21.0 (https://github.com/onnx/onnx-mlir.git 4a13c34aa695b228599d637cdb772c19b4b18dba)",onnx-mlir-llvm,true,,37,500,625,0.0,0.0,88da2640d7cbc84758ce965213c6628b8e0de6b7b1a3317b4f209eae3fb7441f,febd2f6900db5af864e4bee9ad7fd5b3f5995a64a6b49c85d11ec0ea9543b7bd,true,20270958
ew-broadcast-relu,2fa842e74a5cfcbf59217c4e1d85f7cf2fd11e09dc5ef429f8510965e0835d00,elementwise,ONNX-MLIR LLVM,"onnx-mlir version 0.4.2, onnx version 1.21.0 (https://github.com/onnx/onnx-mlir.git 4a13c34aa695b228599d637cdb772c19b4b18dba)",onnx-mlir-llvm,true,,38,500,684,0.0,0.0,88da2640d7cbc84758ce965213c6628b8e0de6b7b1a3317b4f209eae3fb7441f,febd2f6900db5af864e4bee9ad7fd5b3f5995a64a6b49c85d11ec0ea9543b7bd,true,20270959
ew-broadcast-relu,2fa842e74a5cfcbf59217c4e1d85f7cf2fd11e09dc5ef429f8510965e0835d00,elementwise,ONNX-MLIR LLVM,"onnx-mlir version 0.4.2, onnx version 1.21.0 (https://github.com/onnx/onnx-mlir.git 4a13c34aa695b228599d637cdb772c19b4b18dba)",onnx-mlir-llvm,true,,39,500,627,0.0,0.0,88da2640d7cbc84758ce965213c6628b8e0de6b7b1a3317b4f209eae3fb7441f,febd2f6900db5af864e4bee9ad7fd5b3f5995a64a6b49c85d11ec0ea9543b7bd,true,20270960
ew-broadcast-relu,2fa842e74a5cfcbf59217c4e1d85f7cf2fd11e09dc5ef429f8510965e0835d00,elementwise,ONNX-MLIR LLVM,"onnx-mlir version 0.4.2, onnx version 1.21.0 (https://github.com/onnx/onnx-mlir.git 4a13c34aa695b228599d637cdb772c19b4b18dba)",onnx-mlir-llvm,true,,40,500,1013,0.0,0.0,88da2640d7cbc84758ce965213c6628b8e0de6b7b1a3317b4f209eae3fb7441f,febd2f6900db5af864e4bee9ad7fd5b3f5995a64a6b49c85d11ec0ea9543b7bd,true,20270961
ew-broadcast-relu,2fa842e74a5cfcbf59217c4e1d85f7cf2fd11e09dc5ef429f8510965e0835d00,elementwise,ONNX-MLIR LLVM,"onnx-mlir version 0.4.2, onnx version 1.21.0 (https://github.com/onnx/onnx-mlir.git 4a13c34aa695b228599d637cdb772c19b4b18dba)",onnx-mlir-llvm,true,,41,500,1237,0.0,0.0,88da2640d7cbc84758ce965213c6628b8e0de6b7b1a3317b4f209eae3fb7441f,febd2f6900db5af864e4bee9ad7fd5b3f5995a64a6b49c85d11ec0ea9543b7bd,true,20270962
ew-broadcast-relu,2fa842e74a5cfcbf59217c4e1d85f7cf2fd11e09dc5ef429f8510965e0835d00,elementwise,ONNX-MLIR LLVM,"onnx-mlir version 0.4.2, onnx version 1.21.0 (https://github.com/onnx/onnx-mlir.git 4a13c34aa695b228599d637cdb772c19b4b18dba)",onnx-mlir-llvm,true,,42,500,1213,0.0,0.0,88da2640d7cbc84758ce965213c6628b8e0de6b7b1a3317b4f209eae3fb7441f,febd2f6900db5af864e4bee9ad7fd5b3f5995a64a6b49c85d11ec0ea9543b7bd,true,20270963
ew-broadcast-relu,2fa842e74a5cfcbf59217c4e1d85f7cf2fd11e09dc5ef429f8510965e0835d00,elementwise,ONNX-MLIR LLVM,"onnx-mlir version 0.4.2, onnx version 1.21.0 (https://github.com/onnx/onnx-mlir.git 4a13c34aa695b228599d637cdb772c19b4b18dba)",onnx-mlir-llvm,true,,43,500,1201,0.0,0.0,88da2640d7cbc84758ce965213c6628b8e0de6b7b1a3317b4f209eae3fb7441f,febd2f6900db5af864e4bee9ad7fd5b3f5995a64a6b49c85d11ec0ea9543b7bd,true,20270964
ew-broadcast-relu,2fa842e74a5cfcbf59217c4e1d85f7cf2fd11e09dc5ef429f8510965e0835d00,elementwise,ONNX-MLIR LLVM,"onnx-mlir version 0.4.2, onnx version 1.21.0 (https://github.com/onnx/onnx-mlir.git 4a13c34aa695b228599d637cdb772c19b4b18dba)",onnx-mlir-llvm,true,,44,500,1177,0.0,0.0,88da2640d7cbc84758ce965213c6628b8e0de6b7b1a3317b4f209eae3fb7441f,febd2f6900db5af864e4bee9ad7fd5b3f5995a64a6b49c85d11ec0ea9543b7bd,true,20270965
ew-broadcast-relu,2fa842e74a5cfcbf59217c4e1d85f7cf2fd11e09dc5ef429f8510965e0835d00,elementwise,ONNX-MLIR LLVM,"onnx-mlir version 0.4.2, onnx version 1.21.0 (https://github.com/onnx/onnx-mlir.git 4a13c34aa695b228599d637cdb772c19b4b18dba)",onnx-mlir-llvm,true,,45,500,1085,0.0,0.0,88da2640d7cbc84758ce965213c6628b8e0de6b7b1a3317b4f209eae3fb7441f,febd2f6900db5af864e4bee9ad7fd5b3f5995a64a6b49c85d11ec0ea9543b7bd,true,20270966
ew-broadcast-relu,2fa842e74a5cfcbf59217c4e1d85f7cf2fd11e09dc5ef429f8510965e0835d00,elementwise,ONNX-MLIR LLVM,"onnx-mlir version 0.4.2, onnx version 1.21.0 (https://github.com/onnx/onnx-mlir.git 4a13c34aa695b228599d637cdb772c19b4b18dba)",onnx-mlir-llvm,true,,46,500,722,0.0,0.0,88da2640d7cbc84758ce965213c6628b8e0de6b7b1a3317b4f209eae3fb7441f,febd2f6900db5af864e4bee9ad7fd5b3f5995a64a6b49c85d11ec0ea9543b7bd,true,20270967
ew-broadcast-relu,2fa842e74a5cfcbf59217c4e1d85f7cf2fd11e09dc5ef429f8510965e0835d00,elementwise,ONNX-MLIR LLVM,"onnx-mlir version 0.4.2, onnx version 1.21.0 (https://github.com/onnx/onnx-mlir.git 4a13c34aa695b228599d637cdb772c19b4b18dba)",onnx-mlir-llvm,true,,47,500,620,0.0,0.0,88da2640d7cbc84758ce965213c6628b8e0de6b7b1a3317b4f209eae3fb7441f,febd2f6900db5af864e4bee9ad7fd5b3f5995a64a6b49c85d11ec0ea9543b7bd,true,20270968
ew-broadcast-relu,2fa842e74a5cfcbf59217c4e1d85f7cf2fd11e09dc5ef429f8510965e0835d00,elementwise,ONNX-MLIR LLVM,"onnx-mlir version 0.4.2, onnx version 1.21.0 (https://github.com/onnx/onnx-mlir.git 4a13c34aa695b228599d637cdb772c19b4b18dba)",onnx-mlir-llvm,true,,48,500,903,0.0,0.0,88da2640d7cbc84758ce965213c6628b8e0de6b7b1a3317b4f209eae3fb7441f,febd2f6900db5af864e4bee9ad7fd5b3f5995a64a6b49c85d11ec0ea9543b7bd,true,20270969
ew-broadcast-relu,2fa842e74a5cfcbf59217c4e1d85f7cf2fd11e09dc5ef429f8510965e0835d00,elementwise,ONNX-MLIR LLVM,"onnx-mlir version 0.4.2, onnx version 1.21.0 (https://github.com/onnx/onnx-mlir.git 4a13c34aa695b228599d637cdb772c19b4b18dba)",onnx-mlir-llvm,true,,49,500,774,0.0,0.0,88da2640d7cbc84758ce965213c6628b8e0de6b7b1a3317b4f209eae3fb7441f,febd2f6900db5af864e4bee9ad7fd5b3f5995a64a6b49c85d11ec0ea9543b7bd,true,20270970
ew-broadcast-relu,2fa842e74a5cfcbf59217c4e1d85f7cf2fd11e09dc5ef429f8510965e0835d00,elementwise,ONNX-MLIR LLVM,"onnx-mlir version 0.4.2, onnx version 1.21.0 (https://github.com/onnx/onnx-mlir.git 4a13c34aa695b228599d637cdb772c19b4b18dba)",onnx-mlir-llvm,true,,50,500,620,0.0,0.0,88da2640d7cbc84758ce965213c6628b8e0de6b7b1a3317b4f209eae3fb7441f,febd2f6900db5af864e4bee9ad7fd5b3f5995a64a6b49c85d11ec0ea9543b7bd,true,20270971
ew-broadcast-relu,2fa842e74a5cfcbf59217c4e1d85f7cf2fd11e09dc5ef429f8510965e0835d00,elementwise,ONNX-MLIR LLVM,"onnx-mlir version 0.4.2, onnx version 1.21.0 (https://github.com/onnx/onnx-mlir.git 4a13c34aa695b228599d637cdb772c19b4b18dba)",onnx-mlir-llvm,true,,51,500,748,0.0,0.0,88da2640d7cbc84758ce965213c6628b8e0de6b7b1a3317b4f209eae3fb7441f,febd2f6900db5af864e4bee9ad7fd5b3f5995a64a6b49c85d11ec0ea9543b7bd,true,20270972
ew-broadcast-relu,2fa842e74a5cfcbf59217c4e1d85f7cf2fd11e09dc5ef429f8510965e0835d00,elementwise,ONNX-MLIR LLVM,"onnx-mlir version 0.4.2, onnx version 1.21.0 (https://github.com/onnx/onnx-mlir.git 4a13c34aa695b228599d637cdb772c19b4b18dba)",onnx-mlir-llvm,true,,52,500,1048,0.0,0.0,88da2640d7cbc84758ce965213c6628b8e0de6b7b1a3317b4f209eae3fb7441f,febd2f6900db5af864e4bee9ad7fd5b3f5995a64a6b49c85d11ec0ea9543b7bd,true,20270973
ew-broadcast-relu,2fa842e74a5cfcbf59217c4e1d85f7cf2fd11e09dc5ef429f8510965e0835d00,elementwise,ONNX-MLIR LLVM,"onnx-mlir version 0.4.2, onnx version 1.21.0 (https://github.com/onnx/onnx-mlir.git 4a13c34aa695b228599d637cdb772c19b4b18dba)",onnx-mlir-llvm,true,,53,500,1011,0.0,0.0,88da2640d7cbc84758ce965213c6628b8e0de6b7b1a3317b4f209eae3fb7441f,febd2f6900db5af864e4bee9ad7fd5b3f5995a64a6b49c85d11ec0ea9543b7bd,true,20270974
ew-broadcast-relu,2fa842e74a5cfcbf59217c4e1d85f7cf2fd11e09dc5ef429f8510965e0835d00,elementwise,ONNX-MLIR LLVM,"onnx-mlir version 0.4.2, onnx version 1.21.0 (https://github.com/onnx/onnx-mlir.git 4a13c34aa695b228599d637cdb772c19b4b18dba)",onnx-mlir-llvm,true,,54,500,612,0.0,0.0,88da2640d7cbc84758ce965213c6628b8e0de6b7b1a3317b4f209eae3fb7441f,febd2f6900db5af864e4bee9ad7fd5b3f5995a64a6b49c85d11ec0ea9543b7bd,true,20270975
ew-broadcast-relu,2fa842e74a5cfcbf59217c4e1d85f7cf2fd11e09dc5ef429f8510965e0835d00,elementwise,ONNX-MLIR LLVM,"onnx-mlir version 0.4.2, onnx version 1.21.0 (https://github.com/onnx/onnx-mlir.git 4a13c34aa695b228599d637cdb772c19b4b18dba)",onnx-mlir-llvm,true,,55,500,589,0.0,0.0,88da2640d7cbc84758ce965213c6628b8e0de6b7b1a3317b4f209eae3fb7441f,febd2f6900db5af864e4bee9ad7fd5b3f5995a64a6b49c85d11ec0ea9543b7bd,true,20270976
ew-broadcast-relu,2fa842e74a5cfcbf59217c4e1d85f7cf2fd11e09dc5ef429f8510965e0835d00,elementwise,ONNX-MLIR LLVM,"onnx-mlir version 0.4.2, onnx version 1.21.0 (https://github.com/onnx/onnx-mlir.git 4a13c34aa695b228599d637cdb772c19b4b18dba)",onnx-mlir-llvm,true,,56,500,753,0.0,0.0,88da2640d7cbc84758ce965213c6628b8e0de6b7b1a3317b4f209eae3fb7441f,febd2f6900db5af864e4bee9ad7fd5b3f5995a64a6b49c85d11ec0ea9543b7bd,true,20270977
ew-broadcast-relu,2fa842e74a5cfcbf59217c4e1d85f7cf2fd11e09dc5ef429f8510965e0835d00,elementwise,ONNX-MLIR LLVM,"onnx-mlir version 0.4.2, onnx version 1.21.0 (https://github.com/onnx/onnx-mlir.git 4a13c34aa695b228599d637cdb772c19b4b18dba)",onnx-mlir-llvm,true,,57,500,1045,0.0,0.0,88da2640d7cbc84758ce965213c6628b8e0de6b7b1a3317b4f209eae3fb7441f,febd2f6900db5af864e4bee9ad7fd5b3f5995a64a6b49c85d11ec0ea9543b7bd,true,20270978
ew-broadcast-relu,2fa842e74a5cfcbf59217c4e1d85f7cf2fd11e09dc5ef429f8510965e0835d00,elementwise,ONNX-MLIR LLVM,"onnx-mlir version 0.4.2, onnx version 1.21.0 (https://github.com/onnx/onnx-mlir.git 4a13c34aa695b228599d637cdb772c19b4b18dba)",onnx-mlir-llvm,true,,58,500,733,0.0,0.0,88da2640d7cbc84758ce965213c6628b8e0de6b7b1a3317b4f209eae3fb7441f,febd2f6900db5af864e4bee9ad7fd5b3f5995a64a6b49c85d11ec0ea9543b7bd,true,20270979
ew-broadcast-relu,2fa842e74a5cfcbf59217c4e1d85f7cf2fd11e09dc5ef429f8510965e0835d00,elementwise,ONNX-MLIR LLVM,"onnx-mlir version 0.4.2, onnx version 1.21.0 (https://github.com/onnx/onnx-mlir.git 4a13c34aa695b228599d637cdb772c19b4b18dba)",onnx-mlir-llvm,true,,59,500,800,0.0,0.0,88da2640d7cbc84758ce965213c6628b8e0de6b7b1a3317b4f209eae3fb7441f,febd2f6900db5af864e4bee9ad7fd5b3f5995a64a6b49c85d11ec0ea9543b7bd,true,20270980
ew-broadcast-relu,2fa842e74a5cfcbf59217c4e1d85f7cf2fd11e09dc5ef429f8510965e0835d00,elementwise,ONNX-MLIR LLVM,"onnx-mlir version 0.4.2, onnx version 1.21.0 (https://github.com/onnx/onnx-mlir.git 4a13c34aa695b228599d637cdb772c19b4b18dba)",onnx-mlir-llvm,true,,60,500,909,0.0,0.0,88da2640d7cbc84758ce965213c6628b8e0de6b7b1a3317b4f209eae3fb7441f,febd2f6900db5af864e4bee9ad7fd5b3f5995a64a6b49c85d11ec0ea9543b7bd,true,20270981
ew-broadcast-relu,2fa842e74a5cfcbf59217c4e1d85f7cf2fd11e09dc5ef429f8510965e0835d00,elementwise,ONNX-MLIR LLVM,"onnx-mlir version 0.4.2, onnx version 1.21.0 (https://github.com/onnx/onnx-mlir.git 4a13c34aa695b228599d637cdb772c19b4b18dba)",onnx-mlir-llvm,true,,61,500,919,0.0,0.0,88da2640d7cbc84758ce965213c6628b8e0de6b7b1a3317b4f209eae3fb7441f,febd2f6900db5af864e4bee9ad7fd5b3f5995a64a6b49c85d11ec0ea9543b7bd,true,20270982
ew-broadcast-relu,2fa842e74a5cfcbf59217c4e1d85f7cf2fd11e09dc5ef429f8510965e0835d00,elementwise,ONNX-MLIR LLVM,"onnx-mlir version 0.4.2, onnx version 1.21.0 (https://github.com/onnx/onnx-mlir.git 4a13c34aa695b228599d637cdb772c19b4b18dba)",onnx-mlir-llvm,true,,62,500,924,0.0,0.0,88da2640d7cbc84758ce965213c6628b8e0de6b7b1a3317b4f209eae3fb7441f,febd2f6900db5af864e4bee9ad7fd5b3f5995a64a6b49c85d11ec0ea9543b7bd,true,20270983
ew-broadcast-relu,2fa842e74a5cfcbf59217c4e1d85f7cf2fd11e09dc5ef429f8510965e0835d00,elementwise,ONNX-MLIR LLVM,"onnx-mlir version 0.4.2, onnx version 1.21.0 (https://github.com/onnx/onnx-mlir.git 4a13c34aa695b228599d637cdb772c19b4b18dba)",onnx-mlir-llvm,true,,63,500,907,0.0,0.0,88da2640d7cbc84758ce965213c6628b8e0de6b7b1a3317b4f209eae3fb7441f,febd2f6900db5af864e4bee9ad7fd5b3f5995a64a6b49c85d11ec0ea9543b7bd,true,20270984
ew-broadcast-relu,2fa842e74a5cfcbf59217c4e1d85f7cf2fd11e09dc5ef429f8510965e0835d00,elementwise,ONNX-MLIR LLVM,"onnx-mlir version 0.4.2, onnx version 1.21.0 (https://github.com/onnx/onnx-mlir.git 4a13c34aa695b228599d637cdb772c19b4b18dba)",onnx-mlir-llvm,true,,64,500,901,0.0,0.0,88da2640d7cbc84758ce965213c6628b8e0de6b7b1a3317b4f209eae3fb7441f,febd2f6900db5af864e4bee9ad7fd5b3f5995a64a6b49c85d11ec0ea9543b7bd,true,20270985
ew-broadcast-relu,2fa842e74a5cfcbf59217c4e1d85f7cf2fd11e09dc5ef429f8510965e0835d00,elementwise,ONNX-MLIR LLVM,"onnx-mlir version 0.4.2, onnx version 1.21.0 (https://github.com/onnx/onnx-mlir.git 4a13c34aa695b228599d637cdb772c19b4b18dba)",onnx-mlir-llvm,true,,65,500,892,0.0,0.0,88da2640d7cbc84758ce965213c6628b8e0de6b7b1a3317b4f209eae3fb7441f,febd2f6900db5af864e4bee9ad7fd5b3f5995a64a6b49c85d11ec0ea9543b7bd,true,20270986
ew-broadcast-relu,2fa842e74a5cfcbf59217c4e1d85f7cf2fd11e09dc5ef429f8510965e0835d00,elementwise,ONNX-MLIR LLVM,"onnx-mlir version 0.4.2, onnx version 1.21.0 (https://github.com/onnx/onnx-mlir.git 4a13c34aa695b228599d637cdb772c19b4b18dba)",onnx-mlir-llvm,true,,66,500,588,0.0,0.0,88da2640d7cbc84758ce965213c6628b8e0de6b7b1a3317b4f209eae3fb7441f,febd2f6900db5af864e4bee9ad7fd5b3f5995a64a6b49c85d11ec0ea9543b7bd,true,20270987
ew-broadcast-relu,2fa842e74a5cfcbf59217c4e1d85f7cf2fd11e09dc5ef429f8510965e0835d00,elementwise,ONNX-MLIR LLVM,"onnx-mlir version 0.4.2, onnx version 1.21.0 (https://github.com/onnx/onnx-mlir.git 4a13c34aa695b228599d637cdb772c19b4b18dba)",onnx-mlir-llvm,true,,67,500,598,0.0,0.0,88da2640d7cbc84758ce965213c6628b8e0de6b7b1a3317b4f209eae3fb7441f,febd2f6900db5af864e4bee9ad7fd5b3f5995a64a6b49c85d11ec0ea9543b7bd,true,20270988
ew-broadcast-relu,2fa842e74a5cfcbf59217c4e1d85f7cf2fd11e09dc5ef429f8510965e0835d00,elementwise,ONNX-MLIR LLVM,"onnx-mlir version 0.4.2, onnx version 1.21.0 (https://github.com/onnx/onnx-mlir.git 4a13c34aa695b228599d637cdb772c19b4b18dba)",onnx-mlir-llvm,true,,68,500,583,0.0,0.0,88da2640d7cbc84758ce965213c6628b8e0de6b7b1a3317b4f209eae3fb7441f,febd2f6900db5af864e4bee9ad7fd5b3f5995a64a6b49c85d11ec0ea9543b7bd,true,20270989
ew-broadcast-relu,2fa842e74a5cfcbf59217c4e1d85f7cf2fd11e09dc5ef429f8510965e0835d00,elementwise,ONNX-MLIR LLVM,"onnx-mlir version 0.4.2, onnx version 1.21.0 (https://github.com/onnx/onnx-mlir.git 4a13c34aa695b228599d637cdb772c19b4b18dba)",onnx-mlir-llvm,true,,69,500,694,0.0,0.0,88da2640d7cbc84758ce965213c6628b8e0de6b7b1a3317b4f209eae3fb7441f,febd2f6900db5af864e4bee9ad7fd5b3f5995a64a6b49c85d11ec0ea9543b7bd,true,20270990
ew-broadcast-relu,2fa842e74a5cfcbf59217c4e1d85f7cf2fd11e09dc5ef429f8510965e0835d00,elementwise,ONNX-MLIR LLVM,"onnx-mlir version 0.4.2, onnx version 1.21.0 (https://github.com/onnx/onnx-mlir.git 4a13c34aa695b228599d637cdb772c19b4b18dba)",onnx-mlir-llvm,true,,70,500,592,0.0,0.0,88da2640d7cbc84758ce965213c6628b8e0de6b7b1a3317b4f209eae3fb7441f,febd2f6900db5af864e4bee9ad7fd5b3f5995a64a6b49c85d11ec0ea9543b7bd,true,20270991
ew-broadcast-relu,2fa842e74a5cfcbf59217c4e1d85f7cf2fd11e09dc5ef429f8510965e0835d00,elementwise,ONNX-MLIR LLVM,"onnx-mlir version 0.4.2, onnx version 1.21.0 (https://github.com/onnx/onnx-mlir.git 4a13c34aa695b228599d637cdb772c19b4b18dba)",onnx-mlir-llvm,true,,71,500,609,0.0,0.0,88da2640d7cbc84758ce965213c6628b8e0de6b7b1a3317b4f209eae3fb7441f,febd2f6900db5af864e4bee9ad7fd5b3f5995a64a6b49c85d11ec0ea9543b7bd,true,20270992
ew-broadcast-relu,2fa842e74a5cfcbf59217c4e1d85f7cf2fd11e09dc5ef429f8510965e0835d00,elementwise,ONNX-MLIR LLVM,"onnx-mlir version 0.4.2, onnx version 1.21.0 (https://github.com/onnx/onnx-mlir.git 4a13c34aa695b228599d637cdb772c19b4b18dba)",onnx-mlir-llvm,true,,72,500,608,0.0,0.0,88da2640d7cbc84758ce965213c6628b8e0de6b7b1a3317b4f209eae3fb7441f,febd2f6900db5af864e4bee9ad7fd5b3f5995a64a6b49c85d11ec0ea9543b7bd,true,20270993
ew-broadcast-relu,2fa842e74a5cfcbf59217c4e1d85f7cf2fd11e09dc5ef429f8510965e0835d00,elementwise,ONNX-MLIR LLVM,"onnx-mlir version 0.4.2, onnx version 1.21.0 (https://github.com/onnx/onnx-mlir.git 4a13c34aa695b228599d637cdb772c19b4b18dba)",onnx-mlir-llvm,true,,73,500,597,0.0,0.0,88da2640d7cbc84758ce965213c6628b8e0de6b7b1a3317b4f209eae3fb7441f,febd2f6900db5af864e4bee9ad7fd5b3f5995a64a6b49c85d11ec0ea9543b7bd,true,20270994
ew-broadcast-relu,2fa842e74a5cfcbf59217c4e1d85f7cf2fd11e09dc5ef429f8510965e0835d00,elementwise,ONNX-MLIR LLVM,"onnx-mlir version 0.4.2, onnx version 1.21.0 (https://github.com/onnx/onnx-mlir.git 4a13c34aa695b228599d637cdb772c19b4b18dba)",onnx-mlir-llvm,true,,74,500,622,0.0,0.0,88da2640d7cbc84758ce965213c6628b8e0de6b7b1a3317b4f209eae3fb7441f,febd2f6900db5af864e4bee9ad7fd5b3f5995a64a6b49c85d11ec0ea9543b7bd,true,20270995
ew-broadcast-relu,2fa842e74a5cfcbf59217c4e1d85f7cf2fd11e09dc5ef429f8510965e0835d00,elementwise,ONNX-MLIR LLVM,"onnx-mlir version 0.4.2, onnx version 1.21.0 (https://github.com/onnx/onnx-mlir.git 4a13c34aa695b228599d637cdb772c19b4b18dba)",onnx-mlir-llvm,true,,75,500,634,0.0,0.0,88da2640d7cbc84758ce965213c6628b8e0de6b7b1a3317b4f209eae3fb7441f,febd2f6900db5af864e4bee9ad7fd5b3f5995a64a6b49c85d11ec0ea9543b7bd,true,20270996
ew-broadcast-relu,2fa842e74a5cfcbf59217c4e1d85f7cf2fd11e09dc5ef429f8510965e0835d00,elementwise,ONNX-MLIR LLVM,"onnx-mlir version 0.4.2, onnx version 1.21.0 (https://github.com/onnx/onnx-mlir.git 4a13c34aa695b228599d637cdb772c19b4b18dba)",onnx-mlir-llvm,true,,76,500,593,0.0,0.0,88da2640d7cbc84758ce965213c6628b8e0de6b7b1a3317b4f209eae3fb7441f,febd2f6900db5af864e4bee9ad7fd5b3f5995a64a6b49c85d11ec0ea9543b7bd,true,20270997
ew-broadcast-relu,2fa842e74a5cfcbf59217c4e1d85f7cf2fd11e09dc5ef429f8510965e0835d00,elementwise,ONNX-MLIR LLVM,"onnx-mlir version 0.4.2, onnx version 1.21.0 (https://github.com/onnx/onnx-mlir.git 4a13c34aa695b228599d637cdb772c19b4b18dba)",onnx-mlir-llvm,true,,77,500,619,0.0,0.0,88da2640d7cbc84758ce965213c6628b8e0de6b7b1a3317b4f209eae3fb7441f,febd2f6900db5af864e4bee9ad7fd5b3f5995a64a6b49c85d11ec0ea9543b7bd,true,20270998
ew-broadcast-relu,2fa842e74a5cfcbf59217c4e1d85f7cf2fd11e09dc5ef429f8510965e0835d00,elementwise,ONNX-MLIR LLVM,"onnx-mlir version 0.4.2, onnx version 1.21.0 (https://github.com/onnx/onnx-mlir.git 4a13c34aa695b228599d637cdb772c19b4b18dba)",onnx-mlir-llvm,true,,78,500,614,0.0,0.0,88da2640d7cbc84758ce965213c6628b8e0de6b7b1a3317b4f209eae3fb7441f,febd2f6900db5af864e4bee9ad7fd5b3f5995a64a6b49c85d11ec0ea9543b7bd,true,20270999
ew-broadcast-relu,2fa842e74a5cfcbf59217c4e1d85f7cf2fd11e09dc5ef429f8510965e0835d00,elementwise,ONNX-MLIR LLVM,"onnx-mlir version 0.4.2, onnx version 1.21.0 (https://github.com/onnx/onnx-mlir.git 4a13c34aa695b228599d637cdb772c19b4b18dba)",onnx-mlir-llvm,true,,79,500,609,0.0,0.0,88da2640d7cbc84758ce965213c6628b8e0de6b7b1a3317b4f209eae3fb7441f,febd2f6900db5af864e4bee9ad7fd5b3f5995a64a6b49c85d11ec0ea9543b7bd,true,20271000
ew-broadcast-relu,2fa842e74a5cfcbf59217c4e1d85f7cf2fd11e09dc5ef429f8510965e0835d00,elementwise,ONNX-MLIR LLVM,"onnx-mlir version 0.4.2, onnx version 1.21.0 (https://github.com/onnx/onnx-mlir.git 4a13c34aa695b228599d637cdb772c19b4b18dba)",onnx-mlir-llvm,true,,80,500,601,0.0,0.0,88da2640d7cbc84758ce965213c6628b8e0de6b7b1a3317b4f209eae3fb7441f,febd2f6900db5af864e4bee9ad7fd5b3f5995a64a6b49c85d11ec0ea9543b7bd,true,20271001
ew-broadcast-relu,2fa842e74a5cfcbf59217c4e1d85f7cf2fd11e09dc5ef429f8510965e0835d00,elementwise,ONNX-MLIR LLVM,"onnx-mlir version 0.4.2, onnx version 1.21.0 (https://github.com/onnx/onnx-mlir.git 4a13c34aa695b228599d637cdb772c19b4b18dba)",onnx-mlir-llvm,true,,81,500,583,0.0,0.0,88da2640d7cbc84758ce965213c6628b8e0de6b7b1a3317b4f209eae3fb7441f,febd2f6900db5af864e4bee9ad7fd5b3f5995a64a6b49c85d11ec0ea9543b7bd,true,20271002
ew-broadcast-relu,2fa842e74a5cfcbf59217c4e1d85f7cf2fd11e09dc5ef429f8510965e0835d00,elementwise,ONNX-MLIR LLVM,"onnx-mlir version 0.4.2, onnx version 1.21.0 (https://github.com/onnx/onnx-mlir.git 4a13c34aa695b228599d637cdb772c19b4b18dba)",onnx-mlir-llvm,true,,82,500,797,0.0,0.0,88da2640d7cbc84758ce965213c6628b8e0de6b7b1a3317b4f209eae3fb7441f,febd2f6900db5af864e4bee9ad7fd5b3f5995a64a6b49c85d11ec0ea9543b7bd,true,20271003
ew-broadcast-relu,2fa842e74a5cfcbf59217c4e1d85f7cf2fd11e09dc5ef429f8510965e0835d00,elementwise,ONNX-MLIR LLVM,"onnx-mlir version 0.4.2, onnx version 1.21.0 (https://github.com/onnx/onnx-mlir.git 4a13c34aa695b228599d637cdb772c19b4b18dba)",onnx-mlir-llvm,true,,83,500,840,0.0,0.0,88da2640d7cbc84758ce965213c6628b8e0de6b7b1a3317b4f209eae3fb7441f,febd2f6900db5af864e4bee9ad7fd5b3f5995a64a6b49c85d11ec0ea9543b7bd,true,20271004
ew-broadcast-relu,2fa842e74a5cfcbf59217c4e1d85f7cf2fd11e09dc5ef429f8510965e0835d00,elementwise,ONNX-MLIR LLVM,"onnx-mlir version 0.4.2, onnx version 1.21.0 (https://github.com/onnx/onnx-mlir.git 4a13c34aa695b228599d637cdb772c19b4b18dba)",onnx-mlir-llvm,true,,84,500,838,0.0,0.0,88da2640d7cbc84758ce965213c6628b8e0de6b7b1a3317b4f209eae3fb7441f,febd2f6900db5af864e4bee9ad7fd5b3f5995a64a6b49c85d11ec0ea9543b7bd,true,20271005
ew-broadcast-relu,2fa842e74a5cfcbf59217c4e1d85f7cf2fd11e09dc5ef429f8510965e0835d00,elementwise,ONNX-MLIR LLVM,"onnx-mlir version 0.4.2, onnx version 1.21.0 (https://github.com/onnx/onnx-mlir.git 4a13c34aa695b228599d637cdb772c19b4b18dba)",onnx-mlir-llvm,true,,85,500,822,0.0,0.0,88da2640d7cbc84758ce965213c6628b8e0de6b7b1a3317b4f209eae3fb7441f,febd2f6900db5af864e4bee9ad7fd5b3f5995a64a6b49c85d11ec0ea9543b7bd,true,20271006
ew-broadcast-relu,2fa842e74a5cfcbf59217c4e1d85f7cf2fd11e09dc5ef429f8510965e0835d00,elementwise,ONNX-MLIR LLVM,"onnx-mlir version 0.4.2, onnx version 1.21.0 (https://github.com/onnx/onnx-mlir.git 4a13c34aa695b228599d637cdb772c19b4b18dba)",onnx-mlir-llvm,true,,86,500,822,0.0,0.0,88da2640d7cbc84758ce965213c6628b8e0de6b7b1a3317b4f209eae3fb7441f,febd2f6900db5af864e4bee9ad7fd5b3f5995a64a6b49c85d11ec0ea9543b7bd,true,20271007
ew-broadcast-relu,2fa842e74a5cfcbf59217c4e1d85f7cf2fd11e09dc5ef429f8510965e0835d00,elementwise,ONNX-MLIR LLVM,"onnx-mlir version 0.4.2, onnx version 1.21.0 (https://github.com/onnx/onnx-mlir.git 4a13c34aa695b228599d637cdb772c19b4b18dba)",onnx-mlir-llvm,true,,87,500,822,0.0,0.0,88da2640d7cbc84758ce965213c6628b8e0de6b7b1a3317b4f209eae3fb7441f,febd2f6900db5af864e4bee9ad7fd5b3f5995a64a6b49c85d11ec0ea9543b7bd,true,20271008
ew-broadcast-relu,2fa842e74a5cfcbf59217c4e1d85f7cf2fd11e09dc5ef429f8510965e0835d00,elementwise,ONNX-MLIR LLVM,"onnx-mlir version 0.4.2, onnx version 1.21.0 (https://github.com/onnx/onnx-mlir.git 4a13c34aa695b228599d637cdb772c19b4b18dba)",onnx-mlir-llvm,true,,88,500,824,0.0,0.0,88da2640d7cbc84758ce965213c6628b8e0de6b7b1a3317b4f209eae3fb7441f,febd2f6900db5af864e4bee9ad7fd5b3f5995a64a6b49c85d11ec0ea9543b7bd,true,20271009
ew-broadcast-relu,2fa842e74a5cfcbf59217c4e1d85f7cf2fd11e09dc5ef429f8510965e0835d00,elementwise,ONNX-MLIR LLVM,"onnx-mlir version 0.4.2, onnx version 1.21.0 (https://github.com/onnx/onnx-mlir.git 4a13c34aa695b228599d637cdb772c19b4b18dba)",onnx-mlir-llvm,true,,89,500,820,0.0,0.0,88da2640d7cbc84758ce965213c6628b8e0de6b7b1a3317b4f209eae3fb7441f,febd2f6900db5af864e4bee9ad7fd5b3f5995a64a6b49c85d11ec0ea9543b7bd,true,20271010
ew-broadcast-relu,2fa842e74a5cfcbf59217c4e1d85f7cf2fd11e09dc5ef429f8510965e0835d00,elementwise,ONNX-MLIR LLVM,"onnx-mlir version 0.4.2, onnx version 1.21.0 (https://github.com/onnx/onnx-mlir.git 4a13c34aa695b228599d637cdb772c19b4b18dba)",onnx-mlir-llvm,true,,90,500,823,0.0,0.0,88da2640d7cbc84758ce965213c6628b8e0de6b7b1a3317b4f209eae3fb7441f,febd2f6900db5af864e4bee9ad7fd5b3f5995a64a6b49c85d11ec0ea9543b7bd,true,20271011
ew-broadcast-relu,2fa842e74a5cfcbf59217c4e1d85f7cf2fd11e09dc5ef429f8510965e0835d00,elementwise,ONNX-MLIR LLVM,"onnx-mlir version 0.4.2, onnx version 1.21.0 (https://github.com/onnx/onnx-mlir.git 4a13c34aa695b228599d637cdb772c19b4b18dba)",onnx-mlir-llvm,true,,91,500,583,0.0,0.0,88da2640d7cbc84758ce965213c6628b8e0de6b7b1a3317b4f209eae3fb7441f,febd2f6900db5af864e4bee9ad7fd5b3f5995a64a6b49c85d11ec0ea9543b7bd,true,20271012
ew-broadcast-relu,2fa842e74a5cfcbf59217c4e1d85f7cf2fd11e09dc5ef429f8510965e0835d00,elementwise,ONNX-MLIR LLVM,"onnx-mlir version 0.4.2, onnx version 1.21.0 (https://github.com/onnx/onnx-mlir.git 4a13c34aa695b228599d637cdb772c19b4b18dba)",onnx-mlir-llvm,true,,92,500,627,0.0,0.0,88da2640d7cbc84758ce965213c6628b8e0de6b7b1a3317b4f209eae3fb7441f,febd2f6900db5af864e4bee9ad7fd5b3f5995a64a6b49c85d11ec0ea9543b7bd,true,20271013
ew-broadcast-relu,2fa842e74a5cfcbf59217c4e1d85f7cf2fd11e09dc5ef429f8510965e0835d00,elementwise,ONNX-MLIR LLVM,"onnx-mlir version 0.4.2, onnx version 1.21.0 (https://github.com/onnx/onnx-mlir.git 4a13c34aa695b228599d637cdb772c19b4b18dba)",onnx-mlir-llvm,true,,93,500,795,0.0,0.0,88da2640d7cbc84758ce965213c6628b8e0de6b7b1a3317b4f209eae3fb7441f,febd2f6900db5af864e4bee9ad7fd5b3f5995a64a6b49c85d11ec0ea9543b7bd,true,20271014
ew-broadcast-relu,2fa842e74a5cfcbf59217c4e1d85f7cf2fd11e09dc5ef429f8510965e0835d00,elementwise,ONNX-MLIR LLVM,"onnx-mlir version 0.4.2, onnx version 1.21.0 (https://github.com/onnx/onnx-mlir.git 4a13c34aa695b228599d637cdb772c19b4b18dba)",onnx-mlir-llvm,true,,94,500,638,0.0,0.0,88da2640d7cbc84758ce965213c6628b8e0de6b7b1a3317b4f209eae3fb7441f,febd2f6900db5af864e4bee9ad7fd5b3f5995a64a6b49c85d11ec0ea9543b7bd,true,20271015
ew-broadcast-relu,2fa842e74a5cfcbf59217c4e1d85f7cf2fd11e09dc5ef429f8510965e0835d00,elementwise,ONNX-MLIR LLVM,"onnx-mlir version 0.4.2, onnx version 1.21.0 (https://github.com/onnx/onnx-mlir.git 4a13c34aa695b228599d637cdb772c19b4b18dba)",onnx-mlir-llvm,true,,95,500,582,0.0,0.0,88da2640d7cbc84758ce965213c6628b8e0de6b7b1a3317b4f209eae3fb7441f,febd2f6900db5af864e4bee9ad7fd5b3f5995a64a6b49c85d11ec0ea9543b7bd,true,20271016
ew-broadcast-relu,2fa842e74a5cfcbf59217c4e1d85f7cf2fd11e09dc5ef429f8510965e0835d00,elementwise,ONNX-MLIR LLVM,"onnx-mlir version 0.4.2, onnx version 1.21.0 (https://github.com/onnx/onnx-mlir.git 4a13c34aa695b228599d637cdb772c19b4b18dba)",onnx-mlir-llvm,true,,96,500,698,0.0,0.0,88da2640d7cbc84758ce965213c6628b8e0de6b7b1a3317b4f209eae3fb7441f,febd2f6900db5af864e4bee9ad7fd5b3f5995a64a6b49c85d11ec0ea9543b7bd,true,20271017
ew-broadcast-relu,2fa842e74a5cfcbf59217c4e1d85f7cf2fd11e09dc5ef429f8510965e0835d00,elementwise,ONNX-MLIR LLVM,"onnx-mlir version 0.4.2, onnx version 1.21.0 (https://github.com/onnx/onnx-mlir.git 4a13c34aa695b228599d637cdb772c19b4b18dba)",onnx-mlir-llvm,true,,97,500,820,0.0,0.0,88da2640d7cbc84758ce965213c6628b8e0de6b7b1a3317b4f209eae3fb7441f,febd2f6900db5af864e4bee9ad7fd5b3f5995a64a6b49c85d11ec0ea9543b7bd,true,20271018
ew-broadcast-relu,2fa842e74a5cfcbf59217c4e1d85f7cf2fd11e09dc5ef429f8510965e0835d00,elementwise,ONNX-MLIR LLVM,"onnx-mlir version 0.4.2, onnx version 1.21.0 (https://github.com/onnx/onnx-mlir.git 4a13c34aa695b228599d637cdb772c19b4b18dba)",onnx-mlir-llvm,true,,98,500,812,0.0,0.0,88da2640d7cbc84758ce965213c6628b8e0de6b7b1a3317b4f209eae3fb7441f,febd2f6900db5af864e4bee9ad7fd5b3f5995a64a6b49c85d11ec0ea9543b7bd,true,20271019
ew-broadcast-relu,2fa842e74a5cfcbf59217c4e1d85f7cf2fd11e09dc5ef429f8510965e0835d00,elementwise,ONNX-MLIR LLVM,"onnx-mlir version 0.4.2, onnx version 1.21.0 (https://github.com/onnx/onnx-mlir.git 4a13c34aa695b228599d637cdb772c19b4b18dba)",onnx-mlir-llvm,true,,99,500,753,0.0,0.0,88da2640d7cbc84758ce965213c6628b8e0de6b7b1a3317b4f209eae3fb7441f,febd2f6900db5af864e4bee9ad7fd5b3f5995a64a6b49c85d11ec0ea9543b7bd,true,20271020
red-l2-last,2fa842e74a5cfcbf59217c4e1d85f7cf2fd11e09dc5ef429f8510965e0835d00,reduction,ONNX-MLIR LLVM,"onnx-mlir version 0.4.2, onnx version 1.21.0 (https://github.com/onnx/onnx-mlir.git 4a13c34aa695b228599d637cdb772c19b4b18dba)",onnx-mlir-llvm,true,,0,50,19032,0.0,0.0,66b7ec1a05cc453f77b3b2b6c0c2fabe4529297d39be17abd865eb099155431b,01550fcfa612494f53f219159a43e5be4245704758de18e8dac4ea9573707bf1,true,20270921
red-l2-last,2fa842e74a5cfcbf59217c4e1d85f7cf2fd11e09dc5ef429f8510965e0835d00,reduction,ONNX-MLIR LLVM,"onnx-mlir version 0.4.2, onnx version 1.21.0 (https://github.com/onnx/onnx-mlir.git 4a13c34aa695b228599d637cdb772c19b4b18dba)",onnx-mlir-llvm,true,,1,50,21528,0.0,0.0,66b7ec1a05cc453f77b3b2b6c0c2fabe4529297d39be17abd865eb099155431b,01550fcfa612494f53f219159a43e5be4245704758de18e8dac4ea9573707bf1,true,20270922
red-l2-last,2fa842e74a5cfcbf59217c4e1d85f7cf2fd11e09dc5ef429f8510965e0835d00,reduction,ONNX-MLIR LLVM,"onnx-mlir version 0.4.2, onnx version 1.21.0 (https://github.com/onnx/onnx-mlir.git 4a13c34aa695b228599d637cdb772c19b4b18dba)",onnx-mlir-llvm,true,,2,50,26619,0.0,0.0,66b7ec1a05cc453f77b3b2b6c0c2fabe4529297d39be17abd865eb099155431b,01550fcfa612494f53f219159a43e5be4245704758de18e8dac4ea9573707bf1,true,20270923
red-l2-last,2fa842e74a5cfcbf59217c4e1d85f7cf2fd11e09dc5ef429f8510965e0835d00,reduction,ONNX-MLIR LLVM,"onnx-mlir version 0.4.2, onnx version 1.21.0 (https://github.com/onnx/onnx-mlir.git 4a13c34aa695b228599d637cdb772c19b4b18dba)",onnx-mlir-llvm,true,,3,50,25519,0.0,0.0,66b7ec1a05cc453f77b3b2b6c0c2fabe4529297d39be17abd865eb099155431b,01550fcfa612494f53f219159a43e5be4245704758de18e8dac4ea9573707bf1,true,20270924
red-l2-last,2fa842e74a5cfcbf59217c4e1d85f7cf2fd11e09dc5ef429f8510965e0835d00,reduction,ONNX-MLIR LLVM,"onnx-mlir version 0.4.2, onnx version 1.21.0 (https://github.com/onnx/onnx-mlir.git 4a13c34aa695b228599d637cdb772c19b4b18dba)",onnx-mlir-llvm,true,,4,50,22090,0.0,0.0,66b7ec1a05cc453f77b3b2b6c0c2fabe4529297d39be17abd865eb099155431b,01550fcfa612494f53f219159a43e5be4245704758de18e8dac4ea9573707bf1,true,20270925
red-l2-last,2fa842e74a5cfcbf59217c4e1d85f7cf2fd11e09dc5ef429f8510965e0835d00,reduction,ONNX-MLIR LLVM,"onnx-mlir version 0.4.2, onnx version 1.21.0 (https://github.com/onnx/onnx-mlir.git 4a13c34aa695b228599d637cdb772c19b4b18dba)",onnx-mlir-llvm,true,,5,50,20099,0.0,0.0,66b7ec1a05cc453f77b3b2b6c0c2fabe4529297d39be17abd865eb099155431b,01550fcfa612494f53f219159a43e5be4245704758de18e8dac4ea9573707bf1,true,20270926
red-l2-last,2fa842e74a5cfcbf59217c4e1d85f7cf2fd11e09dc5ef429f8510965e0835d00,reduction,ONNX-MLIR LLVM,"onnx-mlir version 0.4.2, onnx version 1.21.0 (https://github.com/onnx/onnx-mlir.git 4a13c34aa695b228599d637cdb772c19b4b18dba)",onnx-mlir-llvm,true,,6,50,28549,0.0,0.0,66b7ec1a05cc453f77b3b2b6c0c2fabe4529297d39be17abd865eb099155431b,01550fcfa612494f53f219159a43e5be4245704758de18e8dac4ea9573707bf1,true,20270927
red-l2-last,2fa842e74a5cfcbf59217c4e1d85f7cf2fd11e09dc5ef429f8510965e0835d00,reduction,ONNX-MLIR LLVM,"onnx-mlir version 0.4.2, onnx version 1.21.0 (https://github.com/onnx/onnx-mlir.git 4a13c34aa695b228599d637cdb772c19b4b18dba)",onnx-mlir-llvm,true,,7,50,21234,0.0,0.0,66b7ec1a05cc453f77b3b2b6c0c2fabe4529297d39be17abd865eb099155431b,01550fcfa612494f53f219159a43e5be4245704758de18e8dac4ea9573707bf1,true,20270928
red-l2-last,2fa842e74a5cfcbf59217c4e1d85f7cf2fd11e09dc5ef429f8510965e0835d00,reduction,ONNX-MLIR LLVM,"onnx-mlir version 0.4.2, onnx version 1.21.0 (https://github.com/onnx/onnx-mlir.git 4a13c34aa695b228599d637cdb772c19b4b18dba)",onnx-mlir-llvm,true,,8,50,18117,0.0,0.0,66b7ec1a05cc453f77b3b2b6c0c2fabe4529297d39be17abd865eb099155431b,01550fcfa612494f53f219159a43e5be4245704758de18e8dac4ea9573707bf1,true,20270929
red-l2-last,2fa842e74a5cfcbf59217c4e1d85f7cf2fd11e09dc5ef429f8510965e0835d00,reduction,ONNX-MLIR LLVM,"onnx-mlir version 0.4.2, onnx version 1.21.0 (https://github.com/onnx/onnx-mlir.git 4a13c34aa695b228599d637cdb772c19b4b18dba)",onnx-mlir-llvm,true,,9,50,22568,0.0,0.0,66b7ec1a05cc453f77b3b2b6c0c2fabe4529297d39be17abd865eb099155431b,01550fcfa612494f53f219159a43e5be4245704758de18e8dac4ea9573707bf1,true,20270930
red-l2-last,2fa842e74a5cfcbf59217c4e1d85f7cf2fd11e09dc5ef429f8510965e0835d00,reduction,ONNX-MLIR LLVM,"onnx-mlir version 0.4.2, onnx version 1.21.0 (https://github.com/onnx/onnx-mlir.git 4a13c34aa695b228599d637cdb772c19b4b18dba)",onnx-mlir-llvm,true,,10,50,20813,0.0,0.0,66b7ec1a05cc453f77b3b2b6c0c2fabe4529297d39be17abd865eb099155431b,01550fcfa612494f53f219159a43e5be4245704758de18e8dac4ea9573707bf1,true,20270931
red-l2-last,2fa842e74a5cfcbf59217c4e1d85f7cf2fd11e09dc5ef429f8510965e0835d00,reduction,ONNX-MLIR LLVM,"onnx-mlir version 0.4.2, onnx version 1.21.0 (https://github.com/onnx/onnx-mlir.git 4a13c34aa695b228599d637cdb772c19b4b18dba)",onnx-mlir-llvm,true,,11,50,23475,0.0,0.0,66b7ec1a05cc453f77b3b2b6c0c2fabe4529297d39be17abd865eb099155431b,01550fcfa612494f53f219159a43e5be4245704758de18e8dac4ea9573707bf1,true,20270932
red-l2-last,2fa842e74a5cfcbf59217c4e1d85f7cf2fd11e09dc5ef429f8510965e0835d00,reduction,ONNX-MLIR LLVM,"onnx-mlir version 0.4.2, onnx version 1.21.0 (https://github.com/onnx/onnx-mlir.git 4a13c34aa695b228599d637cdb772c19b4b18dba)",onnx-mlir-llvm,true,,12,50,21828,0.0,0.0,66b7ec1a05cc453f77b3b2b6c0c2fabe4529297d39be17abd865eb099155431b,01550fcfa612494f53f219159a43e5be4245704758de18e8dac4ea9573707bf1,true,20270933
red-l2-last,2fa842e74a5cfcbf59217c4e1d85f7cf2fd11e09dc5ef429f8510965e0835d00,reduction,ONNX-MLIR LLVM,"onnx-mlir version 0.4.2, onnx version 1.21.0 (https://github.com/onnx/onnx-mlir.git 4a13c34aa695b228599d637cdb772c19b4b18dba)",onnx-mlir-llvm,true,,13,50,18460,0.0,0.0,66b7ec1a05cc453f77b3b2b6c0c2fabe4529297d39be17abd865eb099155431b,01550fcfa612494f53f219159a43e5be4245704758de18e8dac4ea9573707bf1,true,20270934
red-l2-last,2fa842e74a5cfcbf59217c4e1d85f7cf2fd11e09dc5ef429f8510965e0835d00,reduction,ONNX-MLIR LLVM,"onnx-mlir version 0.4.2, onnx version 1.21.0 (https://github.com/onnx/onnx-mlir.git 4a13c34aa695b228599d637cdb772c19b4b18dba)",onnx-mlir-llvm,true,,14,50,18761,0.0,0.0,66b7ec1a05cc453f77b3b2b6c0c2fabe4529297d39be17abd865eb099155431b,01550fcfa612494f53f219159a43e5be4245704758de18e8dac4ea9573707bf1,true,20270935
red-l2-last,2fa842e74a5cfcbf59217c4e1d85f7cf2fd11e09dc5ef429f8510965e0835d00,reduction,ONNX-MLIR LLVM,"onnx-mlir version 0.4.2, onnx version 1.21.0 (https://github.com/onnx/onnx-mlir.git 4a13c34aa695b228599d637cdb772c19b4b18dba)",onnx-mlir-llvm,true,,15,50,18749,0.0,0.0,66b7ec1a05cc453f77b3b2b6c0c2fabe4529297d39be17abd865eb099155431b,01550fcfa612494f53f219159a43e5be4245704758de18e8dac4ea9573707bf1,true,20270936
red-l2-last,2fa842e74a5cfcbf59217c4e1d85f7cf2fd11e09dc5ef429f8510965e0835d00,reduction,ONNX-MLIR LLVM,"onnx-mlir version 0.4.2, onnx version 1.21.0 (https://github.com/onnx/onnx-mlir.git 4a13c34aa695b228599d637cdb772c19b4b18dba)",onnx-mlir-llvm,true,,16,50,19077,0.0,0.0,66b7ec1a05cc453f77b3b2b6c0c2fabe4529297d39be17abd865eb099155431b,01550fcfa612494f53f219159a43e5be4245704758de18e8dac4ea9573707bf1,true,20270937
red-l2-last,2fa842e74a5cfcbf59217c4e1d85f7cf2fd11e09dc5ef429f8510965e0835d00,reduction,ONNX-MLIR LLVM,"onnx-mlir version 0.4.2, onnx version 1.21.0 (https://github.com/onnx/onnx-mlir.git 4a13c34aa695b228599d637cdb772c19b4b18dba)",onnx-mlir-llvm,true,,17,50,19391,0.0,0.0,66b7ec1a05cc453f77b3b2b6c0c2fabe4529297d39be17abd865eb099155431b,01550fcfa612494f53f219159a43e5be4245704758de18e8dac4ea9573707bf1,true,20270938
red-l2-last,2fa842e74a5cfcbf59217c4e1d85f7cf2fd11e09dc5ef429f8510965e0835d00,reduction,ONNX-MLIR LLVM,"onnx-mlir version 0.4.2, onnx version 1.21.0 (https://github.com/onnx/onnx-mlir.git 4a13c34aa695b228599d637cdb772c19b4b18dba)",onnx-mlir-llvm,true,,18,50,22016,0.0,0.0,66b7ec1a05cc453f77b3b2b6c0c2fabe4529297d39be17abd865eb099155431b,01550fcfa612494f53f219159a43e5be4245704758de18e8dac4ea9573707bf1,true,20270939
red-l2-last,2fa842e74a5cfcbf59217c4e1d85f7cf2fd11e09dc5ef429f8510965e0835d00,reduction,ONNX-MLIR LLVM,"onnx-mlir version 0.4.2, onnx version 1.21.0 (https://github.com/onnx/onnx-mlir.git 4a13c34aa695b228599d637cdb772c19b4b18dba)",onnx-mlir-llvm,true,,19,50,22010,0.0,0.0,66b7ec1a05cc453f77b3b2b6c0c2fabe4529297d39be17abd865eb099155431b,01550fcfa612494f53f219159a43e5be4245704758de18e8dac4ea9573707bf1,true,20270940
red-l2-last,2fa842e74a5cfcbf59217c4e1d85f7cf2fd11e09dc5ef429f8510965e0835d00,reduction,ONNX-MLIR LLVM,"onnx-mlir version 0.4.2, onnx version 1.21.0 (https://github.com/onnx/onnx-mlir.git 4a13c34aa695b228599d637cdb772c19b4b18dba)",onnx-mlir-llvm,true,,20,50,20145,0.0,0.0,66b7ec1a05cc453f77b3b2b6c0c2fabe4529297d39be17abd865eb099155431b,01550fcfa612494f53f219159a43e5be4245704758de18e8dac4ea9573707bf1,true,20270941
red-l2-last,2fa842e74a5cfcbf59217c4e1d85f7cf2fd11e09dc5ef429f8510965e0835d00,reduction,ONNX-MLIR LLVM,"onnx-mlir version 0.4.2, onnx version 1.21.0 (https://github.com/onnx/onnx-mlir.git 4a13c34aa695b228599d637cdb772c19b4b18dba)",onnx-mlir-llvm,true,,21,50,19150,0.0,0.0,66b7ec1a05cc453f77b3b2b6c0c2fabe4529297d39be17abd865eb099155431b,01550fcfa612494f53f219159a43e5be4245704758de18e8dac4ea9573707bf1,true,20270942
red-l2-last,2fa842e74a5cfcbf59217c4e1d85f7cf2fd11e09dc5ef429f8510965e0835d00,reduction,ONNX-MLIR LLVM,"onnx-mlir version 0.4.2, onnx version 1.21.0 (https://github.com/onnx/onnx-mlir.git 4a13c34aa695b228599d637cdb772c19b4b18dba)",onnx-mlir-llvm,true,,22,50,21587,0.0,0.0,66b7ec1a05cc453f77b3b2b6c0c2fabe4529297d39be17abd865eb099155431b,01550fcfa612494f53f219159a43e5be4245704758de18e8dac4ea9573707bf1,true,20270943
red-l2-last,2fa842e74a5cfcbf59217c4e1d85f7cf2fd11e09dc5ef429f8510965e0835d00,reduction,ONNX-MLIR LLVM,"onnx-mlir version 0.4.2, onnx version 1.21.0 (https://github.com/onnx/onnx-mlir.git 4a13c34aa695b228599d637cdb772c19b4b18dba)",onnx-mlir-llvm,true,,23,50,19528,0.0,0.0,66b7ec1a05cc453f77b3b2b6c0c2fabe4529297d39be17abd865eb099155431b,01550fcfa612494f53f219159a43e5be4245704758de18e8dac4ea9573707bf1,true,20270944
red-l2-last,2fa842e74a5cfcbf59217c4e1d85f7cf2fd11e09dc5ef429f8510965e0835d00,reduction,ONNX-MLIR LLVM,"onnx-mlir version 0.4.2, onnx version 1.21.0 (https://github.com/onnx/onnx-mlir.git 4a13c34aa695b228599d637cdb772c19b4b18dba)",onnx-mlir-llvm,true,,24,50,20975,0.0,0.0,66b7ec1a05cc453f77b3b2b6c0c2fabe4529297d39be17abd865eb099155431b,01550fcfa612494f53f219159a43e5be4245704758de18e8dac4ea9573707bf1,true,20270945
red-l2-last,2fa842e74a5cfcbf59217c4e1d85f7cf2fd11e09dc5ef429f8510965e0835d00,reduction,ONNX-MLIR LLVM,"onnx-mlir version 0.4.2, onnx version 1.21.0 (https://github.com/onnx/onnx-mlir.git 4a13c34aa695b228599d637cdb772c19b4b18dba)",onnx-mlir-llvm,true,,25,50,20955,0.0,0.0,66b7ec1a05cc453f77b3b2b6c0c2fabe4529297d39be17abd865eb099155431b,01550fcfa612494f53f219159a43e5be4245704758de18e8dac4ea9573707bf1,true,20270946
red-l2-last,2fa842e74a5cfcbf59217c4e1d85f7cf2fd11e09dc5ef429f8510965e0835d00,reduction,ONNX-MLIR LLVM,"onnx-mlir version 0.4.2, onnx version 1.21.0 (https://github.com/onnx/onnx-mlir.git 4a13c34aa695b228599d637cdb772c19b4b18dba)",onnx-mlir-llvm,true,,26,50,18963,0.0,0.0,66b7ec1a05cc453f77b3b2b6c0c2fabe4529297d39be17abd865eb099155431b,01550fcfa612494f53f219159a43e5be4245704758de18e8dac4ea9573707bf1,true,20270947
red-l2-last,2fa842e74a5cfcbf59217c4e1d85f7cf2fd11e09dc5ef429f8510965e0835d00,reduction,ONNX-MLIR LLVM,"onnx-mlir version 0.4.2, onnx version 1.21.0 (https://github.com/onnx/onnx-mlir.git 4a13c34aa695b228599d637cdb772c19b4b18dba)",onnx-mlir-llvm,true,,27,50,20046,0.0,0.0,66b7ec1a05cc453f77b3b2b6c0c2fabe4529297d39be17abd865eb099155431b,01550fcfa612494f53f219159a43e5be4245704758de18e8dac4ea9573707bf1,true,20270948
red-l2-last,2fa842e74a5cfcbf59217c4e1d85f7cf2fd11e09dc5ef429f8510965e0835d00,reduction,ONNX-MLIR LLVM,"onnx-mlir version 0.4.2, onnx version 1.21.0 (https://github.com/onnx/onnx-mlir.git 4a13c34aa695b228599d637cdb772c19b4b18dba)",onnx-mlir-llvm,true,,28,50,18924,0.0,0.0,66b7ec1a05cc453f77b3b2b6c0c2fabe4529297d39be17abd865eb099155431b,01550fcfa612494f53f219159a43e5be4245704758de18e8dac4ea9573707bf1,true,20270949
red-l2-last,2fa842e74a5cfcbf59217c4e1d85f7cf2fd11e09dc5ef429f8510965e0835d00,reduction,ONNX-MLIR LLVM,"onnx-mlir version 0.4.2, onnx version 1.21.0 (https://github.com/onnx/onnx-mlir.git 4a13c34aa695b228599d637cdb772c19b4b18dba)",onnx-mlir-llvm,true,,29,50,19361,0.0,0.0,66b7ec1a05cc453f77b3b2b6c0c2fabe4529297d39be17abd865eb099155431b,01550fcfa612494f53f219159a43e5be4245704758de18e8dac4ea9573707bf1,true,20270950
red-l2-last,2fa842e74a5cfcbf59217c4e1d85f7cf2fd11e09dc5ef429f8510965e0835d00,reduction,ONNX-MLIR LLVM,"onnx-mlir version 0.4.2, onnx version 1.21.0 (https://github.com/onnx/onnx-mlir.git 4a13c34aa695b228599d637cdb772c19b4b18dba)",onnx-mlir-llvm,true,,30,50,18971,0.0,0.0,66b7ec1a05cc453f77b3b2b6c0c2fabe4529297d39be17abd865eb099155431b,01550fcfa612494f53f219159a43e5be4245704758de18e8dac4ea9573707bf1,true,20270951
red-l2-last,2fa842e74a5cfcbf59217c4e1d85f7cf2fd11e09dc5ef429f8510965e0835d00,reduction,ONNX-MLIR LLVM,"onnx-mlir version 0.4.2, onnx version 1.21.0 (https://github.com/onnx/onnx-mlir.git 4a13c34aa695b228599d637cdb772c19b4b18dba)",onnx-mlir-llvm,true,,31,50,18876,0.0,0.0,66b7ec1a05cc453f77b3b2b6c0c2fabe4529297d39be17abd865eb099155431b,01550fcfa612494f53f219159a43e5be4245704758de18e8dac4ea9573707bf1,true,20270952
red-l2-last,2fa842e74a5cfcbf59217c4e1d85f7cf2fd11e09dc5ef429f8510965e0835d00,reduction,ONNX-MLIR LLVM,"onnx-mlir version 0.4.2, onnx version 1.21.0 (https://github.com/onnx/onnx-mlir.git 4a13c34aa695b228599d637cdb772c19b4b18dba)",onnx-mlir-llvm,true,,32,50,18599,0.0,0.0,66b7ec1a05cc453f77b3b2b6c0c2fabe4529297d39be17abd865eb099155431b,01550fcfa612494f53f219159a43e5be4245704758de18e8dac4ea9573707bf1,true,20270953
red-l2-last,2fa842e74a5cfcbf59217c4e1d85f7cf2fd11e09dc5ef429f8510965e0835d00,reduction,ONNX-MLIR LLVM,"onnx-mlir version 0.4.2, onnx version 1.21.0 (https://github.com/onnx/onnx-mlir.git 4a13c34aa695b228599d637cdb772c19b4b18dba)",onnx-mlir-llvm,true,,33,50,19234,0.0,0.0,66b7ec1a05cc453f77b3b2b6c0c2fabe4529297d39be17abd865eb099155431b,01550fcfa612494f53f219159a43e5be4245704758de18e8dac4ea9573707bf1,true,20270954
red-l2-last,2fa842e74a5cfcbf59217c4e1d85f7cf2fd11e09dc5ef429f8510965e0835d00,reduction,ONNX-MLIR LLVM,"onnx-mlir version 0.4.2, onnx version 1.21.0 (https://github.com/onnx/onnx-mlir.git 4a13c34aa695b228599d637cdb772c19b4b18dba)",onnx-mlir-llvm,true,,34,50,18586,0.0,0.0,66b7ec1a05cc453f77b3b2b6c0c2fabe4529297d39be17abd865eb099155431b,01550fcfa612494f53f219159a43e5be4245704758de18e8dac4ea9573707bf1,true,20270955
red-l2-last,2fa842e74a5cfcbf59217c4e1d85f7cf2fd11e09dc5ef429f8510965e0835d00,reduction,ONNX-MLIR LLVM,"onnx-mlir version 0.4.2, onnx version 1.21.0 (https://github.com/onnx/onnx-mlir.git 4a13c34aa695b228599d637cdb772c19b4b18dba)",onnx-mlir-llvm,true,,35,50,18013,0.0,0.0,66b7ec1a05cc453f77b3b2b6c0c2fabe4529297d39be17abd865eb099155431b,01550fcfa612494f53f219159a43e5be4245704758de18e8dac4ea9573707bf1,true,20270956
red-l2-last,2fa842e74a5cfcbf59217c4e1d85f7cf2fd11e09dc5ef429f8510965e0835d00,reduction,ONNX-MLIR LLVM,"onnx-mlir version 0.4.2, onnx version 1.21.0 (https://github.com/onnx/onnx-mlir.git 4a13c34aa695b228599d637cdb772c19b4b18dba)",onnx-mlir-llvm,true,,36,50,19060,0.0,0.0,66b7ec1a05cc453f77b3b2b6c0c2fabe4529297d39be17abd865eb099155431b,01550fcfa612494f53f219159a43e5be4245704758de18e8dac4ea9573707bf1,true,20270957
red-l2-last,2fa842e74a5cfcbf59217c4e1d85f7cf2fd11e09dc5ef429f8510965e0835d00,reduction,ONNX-MLIR LLVM,"onnx-mlir version 0.4.2, onnx version 1.21.0 (https://github.com/onnx/onnx-mlir.git 4a13c34aa695b228599d637cdb772c19b4b18dba)",onnx-mlir-llvm,true,,37,50,19098,0.0,0.0,66b7ec1a05cc453f77b3b2b6c0c2fabe4529297d39be17abd865eb099155431b,01550fcfa612494f53f219159a43e5be4245704758de18e8dac4ea9573707bf1,true,20270958
red-l2-last,2fa842e74a5cfcbf59217c4e1d85f7cf2fd11e09dc5ef429f8510965e0835d00,reduction,ONNX-MLIR LLVM,"onnx-mlir version 0.4.2, onnx version 1.21.0 (https://github.com/onnx/onnx-mlir.git 4a13c34aa695b228599d637cdb772c19b4b18dba)",onnx-mlir-llvm,true,,38,50,18420,0.0,0.0,66b7ec1a05cc453f77b3b2b6c0c2fabe4529297d39be17abd865eb099155431b,01550fcfa612494f53f219159a43e5be4245704758de18e8dac4ea9573707bf1,true,20270959
red-l2-last,2fa842e74a5cfcbf59217c4e1d85f7cf2fd11e09dc5ef429f8510965e0835d00,reduction,ONNX-MLIR LLVM,"onnx-mlir version 0.4.2, onnx version 1.21.0 (https://github.com/onnx/onnx-mlir.git 4a13c34aa695b228599d637cdb772c19b4b18dba)",onnx-mlir-llvm,true,,39,50,18832,0.0,0.0,66b7ec1a05cc453f77b3b2b6c0c2fabe4529297d39be17abd865eb099155431b,01550fcfa612494f53f219159a43e5be4245704758de18e8dac4ea9573707bf1,true,20270960
red-l2-last,2fa842e74a5cfcbf59217c4e1d85f7cf2fd11e09dc5ef429f8510965e0835d00,reduction,ONNX-MLIR LLVM,"onnx-mlir version 0.4.2, onnx version 1.21.0 (https://github.com/onnx/onnx-mlir.git 4a13c34aa695b228599d637cdb772c19b4b18dba)",onnx-mlir-llvm,true,,40,50,18535,0.0,0.0,66b7ec1a05cc453f77b3b2b6c0c2fabe4529297d39be17abd865eb099155431b,01550fcfa612494f53f219159a43e5be4245704758de18e8dac4ea9573707bf1,true,20270961
red-l2-last,2fa842e74a5cfcbf59217c4e1d85f7cf2fd11e09dc5ef429f8510965e0835d00,reduction,ONNX-MLIR LLVM,"onnx-mlir version 0.4.2, onnx version 1.21.0 (https://github.com/onnx/onnx-mlir.git 4a13c34aa695b228599d637cdb772c19b4b18dba)",onnx-mlir-llvm,true,,41,50,18690,0.0,0.0,66b7ec1a05cc453f77b3b2b6c0c2fabe4529297d39be17abd865eb099155431b,01550fcfa612494f53f219159a43e5be4245704758de18e8dac4ea9573707bf1,true,20270962
red-l2-last,2fa842e74a5cfcbf59217c4e1d85f7cf2fd11e09dc5ef429f8510965e0835d00,reduction,ONNX-MLIR LLVM,"onnx-mlir version 0.4.2, onnx version 1.21.0 (https://github.com/onnx/onnx-mlir.git 4a13c34aa695b228599d637cdb772c19b4b18dba)",onnx-mlir-llvm,true,,42,50,18628,0.0,0.0,66b7ec1a05cc453f77b3b2b6c0c2fabe4529297d39be17abd865eb099155431b,01550fcfa612494f53f219159a43e5be4245704758de18e8dac4ea9573707bf1,true,20270963
red-l2-last,2fa842e74a5cfcbf59217c4e1d85f7cf2fd11e09dc5ef429f8510965e0835d00,reduction,ONNX-MLIR LLVM,"onnx-mlir version 0.4.2, onnx version 1.21.0 (https://github.com/onnx/onnx-mlir.git 4a13c34aa695b228599d637cdb772c19b4b18dba)",onnx-mlir-llvm,true,,43,50,18560,0.0,0.0,66b7ec1a05cc453f77b3b2b6c0c2fabe4529297d39be17abd865eb099155431b,01550fcfa612494f53f219159a43e5be4245704758de18e8dac4ea9573707bf1,true,20270964
red-l2-last,2fa842e74a5cfcbf59217c4e1d85f7cf2fd11e09dc5ef429f8510965e0835d00,reduction,ONNX-MLIR LLVM,"onnx-mlir version 0.4.2, onnx version 1.21.0 (https://github.com/onnx/onnx-mlir.git 4a13c34aa695b228599d637cdb772c19b4b18dba)",onnx-mlir-llvm,true,,44,50,18549,0.0,0.0,66b7ec1a05cc453f77b3b2b6c0c2fabe4529297d39be17abd865eb099155431b,01550fcfa612494f53f219159a43e5be4245704758de18e8dac4ea9573707bf1,true,20270965
red-l2-last,2fa842e74a5cfcbf59217c4e1d85f7cf2fd11e09dc5ef429f8510965e0835d00,reduction,ONNX-MLIR LLVM,"onnx-mlir version 0.4.2, onnx version 1.21.0 (https://github.com/onnx/onnx-mlir.git 4a13c34aa695b228599d637cdb772c19b4b18dba)",onnx-mlir-llvm,true,,45,50,18523,0.0,0.0,66b7ec1a05cc453f77b3b2b6c0c2fabe4529297d39be17abd865eb099155431b,01550fcfa612494f53f219159a43e5be4245704758de18e8dac4ea9573707bf1,true,20270966
red-l2-last,2fa842e74a5cfcbf59217c4e1d85f7cf2fd11e09dc5ef429f8510965e0835d00,reduction,ONNX-MLIR LLVM,"onnx-mlir version 0.4.2, onnx version 1.21.0 (https://github.com/onnx/onnx-mlir.git 4a13c34aa695b228599d637cdb772c19b4b18dba)",onnx-mlir-llvm,true,,46,50,18441,0.0,0.0,66b7ec1a05cc453f77b3b2b6c0c2fabe4529297d39be17abd865eb099155431b,01550fcfa612494f53f219159a43e5be4245704758de18e8dac4ea9573707bf1,true,20270967
red-l2-last,2fa842e74a5cfcbf59217c4e1d85f7cf2fd11e09dc5ef429f8510965e0835d00,reduction,ONNX-MLIR LLVM,"onnx-mlir version 0.4.2, onnx version 1.21.0 (https://github.com/onnx/onnx-mlir.git 4a13c34aa695b228599d637cdb772c19b4b18dba)",onnx-mlir-llvm,true,,47,50,18626,0.0,0.0,66b7ec1a05cc453f77b3b2b6c0c2fabe4529297d39be17abd865eb099155431b,01550fcfa612494f53f219159a43e5be4245704758de18e8dac4ea9573707bf1,true,20270968
red-l2-last,2fa842e74a5cfcbf59217c4e1d85f7cf2fd11e09dc5ef429f8510965e0835d00,reduction,ONNX-MLIR LLVM,"onnx-mlir version 0.4.2, onnx version 1.21.0 (https://github.com/onnx/onnx-mlir.git 4a13c34aa695b228599d637cdb772c19b4b18dba)",onnx-mlir-llvm,true,,48,50,18948,0.0,0.0,66b7ec1a05cc453f77b3b2b6c0c2fabe4529297d39be17abd865eb099155431b,01550fcfa612494f53f219159a43e5be4245704758de18e8dac4ea9573707bf1,true,20270969
red-l2-last,2fa842e74a5cfcbf59217c4e1d85f7cf2fd11e09dc5ef429f8510965e0835d00,reduction,ONNX-MLIR LLVM,"onnx-mlir version 0.4.2, onnx version 1.21.0 (https://github.com/onnx/onnx-mlir.git 4a13c34aa695b228599d637cdb772c19b4b18dba)",onnx-mlir-llvm,true,,49,50,18845,0.0,0.0,66b7ec1a05cc453f77b3b2b6c0c2fabe4529297d39be17abd865eb099155431b,01550fcfa612494f53f219159a43e5be4245704758de18e8dac4ea9573707bf1,true,20270970
red-l2-last,2fa842e74a5cfcbf59217c4e1d85f7cf2fd11e09dc5ef429f8510965e0835d00,reduction,ONNX-MLIR LLVM,"onnx-mlir version 0.4.2, onnx version 1.21.0 (https://github.com/onnx/onnx-mlir.git 4a13c34aa695b228599d637cdb772c19b4b18dba)",onnx-mlir-llvm,true,,50,50,18359,0.0,0.0,66b7ec1a05cc453f77b3b2b6c0c2fabe4529297d39be17abd865eb099155431b,01550fcfa612494f53f219159a43e5be4245704758de18e8dac4ea9573707bf1,true,20270971
red-l2-last,2fa842e74a5cfcbf59217c4e1d85f7cf2fd11e09dc5ef429f8510965e0835d00,reduction,ONNX-MLIR LLVM,"onnx-mlir version 0.4.2, onnx version 1.21.0 (https://github.com/onnx/onnx-mlir.git 4a13c34aa695b228599d637cdb772c19b4b18dba)",onnx-mlir-llvm,true,,51,50,18180,0.0,0.0,66b7ec1a05cc453f77b3b2b6c0c2fabe4529297d39be17abd865eb099155431b,01550fcfa612494f53f219159a43e5be4245704758de18e8dac4ea9573707bf1,true,20270972
red-l2-last,2fa842e74a5cfcbf59217c4e1d85f7cf2fd11e09dc5ef429f8510965e0835d00,reduction,ONNX-MLIR LLVM,"onnx-mlir version 0.4.2, onnx version 1.21.0 (https://github.com/onnx/onnx-mlir.git 4a13c34aa695b228599d637cdb772c19b4b18dba)",onnx-mlir-llvm,true,,52,50,18361,0.0,0.0,66b7ec1a05cc453f77b3b2b6c0c2fabe4529297d39be17abd865eb099155431b,01550fcfa612494f53f219159a43e5be4245704758de18e8dac4ea9573707bf1,true,20270973
red-l2-last,2fa842e74a5cfcbf59217c4e1d85f7cf2fd11e09dc5ef429f8510965e0835d00,reduction,ONNX-MLIR LLVM,"onnx-mlir version 0.4.2, onnx version 1.21.0 (https://github.com/onnx/onnx-mlir.git 4a13c34aa695b228599d637cdb772c19b4b18dba)",onnx-mlir-llvm,true,,53,50,18148,0.0,0.0,66b7ec1a05cc453f77b3b2b6c0c2fabe4529297d39be17abd865eb099155431b,01550fcfa612494f53f219159a43e5be4245704758de18e8dac4ea9573707bf1,true,20270974
red-l2-last,2fa842e74a5cfcbf59217c4e1d85f7cf2fd11e09dc5ef429f8510965e0835d00,reduction,ONNX-MLIR LLVM,"onnx-mlir version 0.4.2, onnx version 1.21.0 (https://github.com/onnx/onnx-mlir.git 4a13c34aa695b228599d637cdb772c19b4b18dba)",onnx-mlir-llvm,true,,54,50,18249,0.0,0.0,66b7ec1a05cc453f77b3b2b6c0c2fabe4529297d39be17abd865eb099155431b,01550fcfa612494f53f219159a43e5be4245704758de18e8dac4ea9573707bf1,true,20270975
red-l2-last,2fa842e74a5cfcbf59217c4e1d85f7cf2fd11e09dc5ef429f8510965e0835d00,reduction,ONNX-MLIR LLVM,"onnx-mlir version 0.4.2, onnx version 1.21.0 (https://github.com/onnx/onnx-mlir.git 4a13c34aa695b228599d637cdb772c19b4b18dba)",onnx-mlir-llvm,true,,55,50,18040,0.0,0.0,66b7ec1a05cc453f77b3b2b6c0c2fabe4529297d39be17abd865eb099155431b,01550fcfa612494f53f219159a43e5be4245704758de18e8dac4ea9573707bf1,true,20270976
red-l2-last,2fa842e74a5cfcbf59217c4e1d85f7cf2fd11e09dc5ef429f8510965e0835d00,reduction,ONNX-MLIR LLVM,"onnx-mlir version 0.4.2, onnx version 1.21.0 (https://github.com/onnx/onnx-mlir.git 4a13c34aa695b228599d637cdb772c19b4b18dba)",onnx-mlir-llvm,true,,56,50,18072,0.0,0.0,66b7ec1a05cc453f77b3b2b6c0c2fabe4529297d39be17abd865eb099155431b,01550fcfa612494f53f219159a43e5be4245704758de18e8dac4ea9573707bf1,true,20270977
red-l2-last,2fa842e74a5cfcbf59217c4e1d85f7cf2fd11e09dc5ef429f8510965e0835d00,reduction,ONNX-MLIR LLVM,"onnx-mlir version 0.4.2, onnx version 1.21.0 (https://github.com/onnx/onnx-mlir.git 4a13c34aa695b228599d637cdb772c19b4b18dba)",onnx-mlir-llvm,true,,57,50,18848,0.0,0.0,66b7ec1a05cc453f77b3b2b6c0c2fabe4529297d39be17abd865eb099155431b,01550fcfa612494f53f219159a43e5be4245704758de18e8dac4ea9573707bf1,true,20270978
red-l2-last,2fa842e74a5cfcbf59217c4e1d85f7cf2fd11e09dc5ef429f8510965e0835d00,reduction,ONNX-MLIR LLVM,"onnx-mlir version 0.4.2, onnx version 1.21.0 (https://github.com/onnx/onnx-mlir.git 4a13c34aa695b228599d637cdb772c19b4b18dba)",onnx-mlir-llvm,true,,58,50,18341,0.0,0.0,66b7ec1a05cc453f77b3b2b6c0c2fabe4529297d39be17abd865eb099155431b,01550fcfa612494f53f219159a43e5be4245704758de18e8dac4ea9573707bf1,true,20270979
red-l2-last,2fa842e74a5cfcbf59217c4e1d85f7cf2fd11e09dc5ef429f8510965e0835d00,reduction,ONNX-MLIR LLVM,"onnx-mlir version 0.4.2, onnx version 1.21.0 (https://github.com/onnx/onnx-mlir.git 4a13c34aa695b228599d637cdb772c19b4b18dba)",onnx-mlir-llvm,true,,59,50,18139,0.0,0.0,66b7ec1a05cc453f77b3b2b6c0c2fabe4529297d39be17abd865eb099155431b,01550fcfa612494f53f219159a43e5be4245704758de18e8dac4ea9573707bf1,true,20270980
red-l2-last,2fa842e74a5cfcbf59217c4e1d85f7cf2fd11e09dc5ef429f8510965e0835d00,reduction,ONNX-MLIR LLVM,"onnx-mlir version 0.4.2, onnx version 1.21.0 (https://github.com/onnx/onnx-mlir.git 4a13c34aa695b228599d637cdb772c19b4b18dba)",onnx-mlir-llvm,true,,60,50,18090,0.0,0.0,66b7ec1a05cc453f77b3b2b6c0c2fabe4529297d39be17abd865eb099155431b,01550fcfa612494f53f219159a43e5be4245704758de18e8dac4ea9573707bf1,true,20270981
red-l2-last,2fa842e74a5cfcbf59217c4e1d85f7cf2fd11e09dc5ef429f8510965e0835d00,reduction,ONNX-MLIR LLVM,"onnx-mlir version 0.4.2, onnx version 1.21.0 (https://github.com/onnx/onnx-mlir.git 4a13c34aa695b228599d637cdb772c19b4b18dba)",onnx-mlir-llvm,true,,61,50,18384,0.0,0.0,66b7ec1a05cc453f77b3b2b6c0c2fabe4529297d39be17abd865eb099155431b,01550fcfa612494f53f219159a43e5be4245704758de18e8dac4ea9573707bf1,true,20270982
red-l2-last,2fa842e74a5cfcbf59217c4e1d85f7cf2fd11e09dc5ef429f8510965e0835d00,reduction,ONNX-MLIR LLVM,"onnx-mlir version 0.4.2, onnx version 1.21.0 (https://github.com/onnx/onnx-mlir.git 4a13c34aa695b228599d637cdb772c19b4b18dba)",onnx-mlir-llvm,true,,62,50,18016,0.0,0.0,66b7ec1a05cc453f77b3b2b6c0c2fabe4529297d39be17abd865eb099155431b,01550fcfa612494f53f219159a43e5be4245704758de18e8dac4ea9573707bf1,true,20270983
red-l2-last,2fa842e74a5cfcbf59217c4e1d85f7cf2fd11e09dc5ef429f8510965e0835d00,reduction,ONNX-MLIR LLVM,"onnx-mlir version 0.4.2, onnx version 1.21.0 (https://github.com/onnx/onnx-mlir.git 4a13c34aa695b228599d637cdb772c19b4b18dba)",onnx-mlir-llvm,true,,63,50,18130,0.0,0.0,66b7ec1a05cc453f77b3b2b6c0c2fabe4529297d39be17abd865eb099155431b,01550fcfa612494f53f219159a43e5be4245704758de18e8dac4ea9573707bf1,true,20270984
red-l2-last,2fa842e74a5cfcbf59217c4e1d85f7cf2fd11e09dc5ef429f8510965e0835d00,reduction,ONNX-MLIR LLVM,"onnx-mlir version 0.4.2, onnx version 1.21.0 (https://github.com/onnx/onnx-mlir.git 4a13c34aa695b228599d637cdb772c19b4b18dba)",onnx-mlir-llvm,true,,64,50,18411,0.0,0.0,66b7ec1a05cc453f77b3b2b6c0c2fabe4529297d39be17abd865eb099155431b,01550fcfa612494f53f219159a43e5be4245704758de18e8dac4ea9573707bf1,true,20270985
red-l2-last,2fa842e74a5cfcbf59217c4e1d85f7cf2fd11e09dc5ef429f8510965e0835d00,reduction,ONNX-MLIR LLVM,"onnx-mlir version 0.4.2, onnx version 1.21.0 (https://github.com/onnx/onnx-mlir.git 4a13c34aa695b228599d637cdb772c19b4b18dba)",onnx-mlir-llvm,true,,65,50,18743,0.0,0.0,66b7ec1a05cc453f77b3b2b6c0c2fabe4529297d39be17abd865eb099155431b,01550fcfa612494f53f219159a43e5be4245704758de18e8dac4ea9573707bf1,true,20270986
red-l2-last,2fa842e74a5cfcbf59217c4e1d85f7cf2fd11e09dc5ef429f8510965e0835d00,reduction,ONNX-MLIR LLVM,"onnx-mlir version 0.4.2, onnx version 1.21.0 (https://github.com/onnx/onnx-mlir.git 4a13c34aa695b228599d637cdb772c19b4b18dba)",onnx-mlir-llvm,true,,66,50,20938,0.0,0.0,66b7ec1a05cc453f77b3b2b6c0c2fabe4529297d39be17abd865eb099155431b,01550fcfa612494f53f219159a43e5be4245704758de18e8dac4ea9573707bf1,true,20270987
red-l2-last,2fa842e74a5cfcbf59217c4e1d85f7cf2fd11e09dc5ef429f8510965e0835d00,reduction,ONNX-MLIR LLVM,"onnx-mlir version 0.4.2, onnx version 1.21.0 (https://github.com/onnx/onnx-mlir.git 4a13c34aa695b228599d637cdb772c19b4b18dba)",onnx-mlir-llvm,true,,67,50,18761,0.0,0.0,66b7ec1a05cc453f77b3b2b6c0c2fabe4529297d39be17abd865eb099155431b,01550fcfa612494f53f219159a43e5be4245704758de18e8dac4ea9573707bf1,true,20270988
red-l2-last,2fa842e74a5cfcbf59217c4e1d85f7cf2fd11e09dc5ef429f8510965e0835d00,reduction,ONNX-MLIR LLVM,"onnx-mlir version 0.4.2, onnx version 1.21.0 (https://github.com/onnx/onnx-mlir.git 4a13c34aa695b228599d637cdb772c19b4b18dba)",onnx-mlir-llvm,true,,68,50,18633,0.0,0.0,66b7ec1a05cc453f77b3b2b6c0c2fabe4529297d39be17abd865eb099155431b,01550fcfa612494f53f219159a43e5be4245704758de18e8dac4ea9573707bf1,true,20270989
red-l2-last,2fa842e74a5cfcbf59217c4e1d85f7cf2fd11e09dc5ef429f8510965e0835d00,reduction,ONNX-MLIR LLVM,"onnx-mlir version 0.4.2, onnx version 1.21.0 (https://github.com/onnx/onnx-mlir.git 4a13c34aa695b228599d637cdb772c19b4b18dba)",onnx-mlir-llvm,true,,69,50,18155,0.0,0.0,66b7ec1a05cc453f77b3b2b6c0c2fabe4529297d39be17abd865eb099155431b,01550fcfa612494f53f219159a43e5be4245704758de18e8dac4ea9573707bf1,true,20270990
red-l2-last,2fa842e74a5cfcbf59217c4e1d85f7cf2fd11e09dc5ef429f8510965e0835d00,reduction,ONNX-MLIR LLVM,"onnx-mlir version 0.4.2, onnx version 1.21.0 (https://github.com/onnx/onnx-mlir.git 4a13c34aa695b228599d637cdb772c19b4b18dba)",onnx-mlir-llvm,true,,70,50,18044,0.0,0.0,66b7ec1a05cc453f77b3b2b6c0c2fabe4529297d39be17abd865eb099155431b,01550fcfa612494f53f219159a43e5be4245704758de18e8dac4ea9573707bf1,true,20270991
red-l2-last,2fa842e74a5cfcbf59217c4e1d85f7cf2fd11e09dc5ef429f8510965e0835d00,reduction,ONNX-MLIR LLVM,"onnx-mlir version 0.4.2, onnx version 1.21.0 (https://github.com/onnx/onnx-mlir.git 4a13c34aa695b228599d637cdb772c19b4b18dba)",onnx-mlir-llvm,true,,71,50,18685,0.0,0.0,66b7ec1a05cc453f77b3b2b6c0c2fabe4529297d39be17abd865eb099155431b,01550fcfa612494f53f219159a43e5be4245704758de18e8dac4ea9573707bf1,true,20270992
red-l2-last,2fa842e74a5cfcbf59217c4e1d85f7cf2fd11e09dc5ef429f8510965e0835d00,reduction,ONNX-MLIR LLVM,"onnx-mlir version 0.4.2, onnx version 1.21.0 (https://github.com/onnx/onnx-mlir.git 4a13c34aa695b228599d637cdb772c19b4b18dba)",onnx-mlir-llvm,true,,72,50,18488,0.0,0.0,66b7ec1a05cc453f77b3b2b6c0c2fabe4529297d39be17abd865eb099155431b,01550fcfa612494f53f219159a43e5be4245704758de18e8dac4ea9573707bf1,true,20270993
red-l2-last,2fa842e74a5cfcbf59217c4e1d85f7cf2fd11e09dc5ef429f8510965e0835d00,reduction,ONNX-MLIR LLVM,"onnx-mlir version 0.4.2, onnx version 1.21.0 (https://github.com/onnx/onnx-mlir.git 4a13c34aa695b228599d637cdb772c19b4b18dba)",onnx-mlir-llvm,true,,73,50,18382,0.0,0.0,66b7ec1a05cc453f77b3b2b6c0c2fabe4529297d39be17abd865eb099155431b,01550fcfa612494f53f219159a43e5be4245704758de18e8dac4ea9573707bf1,true,20270994
red-l2-last,2fa842e74a5cfcbf59217c4e1d85f7cf2fd11e09dc5ef429f8510965e0835d00,reduction,ONNX-MLIR LLVM,"onnx-mlir version 0.4.2, onnx version 1.21.0 (https://github.com/onnx/onnx-mlir.git 4a13c34aa695b228599d637cdb772c19b4b18dba)",onnx-mlir-llvm,true,,74,50,18426,0.0,0.0,66b7ec1a05cc453f77b3b2b6c0c2fabe4529297d39be17abd865eb099155431b,01550fcfa612494f53f219159a43e5be4245704758de18e8dac4ea9573707bf1,true,20270995
red-l2-last,2fa842e74a5cfcbf59217c4e1d85f7cf2fd11e09dc5ef429f8510965e0835d00,reduction,ONNX-MLIR LLVM,"onnx-mlir version 0.4.2, onnx version 1.21.0 (https://github.com/onnx/onnx-mlir.git 4a13c34aa695b228599d637cdb772c19b4b18dba)",onnx-mlir-llvm,true,,75,50,19144,0.0,0.0,66b7ec1a05cc453f77b3b2b6c0c2fabe4529297d39be17abd865eb099155431b,01550fcfa612494f53f219159a43e5be4245704758de18e8dac4ea9573707bf1,true,20270996
red-l2-last,2fa842e74a5cfcbf59217c4e1d85f7cf2fd11e09dc5ef429f8510965e0835d00,reduction,ONNX-MLIR LLVM,"onnx-mlir version 0.4.2, onnx version 1.21.0 (https://github.com/onnx/onnx-mlir.git 4a13c34aa695b228599d637cdb772c19b4b18dba)",onnx-mlir-llvm,true,,76,50,18171,0.0,0.0,66b7ec1a05cc453f77b3b2b6c0c2fabe4529297d39be17abd865eb099155431b,01550fcfa612494f53f219159a43e5be4245704758de18e8dac4ea9573707bf1,true,20270997
red-l2-last,2fa842e74a5cfcbf59217c4e1d85f7cf2fd11e09dc5ef429f8510965e0835d00,reduction,ONNX-MLIR LLVM,"onnx-mlir version 0.4.2, onnx version 1.21.0 (https://github.com/onnx/onnx-mlir.git 4a13c34aa695b228599d637cdb772c19b4b18dba)",onnx-mlir-llvm,true,,77,50,18540,0.0,0.0,66b7ec1a05cc453f77b3b2b6c0c2fabe4529297d39be17abd865eb099155431b,01550fcfa612494f53f219159a43e5be4245704758de18e8dac4ea9573707bf1,true,20270998
red-l2-last,2fa842e74a5cfcbf59217c4e1d85f7cf2fd11e09dc5ef429f8510965e0835d00,reduction,ONNX-MLIR LLVM,"onnx-mlir version 0.4.2, onnx version 1.21.0 (https://github.com/onnx/onnx-mlir.git 4a13c34aa695b228599d637cdb772c19b4b18dba)",onnx-mlir-llvm,true,,78,50,18194,0.0,0.0,66b7ec1a05cc453f77b3b2b6c0c2fabe4529297d39be17abd865eb099155431b,01550fcfa612494f53f219159a43e5be4245704758de18e8dac4ea9573707bf1,true,20270999
red-l2-last,2fa842e74a5cfcbf59217c4e1d85f7cf2fd11e09dc5ef429f8510965e0835d00,reduction,ONNX-MLIR LLVM,"onnx-mlir version 0.4.2, onnx version 1.21.0 (https://github.com/onnx/onnx-mlir.git 4a13c34aa695b228599d637cdb772c19b4b18dba)",onnx-mlir-llvm,true,,79,50,18011,0.0,0.0,66b7ec1a05cc453f77b3b2b6c0c2fabe4529297d39be17abd865eb099155431b,01550fcfa612494f53f219159a43e5be4245704758de18e8dac4ea9573707bf1,true,20271000
red-l2-last,2fa842e74a5cfcbf59217c4e1d85f7cf2fd11e09dc5ef429f8510965e0835d00,reduction,ONNX-MLIR LLVM,"onnx-mlir version 0.4.2, onnx version 1.21.0 (https://github.com/onnx/onnx-mlir.git 4a13c34aa695b228599d637cdb772c19b4b18dba)",onnx-mlir-llvm,true,,80,50,18132,0.0,0.0,66b7ec1a05cc453f77b3b2b6c0c2fabe4529297d39be17abd865eb099155431b,01550fcfa612494f53f219159a43e5be4245704758de18e8dac4ea9573707bf1,true,20271001
red-l2-last,2fa842e74a5cfcbf59217c4e1d85f7cf2fd11e09dc5ef429f8510965e0835d00,reduction,ONNX-MLIR LLVM,"onnx-mlir version 0.4.2, onnx version 1.21.0 (https://github.com/onnx/onnx-mlir.git 4a13c34aa695b228599d637cdb772c19b4b18dba)",onnx-mlir-llvm,true,,81,50,18135,0.0,0.0,66b7ec1a05cc453f77b3b2b6c0c2fabe4529297d39be17abd865eb099155431b,01550fcfa612494f53f219159a43e5be4245704758de18e8dac4ea9573707bf1,true,20271002
red-l2-last,2fa842e74a5cfcbf59217c4e1d85f7cf2fd11e09dc5ef429f8510965e0835d00,reduction,ONNX-MLIR LLVM,"onnx-mlir version 0.4.2, onnx version 1.21.0 (https://github.com/onnx/onnx-mlir.git 4a13c34aa695b228599d637cdb772c19b4b18dba)",onnx-mlir-llvm,true,,82,50,18005,0.0,0.0,66b7ec1a05cc453f77b3b2b6c0c2fabe4529297d39be17abd865eb099155431b,01550fcfa612494f53f219159a43e5be4245704758de18e8dac4ea9573707bf1,true,20271003
red-l2-last,2fa842e74a5cfcbf59217c4e1d85f7cf2fd11e09dc5ef429f8510965e0835d00,reduction,ONNX-MLIR LLVM,"onnx-mlir version 0.4.2, onnx version 1.21.0 (https://github.com/onnx/onnx-mlir.git 4a13c34aa695b228599d637cdb772c19b4b18dba)",onnx-mlir-llvm,true,,83,50,18700,0.0,0.0,66b7ec1a05cc453f77b3b2b6c0c2fabe4529297d39be17abd865eb099155431b,01550fcfa612494f53f219159a43e5be4245704758de18e8dac4ea9573707bf1,true,20271004
red-l2-last,2fa842e74a5cfcbf59217c4e1d85f7cf2fd11e09dc5ef429f8510965e0835d00,reduction,ONNX-MLIR LLVM,"onnx-mlir version 0.4.2, onnx version 1.21.0 (https://github.com/onnx/onnx-mlir.git 4a13c34aa695b228599d637cdb772c19b4b18dba)",onnx-mlir-llvm,true,,84,50,19158,0.0,0.0,66b7ec1a05cc453f77b3b2b6c0c2fabe4529297d39be17abd865eb099155431b,01550fcfa612494f53f219159a43e5be4245704758de18e8dac4ea9573707bf1,true,20271005
red-l2-last,2fa842e74a5cfcbf59217c4e1d85f7cf2fd11e09dc5ef429f8510965e0835d00,reduction,ONNX-MLIR LLVM,"onnx-mlir version 0.4.2, onnx version 1.21.0 (https://github.com/onnx/onnx-mlir.git 4a13c34aa695b228599d637cdb772c19b4b18dba)",onnx-mlir-llvm,true,,85,50,18851,0.0,0.0,66b7ec1a05cc453f77b3b2b6c0c2fabe4529297d39be17abd865eb099155431b,01550fcfa612494f53f219159a43e5be4245704758de18e8dac4ea9573707bf1,true,20271006
red-l2-last,2fa842e74a5cfcbf59217c4e1d85f7cf2fd11e09dc5ef429f8510965e0835d00,reduction,ONNX-MLIR LLVM,"onnx-mlir version 0.4.2, onnx version 1.21.0 (https://github.com/onnx/onnx-mlir.git 4a13c34aa695b228599d637cdb772c19b4b18dba)",onnx-mlir-llvm,true,,86,50,18566,0.0,0.0,66b7ec1a05cc453f77b3b2b6c0c2fabe4529297d39be17abd865eb099155431b,01550fcfa612494f53f219159a43e5be4245704758de18e8dac4ea9573707bf1,true,20271007
red-l2-last,2fa842e74a5cfcbf59217c4e1d85f7cf2fd11e09dc5ef429f8510965e0835d00,reduction,ONNX-MLIR LLVM,"onnx-mlir version 0.4.2, onnx version 1.21.0 (https://github.com/onnx/onnx-mlir.git 4a13c34aa695b228599d637cdb772c19b4b18dba)",onnx-mlir-llvm,true,,87,50,17990,0.0,0.0,66b7ec1a05cc453f77b3b2b6c0c2fabe4529297d39be17abd865eb099155431b,01550fcfa612494f53f219159a43e5be4245704758de18e8dac4ea9573707bf1,true,20271008
red-l2-last,2fa842e74a5cfcbf59217c4e1d85f7cf2fd11e09dc5ef429f8510965e0835d00,reduction,ONNX-MLIR LLVM,"onnx-mlir version 0.4.2, onnx version 1.21.0 (https://github.com/onnx/onnx-mlir.git 4a13c34aa695b228599d637cdb772c19b4b18dba)",onnx-mlir-llvm,true,,88,50,18064,0.0,0.0,66b7ec1a05cc453f77b3b2b6c0c2fabe4529297d39be17abd865eb099155431b,01550fcfa612494f53f219159a43e5be4245704758de18e8dac4ea9573707bf1,true,20271009
red-l2-last,2fa842e74a5cfcbf59217c4e1d85f7cf2fd11e09dc5ef429f8510965e0835d00,reduction,ONNX-MLIR LLVM,"onnx-mlir version 0.4.2, onnx version 1.21.0 (https://github.com/onnx/onnx-mlir.git 4a13c34aa695b228599d637cdb772c19b4b18dba)",onnx-mlir-llvm,true,,89,50,18253,0.0,0.0,66b7ec1a05cc453f77b3b2b6c0c2fabe4529297d39be17abd865eb099155431b,01550fcfa612494f53f219159a43e5be4245704758de18e8dac4ea9573707bf1,true,20271010
red-l2-last,2fa842e74a5cfcbf59217c4e1d85f7cf2fd11e09dc5ef429f8510965e0835d00,reduction,ONNX-MLIR LLVM,"onnx-mlir version 0.4.2, onnx version 1.21.0 (https://github.com/onnx/onnx-mlir.git 4a13c34aa695b228599d637cdb772c19b4b18dba)",onnx-mlir-llvm,true,,90,50,18410,0.0,0.0,66b7ec1a05cc453f77b3b2b6c0c2fabe4529297d39be17abd865eb099155431b,01550fcfa612494f53f219159a43e5be4245704758de18e8dac4ea9573707bf1,true,20271011
red-l2-last,2fa842e74a5cfcbf59217c4e1d85f7cf2fd11e09dc5ef429f8510965e0835d00,reduction,ONNX-MLIR LLVM,"onnx-mlir version 0.4.2, onnx version 1.21.0 (https://github.com/onnx/onnx-mlir.git 4a13c34aa695b228599d637cdb772c19b4b18dba)",onnx-mlir-llvm,true,,91,50,18153,0.0,0.0,66b7ec1a05cc453f77b3b2b6c0c2fabe4529297d39be17abd865eb099155431b,01550fcfa612494f53f219159a43e5be4245704758de18e8dac4ea9573707bf1,true,20271012
red-l2-last,2fa842e74a5cfcbf59217c4e1d85f7cf2fd11e09dc5ef429f8510965e0835d00,reduction,ONNX-MLIR LLVM,"onnx-mlir version 0.4.2, onnx version 1.21.0 (https://github.com/onnx/onnx-mlir.git 4a13c34aa695b228599d637cdb772c19b4b18dba)",onnx-mlir-llvm,true,,92,50,18405,0.0,0.0,66b7ec1a05cc453f77b3b2b6c0c2fabe4529297d39be17abd865eb099155431b,01550fcfa612494f53f219159a43e5be4245704758de18e8dac4ea9573707bf1,true,20271013
red-l2-last,2fa842e74a5cfcbf59217c4e1d85f7cf2fd11e09dc5ef429f8510965e0835d00,reduction,ONNX-MLIR LLVM,"onnx-mlir version 0.4.2, onnx version 1.21.0 (https://github.com/onnx/onnx-mlir.git 4a13c34aa695b228599d637cdb772c19b4b18dba)",onnx-mlir-llvm,true,,93,50,19314,0.0,0.0,66b7ec1a05cc453f77b3b2b6c0c2fabe4529297d39be17abd865eb099155431b,01550fcfa612494f53f219159a43e5be4245704758de18e8dac4ea9573707bf1,true,20271014
red-l2-last,2fa842e74a5cfcbf59217c4e1d85f7cf2fd11e09dc5ef429f8510965e0835d00,reduction,ONNX-MLIR LLVM,"onnx-mlir version 0.4.2, onnx version 1.21.0 (https://github.com/onnx/onnx-mlir.git 4a13c34aa695b228599d637cdb772c19b4b18dba)",onnx-mlir-llvm,true,,94,50,18725,0.0,0.0,66b7ec1a05cc453f77b3b2b6c0c2fabe4529297d39be17abd865eb099155431b,01550fcfa612494f53f219159a43e5be4245704758de18e8dac4ea9573707bf1,true,20271015
red-l2-last,2fa842e74a5cfcbf59217c4e1d85f7cf2fd11e09dc5ef429f8510965e0835d00,reduction,ONNX-MLIR LLVM,"onnx-mlir version 0.4.2, onnx version 1.21.0 (https://github.com/onnx/onnx-mlir.git 4a13c34aa695b228599d637cdb772c19b4b18dba)",onnx-mlir-llvm,true,,95,50,18147,0.0,0.0,66b7ec1a05cc453f77b3b2b6c0c2fabe4529297d39be17abd865eb099155431b,01550fcfa612494f53f219159a43e5be4245704758de18e8dac4ea9573707bf1,true,20271016
red-l2-last,2fa842e74a5cfcbf59217c4e1d85f7cf2fd11e09dc5ef429f8510965e0835d00,reduction,ONNX-MLIR LLVM,"onnx-mlir version 0.4.2, onnx version 1.21.0 (https://github.com/onnx/onnx-mlir.git 4a13c34aa695b228599d637cdb772c19b4b18dba)",onnx-mlir-llvm,true,,96,50,18295,0.0,0.0,66b7ec1a05cc453f77b3b2b6c0c2fabe4529297d39be17abd865eb099155431b,01550fcfa612494f53f219159a43e5be4245704758de18e8dac4ea9573707bf1,true,20271017
red-l2-last,2fa842e74a5cfcbf59217c4e1d85f7cf2fd11e09dc5ef429f8510965e0835d00,reduction,ONNX-MLIR LLVM,"onnx-mlir version 0.4.2, onnx version 1.21.0 (https://github.com/onnx/onnx-mlir.git 4a13c34aa695b228599d637cdb772c19b4b18dba)",onnx-mlir-llvm,true,,97,50,18145,0.0,0.0,66b7ec1a05cc453f77b3b2b6c0c2fabe4529297d39be17abd865eb099155431b,01550fcfa612494f53f219159a43e5be4245704758de18e8dac4ea9573707bf1,true,20271018
red-l2-last,2fa842e74a5cfcbf59217c4e1d85f7cf2fd11e09dc5ef429f8510965e0835d00,reduction,ONNX-MLIR LLVM,"onnx-mlir version 0.4.2, onnx version 1.21.0 (https://github.com/onnx/onnx-mlir.git 4a13c34aa695b228599d637cdb772c19b4b18dba)",onnx-mlir-llvm,true,,98,50,18428,0.0,0.0,66b7ec1a05cc453f77b3b2b6c0c2fabe4529297d39be17abd865eb099155431b,01550fcfa612494f53f219159a43e5be4245704758de18e8dac4ea9573707bf1,true,20271019
red-l2-last,2fa842e74a5cfcbf59217c4e1d85f7cf2fd11e09dc5ef429f8510965e0835d00,reduction,ONNX-MLIR LLVM,"onnx-mlir version 0.4.2, onnx version 1.21.0 (https://github.com/onnx/onnx-mlir.git 4a13c34aa695b228599d637cdb772c19b4b18dba)",onnx-mlir-llvm,true,,99,50,18370,0.0,0.0,66b7ec1a05cc453f77b3b2b6c0c2fabe4529297d39be17abd865eb099155431b,01550fcfa612494f53f219159a43e5be4245704758de18e8dac4ea9573707bf1,true,20271020
