path,system,system_revision,subject,subject_hash,total_ops,affected_ops,edit_class,edit_scope,edit_site,policy,stage,iteration,wall_ns,visited_ops,executed_stages,total_stages,artifact_bytes,output_digest,correct,seed
matched,Joggle,da476ab0afe8d44c9b294c59b39ba82219f3522c,efficientnet-lite4-11-int8,910b599a335fdb006b4687e8fbbc9b898df9dafd51b64675e8627a1c639a47b9,3679,1,operation_metadata,affected,late,full,all,0,99115791,18395,5,5,0,de277d00d73e4d13,true,1701
matched,Joggle,da476ab0afe8d44c9b294c59b39ba82219f3522c,efficientnet-lite4-11-int8,910b599a335fdb006b4687e8fbbc9b898df9dafd51b64675e8627a1c639a47b9,3679,1,operation_metadata,affected,late,full,all,1,99161458,18395,5,5,0,5385dea131e43e4a,true,1701
matched,Joggle,da476ab0afe8d44c9b294c59b39ba82219f3522c,efficientnet-lite4-11-int8,910b599a335fdb006b4687e8fbbc9b898df9dafd51b64675e8627a1c639a47b9,3679,1,operation_metadata,affected,late,full,all,2,100525959,18395,5,5,0,a10090d827f4c059,true,1701
matched,Joggle,da476ab0afe8d44c9b294c59b39ba82219f3522c,efficientnet-lite4-11-int8,910b599a335fdb006b4687e8fbbc9b898df9dafd51b64675e8627a1c639a47b9,3679,1,operation_metadata,affected,late,full,all,3,100159667,18395,5,5,0,0581dbfe13baf168,true,1701
matched,Joggle,da476ab0afe8d44c9b294c59b39ba82219f3522c,efficientnet-lite4-11-int8,910b599a335fdb006b4687e8fbbc9b898df9dafd51b64675e8627a1c639a47b9,3679,1,operation_metadata,affected,late,full,all,4,98670500,18395,5,5,0,2a5d66d78663d177,true,1701
matched,Joggle,da476ab0afe8d44c9b294c59b39ba82219f3522c,efficientnet-lite4-11-int8,910b599a335fdb006b4687e8fbbc9b898df9dafd51b64675e8627a1c639a47b9,3679,1,operation_metadata,affected,late,full,all,5,100400875,18395,5,5,0,dac18372cc4b113e,true,1701
matched,Joggle,da476ab0afe8d44c9b294c59b39ba82219f3522c,efficientnet-lite4-11-int8,910b599a335fdb006b4687e8fbbc9b898df9dafd51b64675e8627a1c639a47b9,3679,1,operation_metadata,affected,late,full,all,6,99899667,18395,5,5,0,8660ea43edb6e794,true,1701
matched,Joggle,da476ab0afe8d44c9b294c59b39ba82219f3522c,efficientnet-lite4-11-int8,910b599a335fdb006b4687e8fbbc9b898df9dafd51b64675e8627a1c639a47b9,3679,1,operation_metadata,affected,late,full,all,7,99827542,18395,5,5,0,c53935d223007ed5,true,1701
matched,Joggle,da476ab0afe8d44c9b294c59b39ba82219f3522c,efficientnet-lite4-11-int8,910b599a335fdb006b4687e8fbbc9b898df9dafd51b64675e8627a1c639a47b9,3679,1,operation_metadata,affected,late,full,all,8,100071000,18395,5,5,0,7dd9f6d7f6861d06,true,1701
matched,Joggle,da476ab0afe8d44c9b294c59b39ba82219f3522c,efficientnet-lite4-11-int8,910b599a335fdb006b4687e8fbbc9b898df9dafd51b64675e8627a1c639a47b9,3679,1,operation_metadata,affected,late,full,all,9,100186708,18395,5,5,0,0662fb1f2b6ba4ff,true,1701
matched,Joggle,da476ab0afe8d44c9b294c59b39ba82219f3522c,efficientnet-lite4-11-int8,910b599a335fdb006b4687e8fbbc9b898df9dafd51b64675e8627a1c639a47b9,3679,1,operation_metadata,unrelated,late,full,all,0,102458917,18395,5,5,0,69118f7b801fe880,true,1701
matched,Joggle,da476ab0afe8d44c9b294c59b39ba82219f3522c,efficientnet-lite4-11-int8,910b599a335fdb006b4687e8fbbc9b898df9dafd51b64675e8627a1c639a47b9,3679,1,operation_metadata,unrelated,late,full,all,1,102393083,18395,5,5,0,69118f7b801fe880,true,1701
matched,Joggle,da476ab0afe8d44c9b294c59b39ba82219f3522c,efficientnet-lite4-11-int8,910b599a335fdb006b4687e8fbbc9b898df9dafd51b64675e8627a1c639a47b9,3679,1,operation_metadata,unrelated,late,full,all,2,99634208,18395,5,5,0,69118f7b801fe880,true,1701
matched,Joggle,da476ab0afe8d44c9b294c59b39ba82219f3522c,efficientnet-lite4-11-int8,910b599a335fdb006b4687e8fbbc9b898df9dafd51b64675e8627a1c639a47b9,3679,1,operation_metadata,unrelated,late,full,all,3,110294042,18395,5,5,0,69118f7b801fe880,true,1701
matched,Joggle,da476ab0afe8d44c9b294c59b39ba82219f3522c,efficientnet-lite4-11-int8,910b599a335fdb006b4687e8fbbc9b898df9dafd51b64675e8627a1c639a47b9,3679,1,operation_metadata,unrelated,late,full,all,4,101185875,18395,5,5,0,69118f7b801fe880,true,1701
matched,Joggle,da476ab0afe8d44c9b294c59b39ba82219f3522c,efficientnet-lite4-11-int8,910b599a335fdb006b4687e8fbbc9b898df9dafd51b64675e8627a1c639a47b9,3679,1,operation_metadata,unrelated,late,full,all,5,100682291,18395,5,5,0,69118f7b801fe880,true,1701
matched,Joggle,da476ab0afe8d44c9b294c59b39ba82219f3522c,efficientnet-lite4-11-int8,910b599a335fdb006b4687e8fbbc9b898df9dafd51b64675e8627a1c639a47b9,3679,1,operation_metadata,unrelated,late,full,all,6,100087167,18395,5,5,0,69118f7b801fe880,true,1701
matched,Joggle,da476ab0afe8d44c9b294c59b39ba82219f3522c,efficientnet-lite4-11-int8,910b599a335fdb006b4687e8fbbc9b898df9dafd51b64675e8627a1c639a47b9,3679,1,operation_metadata,unrelated,late,full,all,7,100629500,18395,5,5,0,69118f7b801fe880,true,1701
matched,Joggle,da476ab0afe8d44c9b294c59b39ba82219f3522c,efficientnet-lite4-11-int8,910b599a335fdb006b4687e8fbbc9b898df9dafd51b64675e8627a1c639a47b9,3679,1,operation_metadata,unrelated,late,full,all,8,101120375,18395,5,5,0,69118f7b801fe880,true,1701
matched,Joggle,da476ab0afe8d44c9b294c59b39ba82219f3522c,efficientnet-lite4-11-int8,910b599a335fdb006b4687e8fbbc9b898df9dafd51b64675e8627a1c639a47b9,3679,1,operation_metadata,unrelated,late,full,all,9,100380667,18395,5,5,0,69118f7b801fe880,true,1701
matched,Joggle,da476ab0afe8d44c9b294c59b39ba82219f3522c,mobilenetv2-7,8f78e569922a964ef0c303e08cf82f01d4891f97a2ac87fa6061f8a987924a5a,1655,155,operation_metadata,affected,early,full,all,0,46388250,8275,5,5,0,9e321b0c07d33876,true,1701
matched,Joggle,da476ab0afe8d44c9b294c59b39ba82219f3522c,mobilenetv2-7,8f78e569922a964ef0c303e08cf82f01d4891f97a2ac87fa6061f8a987924a5a,1655,155,operation_metadata,affected,early,full,all,1,46507541,8275,5,5,0,33abc3be82815ac7,true,1701
matched,Joggle,da476ab0afe8d44c9b294c59b39ba82219f3522c,mobilenetv2-7,8f78e569922a964ef0c303e08cf82f01d4891f97a2ac87fa6061f8a987924a5a,1655,155,operation_metadata,affected,early,full,all,2,45747959,8275,5,5,0,c7162ecb26848acc,true,1701
matched,Joggle,da476ab0afe8d44c9b294c59b39ba82219f3522c,mobilenetv2-7,8f78e569922a964ef0c303e08cf82f01d4891f97a2ac87fa6061f8a987924a5a,1655,155,operation_metadata,affected,early,full,all,3,46386083,8275,5,5,0,f86d0f7ed3a0b69d,true,1701
matched,Joggle,da476ab0afe8d44c9b294c59b39ba82219f3522c,mobilenetv2-7,8f78e569922a964ef0c303e08cf82f01d4891f97a2ac87fa6061f8a987924a5a,1655,155,operation_metadata,affected,early,full,all,4,45197708,8275,5,5,0,4a489502e51313b2,true,1701
matched,Joggle,da476ab0afe8d44c9b294c59b39ba82219f3522c,mobilenetv2-7,8f78e569922a964ef0c303e08cf82f01d4891f97a2ac87fa6061f8a987924a5a,1655,155,operation_metadata,affected,early,full,all,5,46866542,8275,5,5,0,0f10bbf5c13f3923,true,1701
matched,Joggle,da476ab0afe8d44c9b294c59b39ba82219f3522c,mobilenetv2-7,8f78e569922a964ef0c303e08cf82f01d4891f97a2ac87fa6061f8a987924a5a,1655,155,operation_metadata,affected,early,full,all,6,45560792,8275,5,5,0,df2b444fc8d25381,true,1701
matched,Joggle,da476ab0afe8d44c9b294c59b39ba82219f3522c,mobilenetv2-7,8f78e569922a964ef0c303e08cf82f01d4891f97a2ac87fa6061f8a987924a5a,1655,155,operation_metadata,affected,early,full,all,7,46332875,8275,5,5,0,12dccca6b988b540,true,1701
matched,Joggle,da476ab0afe8d44c9b294c59b39ba82219f3522c,mobilenetv2-7,8f78e569922a964ef0c303e08cf82f01d4891f97a2ac87fa6061f8a987924a5a,1655,155,operation_metadata,affected,early,full,all,8,45355333,8275,5,5,0,79e2f35f0f23560b,true,1701
matched,Joggle,da476ab0afe8d44c9b294c59b39ba82219f3522c,mobilenetv2-7,8f78e569922a964ef0c303e08cf82f01d4891f97a2ac87fa6061f8a987924a5a,1655,155,operation_metadata,affected,early,full,all,9,45829625,8275,5,5,0,77412bc8b41ace5a,true,1701
matched,Joggle,da476ab0afe8d44c9b294c59b39ba82219f3522c,mobilenetv2-7,8f78e569922a964ef0c303e08cf82f01d4891f97a2ac87fa6061f8a987924a5a,1655,155,operation_metadata,unrelated,early,full,all,0,45469667,8275,5,5,0,95f79393372086ed,true,1701
matched,Joggle,da476ab0afe8d44c9b294c59b39ba82219f3522c,mobilenetv2-7,8f78e569922a964ef0c303e08cf82f01d4891f97a2ac87fa6061f8a987924a5a,1655,155,operation_metadata,unrelated,early,full,all,1,46826625,8275,5,5,0,95f79393372086ed,true,1701
matched,Joggle,da476ab0afe8d44c9b294c59b39ba82219f3522c,mobilenetv2-7,8f78e569922a964ef0c303e08cf82f01d4891f97a2ac87fa6061f8a987924a5a,1655,155,operation_metadata,unrelated,early,full,all,2,46482500,8275,5,5,0,95f79393372086ed,true,1701
matched,Joggle,da476ab0afe8d44c9b294c59b39ba82219f3522c,mobilenetv2-7,8f78e569922a964ef0c303e08cf82f01d4891f97a2ac87fa6061f8a987924a5a,1655,155,operation_metadata,unrelated,early,full,all,3,45826792,8275,5,5,0,95f79393372086ed,true,1701
matched,Joggle,da476ab0afe8d44c9b294c59b39ba82219f3522c,mobilenetv2-7,8f78e569922a964ef0c303e08cf82f01d4891f97a2ac87fa6061f8a987924a5a,1655,155,operation_metadata,unrelated,early,full,all,4,46549250,8275,5,5,0,95f79393372086ed,true,1701
matched,Joggle,da476ab0afe8d44c9b294c59b39ba82219f3522c,mobilenetv2-7,8f78e569922a964ef0c303e08cf82f01d4891f97a2ac87fa6061f8a987924a5a,1655,155,operation_metadata,unrelated,early,full,all,5,45730625,8275,5,5,0,95f79393372086ed,true,1701
matched,Joggle,da476ab0afe8d44c9b294c59b39ba82219f3522c,mobilenetv2-7,8f78e569922a964ef0c303e08cf82f01d4891f97a2ac87fa6061f8a987924a5a,1655,155,operation_metadata,unrelated,early,full,all,6,46220416,8275,5,5,0,95f79393372086ed,true,1701
matched,Joggle,da476ab0afe8d44c9b294c59b39ba82219f3522c,mobilenetv2-7,8f78e569922a964ef0c303e08cf82f01d4891f97a2ac87fa6061f8a987924a5a,1655,155,operation_metadata,unrelated,early,full,all,7,45910875,8275,5,5,0,95f79393372086ed,true,1701
matched,Joggle,da476ab0afe8d44c9b294c59b39ba82219f3522c,mobilenetv2-7,8f78e569922a964ef0c303e08cf82f01d4891f97a2ac87fa6061f8a987924a5a,1655,155,operation_metadata,unrelated,early,full,all,8,44590667,8275,5,5,0,95f79393372086ed,true,1701
matched,Joggle,da476ab0afe8d44c9b294c59b39ba82219f3522c,mobilenetv2-7,8f78e569922a964ef0c303e08cf82f01d4891f97a2ac87fa6061f8a987924a5a,1655,155,operation_metadata,unrelated,early,full,all,9,45533292,8275,5,5,0,95f79393372086ed,true,1701
matched,Joggle,da476ab0afe8d44c9b294c59b39ba82219f3522c,squeezenet1.0-13-qdq,64c397e74ed2f541fa306ca8a1883a69d0a9c255f0c5236e8d1675251623cc97,1325,119,operation_metadata,affected,early,update,all,0,9259125,595,5,5,0,3a9d44bac3fe49bc,true,1701
matched,Joggle,da476ab0afe8d44c9b294c59b39ba82219f3522c,squeezenet1.0-13-qdq,64c397e74ed2f541fa306ca8a1883a69d0a9c255f0c5236e8d1675251623cc97,1325,119,operation_metadata,affected,early,update,all,1,9663250,595,5,5,0,1438de0f0fd9a9ab,true,1701
matched,Joggle,da476ab0afe8d44c9b294c59b39ba82219f3522c,squeezenet1.0-13-qdq,64c397e74ed2f541fa306ca8a1883a69d0a9c255f0c5236e8d1675251623cc97,1325,119,operation_metadata,affected,early,update,all,2,9704083,595,5,5,0,8bc9b7d263a6cafa,true,1701
matched,Joggle,da476ab0afe8d44c9b294c59b39ba82219f3522c,squeezenet1.0-13-qdq,64c397e74ed2f541fa306ca8a1883a69d0a9c255f0c5236e8d1675251623cc97,1325,119,operation_metadata,affected,early,update,all,3,10386708,595,5,5,0,f9f5d2ad70cf5f41,true,1701
matched,Joggle,da476ab0afe8d44c9b294c59b39ba82219f3522c,squeezenet1.0-13-qdq,64c397e74ed2f541fa306ca8a1883a69d0a9c255f0c5236e8d1675251623cc97,1325,119,operation_metadata,affected,early,update,all,4,10465417,595,5,5,0,0cbeb4e13685d860,true,1701
matched,Joggle,da476ab0afe8d44c9b294c59b39ba82219f3522c,squeezenet1.0-13-qdq,64c397e74ed2f541fa306ca8a1883a69d0a9c255f0c5236e8d1675251623cc97,1325,119,operation_metadata,affected,early,update,all,5,10417458,595,5,5,0,28aac9e848971e4f,true,1701
matched,Joggle,da476ab0afe8d44c9b294c59b39ba82219f3522c,squeezenet1.0-13-qdq,64c397e74ed2f541fa306ca8a1883a69d0a9c255f0c5236e8d1675251623cc97,1325,119,operation_metadata,affected,early,update,all,6,10567959,595,5,5,0,7fcc9cd3c53e5b0d,true,1701
matched,Joggle,da476ab0afe8d44c9b294c59b39ba82219f3522c,squeezenet1.0-13-qdq,64c397e74ed2f541fa306ca8a1883a69d0a9c255f0c5236e8d1675251623cc97,1325,119,operation_metadata,affected,early,update,all,7,10682041,595,5,5,0,a4ebdde7beb2e7d6,true,1701
matched,Joggle,da476ab0afe8d44c9b294c59b39ba82219f3522c,squeezenet1.0-13-qdq,64c397e74ed2f541fa306ca8a1883a69d0a9c255f0c5236e8d1675251623cc97,1325,119,operation_metadata,affected,early,update,all,8,10020125,595,5,5,0,71bef118166fa327,true,1701
matched,Joggle,da476ab0afe8d44c9b294c59b39ba82219f3522c,squeezenet1.0-13-qdq,64c397e74ed2f541fa306ca8a1883a69d0a9c255f0c5236e8d1675251623cc97,1325,119,operation_metadata,affected,early,update,all,9,9535209,595,5,5,0,4c580fe1727e52d8,true,1701
matched,Joggle,da476ab0afe8d44c9b294c59b39ba82219f3522c,squeezenet1.0-13-qdq,64c397e74ed2f541fa306ca8a1883a69d0a9c255f0c5236e8d1675251623cc97,1325,119,operation_metadata,unrelated,early,update,all,0,599542,0,0,5,0,1fc12d3299c03511,true,1701
matched,Joggle,da476ab0afe8d44c9b294c59b39ba82219f3522c,squeezenet1.0-13-qdq,64c397e74ed2f541fa306ca8a1883a69d0a9c255f0c5236e8d1675251623cc97,1325,119,operation_metadata,unrelated,early,update,all,1,603833,0,0,5,0,1fc12d3299c03511,true,1701
matched,Joggle,da476ab0afe8d44c9b294c59b39ba82219f3522c,squeezenet1.0-13-qdq,64c397e74ed2f541fa306ca8a1883a69d0a9c255f0c5236e8d1675251623cc97,1325,119,operation_metadata,unrelated,early,update,all,2,604917,0,0,5,0,1fc12d3299c03511,true,1701
matched,Joggle,da476ab0afe8d44c9b294c59b39ba82219f3522c,squeezenet1.0-13-qdq,64c397e74ed2f541fa306ca8a1883a69d0a9c255f0c5236e8d1675251623cc97,1325,119,operation_metadata,unrelated,early,update,all,3,601916,0,0,5,0,1fc12d3299c03511,true,1701
matched,Joggle,da476ab0afe8d44c9b294c59b39ba82219f3522c,squeezenet1.0-13-qdq,64c397e74ed2f541fa306ca8a1883a69d0a9c255f0c5236e8d1675251623cc97,1325,119,operation_metadata,unrelated,early,update,all,4,622792,0,0,5,0,1fc12d3299c03511,true,1701
matched,Joggle,da476ab0afe8d44c9b294c59b39ba82219f3522c,squeezenet1.0-13-qdq,64c397e74ed2f541fa306ca8a1883a69d0a9c255f0c5236e8d1675251623cc97,1325,119,operation_metadata,unrelated,early,update,all,5,606791,0,0,5,0,1fc12d3299c03511,true,1701
matched,Joggle,da476ab0afe8d44c9b294c59b39ba82219f3522c,squeezenet1.0-13-qdq,64c397e74ed2f541fa306ca8a1883a69d0a9c255f0c5236e8d1675251623cc97,1325,119,operation_metadata,unrelated,early,update,all,6,601542,0,0,5,0,1fc12d3299c03511,true,1701
matched,Joggle,da476ab0afe8d44c9b294c59b39ba82219f3522c,squeezenet1.0-13-qdq,64c397e74ed2f541fa306ca8a1883a69d0a9c255f0c5236e8d1675251623cc97,1325,119,operation_metadata,unrelated,early,update,all,7,600333,0,0,5,0,1fc12d3299c03511,true,1701
matched,Joggle,da476ab0afe8d44c9b294c59b39ba82219f3522c,squeezenet1.0-13-qdq,64c397e74ed2f541fa306ca8a1883a69d0a9c255f0c5236e8d1675251623cc97,1325,119,operation_metadata,unrelated,early,update,all,8,604458,0,0,5,0,1fc12d3299c03511,true,1701
matched,Joggle,da476ab0afe8d44c9b294c59b39ba82219f3522c,squeezenet1.0-13-qdq,64c397e74ed2f541fa306ca8a1883a69d0a9c255f0c5236e8d1675251623cc97,1325,119,operation_metadata,unrelated,early,update,all,9,607416,0,0,5,0,1fc12d3299c03511,true,1701
matched,Joggle,da476ab0afe8d44c9b294c59b39ba82219f3522c,mnist-8,2f06e72de813a8635c9bc0397ac447a601bdbfa7df4bebc278723b958831c9bf,69,1,operation_metadata,affected,late,full,all,0,2155000,345,5,5,0,0c3d3fef6923e563,true,1701
matched,Joggle,da476ab0afe8d44c9b294c59b39ba82219f3522c,mnist-8,2f06e72de813a8635c9bc0397ac447a601bdbfa7df4bebc278723b958831c9bf,69,1,operation_metadata,affected,late,full,all,1,2169875,345,5,5,0,f60a6b0cd84a6b1a,true,1701
matched,Joggle,da476ab0afe8d44c9b294c59b39ba82219f3522c,mnist-8,2f06e72de813a8635c9bc0397ac447a601bdbfa7df4bebc278723b958831c9bf,69,1,operation_metadata,affected,late,full,all,2,2133500,345,5,5,0,fe9f1b607fac34a9,true,1701
matched,Joggle,da476ab0afe8d44c9b294c59b39ba82219f3522c,mnist-8,2f06e72de813a8635c9bc0397ac447a601bdbfa7df4bebc278723b958831c9bf,69,1,operation_metadata,affected,late,full,all,3,2148875,345,5,5,0,9428aa68d030ba78,true,1701
matched,Joggle,da476ab0afe8d44c9b294c59b39ba82219f3522c,mnist-8,2f06e72de813a8635c9bc0397ac447a601bdbfa7df4bebc278723b958831c9bf,69,1,operation_metadata,affected,late,full,all,4,2179583,345,5,5,0,44e422bba811dc47,true,1701
matched,Joggle,da476ab0afe8d44c9b294c59b39ba82219f3522c,mnist-8,2f06e72de813a8635c9bc0397ac447a601bdbfa7df4bebc278723b958831c9bf,69,1,operation_metadata,affected,late,full,all,5,2309042,345,5,5,0,3de6974d276d458e,true,1701
matched,Joggle,da476ab0afe8d44c9b294c59b39ba82219f3522c,mnist-8,2f06e72de813a8635c9bc0397ac447a601bdbfa7df4bebc278723b958831c9bf,69,1,operation_metadata,affected,late,full,all,6,2294417,345,5,5,0,2e3a2b0641f1bc64,true,1701
matched,Joggle,da476ab0afe8d44c9b294c59b39ba82219f3522c,mnist-8,2f06e72de813a8635c9bc0397ac447a601bdbfa7df4bebc278723b958831c9bf,69,1,operation_metadata,affected,late,full,all,7,2185750,345,5,5,0,16e9b25edc3e74e5,true,1701
matched,Joggle,da476ab0afe8d44c9b294c59b39ba82219f3522c,mnist-8,2f06e72de813a8635c9bc0397ac447a601bdbfa7df4bebc278723b958831c9bf,69,1,operation_metadata,affected,late,full,all,8,2042375,345,5,5,0,b3f86fd25570d296,true,1701
matched,Joggle,da476ab0afe8d44c9b294c59b39ba82219f3522c,mnist-8,2f06e72de813a8635c9bc0397ac447a601bdbfa7df4bebc278723b958831c9bf,69,1,operation_metadata,affected,late,full,all,9,2022542,345,5,5,0,6fa260bce75c22cf,true,1701
matched,Joggle,da476ab0afe8d44c9b294c59b39ba82219f3522c,mnist-8,2f06e72de813a8635c9bc0397ac447a601bdbfa7df4bebc278723b958831c9bf,69,1,operation_metadata,unrelated,late,full,all,0,2034791,345,5,5,0,c0e777c405407d10,true,1701
matched,Joggle,da476ab0afe8d44c9b294c59b39ba82219f3522c,mnist-8,2f06e72de813a8635c9bc0397ac447a601bdbfa7df4bebc278723b958831c9bf,69,1,operation_metadata,unrelated,late,full,all,1,2021166,345,5,5,0,c0e777c405407d10,true,1701
matched,Joggle,da476ab0afe8d44c9b294c59b39ba82219f3522c,mnist-8,2f06e72de813a8635c9bc0397ac447a601bdbfa7df4bebc278723b958831c9bf,69,1,operation_metadata,unrelated,late,full,all,2,2023500,345,5,5,0,c0e777c405407d10,true,1701
matched,Joggle,da476ab0afe8d44c9b294c59b39ba82219f3522c,mnist-8,2f06e72de813a8635c9bc0397ac447a601bdbfa7df4bebc278723b958831c9bf,69,1,operation_metadata,unrelated,late,full,all,3,2138583,345,5,5,0,c0e777c405407d10,true,1701
matched,Joggle,da476ab0afe8d44c9b294c59b39ba82219f3522c,mnist-8,2f06e72de813a8635c9bc0397ac447a601bdbfa7df4bebc278723b958831c9bf,69,1,operation_metadata,unrelated,late,full,all,4,2049750,345,5,5,0,c0e777c405407d10,true,1701
matched,Joggle,da476ab0afe8d44c9b294c59b39ba82219f3522c,mnist-8,2f06e72de813a8635c9bc0397ac447a601bdbfa7df4bebc278723b958831c9bf,69,1,operation_metadata,unrelated,late,full,all,5,2024875,345,5,5,0,c0e777c405407d10,true,1701
matched,Joggle,da476ab0afe8d44c9b294c59b39ba82219f3522c,mnist-8,2f06e72de813a8635c9bc0397ac447a601bdbfa7df4bebc278723b958831c9bf,69,1,operation_metadata,unrelated,late,full,all,6,2020083,345,5,5,0,c0e777c405407d10,true,1701
matched,Joggle,da476ab0afe8d44c9b294c59b39ba82219f3522c,mnist-8,2f06e72de813a8635c9bc0397ac447a601bdbfa7df4bebc278723b958831c9bf,69,1,operation_metadata,unrelated,late,full,all,7,2022875,345,5,5,0,c0e777c405407d10,true,1701
matched,Joggle,da476ab0afe8d44c9b294c59b39ba82219f3522c,mnist-8,2f06e72de813a8635c9bc0397ac447a601bdbfa7df4bebc278723b958831c9bf,69,1,operation_metadata,unrelated,late,full,all,8,2002584,345,5,5,0,c0e777c405407d10,true,1701
matched,Joggle,da476ab0afe8d44c9b294c59b39ba82219f3522c,mnist-8,2f06e72de813a8635c9bc0397ac447a601bdbfa7df4bebc278723b958831c9bf,69,1,operation_metadata,unrelated,late,full,all,9,2046459,345,5,5,0,c0e777c405407d10,true,1701
matched,Joggle,da476ab0afe8d44c9b294c59b39ba82219f3522c,mnist-8,2f06e72de813a8635c9bc0397ac447a601bdbfa7df4bebc278723b958831c9bf,69,6,operation_metadata,affected,middle,update,all,0,530459,30,5,5,0,06e55724b393180b,true,1701
matched,Joggle,da476ab0afe8d44c9b294c59b39ba82219f3522c,mnist-8,2f06e72de813a8635c9bc0397ac447a601bdbfa7df4bebc278723b958831c9bf,69,6,operation_metadata,affected,middle,update,all,1,526250,30,5,5,0,8837b4d63769e872,true,1701
matched,Joggle,da476ab0afe8d44c9b294c59b39ba82219f3522c,mnist-8,2f06e72de813a8635c9bc0397ac447a601bdbfa7df4bebc278723b958831c9bf,69,6,operation_metadata,affected,middle,update,all,2,526167,30,5,5,0,56d966e94ffd5d99,true,1701
matched,Joggle,da476ab0afe8d44c9b294c59b39ba82219f3522c,mnist-8,2f06e72de813a8635c9bc0397ac447a601bdbfa7df4bebc278723b958831c9bf,69,6,operation_metadata,affected,middle,update,all,3,522583,30,5,5,0,1cefabea0d1b82f0,true,1701
matched,Joggle,da476ab0afe8d44c9b294c59b39ba82219f3522c,mnist-8,2f06e72de813a8635c9bc0397ac447a601bdbfa7df4bebc278723b958831c9bf,69,6,operation_metadata,affected,middle,update,all,4,537917,30,5,5,0,75df2ba61ee993cf,true,1701
matched,Joggle,da476ab0afe8d44c9b294c59b39ba82219f3522c,mnist-8,2f06e72de813a8635c9bc0397ac447a601bdbfa7df4bebc278723b958831c9bf,69,6,operation_metadata,affected,middle,update,all,5,525000,30,5,5,0,7f36058f2b459be6,true,1701
matched,Joggle,da476ab0afe8d44c9b294c59b39ba82219f3522c,mnist-8,2f06e72de813a8635c9bc0397ac447a601bdbfa7df4bebc278723b958831c9bf,69,6,operation_metadata,affected,middle,update,all,6,524417,30,5,5,0,b87c596620b792e0,true,1701
matched,Joggle,da476ab0afe8d44c9b294c59b39ba82219f3522c,mnist-8,2f06e72de813a8635c9bc0397ac447a601bdbfa7df4bebc278723b958831c9bf,69,6,operation_metadata,affected,middle,update,all,7,523958,30,5,5,0,75f8691893163789,true,1701
matched,Joggle,da476ab0afe8d44c9b294c59b39ba82219f3522c,mnist-8,2f06e72de813a8635c9bc0397ac447a601bdbfa7df4bebc278723b958831c9bf,69,6,operation_metadata,affected,middle,update,all,8,535916,30,5,5,0,8a8dfbc5a99b81a2,true,1701
matched,Joggle,da476ab0afe8d44c9b294c59b39ba82219f3522c,mnist-8,2f06e72de813a8635c9bc0397ac447a601bdbfa7df4bebc278723b958831c9bf,69,6,operation_metadata,affected,middle,update,all,9,518041,30,5,5,0,e7c34c8fa4a917fb,true,1701
matched,Joggle,da476ab0afe8d44c9b294c59b39ba82219f3522c,mnist-8,2f06e72de813a8635c9bc0397ac447a601bdbfa7df4bebc278723b958831c9bf,69,6,operation_metadata,unrelated,middle,update,all,0,45083,0,0,5,0,58daad215b7fe06c,true,1701
matched,Joggle,da476ab0afe8d44c9b294c59b39ba82219f3522c,mnist-8,2f06e72de813a8635c9bc0397ac447a601bdbfa7df4bebc278723b958831c9bf,69,6,operation_metadata,unrelated,middle,update,all,1,45042,0,0,5,0,58daad215b7fe06c,true,1701
matched,Joggle,da476ab0afe8d44c9b294c59b39ba82219f3522c,mnist-8,2f06e72de813a8635c9bc0397ac447a601bdbfa7df4bebc278723b958831c9bf,69,6,operation_metadata,unrelated,middle,update,all,2,45041,0,0,5,0,58daad215b7fe06c,true,1701
matched,Joggle,da476ab0afe8d44c9b294c59b39ba82219f3522c,mnist-8,2f06e72de813a8635c9bc0397ac447a601bdbfa7df4bebc278723b958831c9bf,69,6,operation_metadata,unrelated,middle,update,all,3,44792,0,0,5,0,58daad215b7fe06c,true,1701
matched,Joggle,da476ab0afe8d44c9b294c59b39ba82219f3522c,mnist-8,2f06e72de813a8635c9bc0397ac447a601bdbfa7df4bebc278723b958831c9bf,69,6,operation_metadata,unrelated,middle,update,all,4,46375,0,0,5,0,58daad215b7fe06c,true,1701
matched,Joggle,da476ab0afe8d44c9b294c59b39ba82219f3522c,mnist-8,2f06e72de813a8635c9bc0397ac447a601bdbfa7df4bebc278723b958831c9bf,69,6,operation_metadata,unrelated,middle,update,all,5,44625,0,0,5,0,58daad215b7fe06c,true,1701
matched,Joggle,da476ab0afe8d44c9b294c59b39ba82219f3522c,mnist-8,2f06e72de813a8635c9bc0397ac447a601bdbfa7df4bebc278723b958831c9bf,69,6,operation_metadata,unrelated,middle,update,all,6,45083,0,0,5,0,58daad215b7fe06c,true,1701
matched,Joggle,da476ab0afe8d44c9b294c59b39ba82219f3522c,mnist-8,2f06e72de813a8635c9bc0397ac447a601bdbfa7df4bebc278723b958831c9bf,69,6,operation_metadata,unrelated,middle,update,all,7,45000,0,0,5,0,58daad215b7fe06c,true,1701
matched,Joggle,da476ab0afe8d44c9b294c59b39ba82219f3522c,mnist-8,2f06e72de813a8635c9bc0397ac447a601bdbfa7df4bebc278723b958831c9bf,69,6,operation_metadata,unrelated,middle,update,all,8,44834,0,0,5,0,58daad215b7fe06c,true,1701
matched,Joggle,da476ab0afe8d44c9b294c59b39ba82219f3522c,mnist-8,2f06e72de813a8635c9bc0397ac447a601bdbfa7df4bebc278723b958831c9bf,69,6,operation_metadata,unrelated,middle,update,all,9,44750,0,0,5,0,58daad215b7fe06c,true,1701
matched,Joggle,da476ab0afe8d44c9b294c59b39ba82219f3522c,squeezenet1.1-7,098e8952d72d64cae5ede757aa8ade3d40ece99f33daa459a76ef2f138395382,412,1,operation_metadata,affected,late,update,all,0,167042,5,5,5,0,de277d00d73e4d13,true,1701
matched,Joggle,da476ab0afe8d44c9b294c59b39ba82219f3522c,squeezenet1.1-7,098e8952d72d64cae5ede757aa8ade3d40ece99f33daa459a76ef2f138395382,412,1,operation_metadata,affected,late,update,all,1,163375,5,5,5,0,5385dea131e43e4a,true,1701
matched,Joggle,da476ab0afe8d44c9b294c59b39ba82219f3522c,squeezenet1.1-7,098e8952d72d64cae5ede757aa8ade3d40ece99f33daa459a76ef2f138395382,412,1,operation_metadata,affected,late,update,all,2,161375,5,5,5,0,a10090d827f4c059,true,1701
matched,Joggle,da476ab0afe8d44c9b294c59b39ba82219f3522c,squeezenet1.1-7,098e8952d72d64cae5ede757aa8ade3d40ece99f33daa459a76ef2f138395382,412,1,operation_metadata,affected,late,update,all,3,158959,5,5,5,0,0581dbfe13baf168,true,1701
matched,Joggle,da476ab0afe8d44c9b294c59b39ba82219f3522c,squeezenet1.1-7,098e8952d72d64cae5ede757aa8ade3d40ece99f33daa459a76ef2f138395382,412,1,operation_metadata,affected,late,update,all,4,164750,5,5,5,0,2a5d66d78663d177,true,1701
matched,Joggle,da476ab0afe8d44c9b294c59b39ba82219f3522c,squeezenet1.1-7,098e8952d72d64cae5ede757aa8ade3d40ece99f33daa459a76ef2f138395382,412,1,operation_metadata,affected,late,update,all,5,159750,5,5,5,0,dac18372cc4b113e,true,1701
matched,Joggle,da476ab0afe8d44c9b294c59b39ba82219f3522c,squeezenet1.1-7,098e8952d72d64cae5ede757aa8ade3d40ece99f33daa459a76ef2f138395382,412,1,operation_metadata,affected,late,update,all,6,162750,5,5,5,0,8660ea43edb6e794,true,1701
matched,Joggle,da476ab0afe8d44c9b294c59b39ba82219f3522c,squeezenet1.1-7,098e8952d72d64cae5ede757aa8ade3d40ece99f33daa459a76ef2f138395382,412,1,operation_metadata,affected,late,update,all,7,156042,5,5,5,0,c53935d223007ed5,true,1701
matched,Joggle,da476ab0afe8d44c9b294c59b39ba82219f3522c,squeezenet1.1-7,098e8952d72d64cae5ede757aa8ade3d40ece99f33daa459a76ef2f138395382,412,1,operation_metadata,affected,late,update,all,8,156083,5,5,5,0,7dd9f6d7f6861d06,true,1701
matched,Joggle,da476ab0afe8d44c9b294c59b39ba82219f3522c,squeezenet1.1-7,098e8952d72d64cae5ede757aa8ade3d40ece99f33daa459a76ef2f138395382,412,1,operation_metadata,affected,late,update,all,9,156250,5,5,5,0,0662fb1f2b6ba4ff,true,1701
matched,Joggle,da476ab0afe8d44c9b294c59b39ba82219f3522c,squeezenet1.1-7,098e8952d72d64cae5ede757aa8ade3d40ece99f33daa459a76ef2f138395382,412,1,operation_metadata,unrelated,late,update,all,0,13458,0,0,5,0,69118f7b801fe880,true,1701
matched,Joggle,da476ab0afe8d44c9b294c59b39ba82219f3522c,squeezenet1.1-7,098e8952d72d64cae5ede757aa8ade3d40ece99f33daa459a76ef2f138395382,412,1,operation_metadata,unrelated,late,update,all,1,13084,0,0,5,0,69118f7b801fe880,true,1701
matched,Joggle,da476ab0afe8d44c9b294c59b39ba82219f3522c,squeezenet1.1-7,098e8952d72d64cae5ede757aa8ade3d40ece99f33daa459a76ef2f138395382,412,1,operation_metadata,unrelated,late,update,all,2,12792,0,0,5,0,69118f7b801fe880,true,1701
matched,Joggle,da476ab0afe8d44c9b294c59b39ba82219f3522c,squeezenet1.1-7,098e8952d72d64cae5ede757aa8ade3d40ece99f33daa459a76ef2f138395382,412,1,operation_metadata,unrelated,late,update,all,3,15333,0,0,5,0,69118f7b801fe880,true,1701
matched,Joggle,da476ab0afe8d44c9b294c59b39ba82219f3522c,squeezenet1.1-7,098e8952d72d64cae5ede757aa8ade3d40ece99f33daa459a76ef2f138395382,412,1,operation_metadata,unrelated,late,update,all,4,14875,0,0,5,0,69118f7b801fe880,true,1701
matched,Joggle,da476ab0afe8d44c9b294c59b39ba82219f3522c,squeezenet1.1-7,098e8952d72d64cae5ede757aa8ade3d40ece99f33daa459a76ef2f138395382,412,1,operation_metadata,unrelated,late,update,all,5,12250,0,0,5,0,69118f7b801fe880,true,1701
matched,Joggle,da476ab0afe8d44c9b294c59b39ba82219f3522c,squeezenet1.1-7,098e8952d72d64cae5ede757aa8ade3d40ece99f33daa459a76ef2f138395382,412,1,operation_metadata,unrelated,late,update,all,6,12042,0,0,5,0,69118f7b801fe880,true,1701
matched,Joggle,da476ab0afe8d44c9b294c59b39ba82219f3522c,squeezenet1.1-7,098e8952d72d64cae5ede757aa8ade3d40ece99f33daa459a76ef2f138395382,412,1,operation_metadata,unrelated,late,update,all,7,12500,0,0,5,0,69118f7b801fe880,true,1701
matched,Joggle,da476ab0afe8d44c9b294c59b39ba82219f3522c,squeezenet1.1-7,098e8952d72d64cae5ede757aa8ade3d40ece99f33daa459a76ef2f138395382,412,1,operation_metadata,unrelated,late,update,all,8,12792,0,0,5,0,69118f7b801fe880,true,1701
matched,Joggle,da476ab0afe8d44c9b294c59b39ba82219f3522c,squeezenet1.1-7,098e8952d72d64cae5ede757aa8ade3d40ece99f33daa459a76ef2f138395382,412,1,operation_metadata,unrelated,late,update,all,9,12041,0,0,5,0,69118f7b801fe880,true,1701
matched,Joggle,da476ab0afe8d44c9b294c59b39ba82219f3522c,mobilenetv2-7,8f78e569922a964ef0c303e08cf82f01d4891f97a2ac87fa6061f8a987924a5a,1655,78,operation_metadata,affected,middle,full,all,0,45733416,8275,5,5,0,fea4320990e49024,true,1701
matched,Joggle,da476ab0afe8d44c9b294c59b39ba82219f3522c,mobilenetv2-7,8f78e569922a964ef0c303e08cf82f01d4891f97a2ac87fa6061f8a987924a5a,1655,78,operation_metadata,affected,middle,full,all,1,45664708,8275,5,5,0,bddf84386222d6f7,true,1701
matched,Joggle,da476ab0afe8d44c9b294c59b39ba82219f3522c,mobilenetv2-7,8f78e569922a964ef0c303e08cf82f01d4891f97a2ac87fa6061f8a987924a5a,1655,78,operation_metadata,affected,middle,full,all,2,46521708,8275,5,5,0,e19d00b8da429026,true,1701
matched,Joggle,da476ab0afe8d44c9b294c59b39ba82219f3522c,mobilenetv2-7,8f78e569922a964ef0c303e08cf82f01d4891f97a2ac87fa6061f8a987924a5a,1655,78,operation_metadata,affected,middle,full,all,3,46230041,8275,5,5,0,ad03066fbb983161,true,1701
matched,Joggle,da476ab0afe8d44c9b294c59b39ba82219f3522c,mobilenetv2-7,8f78e569922a964ef0c303e08cf82f01d4891f97a2ac87fa6061f8a987924a5a,1655,78,operation_metadata,affected,middle,full,all,4,45561250,8275,5,5,0,ba2d3f8efb324210,true,1701
matched,Joggle,da476ab0afe8d44c9b294c59b39ba82219f3522c,mobilenetv2-7,8f78e569922a964ef0c303e08cf82f01d4891f97a2ac87fa6061f8a987924a5a,1655,78,operation_metadata,affected,middle,full,all,5,45710833,8275,5,5,0,9cc5fb951494da73,true,1701
matched,Joggle,da476ab0afe8d44c9b294c59b39ba82219f3522c,mobilenetv2-7,8f78e569922a964ef0c303e08cf82f01d4891f97a2ac87fa6061f8a987924a5a,1655,78,operation_metadata,affected,middle,full,all,6,46175042,8275,5,5,0,a8e1ed94c77002b1,true,1701
matched,Joggle,da476ab0afe8d44c9b294c59b39ba82219f3522c,mobilenetv2-7,8f78e569922a964ef0c303e08cf82f01d4891f97a2ac87fa6061f8a987924a5a,1655,78,operation_metadata,affected,middle,full,all,7,45828917,8275,5,5,0,5fac29a2706806f6,true,1701
matched,Joggle,da476ab0afe8d44c9b294c59b39ba82219f3522c,mobilenetv2-7,8f78e569922a964ef0c303e08cf82f01d4891f97a2ac87fa6061f8a987924a5a,1655,78,operation_metadata,affected,middle,full,all,8,46268667,8275,5,5,0,2f08e3bfdc82ac47,true,1701
matched,Joggle,da476ab0afe8d44c9b294c59b39ba82219f3522c,mobilenetv2-7,8f78e569922a964ef0c303e08cf82f01d4891f97a2ac87fa6061f8a987924a5a,1655,78,operation_metadata,affected,middle,full,all,9,46189000,8275,5,5,0,65a38e0d40ef1074,true,1701
matched,Joggle,da476ab0afe8d44c9b294c59b39ba82219f3522c,mobilenetv2-7,8f78e569922a964ef0c303e08cf82f01d4891f97a2ac87fa6061f8a987924a5a,1655,78,operation_metadata,unrelated,middle,full,all,0,47663584,8275,5,5,0,19b8d722099df53b,true,1701
matched,Joggle,da476ab0afe8d44c9b294c59b39ba82219f3522c,mobilenetv2-7,8f78e569922a964ef0c303e08cf82f01d4891f97a2ac87fa6061f8a987924a5a,1655,78,operation_metadata,unrelated,middle,full,all,1,47026625,8275,5,5,0,19b8d722099df53b,true,1701
matched,Joggle,da476ab0afe8d44c9b294c59b39ba82219f3522c,mobilenetv2-7,8f78e569922a964ef0c303e08cf82f01d4891f97a2ac87fa6061f8a987924a5a,1655,78,operation_metadata,unrelated,middle,full,all,2,47355958,8275,5,5,0,19b8d722099df53b,true,1701
matched,Joggle,da476ab0afe8d44c9b294c59b39ba82219f3522c,mobilenetv2-7,8f78e569922a964ef0c303e08cf82f01d4891f97a2ac87fa6061f8a987924a5a,1655,78,operation_metadata,unrelated,middle,full,all,3,48896500,8275,5,5,0,19b8d722099df53b,true,1701
matched,Joggle,da476ab0afe8d44c9b294c59b39ba82219f3522c,mobilenetv2-7,8f78e569922a964ef0c303e08cf82f01d4891f97a2ac87fa6061f8a987924a5a,1655,78,operation_metadata,unrelated,middle,full,all,4,49641500,8275,5,5,0,19b8d722099df53b,true,1701
matched,Joggle,da476ab0afe8d44c9b294c59b39ba82219f3522c,mobilenetv2-7,8f78e569922a964ef0c303e08cf82f01d4891f97a2ac87fa6061f8a987924a5a,1655,78,operation_metadata,unrelated,middle,full,all,5,50006375,8275,5,5,0,19b8d722099df53b,true,1701
matched,Joggle,da476ab0afe8d44c9b294c59b39ba82219f3522c,mobilenetv2-7,8f78e569922a964ef0c303e08cf82f01d4891f97a2ac87fa6061f8a987924a5a,1655,78,operation_metadata,unrelated,middle,full,all,6,46825167,8275,5,5,0,19b8d722099df53b,true,1701
matched,Joggle,da476ab0afe8d44c9b294c59b39ba82219f3522c,mobilenetv2-7,8f78e569922a964ef0c303e08cf82f01d4891f97a2ac87fa6061f8a987924a5a,1655,78,operation_metadata,unrelated,middle,full,all,7,46341875,8275,5,5,0,19b8d722099df53b,true,1701
matched,Joggle,da476ab0afe8d44c9b294c59b39ba82219f3522c,mobilenetv2-7,8f78e569922a964ef0c303e08cf82f01d4891f97a2ac87fa6061f8a987924a5a,1655,78,operation_metadata,unrelated,middle,full,all,8,46024083,8275,5,5,0,19b8d722099df53b,true,1701
matched,Joggle,da476ab0afe8d44c9b294c59b39ba82219f3522c,mobilenetv2-7,8f78e569922a964ef0c303e08cf82f01d4891f97a2ac87fa6061f8a987924a5a,1655,78,operation_metadata,unrelated,middle,full,all,9,47608708,8275,5,5,0,19b8d722099df53b,true,1701
matched,Joggle,da476ab0afe8d44c9b294c59b39ba82219f3522c,efficientnet-lite4-11-qdq,1deb63f203172bf5412eebd780fa7b6777f973600d22aca7995a1e7839be1777,4318,356,operation_metadata,affected,early,update,all,0,28496500,1780,5,5,0,4f2b6d2879952b32,true,1701
matched,Joggle,da476ab0afe8d44c9b294c59b39ba82219f3522c,efficientnet-lite4-11-qdq,1deb63f203172bf5412eebd780fa7b6777f973600d22aca7995a1e7839be1777,4318,356,operation_metadata,affected,early,update,all,1,28539458,1780,5,5,0,2a9ceeaba6d1dddb,true,1701
matched,Joggle,da476ab0afe8d44c9b294c59b39ba82219f3522c,efficientnet-lite4-11-qdq,1deb63f203172bf5412eebd780fa7b6777f973600d22aca7995a1e7839be1777,4318,356,operation_metadata,affected,early,update,all,2,28386833,1780,5,5,0,f16d2051b2dd1338,true,1701
matched,Joggle,da476ab0afe8d44c9b294c59b39ba82219f3522c,efficientnet-lite4-11-qdq,1deb63f203172bf5412eebd780fa7b6777f973600d22aca7995a1e7839be1777,4318,356,operation_metadata,affected,early,update,all,3,29585917,1780,5,5,0,14cdc89223a314f9,true,1701
matched,Joggle,da476ab0afe8d44c9b294c59b39ba82219f3522c,efficientnet-lite4-11-qdq,1deb63f203172bf5412eebd780fa7b6777f973600d22aca7995a1e7839be1777,4318,356,operation_metadata,affected,early,update,all,4,29159958,1780,5,5,0,27294f3567371676,true,1701
matched,Joggle,da476ab0afe8d44c9b294c59b39ba82219f3522c,efficientnet-lite4-11-qdq,1deb63f203172bf5412eebd780fa7b6777f973600d22aca7995a1e7839be1777,4318,356,operation_metadata,affected,early,update,all,5,28289959,1780,5,5,0,a5b9f2c4f6edfc7f,true,1701
matched,Joggle,da476ab0afe8d44c9b294c59b39ba82219f3522c,efficientnet-lite4-11-qdq,1deb63f203172bf5412eebd780fa7b6777f973600d22aca7995a1e7839be1777,4318,356,operation_metadata,affected,early,update,all,6,28426083,1780,5,5,0,71f6e3d46c3c0969,true,1701
matched,Joggle,da476ab0afe8d44c9b294c59b39ba82219f3522c,efficientnet-lite4-11-qdq,1deb63f203172bf5412eebd780fa7b6777f973600d22aca7995a1e7839be1777,4318,356,operation_metadata,affected,early,update,all,7,27322833,1780,5,5,0,4ce568705d0325e8,true,1701
matched,Joggle,da476ab0afe8d44c9b294c59b39ba82219f3522c,efficientnet-lite4-11-qdq,1deb63f203172bf5412eebd780fa7b6777f973600d22aca7995a1e7839be1777,4318,356,operation_metadata,affected,early,update,all,8,27970083,1780,5,5,0,b625608b7c51248b,true,1701
matched,Joggle,da476ab0afe8d44c9b294c59b39ba82219f3522c,efficientnet-lite4-11-qdq,1deb63f203172bf5412eebd780fa7b6777f973600d22aca7995a1e7839be1777,4318,356,operation_metadata,affected,early,update,all,9,27460375,1780,5,5,0,43838781a83e6d22,true,1701
matched,Joggle,da476ab0afe8d44c9b294c59b39ba82219f3522c,efficientnet-lite4-11-qdq,1deb63f203172bf5412eebd780fa7b6777f973600d22aca7995a1e7839be1777,4318,356,operation_metadata,unrelated,early,update,all,0,1919041,0,0,5,0,f02a16ee188ea3c5,true,1701
matched,Joggle,da476ab0afe8d44c9b294c59b39ba82219f3522c,efficientnet-lite4-11-qdq,1deb63f203172bf5412eebd780fa7b6777f973600d22aca7995a1e7839be1777,4318,356,operation_metadata,unrelated,early,update,all,1,2428500,0,0,5,0,f02a16ee188ea3c5,true,1701
matched,Joggle,da476ab0afe8d44c9b294c59b39ba82219f3522c,efficientnet-lite4-11-qdq,1deb63f203172bf5412eebd780fa7b6777f973600d22aca7995a1e7839be1777,4318,356,operation_metadata,unrelated,early,update,all,2,2003375,0,0,5,0,f02a16ee188ea3c5,true,1701
matched,Joggle,da476ab0afe8d44c9b294c59b39ba82219f3522c,efficientnet-lite4-11-qdq,1deb63f203172bf5412eebd780fa7b6777f973600d22aca7995a1e7839be1777,4318,356,operation_metadata,unrelated,early,update,all,3,1976916,0,0,5,0,f02a16ee188ea3c5,true,1701
matched,Joggle,da476ab0afe8d44c9b294c59b39ba82219f3522c,efficientnet-lite4-11-qdq,1deb63f203172bf5412eebd780fa7b6777f973600d22aca7995a1e7839be1777,4318,356,operation_metadata,unrelated,early,update,all,4,2011416,0,0,5,0,f02a16ee188ea3c5,true,1701
matched,Joggle,da476ab0afe8d44c9b294c59b39ba82219f3522c,efficientnet-lite4-11-qdq,1deb63f203172bf5412eebd780fa7b6777f973600d22aca7995a1e7839be1777,4318,356,operation_metadata,unrelated,early,update,all,5,1981500,0,0,5,0,f02a16ee188ea3c5,true,1701
matched,Joggle,da476ab0afe8d44c9b294c59b39ba82219f3522c,efficientnet-lite4-11-qdq,1deb63f203172bf5412eebd780fa7b6777f973600d22aca7995a1e7839be1777,4318,356,operation_metadata,unrelated,early,update,all,6,2192791,0,0,5,0,f02a16ee188ea3c5,true,1701
matched,Joggle,da476ab0afe8d44c9b294c59b39ba82219f3522c,efficientnet-lite4-11-qdq,1deb63f203172bf5412eebd780fa7b6777f973600d22aca7995a1e7839be1777,4318,356,operation_metadata,unrelated,early,update,all,7,1979583,0,0,5,0,f02a16ee188ea3c5,true,1701
matched,Joggle,da476ab0afe8d44c9b294c59b39ba82219f3522c,efficientnet-lite4-11-qdq,1deb63f203172bf5412eebd780fa7b6777f973600d22aca7995a1e7839be1777,4318,356,operation_metadata,unrelated,early,update,all,8,1956042,0,0,5,0,f02a16ee188ea3c5,true,1701
matched,Joggle,da476ab0afe8d44c9b294c59b39ba82219f3522c,efficientnet-lite4-11-qdq,1deb63f203172bf5412eebd780fa7b6777f973600d22aca7995a1e7839be1777,4318,356,operation_metadata,unrelated,early,update,all,9,2000000,0,0,5,0,f02a16ee188ea3c5,true,1701
matched,Joggle,da476ab0afe8d44c9b294c59b39ba82219f3522c,mnist-8,2f06e72de813a8635c9bc0397ac447a601bdbfa7df4bebc278723b958831c9bf,69,3,operation_metadata,affected,early,update,all,0,290459,15,5,5,0,53c630b7239322e4,true,1701
matched,Joggle,da476ab0afe8d44c9b294c59b39ba82219f3522c,mnist-8,2f06e72de813a8635c9bc0397ac447a601bdbfa7df4bebc278723b958831c9bf,69,3,operation_metadata,affected,early,update,all,1,289708,15,5,5,0,f67c6842b0e8b243,true,1701
matched,Joggle,da476ab0afe8d44c9b294c59b39ba82219f3522c,mnist-8,2f06e72de813a8635c9bc0397ac447a601bdbfa7df4bebc278723b958831c9bf,69,3,operation_metadata,affected,early,update,all,2,285584,15,5,5,0,d56fdc181b8fdc2a,true,1701
matched,Joggle,da476ab0afe8d44c9b294c59b39ba82219f3522c,mnist-8,2f06e72de813a8635c9bc0397ac447a601bdbfa7df4bebc278723b958831c9bf,69,3,operation_metadata,affected,early,update,all,3,292084,15,5,5,0,b40a55668a5413c1,true,1701
matched,Joggle,da476ab0afe8d44c9b294c59b39ba82219f3522c,mnist-8,2f06e72de813a8635c9bc0397ac447a601bdbfa7df4bebc278723b958831c9bf,69,3,operation_metadata,affected,early,update,all,4,296292,15,5,5,0,c17bed0be89386c8,true,1701
matched,Joggle,da476ab0afe8d44c9b294c59b39ba82219f3522c,mnist-8,2f06e72de813a8635c9bc0397ac447a601bdbfa7df4bebc278723b958831c9bf,69,3,operation_metadata,affected,early,update,all,5,286541,15,5,5,0,ce27f914a34db2c7,true,1701
matched,Joggle,da476ab0afe8d44c9b294c59b39ba82219f3522c,mnist-8,2f06e72de813a8635c9bc0397ac447a601bdbfa7df4bebc278723b958831c9bf,69,3,operation_metadata,affected,early,update,all,6,303375,15,5,5,0,c4edc5015ea054f9,true,1701
matched,Joggle,da476ab0afe8d44c9b294c59b39ba82219f3522c,mnist-8,2f06e72de813a8635c9bc0397ac447a601bdbfa7df4bebc278723b958831c9bf,69,3,operation_metadata,affected,early,update,all,7,288917,15,5,5,0,83fc66ea29351862,true,1701
matched,Joggle,da476ab0afe8d44c9b294c59b39ba82219f3522c,mnist-8,2f06e72de813a8635c9bc0397ac447a601bdbfa7df4bebc278723b958831c9bf,69,3,operation_metadata,affected,early,update,all,8,308584,15,5,5,0,99ffd430ced48efb,true,1701
matched,Joggle,da476ab0afe8d44c9b294c59b39ba82219f3522c,mnist-8,2f06e72de813a8635c9bc0397ac447a601bdbfa7df4bebc278723b958831c9bf,69,3,operation_metadata,affected,early,update,all,9,549458,15,5,5,0,ee0f286cca841d9c,true,1701
matched,Joggle,da476ab0afe8d44c9b294c59b39ba82219f3522c,mnist-8,2f06e72de813a8635c9bc0397ac447a601bdbfa7df4bebc278723b958831c9bf,69,3,operation_metadata,unrelated,early,update,all,0,24500,0,0,5,0,3d826d4edb70712d,true,1701
matched,Joggle,da476ab0afe8d44c9b294c59b39ba82219f3522c,mnist-8,2f06e72de813a8635c9bc0397ac447a601bdbfa7df4bebc278723b958831c9bf,69,3,operation_metadata,unrelated,early,update,all,1,25875,0,0,5,0,3d826d4edb70712d,true,1701
matched,Joggle,da476ab0afe8d44c9b294c59b39ba82219f3522c,mnist-8,2f06e72de813a8635c9bc0397ac447a601bdbfa7df4bebc278723b958831c9bf,69,3,operation_metadata,unrelated,early,update,all,2,23834,0,0,5,0,3d826d4edb70712d,true,1701
matched,Joggle,da476ab0afe8d44c9b294c59b39ba82219f3522c,mnist-8,2f06e72de813a8635c9bc0397ac447a601bdbfa7df4bebc278723b958831c9bf,69,3,operation_metadata,unrelated,early,update,all,3,23791,0,0,5,0,3d826d4edb70712d,true,1701
matched,Joggle,da476ab0afe8d44c9b294c59b39ba82219f3522c,mnist-8,2f06e72de813a8635c9bc0397ac447a601bdbfa7df4bebc278723b958831c9bf,69,3,operation_metadata,unrelated,early,update,all,4,24917,0,0,5,0,3d826d4edb70712d,true,1701
matched,Joggle,da476ab0afe8d44c9b294c59b39ba82219f3522c,mnist-8,2f06e72de813a8635c9bc0397ac447a601bdbfa7df4bebc278723b958831c9bf,69,3,operation_metadata,unrelated,early,update,all,5,23750,0,0,5,0,3d826d4edb70712d,true,1701
matched,Joggle,da476ab0afe8d44c9b294c59b39ba82219f3522c,mnist-8,2f06e72de813a8635c9bc0397ac447a601bdbfa7df4bebc278723b958831c9bf,69,3,operation_metadata,unrelated,early,update,all,6,23667,0,0,5,0,3d826d4edb70712d,true,1701
matched,Joggle,da476ab0afe8d44c9b294c59b39ba82219f3522c,mnist-8,2f06e72de813a8635c9bc0397ac447a601bdbfa7df4bebc278723b958831c9bf,69,3,operation_metadata,unrelated,early,update,all,7,23750,0,0,5,0,3d826d4edb70712d,true,1701
matched,Joggle,da476ab0afe8d44c9b294c59b39ba82219f3522c,mnist-8,2f06e72de813a8635c9bc0397ac447a601bdbfa7df4bebc278723b958831c9bf,69,3,operation_metadata,unrelated,early,update,all,8,23750,0,0,5,0,3d826d4edb70712d,true,1701
matched,Joggle,da476ab0afe8d44c9b294c59b39ba82219f3522c,mnist-8,2f06e72de813a8635c9bc0397ac447a601bdbfa7df4bebc278723b958831c9bf,69,3,operation_metadata,unrelated,early,update,all,9,24000,0,0,5,0,3d826d4edb70712d,true,1701
matched,Joggle,da476ab0afe8d44c9b294c59b39ba82219f3522c,ssd-mobilenetv1-12,3d69b3dced4b3dc38f4348402bb75df145ab5f8bf11831f1af01b3459b31b017,13863,277,operation_metadata,affected,early,update,all,0,22142084,1385,5,5,0,9ef9b9efef32c9d0,true,1701
matched,Joggle,da476ab0afe8d44c9b294c59b39ba82219f3522c,ssd-mobilenetv1-12,3d69b3dced4b3dc38f4348402bb75df145ab5f8bf11831f1af01b3459b31b017,13863,277,operation_metadata,affected,early,update,all,1,22988750,1385,5,5,0,cb66dc598de4334d,true,1701
matched,Joggle,da476ab0afe8d44c9b294c59b39ba82219f3522c,ssd-mobilenetv1-12,3d69b3dced4b3dc38f4348402bb75df145ab5f8bf11831f1af01b3459b31b017,13863,277,operation_metadata,affected,early,update,all,2,21375959,1385,5,5,0,2c4091fcd3341322,true,1701
matched,Joggle,da476ab0afe8d44c9b294c59b39ba82219f3522c,ssd-mobilenetv1-12,3d69b3dced4b3dc38f4348402bb75df145ab5f8bf11831f1af01b3459b31b017,13863,277,operation_metadata,affected,early,update,all,3,22628125,1385,5,5,0,28beafb81352ecaf,true,1701
matched,Joggle,da476ab0afe8d44c9b294c59b39ba82219f3522c,ssd-mobilenetv1-12,3d69b3dced4b3dc38f4348402bb75df145ab5f8bf11831f1af01b3459b31b017,13863,277,operation_metadata,affected,early,update,all,4,21207375,1385,5,5,0,f50e48015c797ef4,true,1701
matched,Joggle,da476ab0afe8d44c9b294c59b39ba82219f3522c,ssd-mobilenetv1-12,3d69b3dced4b3dc38f4348402bb75df145ab5f8bf11831f1af01b3459b31b017,13863,277,operation_metadata,affected,early,update,all,5,21375292,1385,5,5,0,ddfc9ab410921ae1,true,1701
matched,Joggle,da476ab0afe8d44c9b294c59b39ba82219f3522c,ssd-mobilenetv1-12,3d69b3dced4b3dc38f4348402bb75df145ab5f8bf11831f1af01b3459b31b017,13863,277,operation_metadata,affected,early,update,all,6,21599458,1385,5,5,0,ea00c98cae01671b,true,1701
matched,Joggle,da476ab0afe8d44c9b294c59b39ba82219f3522c,ssd-mobilenetv1-12,3d69b3dced4b3dc38f4348402bb75df145ab5f8bf11831f1af01b3459b31b017,13863,277,operation_metadata,affected,early,update,all,7,22057959,1385,5,5,0,d2e71ef158327cde,true,1701
matched,Joggle,da476ab0afe8d44c9b294c59b39ba82219f3522c,ssd-mobilenetv1-12,3d69b3dced4b3dc38f4348402bb75df145ab5f8bf11831f1af01b3459b31b017,13863,277,operation_metadata,affected,early,update,all,8,21279959,1385,5,5,0,72c2bff2253e3f59,true,1701
matched,Joggle,da476ab0afe8d44c9b294c59b39ba82219f3522c,ssd-mobilenetv1-12,3d69b3dced4b3dc38f4348402bb75df145ab5f8bf11831f1af01b3459b31b017,13863,277,operation_metadata,affected,early,update,all,9,21079708,1385,5,5,0,7278390cc44dbb8c,true,1701
matched,Joggle,da476ab0afe8d44c9b294c59b39ba82219f3522c,ssd-mobilenetv1-12,3d69b3dced4b3dc38f4348402bb75df145ab5f8bf11831f1af01b3459b31b017,13863,277,operation_metadata,unrelated,early,update,all,0,1568166,0,0,5,0,a47918476dad1901,true,1701
matched,Joggle,da476ab0afe8d44c9b294c59b39ba82219f3522c,ssd-mobilenetv1-12,3d69b3dced4b3dc38f4348402bb75df145ab5f8bf11831f1af01b3459b31b017,13863,277,operation_metadata,unrelated,early,update,all,1,1562250,0,0,5,0,a47918476dad1901,true,1701
matched,Joggle,da476ab0afe8d44c9b294c59b39ba82219f3522c,ssd-mobilenetv1-12,3d69b3dced4b3dc38f4348402bb75df145ab5f8bf11831f1af01b3459b31b017,13863,277,operation_metadata,unrelated,early,update,all,2,1917458,0,0,5,0,a47918476dad1901,true,1701
matched,Joggle,da476ab0afe8d44c9b294c59b39ba82219f3522c,ssd-mobilenetv1-12,3d69b3dced4b3dc38f4348402bb75df145ab5f8bf11831f1af01b3459b31b017,13863,277,operation_metadata,unrelated,early,update,all,3,1673417,0,0,5,0,a47918476dad1901,true,1701
matched,Joggle,da476ab0afe8d44c9b294c59b39ba82219f3522c,ssd-mobilenetv1-12,3d69b3dced4b3dc38f4348402bb75df145ab5f8bf11831f1af01b3459b31b017,13863,277,operation_metadata,unrelated,early,update,all,4,1603291,0,0,5,0,a47918476dad1901,true,1701
matched,Joggle,da476ab0afe8d44c9b294c59b39ba82219f3522c,ssd-mobilenetv1-12,3d69b3dced4b3dc38f4348402bb75df145ab5f8bf11831f1af01b3459b31b017,13863,277,operation_metadata,unrelated,early,update,all,5,1571292,0,0,5,0,a47918476dad1901,true,1701
matched,Joggle,da476ab0afe8d44c9b294c59b39ba82219f3522c,ssd-mobilenetv1-12,3d69b3dced4b3dc38f4348402bb75df145ab5f8bf11831f1af01b3459b31b017,13863,277,operation_metadata,unrelated,early,update,all,6,1604041,0,0,5,0,a47918476dad1901,true,1701
matched,Joggle,da476ab0afe8d44c9b294c59b39ba82219f3522c,ssd-mobilenetv1-12,3d69b3dced4b3dc38f4348402bb75df145ab5f8bf11831f1af01b3459b31b017,13863,277,operation_metadata,unrelated,early,update,all,7,1613584,0,0,5,0,a47918476dad1901,true,1701
matched,Joggle,da476ab0afe8d44c9b294c59b39ba82219f3522c,ssd-mobilenetv1-12,3d69b3dced4b3dc38f4348402bb75df145ab5f8bf11831f1af01b3459b31b017,13863,277,operation_metadata,unrelated,early,update,all,8,1819792,0,0,5,0,a47918476dad1901,true,1701
matched,Joggle,da476ab0afe8d44c9b294c59b39ba82219f3522c,ssd-mobilenetv1-12,3d69b3dced4b3dc38f4348402bb75df145ab5f8bf11831f1af01b3459b31b017,13863,277,operation_metadata,unrelated,early,update,all,9,1682459,0,0,5,0,a47918476dad1901,true,1701
matched,Joggle,da476ab0afe8d44c9b294c59b39ba82219f3522c,xcit-tiny-12-p8-224-opset17,ea20107b2396adf96ec569e5a1f1fb5443ee31299e5bc01a3d139a3a3564f3f7,3298,453,operation_metadata,affected,middle,update,all,0,34967083,2265,5,5,0,852f743f7a981842,true,1701
matched,Joggle,da476ab0afe8d44c9b294c59b39ba82219f3522c,xcit-tiny-12-p8-224-opset17,ea20107b2396adf96ec569e5a1f1fb5443ee31299e5bc01a3d139a3a3564f3f7,3298,453,operation_metadata,affected,middle,update,all,1,35232208,2265,5,5,0,2488f6726598b875,true,1701
matched,Joggle,da476ab0afe8d44c9b294c59b39ba82219f3522c,xcit-tiny-12-p8-224-opset17,ea20107b2396adf96ec569e5a1f1fb5443ee31299e5bc01a3d139a3a3564f3f7,3298,453,operation_metadata,affected,middle,update,all,2,34400500,2265,5,5,0,6a335f49459befc8,true,1701
matched,Joggle,da476ab0afe8d44c9b294c59b39ba82219f3522c,xcit-tiny-12-p8-224-opset17,ea20107b2396adf96ec569e5a1f1fb5443ee31299e5bc01a3d139a3a3564f3f7,3298,453,operation_metadata,affected,middle,update,all,3,36480542,2265,5,5,0,0765b9f9e8762c33,true,1701
matched,Joggle,da476ab0afe8d44c9b294c59b39ba82219f3522c,xcit-tiny-12-p8-224-opset17,ea20107b2396adf96ec569e5a1f1fb5443ee31299e5bc01a3d139a3a3564f3f7,3298,453,operation_metadata,affected,middle,update,all,4,37509459,2265,5,5,0,baba7c485768a7c6,true,1701
matched,Joggle,da476ab0afe8d44c9b294c59b39ba82219f3522c,xcit-tiny-12-p8-224-opset17,ea20107b2396adf96ec569e5a1f1fb5443ee31299e5bc01a3d139a3a3564f3f7,3298,453,operation_metadata,affected,middle,update,all,5,34726375,2265,5,5,0,4739ad7f94cedd79,true,1701
matched,Joggle,da476ab0afe8d44c9b294c59b39ba82219f3522c,xcit-tiny-12-p8-224-opset17,ea20107b2396adf96ec569e5a1f1fb5443ee31299e5bc01a3d139a3a3564f3f7,3298,453,operation_metadata,affected,middle,update,all,6,34093709,2265,5,5,0,dec9681689c7e1a3,true,1701
matched,Joggle,da476ab0afe8d44c9b294c59b39ba82219f3522c,xcit-tiny-12-p8-224-opset17,ea20107b2396adf96ec569e5a1f1fb5443ee31299e5bc01a3d139a3a3564f3f7,3298,453,operation_metadata,affected,middle,update,all,7,34522375,2265,5,5,0,ef53b640b6448db8,true,1701
matched,Joggle,da476ab0afe8d44c9b294c59b39ba82219f3522c,xcit-tiny-12-p8-224-opset17,ea20107b2396adf96ec569e5a1f1fb5443ee31299e5bc01a3d139a3a3564f3f7,3298,453,operation_metadata,affected,middle,update,all,8,35802417,2265,5,5,0,2e5f9176ca8acb25,true,1701
matched,Joggle,da476ab0afe8d44c9b294c59b39ba82219f3522c,xcit-tiny-12-p8-224-opset17,ea20107b2396adf96ec569e5a1f1fb5443ee31299e5bc01a3d139a3a3564f3f7,3298,453,operation_metadata,affected,middle,update,all,9,36980250,2265,5,5,0,ee847e3052821932,true,1701
matched,Joggle,da476ab0afe8d44c9b294c59b39ba82219f3522c,xcit-tiny-12-p8-224-opset17,ea20107b2396adf96ec569e5a1f1fb5443ee31299e5bc01a3d139a3a3564f3f7,3298,453,operation_metadata,unrelated,middle,update,all,0,2439125,0,0,5,0,fb9311dcf1abb4b1,true,1701
matched,Joggle,da476ab0afe8d44c9b294c59b39ba82219f3522c,xcit-tiny-12-p8-224-opset17,ea20107b2396adf96ec569e5a1f1fb5443ee31299e5bc01a3d139a3a3564f3f7,3298,453,operation_metadata,unrelated,middle,update,all,1,2507667,0,0,5,0,fb9311dcf1abb4b1,true,1701
matched,Joggle,da476ab0afe8d44c9b294c59b39ba82219f3522c,xcit-tiny-12-p8-224-opset17,ea20107b2396adf96ec569e5a1f1fb5443ee31299e5bc01a3d139a3a3564f3f7,3298,453,operation_metadata,unrelated,middle,update,all,2,2613958,0,0,5,0,fb9311dcf1abb4b1,true,1701
matched,Joggle,da476ab0afe8d44c9b294c59b39ba82219f3522c,xcit-tiny-12-p8-224-opset17,ea20107b2396adf96ec569e5a1f1fb5443ee31299e5bc01a3d139a3a3564f3f7,3298,453,operation_metadata,unrelated,middle,update,all,3,2628375,0,0,5,0,fb9311dcf1abb4b1,true,1701
matched,Joggle,da476ab0afe8d44c9b294c59b39ba82219f3522c,xcit-tiny-12-p8-224-opset17,ea20107b2396adf96ec569e5a1f1fb5443ee31299e5bc01a3d139a3a3564f3f7,3298,453,operation_metadata,unrelated,middle,update,all,4,2546250,0,0,5,0,fb9311dcf1abb4b1,true,1701
matched,Joggle,da476ab0afe8d44c9b294c59b39ba82219f3522c,xcit-tiny-12-p8-224-opset17,ea20107b2396adf96ec569e5a1f1fb5443ee31299e5bc01a3d139a3a3564f3f7,3298,453,operation_metadata,unrelated,middle,update,all,5,2588958,0,0,5,0,fb9311dcf1abb4b1,true,1701
matched,Joggle,da476ab0afe8d44c9b294c59b39ba82219f3522c,xcit-tiny-12-p8-224-opset17,ea20107b2396adf96ec569e5a1f1fb5443ee31299e5bc01a3d139a3a3564f3f7,3298,453,operation_metadata,unrelated,middle,update,all,6,2654833,0,0,5,0,fb9311dcf1abb4b1,true,1701
matched,Joggle,da476ab0afe8d44c9b294c59b39ba82219f3522c,xcit-tiny-12-p8-224-opset17,ea20107b2396adf96ec569e5a1f1fb5443ee31299e5bc01a3d139a3a3564f3f7,3298,453,operation_metadata,unrelated,middle,update,all,7,2602625,0,0,5,0,fb9311dcf1abb4b1,true,1701
matched,Joggle,da476ab0afe8d44c9b294c59b39ba82219f3522c,xcit-tiny-12-p8-224-opset17,ea20107b2396adf96ec569e5a1f1fb5443ee31299e5bc01a3d139a3a3564f3f7,3298,453,operation_metadata,unrelated,middle,update,all,8,2493917,0,0,5,0,fb9311dcf1abb4b1,true,1701
matched,Joggle,da476ab0afe8d44c9b294c59b39ba82219f3522c,xcit-tiny-12-p8-224-opset17,ea20107b2396adf96ec569e5a1f1fb5443ee31299e5bc01a3d139a3a3564f3f7,3298,453,operation_metadata,unrelated,middle,update,all,9,2483542,0,0,5,0,fb9311dcf1abb4b1,true,1701
matched,Joggle,da476ab0afe8d44c9b294c59b39ba82219f3522c,ssd-mobilenetv1-12,3d69b3dced4b3dc38f4348402bb75df145ab5f8bf11831f1af01b3459b31b017,13863,165,operation_metadata,affected,middle,update,all,0,13032458,825,5,5,0,6b03864da21862af,true,1701
matched,Joggle,da476ab0afe8d44c9b294c59b39ba82219f3522c,ssd-mobilenetv1-12,3d69b3dced4b3dc38f4348402bb75df145ab5f8bf11831f1af01b3459b31b017,13863,165,operation_metadata,affected,middle,update,all,1,12976292,825,5,5,0,f6c07b22f4e874d6,true,1701
matched,Joggle,da476ab0afe8d44c9b294c59b39ba82219f3522c,ssd-mobilenetv1-12,3d69b3dced4b3dc38f4348402bb75df145ab5f8bf11831f1af01b3459b31b017,13863,165,operation_metadata,affected,middle,update,all,2,12931583,825,5,5,0,deee5cb3682c5455,true,1701
matched,Joggle,da476ab0afe8d44c9b294c59b39ba82219f3522c,ssd-mobilenetv1-12,3d69b3dced4b3dc38f4348402bb75df145ab5f8bf11831f1af01b3459b31b017,13863,165,operation_metadata,affected,middle,update,all,3,13679583,825,5,5,0,47208743add7de54,true,1701
matched,Joggle,da476ab0afe8d44c9b294c59b39ba82219f3522c,ssd-mobilenetv1-12,3d69b3dced4b3dc38f4348402bb75df145ab5f8bf11831f1af01b3459b31b017,13863,165,operation_metadata,affected,middle,update,all,4,12009791,825,5,5,0,4518319d6246000b,true,1701
matched,Joggle,da476ab0afe8d44c9b294c59b39ba82219f3522c,ssd-mobilenetv1-12,3d69b3dced4b3dc38f4348402bb75df145ab5f8bf11831f1af01b3459b31b017,13863,165,operation_metadata,affected,middle,update,all,5,12427750,825,5,5,0,79704b5a9cff2212,true,1701
matched,Joggle,da476ab0afe8d44c9b294c59b39ba82219f3522c,ssd-mobilenetv1-12,3d69b3dced4b3dc38f4348402bb75df145ab5f8bf11831f1af01b3459b31b017,13863,165,operation_metadata,affected,middle,update,all,6,12635042,825,5,5,0,8c193b1115bef104,true,1701
matched,Joggle,da476ab0afe8d44c9b294c59b39ba82219f3522c,ssd-mobilenetv1-12,3d69b3dced4b3dc38f4348402bb75df145ab5f8bf11831f1af01b3459b31b017,13863,165,operation_metadata,affected,middle,update,all,7,13537333,825,5,5,0,8016c8cffa1b99c5,true,1701
matched,Joggle,da476ab0afe8d44c9b294c59b39ba82219f3522c,ssd-mobilenetv1-12,3d69b3dced4b3dc38f4348402bb75df145ab5f8bf11831f1af01b3459b31b017,13863,165,operation_metadata,affected,middle,update,all,8,13490333,825,5,5,0,38f0a3c10c16da86,true,1701
matched,Joggle,da476ab0afe8d44c9b294c59b39ba82219f3522c,ssd-mobilenetv1-12,3d69b3dced4b3dc38f4348402bb75df145ab5f8bf11831f1af01b3459b31b017,13863,165,operation_metadata,affected,middle,update,all,9,13676500,825,5,5,0,2379643f39e0379f,true,1701
matched,Joggle,da476ab0afe8d44c9b294c59b39ba82219f3522c,ssd-mobilenetv1-12,3d69b3dced4b3dc38f4348402bb75df145ab5f8bf11831f1af01b3459b31b017,13863,165,operation_metadata,unrelated,middle,update,all,0,957125,0,0,5,0,76145d0107ce67ba,true,1701
matched,Joggle,da476ab0afe8d44c9b294c59b39ba82219f3522c,ssd-mobilenetv1-12,3d69b3dced4b3dc38f4348402bb75df145ab5f8bf11831f1af01b3459b31b017,13863,165,operation_metadata,unrelated,middle,update,all,1,956209,0,0,5,0,76145d0107ce67ba,true,1701
matched,Joggle,da476ab0afe8d44c9b294c59b39ba82219f3522c,ssd-mobilenetv1-12,3d69b3dced4b3dc38f4348402bb75df145ab5f8bf11831f1af01b3459b31b017,13863,165,operation_metadata,unrelated,middle,update,all,2,958416,0,0,5,0,76145d0107ce67ba,true,1701
matched,Joggle,da476ab0afe8d44c9b294c59b39ba82219f3522c,ssd-mobilenetv1-12,3d69b3dced4b3dc38f4348402bb75df145ab5f8bf11831f1af01b3459b31b017,13863,165,operation_metadata,unrelated,middle,update,all,3,946209,0,0,5,0,76145d0107ce67ba,true,1701
matched,Joggle,da476ab0afe8d44c9b294c59b39ba82219f3522c,ssd-mobilenetv1-12,3d69b3dced4b3dc38f4348402bb75df145ab5f8bf11831f1af01b3459b31b017,13863,165,operation_metadata,unrelated,middle,update,all,4,966500,0,0,5,0,76145d0107ce67ba,true,1701
matched,Joggle,da476ab0afe8d44c9b294c59b39ba82219f3522c,ssd-mobilenetv1-12,3d69b3dced4b3dc38f4348402bb75df145ab5f8bf11831f1af01b3459b31b017,13863,165,operation_metadata,unrelated,middle,update,all,5,961167,0,0,5,0,76145d0107ce67ba,true,1701
matched,Joggle,da476ab0afe8d44c9b294c59b39ba82219f3522c,ssd-mobilenetv1-12,3d69b3dced4b3dc38f4348402bb75df145ab5f8bf11831f1af01b3459b31b017,13863,165,operation_metadata,unrelated,middle,update,all,6,958250,0,0,5,0,76145d0107ce67ba,true,1701
matched,Joggle,da476ab0afe8d44c9b294c59b39ba82219f3522c,ssd-mobilenetv1-12,3d69b3dced4b3dc38f4348402bb75df145ab5f8bf11831f1af01b3459b31b017,13863,165,operation_metadata,unrelated,middle,update,all,7,956084,0,0,5,0,76145d0107ce67ba,true,1701
matched,Joggle,da476ab0afe8d44c9b294c59b39ba82219f3522c,ssd-mobilenetv1-12,3d69b3dced4b3dc38f4348402bb75df145ab5f8bf11831f1af01b3459b31b017,13863,165,operation_metadata,unrelated,middle,update,all,8,1051791,0,0,5,0,76145d0107ce67ba,true,1701
matched,Joggle,da476ab0afe8d44c9b294c59b39ba82219f3522c,ssd-mobilenetv1-12,3d69b3dced4b3dc38f4348402bb75df145ab5f8bf11831f1af01b3459b31b017,13863,165,operation_metadata,unrelated,middle,update,all,9,983416,0,0,5,0,76145d0107ce67ba,true,1701
matched,Joggle,da476ab0afe8d44c9b294c59b39ba82219f3522c,tinyyolov2-8,867df52f413aae895af9b80a5526d865a8648e90765647a28cda9c6f8d31062f,285,17,operation_metadata,affected,middle,update,all,0,1411583,85,5,5,0,e53aa5b5bd268f4e,true,1701
matched,Joggle,da476ab0afe8d44c9b294c59b39ba82219f3522c,tinyyolov2-8,867df52f413aae895af9b80a5526d865a8648e90765647a28cda9c6f8d31062f,285,17,operation_metadata,affected,middle,update,all,1,1460667,85,5,5,0,264f3c921b058515,true,1701
matched,Joggle,da476ab0afe8d44c9b294c59b39ba82219f3522c,tinyyolov2-8,867df52f413aae895af9b80a5526d865a8648e90765647a28cda9c6f8d31062f,285,17,operation_metadata,affected,middle,update,all,2,1464084,85,5,5,0,a945b9b3dba7b764,true,1701
matched,Joggle,da476ab0afe8d44c9b294c59b39ba82219f3522c,tinyyolov2-8,867df52f413aae895af9b80a5526d865a8648e90765647a28cda9c6f8d31062f,285,17,operation_metadata,affected,middle,update,all,3,1589334,85,5,5,0,8b9db0113d647d2b,true,1701
matched,Joggle,da476ab0afe8d44c9b294c59b39ba82219f3522c,tinyyolov2-8,867df52f413aae895af9b80a5526d865a8648e90765647a28cda9c6f8d31062f,285,17,operation_metadata,affected,middle,update,all,4,1449750,85,5,5,0,c7b4d6873be0cdea,true,1701
matched,Joggle,da476ab0afe8d44c9b294c59b39ba82219f3522c,tinyyolov2-8,867df52f413aae895af9b80a5526d865a8648e90765647a28cda9c6f8d31062f,285,17,operation_metadata,affected,middle,update,all,5,1420833,85,5,5,0,dd8e6380d654d4a1,true,1701
matched,Joggle,da476ab0afe8d44c9b294c59b39ba82219f3522c,tinyyolov2-8,867df52f413aae895af9b80a5526d865a8648e90765647a28cda9c6f8d31062f,285,17,operation_metadata,affected,middle,update,all,6,1412000,85,5,5,0,5ca9725be25105df,true,1701
matched,Joggle,da476ab0afe8d44c9b294c59b39ba82219f3522c,tinyyolov2-8,867df52f413aae895af9b80a5526d865a8648e90765647a28cda9c6f8d31062f,285,17,operation_metadata,affected,middle,update,all,7,1437708,85,5,5,0,922abecc0a73d048,true,1701
matched,Joggle,da476ab0afe8d44c9b294c59b39ba82219f3522c,tinyyolov2-8,867df52f413aae895af9b80a5526d865a8648e90765647a28cda9c6f8d31062f,285,17,operation_metadata,affected,middle,update,all,8,1403791,85,5,5,0,4123aef07e2af5e9,true,1701
matched,Joggle,da476ab0afe8d44c9b294c59b39ba82219f3522c,tinyyolov2-8,867df52f413aae895af9b80a5526d865a8648e90765647a28cda9c6f8d31062f,285,17,operation_metadata,affected,middle,update,all,9,1410042,85,5,5,0,83e7bb0f512d2472,true,1701
matched,Joggle,da476ab0afe8d44c9b294c59b39ba82219f3522c,tinyyolov2-8,867df52f413aae895af9b80a5526d865a8648e90765647a28cda9c6f8d31062f,285,17,operation_metadata,unrelated,middle,update,all,0,103500,0,0,5,0,21c9b215525936c1,true,1701
matched,Joggle,da476ab0afe8d44c9b294c59b39ba82219f3522c,tinyyolov2-8,867df52f413aae895af9b80a5526d865a8648e90765647a28cda9c6f8d31062f,285,17,operation_metadata,unrelated,middle,update,all,1,104417,0,0,5,0,21c9b215525936c1,true,1701
matched,Joggle,da476ab0afe8d44c9b294c59b39ba82219f3522c,tinyyolov2-8,867df52f413aae895af9b80a5526d865a8648e90765647a28cda9c6f8d31062f,285,17,operation_metadata,unrelated,middle,update,all,2,104291,0,0,5,0,21c9b215525936c1,true,1701
matched,Joggle,da476ab0afe8d44c9b294c59b39ba82219f3522c,tinyyolov2-8,867df52f413aae895af9b80a5526d865a8648e90765647a28cda9c6f8d31062f,285,17,operation_metadata,unrelated,middle,update,all,3,107417,0,0,5,0,21c9b215525936c1,true,1701
matched,Joggle,da476ab0afe8d44c9b294c59b39ba82219f3522c,tinyyolov2-8,867df52f413aae895af9b80a5526d865a8648e90765647a28cda9c6f8d31062f,285,17,operation_metadata,unrelated,middle,update,all,4,104709,0,0,5,0,21c9b215525936c1,true,1701
matched,Joggle,da476ab0afe8d44c9b294c59b39ba82219f3522c,tinyyolov2-8,867df52f413aae895af9b80a5526d865a8648e90765647a28cda9c6f8d31062f,285,17,operation_metadata,unrelated,middle,update,all,5,103958,0,0,5,0,21c9b215525936c1,true,1701
matched,Joggle,da476ab0afe8d44c9b294c59b39ba82219f3522c,tinyyolov2-8,867df52f413aae895af9b80a5526d865a8648e90765647a28cda9c6f8d31062f,285,17,operation_metadata,unrelated,middle,update,all,6,104209,0,0,5,0,21c9b215525936c1,true,1701
matched,Joggle,da476ab0afe8d44c9b294c59b39ba82219f3522c,tinyyolov2-8,867df52f413aae895af9b80a5526d865a8648e90765647a28cda9c6f8d31062f,285,17,operation_metadata,unrelated,middle,update,all,7,104333,0,0,5,0,21c9b215525936c1,true,1701
matched,Joggle,da476ab0afe8d44c9b294c59b39ba82219f3522c,tinyyolov2-8,867df52f413aae895af9b80a5526d865a8648e90765647a28cda9c6f8d31062f,285,17,operation_metadata,unrelated,middle,update,all,8,103708,0,0,5,0,21c9b215525936c1,true,1701
matched,Joggle,da476ab0afe8d44c9b294c59b39ba82219f3522c,tinyyolov2-8,867df52f413aae895af9b80a5526d865a8648e90765647a28cda9c6f8d31062f,285,17,operation_metadata,unrelated,middle,update,all,9,104500,0,0,5,0,21c9b215525936c1,true,1701
matched,Joggle,da476ab0afe8d44c9b294c59b39ba82219f3522c,tiny-yolov3-11,356de5227f42a77ed270d2668b95804087109a567b84cc76b7442ca3517926c0,1644,236,operation_metadata,affected,early,full,all,0,46650416,8140,5,5,0,a87c4be1aa2b16fa,true,1701
matched,Joggle,da476ab0afe8d44c9b294c59b39ba82219f3522c,tiny-yolov3-11,356de5227f42a77ed270d2668b95804087109a567b84cc76b7442ca3517926c0,1644,236,operation_metadata,affected,early,full,all,1,46474208,8140,5,5,0,82494a5f4ca35607,true,1701
matched,Joggle,da476ab0afe8d44c9b294c59b39ba82219f3522c,tiny-yolov3-11,356de5227f42a77ed270d2668b95804087109a567b84cc76b7442ca3517926c0,1644,236,operation_metadata,affected,early,full,all,2,46332834,8140,5,5,0,aca6b7dd747314f8,true,1701
matched,Joggle,da476ab0afe8d44c9b294c59b39ba82219f3522c,tiny-yolov3-11,356de5227f42a77ed270d2668b95804087109a567b84cc76b7442ca3517926c0,1644,236,operation_metadata,affected,early,full,all,3,48594166,8140,5,5,0,e47490027269d675,true,1701
matched,Joggle,da476ab0afe8d44c9b294c59b39ba82219f3522c,tiny-yolov3-11,356de5227f42a77ed270d2668b95804087109a567b84cc76b7442ca3517926c0,1644,236,operation_metadata,affected,early,full,all,4,46958875,8140,5,5,0,738eac8ffbd8b7b6,true,1701
matched,Joggle,da476ab0afe8d44c9b294c59b39ba82219f3522c,tiny-yolov3-11,356de5227f42a77ed270d2668b95804087109a567b84cc76b7442ca3517926c0,1644,236,operation_metadata,affected,early,full,all,5,46054625,8140,5,5,0,7d14c1546b0c2c23,true,1701
matched,Joggle,da476ab0afe8d44c9b294c59b39ba82219f3522c,tiny-yolov3-11,356de5227f42a77ed270d2668b95804087109a567b84cc76b7442ca3517926c0,1644,236,operation_metadata,affected,early,full,all,6,46947916,8140,5,5,0,a12b9eccc000d059,true,1701
matched,Joggle,da476ab0afe8d44c9b294c59b39ba82219f3522c,tiny-yolov3-11,356de5227f42a77ed270d2668b95804087109a567b84cc76b7442ca3517926c0,1644,236,operation_metadata,affected,early,full,all,7,46799375,8140,5,5,0,0b63f6318b0edc9c,true,1701
matched,Joggle,da476ab0afe8d44c9b294c59b39ba82219f3522c,tiny-yolov3-11,356de5227f42a77ed270d2668b95804087109a567b84cc76b7442ca3517926c0,1644,236,operation_metadata,affected,early,full,all,8,45709584,8140,5,5,0,430954e405ca218b,true,1701
matched,Joggle,da476ab0afe8d44c9b294c59b39ba82219f3522c,tiny-yolov3-11,356de5227f42a77ed270d2668b95804087109a567b84cc76b7442ca3517926c0,1644,236,operation_metadata,affected,early,full,all,9,46555125,8140,5,5,0,2bfad2a957f8001e,true,1701
matched,Joggle,da476ab0afe8d44c9b294c59b39ba82219f3522c,tiny-yolov3-11,356de5227f42a77ed270d2668b95804087109a567b84cc76b7442ca3517926c0,1644,236,operation_metadata,unrelated,early,full,all,0,46723209,8140,5,5,0,378420cdba8a25d3,true,1701
matched,Joggle,da476ab0afe8d44c9b294c59b39ba82219f3522c,tiny-yolov3-11,356de5227f42a77ed270d2668b95804087109a567b84cc76b7442ca3517926c0,1644,236,operation_metadata,unrelated,early,full,all,1,47604667,8140,5,5,0,378420cdba8a25d3,true,1701
matched,Joggle,da476ab0afe8d44c9b294c59b39ba82219f3522c,tiny-yolov3-11,356de5227f42a77ed270d2668b95804087109a567b84cc76b7442ca3517926c0,1644,236,operation_metadata,unrelated,early,full,all,2,47857333,8140,5,5,0,378420cdba8a25d3,true,1701
matched,Joggle,da476ab0afe8d44c9b294c59b39ba82219f3522c,tiny-yolov3-11,356de5227f42a77ed270d2668b95804087109a567b84cc76b7442ca3517926c0,1644,236,operation_metadata,unrelated,early,full,all,3,46735042,8140,5,5,0,378420cdba8a25d3,true,1701
matched,Joggle,da476ab0afe8d44c9b294c59b39ba82219f3522c,tiny-yolov3-11,356de5227f42a77ed270d2668b95804087109a567b84cc76b7442ca3517926c0,1644,236,operation_metadata,unrelated,early,full,all,4,47614916,8140,5,5,0,378420cdba8a25d3,true,1701
matched,Joggle,da476ab0afe8d44c9b294c59b39ba82219f3522c,tiny-yolov3-11,356de5227f42a77ed270d2668b95804087109a567b84cc76b7442ca3517926c0,1644,236,operation_metadata,unrelated,early,full,all,5,46608541,8140,5,5,0,378420cdba8a25d3,true,1701
matched,Joggle,da476ab0afe8d44c9b294c59b39ba82219f3522c,tiny-yolov3-11,356de5227f42a77ed270d2668b95804087109a567b84cc76b7442ca3517926c0,1644,236,operation_metadata,unrelated,early,full,all,6,47247417,8140,5,5,0,378420cdba8a25d3,true,1701
matched,Joggle,da476ab0afe8d44c9b294c59b39ba82219f3522c,tiny-yolov3-11,356de5227f42a77ed270d2668b95804087109a567b84cc76b7442ca3517926c0,1644,236,operation_metadata,unrelated,early,full,all,7,47397750,8140,5,5,0,378420cdba8a25d3,true,1701
matched,Joggle,da476ab0afe8d44c9b294c59b39ba82219f3522c,tiny-yolov3-11,356de5227f42a77ed270d2668b95804087109a567b84cc76b7442ca3517926c0,1644,236,operation_metadata,unrelated,early,full,all,8,46699125,8140,5,5,0,378420cdba8a25d3,true,1701
matched,Joggle,da476ab0afe8d44c9b294c59b39ba82219f3522c,tiny-yolov3-11,356de5227f42a77ed270d2668b95804087109a567b84cc76b7442ca3517926c0,1644,236,operation_metadata,unrelated,early,full,all,9,47669250,8140,5,5,0,378420cdba8a25d3,true,1701
matched,Joggle,da476ab0afe8d44c9b294c59b39ba82219f3522c,ssd-mobilenetv1-12,3d69b3dced4b3dc38f4348402bb75df145ab5f8bf11831f1af01b3459b31b017,13863,1,operation_metadata,affected,late,full,all,0,115978666,11095,5,5,0,b862b347ae175134,true,1701
matched,Joggle,da476ab0afe8d44c9b294c59b39ba82219f3522c,ssd-mobilenetv1-12,3d69b3dced4b3dc38f4348402bb75df145ab5f8bf11831f1af01b3459b31b017,13863,1,operation_metadata,affected,late,full,all,1,114578167,11095,5,5,0,f13b125e9964fb11,true,1701
matched,Joggle,da476ab0afe8d44c9b294c59b39ba82219f3522c,ssd-mobilenetv1-12,3d69b3dced4b3dc38f4348402bb75df145ab5f8bf11831f1af01b3459b31b017,13863,1,operation_metadata,affected,late,full,all,2,114102458,11095,5,5,0,7637cce5500bc2a2,true,1701
matched,Joggle,da476ab0afe8d44c9b294c59b39ba82219f3522c,ssd-mobilenetv1-12,3d69b3dced4b3dc38f4348402bb75df145ab5f8bf11831f1af01b3459b31b017,13863,1,operation_metadata,affected,late,full,all,3,115259334,11095,5,5,0,c1d893beefe0493f,true,1701
matched,Joggle,da476ab0afe8d44c9b294c59b39ba82219f3522c,ssd-mobilenetv1-12,3d69b3dced4b3dc38f4348402bb75df145ab5f8bf11831f1af01b3459b31b017,13863,1,operation_metadata,affected,late,full,all,4,114592541,11095,5,5,0,f9c7575033662058,true,1701
matched,Joggle,da476ab0afe8d44c9b294c59b39ba82219f3522c,ssd-mobilenetv1-12,3d69b3dced4b3dc38f4348402bb75df145ab5f8bf11831f1af01b3459b31b017,13863,1,operation_metadata,affected,late,full,all,5,113955625,11095,5,5,0,dd9a7fcb35d90915,true,1701
matched,Joggle,da476ab0afe8d44c9b294c59b39ba82219f3522c,ssd-mobilenetv1-12,3d69b3dced4b3dc38f4348402bb75df145ab5f8bf11831f1af01b3459b31b017,13863,1,operation_metadata,affected,late,full,all,6,112057708,11095,5,5,0,9bd46dff5bba6eef,true,1701
matched,Joggle,da476ab0afe8d44c9b294c59b39ba82219f3522c,ssd-mobilenetv1-12,3d69b3dced4b3dc38f4348402bb75df145ab5f8bf11831f1af01b3459b31b017,13863,1,operation_metadata,affected,late,full,all,7,114875916,11095,5,5,0,fcd6cbf781ee7612,true,1701
matched,Joggle,da476ab0afe8d44c9b294c59b39ba82219f3522c,ssd-mobilenetv1-12,3d69b3dced4b3dc38f4348402bb75df145ab5f8bf11831f1af01b3459b31b017,13863,1,operation_metadata,affected,late,full,all,8,114668125,11095,5,5,0,039665c5865c5041,true,1701
matched,Joggle,da476ab0afe8d44c9b294c59b39ba82219f3522c,ssd-mobilenetv1-12,3d69b3dced4b3dc38f4348402bb75df145ab5f8bf11831f1af01b3459b31b017,13863,1,operation_metadata,affected,late,full,all,9,114527167,11095,5,5,0,fc5c8505381f20e4,true,1701
matched,Joggle,da476ab0afe8d44c9b294c59b39ba82219f3522c,ssd-mobilenetv1-12,3d69b3dced4b3dc38f4348402bb75df145ab5f8bf11831f1af01b3459b31b017,13863,1,operation_metadata,unrelated,late,full,all,0,112503959,11095,5,5,0,0f5941335deeab4d,true,1701
matched,Joggle,da476ab0afe8d44c9b294c59b39ba82219f3522c,ssd-mobilenetv1-12,3d69b3dced4b3dc38f4348402bb75df145ab5f8bf11831f1af01b3459b31b017,13863,1,operation_metadata,unrelated,late,full,all,1,112135167,11095,5,5,0,0f5941335deeab4d,true,1701
matched,Joggle,da476ab0afe8d44c9b294c59b39ba82219f3522c,ssd-mobilenetv1-12,3d69b3dced4b3dc38f4348402bb75df145ab5f8bf11831f1af01b3459b31b017,13863,1,operation_metadata,unrelated,late,full,all,2,112410208,11095,5,5,0,0f5941335deeab4d,true,1701
matched,Joggle,da476ab0afe8d44c9b294c59b39ba82219f3522c,ssd-mobilenetv1-12,3d69b3dced4b3dc38f4348402bb75df145ab5f8bf11831f1af01b3459b31b017,13863,1,operation_metadata,unrelated,late,full,all,3,111908209,11095,5,5,0,0f5941335deeab4d,true,1701
matched,Joggle,da476ab0afe8d44c9b294c59b39ba82219f3522c,ssd-mobilenetv1-12,3d69b3dced4b3dc38f4348402bb75df145ab5f8bf11831f1af01b3459b31b017,13863,1,operation_metadata,unrelated,late,full,all,4,112892125,11095,5,5,0,0f5941335deeab4d,true,1701
matched,Joggle,da476ab0afe8d44c9b294c59b39ba82219f3522c,ssd-mobilenetv1-12,3d69b3dced4b3dc38f4348402bb75df145ab5f8bf11831f1af01b3459b31b017,13863,1,operation_metadata,unrelated,late,full,all,5,112571708,11095,5,5,0,0f5941335deeab4d,true,1701
matched,Joggle,da476ab0afe8d44c9b294c59b39ba82219f3522c,ssd-mobilenetv1-12,3d69b3dced4b3dc38f4348402bb75df145ab5f8bf11831f1af01b3459b31b017,13863,1,operation_metadata,unrelated,late,full,all,6,112468625,11095,5,5,0,0f5941335deeab4d,true,1701
matched,Joggle,da476ab0afe8d44c9b294c59b39ba82219f3522c,ssd-mobilenetv1-12,3d69b3dced4b3dc38f4348402bb75df145ab5f8bf11831f1af01b3459b31b017,13863,1,operation_metadata,unrelated,late,full,all,7,111228625,11095,5,5,0,0f5941335deeab4d,true,1701
matched,Joggle,da476ab0afe8d44c9b294c59b39ba82219f3522c,ssd-mobilenetv1-12,3d69b3dced4b3dc38f4348402bb75df145ab5f8bf11831f1af01b3459b31b017,13863,1,operation_metadata,unrelated,late,full,all,8,112526834,11095,5,5,0,0f5941335deeab4d,true,1701
matched,Joggle,da476ab0afe8d44c9b294c59b39ba82219f3522c,ssd-mobilenetv1-12,3d69b3dced4b3dc38f4348402bb75df145ab5f8bf11831f1af01b3459b31b017,13863,1,operation_metadata,unrelated,late,full,all,9,112758584,11095,5,5,0,0f5941335deeab4d,true,1701
matched,Joggle,da476ab0afe8d44c9b294c59b39ba82219f3522c,xcit-tiny-12-p8-224-opset17,ea20107b2396adf96ec569e5a1f1fb5443ee31299e5bc01a3d139a3a3564f3f7,3298,453,operation_metadata,affected,middle,full,all,0,107233875,16490,5,5,0,852f743f7a981842,true,1701
matched,Joggle,da476ab0afe8d44c9b294c59b39ba82219f3522c,xcit-tiny-12-p8-224-opset17,ea20107b2396adf96ec569e5a1f1fb5443ee31299e5bc01a3d139a3a3564f3f7,3298,453,operation_metadata,affected,middle,full,all,1,111279417,16490,5,5,0,2488f6726598b875,true,1701
matched,Joggle,da476ab0afe8d44c9b294c59b39ba82219f3522c,xcit-tiny-12-p8-224-opset17,ea20107b2396adf96ec569e5a1f1fb5443ee31299e5bc01a3d139a3a3564f3f7,3298,453,operation_metadata,affected,middle,full,all,2,109432084,16490,5,5,0,6a335f49459befc8,true,1701
matched,Joggle,da476ab0afe8d44c9b294c59b39ba82219f3522c,xcit-tiny-12-p8-224-opset17,ea20107b2396adf96ec569e5a1f1fb5443ee31299e5bc01a3d139a3a3564f3f7,3298,453,operation_metadata,affected,middle,full,all,3,108953458,16490,5,5,0,0765b9f9e8762c33,true,1701
matched,Joggle,da476ab0afe8d44c9b294c59b39ba82219f3522c,xcit-tiny-12-p8-224-opset17,ea20107b2396adf96ec569e5a1f1fb5443ee31299e5bc01a3d139a3a3564f3f7,3298,453,operation_metadata,affected,middle,full,all,4,108659792,16490,5,5,0,baba7c485768a7c6,true,1701
matched,Joggle,da476ab0afe8d44c9b294c59b39ba82219f3522c,xcit-tiny-12-p8-224-opset17,ea20107b2396adf96ec569e5a1f1fb5443ee31299e5bc01a3d139a3a3564f3f7,3298,453,operation_metadata,affected,middle,full,all,5,107933041,16490,5,5,0,4739ad7f94cedd79,true,1701
matched,Joggle,da476ab0afe8d44c9b294c59b39ba82219f3522c,xcit-tiny-12-p8-224-opset17,ea20107b2396adf96ec569e5a1f1fb5443ee31299e5bc01a3d139a3a3564f3f7,3298,453,operation_metadata,affected,middle,full,all,6,109483209,16490,5,5,0,dec9681689c7e1a3,true,1701
matched,Joggle,da476ab0afe8d44c9b294c59b39ba82219f3522c,xcit-tiny-12-p8-224-opset17,ea20107b2396adf96ec569e5a1f1fb5443ee31299e5bc01a3d139a3a3564f3f7,3298,453,operation_metadata,affected,middle,full,all,7,109689500,16490,5,5,0,ef53b640b6448db8,true,1701
matched,Joggle,da476ab0afe8d44c9b294c59b39ba82219f3522c,xcit-tiny-12-p8-224-opset17,ea20107b2396adf96ec569e5a1f1fb5443ee31299e5bc01a3d139a3a3564f3f7,3298,453,operation_metadata,affected,middle,full,all,8,107620125,16490,5,5,0,2e5f9176ca8acb25,true,1701
matched,Joggle,da476ab0afe8d44c9b294c59b39ba82219f3522c,xcit-tiny-12-p8-224-opset17,ea20107b2396adf96ec569e5a1f1fb5443ee31299e5bc01a3d139a3a3564f3f7,3298,453,operation_metadata,affected,middle,full,all,9,107437125,16490,5,5,0,ee847e3052821932,true,1701
matched,Joggle,da476ab0afe8d44c9b294c59b39ba82219f3522c,xcit-tiny-12-p8-224-opset17,ea20107b2396adf96ec569e5a1f1fb5443ee31299e5bc01a3d139a3a3564f3f7,3298,453,operation_metadata,unrelated,middle,full,all,0,112287709,16490,5,5,0,fb9311dcf1abb4b1,true,1701
matched,Joggle,da476ab0afe8d44c9b294c59b39ba82219f3522c,xcit-tiny-12-p8-224-opset17,ea20107b2396adf96ec569e5a1f1fb5443ee31299e5bc01a3d139a3a3564f3f7,3298,453,operation_metadata,unrelated,middle,full,all,1,110065542,16490,5,5,0,fb9311dcf1abb4b1,true,1701
matched,Joggle,da476ab0afe8d44c9b294c59b39ba82219f3522c,xcit-tiny-12-p8-224-opset17,ea20107b2396adf96ec569e5a1f1fb5443ee31299e5bc01a3d139a3a3564f3f7,3298,453,operation_metadata,unrelated,middle,full,all,2,108870458,16490,5,5,0,fb9311dcf1abb4b1,true,1701
matched,Joggle,da476ab0afe8d44c9b294c59b39ba82219f3522c,xcit-tiny-12-p8-224-opset17,ea20107b2396adf96ec569e5a1f1fb5443ee31299e5bc01a3d139a3a3564f3f7,3298,453,operation_metadata,unrelated,middle,full,all,3,110357708,16490,5,5,0,fb9311dcf1abb4b1,true,1701
matched,Joggle,da476ab0afe8d44c9b294c59b39ba82219f3522c,xcit-tiny-12-p8-224-opset17,ea20107b2396adf96ec569e5a1f1fb5443ee31299e5bc01a3d139a3a3564f3f7,3298,453,operation_metadata,unrelated,middle,full,all,4,111694000,16490,5,5,0,fb9311dcf1abb4b1,true,1701
matched,Joggle,da476ab0afe8d44c9b294c59b39ba82219f3522c,xcit-tiny-12-p8-224-opset17,ea20107b2396adf96ec569e5a1f1fb5443ee31299e5bc01a3d139a3a3564f3f7,3298,453,operation_metadata,unrelated,middle,full,all,5,111444750,16490,5,5,0,fb9311dcf1abb4b1,true,1701
matched,Joggle,da476ab0afe8d44c9b294c59b39ba82219f3522c,xcit-tiny-12-p8-224-opset17,ea20107b2396adf96ec569e5a1f1fb5443ee31299e5bc01a3d139a3a3564f3f7,3298,453,operation_metadata,unrelated,middle,full,all,6,109661333,16490,5,5,0,fb9311dcf1abb4b1,true,1701
matched,Joggle,da476ab0afe8d44c9b294c59b39ba82219f3522c,xcit-tiny-12-p8-224-opset17,ea20107b2396adf96ec569e5a1f1fb5443ee31299e5bc01a3d139a3a3564f3f7,3298,453,operation_metadata,unrelated,middle,full,all,7,111083958,16490,5,5,0,fb9311dcf1abb4b1,true,1701
matched,Joggle,da476ab0afe8d44c9b294c59b39ba82219f3522c,xcit-tiny-12-p8-224-opset17,ea20107b2396adf96ec569e5a1f1fb5443ee31299e5bc01a3d139a3a3564f3f7,3298,453,operation_metadata,unrelated,middle,full,all,8,110756417,16490,5,5,0,fb9311dcf1abb4b1,true,1701
matched,Joggle,da476ab0afe8d44c9b294c59b39ba82219f3522c,xcit-tiny-12-p8-224-opset17,ea20107b2396adf96ec569e5a1f1fb5443ee31299e5bc01a3d139a3a3564f3f7,3298,453,operation_metadata,unrelated,middle,full,all,9,112293625,16490,5,5,0,fb9311dcf1abb4b1,true,1701
matched,Joggle,da476ab0afe8d44c9b294c59b39ba82219f3522c,efficientnet-lite4-11-int8,910b599a335fdb006b4687e8fbbc9b898df9dafd51b64675e8627a1c639a47b9,3679,122,operation_metadata,affected,early,full,all,0,104273917,18395,5,5,0,c1d31fc0f7164570,true,1701
matched,Joggle,da476ab0afe8d44c9b294c59b39ba82219f3522c,efficientnet-lite4-11-int8,910b599a335fdb006b4687e8fbbc9b898df9dafd51b64675e8627a1c639a47b9,3679,122,operation_metadata,affected,early,full,all,1,106399959,18395,5,5,0,f1ae4c173e09a249,true,1701
matched,Joggle,da476ab0afe8d44c9b294c59b39ba82219f3522c,efficientnet-lite4-11-int8,910b599a335fdb006b4687e8fbbc9b898df9dafd51b64675e8627a1c639a47b9,3679,122,operation_metadata,affected,early,full,all,2,104005042,18395,5,5,0,884c2a1087318ee6,true,1701
matched,Joggle,da476ab0afe8d44c9b294c59b39ba82219f3522c,efficientnet-lite4-11-int8,910b599a335fdb006b4687e8fbbc9b898df9dafd51b64675e8627a1c639a47b9,3679,122,operation_metadata,affected,early,full,all,3,104380000,18395,5,5,0,ce03b31773e23507,true,1701
matched,Joggle,da476ab0afe8d44c9b294c59b39ba82219f3522c,efficientnet-lite4-11-int8,910b599a335fdb006b4687e8fbbc9b898df9dafd51b64675e8627a1c639a47b9,3679,122,operation_metadata,affected,early,full,all,4,106226542,18395,5,5,0,653a0c1259aeb5a4,true,1701
matched,Joggle,da476ab0afe8d44c9b294c59b39ba82219f3522c,efficientnet-lite4-11-int8,910b599a335fdb006b4687e8fbbc9b898df9dafd51b64675e8627a1c639a47b9,3679,122,operation_metadata,affected,early,full,all,5,103667708,18395,5,5,0,91840fbc3ade1f6d,true,1701
matched,Joggle,da476ab0afe8d44c9b294c59b39ba82219f3522c,efficientnet-lite4-11-int8,910b599a335fdb006b4687e8fbbc9b898df9dafd51b64675e8627a1c639a47b9,3679,122,operation_metadata,affected,early,full,all,6,103315541,18395,5,5,0,96849dbea4224757,true,1701
matched,Joggle,da476ab0afe8d44c9b294c59b39ba82219f3522c,efficientnet-lite4-11-int8,910b599a335fdb006b4687e8fbbc9b898df9dafd51b64675e8627a1c639a47b9,3679,122,operation_metadata,affected,early,full,all,7,104257625,18395,5,5,0,5f59638aaed3c4f6,true,1701
matched,Joggle,da476ab0afe8d44c9b294c59b39ba82219f3522c,efficientnet-lite4-11-int8,910b599a335fdb006b4687e8fbbc9b898df9dafd51b64675e8627a1c639a47b9,3679,122,operation_metadata,affected,early,full,all,8,109166583,18395,5,5,0,1098f91721734199,true,1701
matched,Joggle,da476ab0afe8d44c9b294c59b39ba82219f3522c,efficientnet-lite4-11-int8,910b599a335fdb006b4687e8fbbc9b898df9dafd51b64675e8627a1c639a47b9,3679,122,operation_metadata,affected,early,full,all,9,104866250,18395,5,5,0,a8a4435de0611dc0,true,1701
matched,Joggle,da476ab0afe8d44c9b294c59b39ba82219f3522c,efficientnet-lite4-11-int8,910b599a335fdb006b4687e8fbbc9b898df9dafd51b64675e8627a1c639a47b9,3679,122,operation_metadata,unrelated,early,full,all,0,100138584,18395,5,5,0,9821dae0d4042b53,true,1701
matched,Joggle,da476ab0afe8d44c9b294c59b39ba82219f3522c,efficientnet-lite4-11-int8,910b599a335fdb006b4687e8fbbc9b898df9dafd51b64675e8627a1c639a47b9,3679,122,operation_metadata,unrelated,early,full,all,1,100734792,18395,5,5,0,9821dae0d4042b53,true,1701
matched,Joggle,da476ab0afe8d44c9b294c59b39ba82219f3522c,efficientnet-lite4-11-int8,910b599a335fdb006b4687e8fbbc9b898df9dafd51b64675e8627a1c639a47b9,3679,122,operation_metadata,unrelated,early,full,all,2,100297042,18395,5,5,0,9821dae0d4042b53,true,1701
matched,Joggle,da476ab0afe8d44c9b294c59b39ba82219f3522c,efficientnet-lite4-11-int8,910b599a335fdb006b4687e8fbbc9b898df9dafd51b64675e8627a1c639a47b9,3679,122,operation_metadata,unrelated,early,full,all,3,101564000,18395,5,5,0,9821dae0d4042b53,true,1701
matched,Joggle,da476ab0afe8d44c9b294c59b39ba82219f3522c,efficientnet-lite4-11-int8,910b599a335fdb006b4687e8fbbc9b898df9dafd51b64675e8627a1c639a47b9,3679,122,operation_metadata,unrelated,early,full,all,4,99747958,18395,5,5,0,9821dae0d4042b53,true,1701
matched,Joggle,da476ab0afe8d44c9b294c59b39ba82219f3522c,efficientnet-lite4-11-int8,910b599a335fdb006b4687e8fbbc9b898df9dafd51b64675e8627a1c639a47b9,3679,122,operation_metadata,unrelated,early,full,all,5,100378541,18395,5,5,0,9821dae0d4042b53,true,1701
matched,Joggle,da476ab0afe8d44c9b294c59b39ba82219f3522c,efficientnet-lite4-11-int8,910b599a335fdb006b4687e8fbbc9b898df9dafd51b64675e8627a1c639a47b9,3679,122,operation_metadata,unrelated,early,full,all,6,99227875,18395,5,5,0,9821dae0d4042b53,true,1701
matched,Joggle,da476ab0afe8d44c9b294c59b39ba82219f3522c,efficientnet-lite4-11-int8,910b599a335fdb006b4687e8fbbc9b898df9dafd51b64675e8627a1c639a47b9,3679,122,operation_metadata,unrelated,early,full,all,7,100998542,18395,5,5,0,9821dae0d4042b53,true,1701
matched,Joggle,da476ab0afe8d44c9b294c59b39ba82219f3522c,efficientnet-lite4-11-int8,910b599a335fdb006b4687e8fbbc9b898df9dafd51b64675e8627a1c639a47b9,3679,122,operation_metadata,unrelated,early,full,all,8,100057250,18395,5,5,0,9821dae0d4042b53,true,1701
matched,Joggle,da476ab0afe8d44c9b294c59b39ba82219f3522c,efficientnet-lite4-11-int8,910b599a335fdb006b4687e8fbbc9b898df9dafd51b64675e8627a1c639a47b9,3679,122,operation_metadata,unrelated,early,full,all,9,99603000,18395,5,5,0,9821dae0d4042b53,true,1701
matched,Joggle,da476ab0afe8d44c9b294c59b39ba82219f3522c,densenet-12,0294e7e88e5b3360de9b0fdc321baf9e6ef18b7f058c4536caae3b9f18ed9ed5,5516,1,operation_metadata,affected,late,full,all,0,159769125,27580,5,5,0,9bfb913d34490415,true,1701
matched,Joggle,da476ab0afe8d44c9b294c59b39ba82219f3522c,densenet-12,0294e7e88e5b3360de9b0fdc321baf9e6ef18b7f058c4536caae3b9f18ed9ed5,5516,1,operation_metadata,affected,late,full,all,1,162806083,27580,5,5,0,f5f21e590ef7f3d4,true,1701
matched,Joggle,da476ab0afe8d44c9b294c59b39ba82219f3522c,densenet-12,0294e7e88e5b3360de9b0fdc321baf9e6ef18b7f058c4536caae3b9f18ed9ed5,5516,1,operation_metadata,affected,late,full,all,2,160939750,27580,5,5,0,f3e07882c18acc3f,true,1701
matched,Joggle,da476ab0afe8d44c9b294c59b39ba82219f3522c,densenet-12,0294e7e88e5b3360de9b0fdc321baf9e6ef18b7f058c4536caae3b9f18ed9ed5,5516,1,operation_metadata,affected,late,full,all,3,159587041,27580,5,5,0,84a6167390fc0a46,true,1701
matched,Joggle,da476ab0afe8d44c9b294c59b39ba82219f3522c,densenet-12,0294e7e88e5b3360de9b0fdc321baf9e6ef18b7f058c4536caae3b9f18ed9ed5,5516,1,operation_metadata,affected,late,full,all,4,160593666,27580,5,5,0,67f5feef8314b151,true,1701
matched,Joggle,da476ab0afe8d44c9b294c59b39ba82219f3522c,densenet-12,0294e7e88e5b3360de9b0fdc321baf9e6ef18b7f058c4536caae3b9f18ed9ed5,5516,1,operation_metadata,affected,late,full,all,5,160231959,27580,5,5,0,6ecdf0b07f02a0e0,true,1701
matched,Joggle,da476ab0afe8d44c9b294c59b39ba82219f3522c,densenet-12,0294e7e88e5b3360de9b0fdc321baf9e6ef18b7f058c4536caae3b9f18ed9ed5,5516,1,operation_metadata,affected,late,full,all,6,159988667,27580,5,5,0,ca5e0eadc48c7856,true,1701
matched,Joggle,da476ab0afe8d44c9b294c59b39ba82219f3522c,densenet-12,0294e7e88e5b3360de9b0fdc321baf9e6ef18b7f058c4536caae3b9f18ed9ed5,5516,1,operation_metadata,affected,late,full,all,7,162350542,27580,5,5,0,0ec5bb3517e2518f,true,1701
matched,Joggle,da476ab0afe8d44c9b294c59b39ba82219f3522c,densenet-12,0294e7e88e5b3360de9b0fdc321baf9e6ef18b7f058c4536caae3b9f18ed9ed5,5516,1,operation_metadata,affected,late,full,all,8,162131875,27580,5,5,0,76292cd414877424,true,1701
matched,Joggle,da476ab0afe8d44c9b294c59b39ba82219f3522c,densenet-12,0294e7e88e5b3360de9b0fdc321baf9e6ef18b7f058c4536caae3b9f18ed9ed5,5516,1,operation_metadata,affected,late,full,all,9,160560125,27580,5,5,0,02500d4c355874a5,true,1701
matched,Joggle,da476ab0afe8d44c9b294c59b39ba82219f3522c,densenet-12,0294e7e88e5b3360de9b0fdc321baf9e6ef18b7f058c4536caae3b9f18ed9ed5,5516,1,operation_metadata,unrelated,late,full,all,0,162521000,27580,5,5,0,590c52d7dd71ccda,true,1701
matched,Joggle,da476ab0afe8d44c9b294c59b39ba82219f3522c,densenet-12,0294e7e88e5b3360de9b0fdc321baf9e6ef18b7f058c4536caae3b9f18ed9ed5,5516,1,operation_metadata,unrelated,late,full,all,1,159551167,27580,5,5,0,590c52d7dd71ccda,true,1701
matched,Joggle,da476ab0afe8d44c9b294c59b39ba82219f3522c,densenet-12,0294e7e88e5b3360de9b0fdc321baf9e6ef18b7f058c4536caae3b9f18ed9ed5,5516,1,operation_metadata,unrelated,late,full,all,2,161959875,27580,5,5,0,590c52d7dd71ccda,true,1701
matched,Joggle,da476ab0afe8d44c9b294c59b39ba82219f3522c,densenet-12,0294e7e88e5b3360de9b0fdc321baf9e6ef18b7f058c4536caae3b9f18ed9ed5,5516,1,operation_metadata,unrelated,late,full,all,3,161554166,27580,5,5,0,590c52d7dd71ccda,true,1701
matched,Joggle,da476ab0afe8d44c9b294c59b39ba82219f3522c,densenet-12,0294e7e88e5b3360de9b0fdc321baf9e6ef18b7f058c4536caae3b9f18ed9ed5,5516,1,operation_metadata,unrelated,late,full,all,4,162561125,27580,5,5,0,590c52d7dd71ccda,true,1701
matched,Joggle,da476ab0afe8d44c9b294c59b39ba82219f3522c,densenet-12,0294e7e88e5b3360de9b0fdc321baf9e6ef18b7f058c4536caae3b9f18ed9ed5,5516,1,operation_metadata,unrelated,late,full,all,5,161191917,27580,5,5,0,590c52d7dd71ccda,true,1701
matched,Joggle,da476ab0afe8d44c9b294c59b39ba82219f3522c,densenet-12,0294e7e88e5b3360de9b0fdc321baf9e6ef18b7f058c4536caae3b9f18ed9ed5,5516,1,operation_metadata,unrelated,late,full,all,6,161087041,27580,5,5,0,590c52d7dd71ccda,true,1701
matched,Joggle,da476ab0afe8d44c9b294c59b39ba82219f3522c,densenet-12,0294e7e88e5b3360de9b0fdc321baf9e6ef18b7f058c4536caae3b9f18ed9ed5,5516,1,operation_metadata,unrelated,late,full,all,7,162656000,27580,5,5,0,590c52d7dd71ccda,true,1701
matched,Joggle,da476ab0afe8d44c9b294c59b39ba82219f3522c,densenet-12,0294e7e88e5b3360de9b0fdc321baf9e6ef18b7f058c4536caae3b9f18ed9ed5,5516,1,operation_metadata,unrelated,late,full,all,8,161460458,27580,5,5,0,590c52d7dd71ccda,true,1701
matched,Joggle,da476ab0afe8d44c9b294c59b39ba82219f3522c,densenet-12,0294e7e88e5b3360de9b0fdc321baf9e6ef18b7f058c4536caae3b9f18ed9ed5,5516,1,operation_metadata,unrelated,late,full,all,9,163327542,27580,5,5,0,590c52d7dd71ccda,true,1701
matched,Joggle,da476ab0afe8d44c9b294c59b39ba82219f3522c,googlenet-12,c34bfa71323d77a72062f32fa8ec413067589c22fc2f5a7e68d5651165e61939,907,143,operation_metadata,affected,early,full,all,0,25445625,4535,5,5,0,bb12d2508336722f,true,1701
matched,Joggle,da476ab0afe8d44c9b294c59b39ba82219f3522c,googlenet-12,c34bfa71323d77a72062f32fa8ec413067589c22fc2f5a7e68d5651165e61939,907,143,operation_metadata,affected,early,full,all,1,25089167,4535,5,5,0,188b8bce9df03a62,true,1701
matched,Joggle,da476ab0afe8d44c9b294c59b39ba82219f3522c,googlenet-12,c34bfa71323d77a72062f32fa8ec413067589c22fc2f5a7e68d5651165e61939,907,143,operation_metadata,affected,early,full,all,2,25128916,4535,5,5,0,375cbd500e12dbe5,true,1701
matched,Joggle,da476ab0afe8d44c9b294c59b39ba82219f3522c,googlenet-12,c34bfa71323d77a72062f32fa8ec413067589c22fc2f5a7e68d5651165e61939,907,143,operation_metadata,affected,early,full,all,3,25697041,4535,5,5,0,30d0090dcff9e440,true,1701
matched,Joggle,da476ab0afe8d44c9b294c59b39ba82219f3522c,googlenet-12,c34bfa71323d77a72062f32fa8ec413067589c22fc2f5a7e68d5651165e61939,907,143,operation_metadata,affected,early,full,all,4,26532042,4535,5,5,0,452c18ae644a9023,true,1701
matched,Joggle,da476ab0afe8d44c9b294c59b39ba82219f3522c,googlenet-12,c34bfa71323d77a72062f32fa8ec413067589c22fc2f5a7e68d5651165e61939,907,143,operation_metadata,affected,early,full,all,5,26670667,4535,5,5,0,f78dee6f4666e6b6,true,1701
matched,Joggle,da476ab0afe8d44c9b294c59b39ba82219f3522c,googlenet-12,c34bfa71323d77a72062f32fa8ec413067589c22fc2f5a7e68d5651165e61939,907,143,operation_metadata,affected,early,full,all,6,26226792,4535,5,5,0,22258c22b8745e78,true,1701
matched,Joggle,da476ab0afe8d44c9b294c59b39ba82219f3522c,googlenet-12,c34bfa71323d77a72062f32fa8ec413067589c22fc2f5a7e68d5651165e61939,907,143,operation_metadata,affected,early,full,all,7,26071958,4535,5,5,0,a8da99af5d42a41d,true,1701
matched,Joggle,da476ab0afe8d44c9b294c59b39ba82219f3522c,googlenet-12,c34bfa71323d77a72062f32fa8ec413067589c22fc2f5a7e68d5651165e61939,907,143,operation_metadata,affected,early,full,all,8,27068416,4535,5,5,0,1588e96d99d9f0ba,true,1701
matched,Joggle,da476ab0afe8d44c9b294c59b39ba82219f3522c,googlenet-12,c34bfa71323d77a72062f32fa8ec413067589c22fc2f5a7e68d5651165e61939,907,143,operation_metadata,affected,early,full,all,9,26193667,4535,5,5,0,17d1980459c99987,true,1701
matched,Joggle,da476ab0afe8d44c9b294c59b39ba82219f3522c,googlenet-12,c34bfa71323d77a72062f32fa8ec413067589c22fc2f5a7e68d5651165e61939,907,143,operation_metadata,unrelated,early,full,all,0,25728125,4535,5,5,0,1d43195f524b3eae,true,1701
matched,Joggle,da476ab0afe8d44c9b294c59b39ba82219f3522c,googlenet-12,c34bfa71323d77a72062f32fa8ec413067589c22fc2f5a7e68d5651165e61939,907,143,operation_metadata,unrelated,early,full,all,1,26096292,4535,5,5,0,1d43195f524b3eae,true,1701
matched,Joggle,da476ab0afe8d44c9b294c59b39ba82219f3522c,googlenet-12,c34bfa71323d77a72062f32fa8ec413067589c22fc2f5a7e68d5651165e61939,907,143,operation_metadata,unrelated,early,full,all,2,25768833,4535,5,5,0,1d43195f524b3eae,true,1701
matched,Joggle,da476ab0afe8d44c9b294c59b39ba82219f3522c,googlenet-12,c34bfa71323d77a72062f32fa8ec413067589c22fc2f5a7e68d5651165e61939,907,143,operation_metadata,unrelated,early,full,all,3,26502250,4535,5,5,0,1d43195f524b3eae,true,1701
matched,Joggle,da476ab0afe8d44c9b294c59b39ba82219f3522c,googlenet-12,c34bfa71323d77a72062f32fa8ec413067589c22fc2f5a7e68d5651165e61939,907,143,operation_metadata,unrelated,early,full,all,4,26116792,4535,5,5,0,1d43195f524b3eae,true,1701
matched,Joggle,da476ab0afe8d44c9b294c59b39ba82219f3522c,googlenet-12,c34bfa71323d77a72062f32fa8ec413067589c22fc2f5a7e68d5651165e61939,907,143,operation_metadata,unrelated,early,full,all,5,26496833,4535,5,5,0,1d43195f524b3eae,true,1701
matched,Joggle,da476ab0afe8d44c9b294c59b39ba82219f3522c,googlenet-12,c34bfa71323d77a72062f32fa8ec413067589c22fc2f5a7e68d5651165e61939,907,143,operation_metadata,unrelated,early,full,all,6,26085750,4535,5,5,0,1d43195f524b3eae,true,1701
matched,Joggle,da476ab0afe8d44c9b294c59b39ba82219f3522c,googlenet-12,c34bfa71323d77a72062f32fa8ec413067589c22fc2f5a7e68d5651165e61939,907,143,operation_metadata,unrelated,early,full,all,7,25939417,4535,5,5,0,1d43195f524b3eae,true,1701
matched,Joggle,da476ab0afe8d44c9b294c59b39ba82219f3522c,googlenet-12,c34bfa71323d77a72062f32fa8ec413067589c22fc2f5a7e68d5651165e61939,907,143,operation_metadata,unrelated,early,full,all,8,26200625,4535,5,5,0,1d43195f524b3eae,true,1701
matched,Joggle,da476ab0afe8d44c9b294c59b39ba82219f3522c,googlenet-12,c34bfa71323d77a72062f32fa8ec413067589c22fc2f5a7e68d5651165e61939,907,143,operation_metadata,unrelated,early,full,all,9,25511834,4535,5,5,0,1d43195f524b3eae,true,1701
matched,Joggle,da476ab0afe8d44c9b294c59b39ba82219f3522c,resnet18-v1-7,6548c77453ff9f9a774c27ec031a574667f25204d28ba668870c346edb693f32,643,69,operation_metadata,affected,early,full,all,0,18742667,3215,5,5,0,e38f454284f671f9,true,1701
matched,Joggle,da476ab0afe8d44c9b294c59b39ba82219f3522c,resnet18-v1-7,6548c77453ff9f9a774c27ec031a574667f25204d28ba668870c346edb693f32,643,69,operation_metadata,affected,early,full,all,1,18225750,3215,5,5,0,b36215a2f0cee9be,true,1701
matched,Joggle,da476ab0afe8d44c9b294c59b39ba82219f3522c,resnet18-v1-7,6548c77453ff9f9a774c27ec031a574667f25204d28ba668870c346edb693f32,643,69,operation_metadata,affected,early,full,all,2,17962584,3215,5,5,0,b10aeef4fb011d9f,true,1701
matched,Joggle,da476ab0afe8d44c9b294c59b39ba82219f3522c,resnet18-v1-7,6548c77453ff9f9a774c27ec031a574667f25204d28ba668870c346edb693f32,643,69,operation_metadata,affected,early,full,all,3,18387083,3215,5,5,0,1e957d658249d0ac,true,1701
matched,Joggle,da476ab0afe8d44c9b294c59b39ba82219f3522c,resnet18-v1-7,6548c77453ff9f9a774c27ec031a574667f25204d28ba668870c346edb693f32,643,69,operation_metadata,affected,early,full,all,4,17956500,3215,5,5,0,0bc4caef05621a95,true,1701
matched,Joggle,da476ab0afe8d44c9b294c59b39ba82219f3522c,resnet18-v1-7,6548c77453ff9f9a774c27ec031a574667f25204d28ba668870c346edb693f32,643,69,operation_metadata,affected,early,full,all,5,18098792,3215,5,5,0,bc8e097941652e3a,true,1701
matched,Joggle,da476ab0afe8d44c9b294c59b39ba82219f3522c,resnet18-v1-7,6548c77453ff9f9a774c27ec031a574667f25204d28ba668870c346edb693f32,643,69,operation_metadata,affected,early,full,all,6,17718958,3215,5,5,0,aec430aa24b4bd5c,true,1701
matched,Joggle,da476ab0afe8d44c9b294c59b39ba82219f3522c,resnet18-v1-7,6548c77453ff9f9a774c27ec031a574667f25204d28ba668870c346edb693f32,643,69,operation_metadata,affected,early,full,all,7,17947708,3215,5,5,0,7d78ec438b8f9acf,true,1701
matched,Joggle,da476ab0afe8d44c9b294c59b39ba82219f3522c,resnet18-v1-7,6548c77453ff9f9a774c27ec031a574667f25204d28ba668870c346edb693f32,643,69,operation_metadata,affected,early,full,all,8,18065125,3215,5,5,0,fcd3b28f86b6c12e,true,1701
matched,Joggle,da476ab0afe8d44c9b294c59b39ba82219f3522c,resnet18-v1-7,6548c77453ff9f9a774c27ec031a574667f25204d28ba668870c346edb693f32,643,69,operation_metadata,affected,early,full,all,9,18217125,3215,5,5,0,1d89c50267c46529,true,1701
matched,Joggle,da476ab0afe8d44c9b294c59b39ba82219f3522c,resnet18-v1-7,6548c77453ff9f9a774c27ec031a574667f25204d28ba668870c346edb693f32,643,69,operation_metadata,unrelated,early,full,all,0,17649792,3215,5,5,0,b6a466214535e5f0,true,1701
matched,Joggle,da476ab0afe8d44c9b294c59b39ba82219f3522c,resnet18-v1-7,6548c77453ff9f9a774c27ec031a574667f25204d28ba668870c346edb693f32,643,69,operation_metadata,unrelated,early,full,all,1,18057750,3215,5,5,0,b6a466214535e5f0,true,1701
matched,Joggle,da476ab0afe8d44c9b294c59b39ba82219f3522c,resnet18-v1-7,6548c77453ff9f9a774c27ec031a574667f25204d28ba668870c346edb693f32,643,69,operation_metadata,unrelated,early,full,all,2,17603334,3215,5,5,0,b6a466214535e5f0,true,1701
matched,Joggle,da476ab0afe8d44c9b294c59b39ba82219f3522c,resnet18-v1-7,6548c77453ff9f9a774c27ec031a574667f25204d28ba668870c346edb693f32,643,69,operation_metadata,unrelated,early,full,all,3,17540625,3215,5,5,0,b6a466214535e5f0,true,1701
matched,Joggle,da476ab0afe8d44c9b294c59b39ba82219f3522c,resnet18-v1-7,6548c77453ff9f9a774c27ec031a574667f25204d28ba668870c346edb693f32,643,69,operation_metadata,unrelated,early,full,all,4,17664292,3215,5,5,0,b6a466214535e5f0,true,1701
matched,Joggle,da476ab0afe8d44c9b294c59b39ba82219f3522c,resnet18-v1-7,6548c77453ff9f9a774c27ec031a574667f25204d28ba668870c346edb693f32,643,69,operation_metadata,unrelated,early,full,all,5,17948209,3215,5,5,0,b6a466214535e5f0,true,1701
matched,Joggle,da476ab0afe8d44c9b294c59b39ba82219f3522c,resnet18-v1-7,6548c77453ff9f9a774c27ec031a574667f25204d28ba668870c346edb693f32,643,69,operation_metadata,unrelated,early,full,all,6,17866250,3215,5,5,0,b6a466214535e5f0,true,1701
matched,Joggle,da476ab0afe8d44c9b294c59b39ba82219f3522c,resnet18-v1-7,6548c77453ff9f9a774c27ec031a574667f25204d28ba668870c346edb693f32,643,69,operation_metadata,unrelated,early,full,all,7,18155917,3215,5,5,0,b6a466214535e5f0,true,1701
matched,Joggle,da476ab0afe8d44c9b294c59b39ba82219f3522c,resnet18-v1-7,6548c77453ff9f9a774c27ec031a574667f25204d28ba668870c346edb693f32,643,69,operation_metadata,unrelated,early,full,all,8,18178667,3215,5,5,0,b6a466214535e5f0,true,1701
matched,Joggle,da476ab0afe8d44c9b294c59b39ba82219f3522c,resnet18-v1-7,6548c77453ff9f9a774c27ec031a574667f25204d28ba668870c346edb693f32,643,69,operation_metadata,unrelated,early,full,all,9,17621000,3215,5,5,0,b6a466214535e5f0,true,1701
matched,Joggle,da476ab0afe8d44c9b294c59b39ba82219f3522c,efficientnet-lite4-11-int8,910b599a335fdb006b4687e8fbbc9b898df9dafd51b64675e8627a1c639a47b9,3679,116,operation_metadata,affected,middle,full,all,0,100116375,18395,5,5,0,8d65ffcc2a2ae532,true,1701
matched,Joggle,da476ab0afe8d44c9b294c59b39ba82219f3522c,efficientnet-lite4-11-int8,910b599a335fdb006b4687e8fbbc9b898df9dafd51b64675e8627a1c639a47b9,3679,116,operation_metadata,affected,middle,full,all,1,100847792,18395,5,5,0,3d4c60a7ab8afc35,true,1701
matched,Joggle,da476ab0afe8d44c9b294c59b39ba82219f3522c,efficientnet-lite4-11-int8,910b599a335fdb006b4687e8fbbc9b898df9dafd51b64675e8627a1c639a47b9,3679,116,operation_metadata,affected,middle,full,all,2,98807458,18395,5,5,0,f52060517f01decc,true,1701
matched,Joggle,da476ab0afe8d44c9b294c59b39ba82219f3522c,efficientnet-lite4-11-int8,910b599a335fdb006b4687e8fbbc9b898df9dafd51b64675e8627a1c639a47b9,3679,116,operation_metadata,affected,middle,full,all,3,101406042,18395,5,5,0,e75683f56c05f7cf,true,1701
matched,Joggle,da476ab0afe8d44c9b294c59b39ba82219f3522c,efficientnet-lite4-11-int8,910b599a335fdb006b4687e8fbbc9b898df9dafd51b64675e8627a1c639a47b9,3679,116,operation_metadata,affected,middle,full,all,4,99648125,18395,5,5,0,fee621faf77f00be,true,1701
matched,Joggle,da476ab0afe8d44c9b294c59b39ba82219f3522c,efficientnet-lite4-11-int8,910b599a335fdb006b4687e8fbbc9b898df9dafd51b64675e8627a1c639a47b9,3679,116,operation_metadata,affected,middle,full,all,5,100111167,18395,5,5,0,d459a8e9eb1a2111,true,1701
matched,Joggle,da476ab0afe8d44c9b294c59b39ba82219f3522c,efficientnet-lite4-11-int8,910b599a335fdb006b4687e8fbbc9b898df9dafd51b64675e8627a1c639a47b9,3679,116,operation_metadata,affected,middle,full,all,6,100137375,18395,5,5,0,c0be9c3d2f638ba7,true,1701
matched,Joggle,da476ab0afe8d44c9b294c59b39ba82219f3522c,efficientnet-lite4-11-int8,910b599a335fdb006b4687e8fbbc9b898df9dafd51b64675e8627a1c639a47b9,3679,116,operation_metadata,affected,middle,full,all,7,100695417,18395,5,5,0,f15753ce7f8e8164,true,1701
matched,Joggle,da476ab0afe8d44c9b294c59b39ba82219f3522c,efficientnet-lite4-11-int8,910b599a335fdb006b4687e8fbbc9b898df9dafd51b64675e8627a1c639a47b9,3679,116,operation_metadata,affected,middle,full,all,8,99553125,18395,5,5,0,ffddb85cf16ce8ed,true,1701
matched,Joggle,da476ab0afe8d44c9b294c59b39ba82219f3522c,efficientnet-lite4-11-int8,910b599a335fdb006b4687e8fbbc9b898df9dafd51b64675e8627a1c639a47b9,3679,116,operation_metadata,affected,middle,full,all,9,100387958,18395,5,5,0,47c7da6e37a4aaea,true,1701
matched,Joggle,da476ab0afe8d44c9b294c59b39ba82219f3522c,efficientnet-lite4-11-int8,910b599a335fdb006b4687e8fbbc9b898df9dafd51b64675e8627a1c639a47b9,3679,116,operation_metadata,unrelated,middle,full,all,0,110604333,18395,5,5,0,49a3f315afb977c3,true,1701
matched,Joggle,da476ab0afe8d44c9b294c59b39ba82219f3522c,efficientnet-lite4-11-int8,910b599a335fdb006b4687e8fbbc9b898df9dafd51b64675e8627a1c639a47b9,3679,116,operation_metadata,unrelated,middle,full,all,1,102402834,18395,5,5,0,49a3f315afb977c3,true,1701
matched,Joggle,da476ab0afe8d44c9b294c59b39ba82219f3522c,efficientnet-lite4-11-int8,910b599a335fdb006b4687e8fbbc9b898df9dafd51b64675e8627a1c639a47b9,3679,116,operation_metadata,unrelated,middle,full,all,2,102067791,18395,5,5,0,49a3f315afb977c3,true,1701
matched,Joggle,da476ab0afe8d44c9b294c59b39ba82219f3522c,efficientnet-lite4-11-int8,910b599a335fdb006b4687e8fbbc9b898df9dafd51b64675e8627a1c639a47b9,3679,116,operation_metadata,unrelated,middle,full,all,3,102242458,18395,5,5,0,49a3f315afb977c3,true,1701
matched,Joggle,da476ab0afe8d44c9b294c59b39ba82219f3522c,efficientnet-lite4-11-int8,910b599a335fdb006b4687e8fbbc9b898df9dafd51b64675e8627a1c639a47b9,3679,116,operation_metadata,unrelated,middle,full,all,4,101521666,18395,5,5,0,49a3f315afb977c3,true,1701
matched,Joggle,da476ab0afe8d44c9b294c59b39ba82219f3522c,efficientnet-lite4-11-int8,910b599a335fdb006b4687e8fbbc9b898df9dafd51b64675e8627a1c639a47b9,3679,116,operation_metadata,unrelated,middle,full,all,5,101346500,18395,5,5,0,49a3f315afb977c3,true,1701
matched,Joggle,da476ab0afe8d44c9b294c59b39ba82219f3522c,efficientnet-lite4-11-int8,910b599a335fdb006b4687e8fbbc9b898df9dafd51b64675e8627a1c639a47b9,3679,116,operation_metadata,unrelated,middle,full,all,6,101654291,18395,5,5,0,49a3f315afb977c3,true,1701
matched,Joggle,da476ab0afe8d44c9b294c59b39ba82219f3522c,efficientnet-lite4-11-int8,910b599a335fdb006b4687e8fbbc9b898df9dafd51b64675e8627a1c639a47b9,3679,116,operation_metadata,unrelated,middle,full,all,7,103213209,18395,5,5,0,49a3f315afb977c3,true,1701
matched,Joggle,da476ab0afe8d44c9b294c59b39ba82219f3522c,efficientnet-lite4-11-int8,910b599a335fdb006b4687e8fbbc9b898df9dafd51b64675e8627a1c639a47b9,3679,116,operation_metadata,unrelated,middle,full,all,8,103086042,18395,5,5,0,49a3f315afb977c3,true,1701
matched,Joggle,da476ab0afe8d44c9b294c59b39ba82219f3522c,efficientnet-lite4-11-int8,910b599a335fdb006b4687e8fbbc9b898df9dafd51b64675e8627a1c639a47b9,3679,116,operation_metadata,unrelated,middle,full,all,9,102337208,18395,5,5,0,49a3f315afb977c3,true,1701
matched,Joggle,da476ab0afe8d44c9b294c59b39ba82219f3522c,googlenet-12,c34bfa71323d77a72062f32fa8ec413067589c22fc2f5a7e68d5651165e61939,907,1,operation_metadata,affected,late,full,all,0,24541000,4535,5,5,0,de277d00d73e4d13,true,1701
matched,Joggle,da476ab0afe8d44c9b294c59b39ba82219f3522c,googlenet-12,c34bfa71323d77a72062f32fa8ec413067589c22fc2f5a7e68d5651165e61939,907,1,operation_metadata,affected,late,full,all,1,25130375,4535,5,5,0,5385dea131e43e4a,true,1701
matched,Joggle,da476ab0afe8d44c9b294c59b39ba82219f3522c,googlenet-12,c34bfa71323d77a72062f32fa8ec413067589c22fc2f5a7e68d5651165e61939,907,1,operation_metadata,affected,late,full,all,2,24565542,4535,5,5,0,a10090d827f4c059,true,1701
matched,Joggle,da476ab0afe8d44c9b294c59b39ba82219f3522c,googlenet-12,c34bfa71323d77a72062f32fa8ec413067589c22fc2f5a7e68d5651165e61939,907,1,operation_metadata,affected,late,full,all,3,25099542,4535,5,5,0,0581dbfe13baf168,true,1701
matched,Joggle,da476ab0afe8d44c9b294c59b39ba82219f3522c,googlenet-12,c34bfa71323d77a72062f32fa8ec413067589c22fc2f5a7e68d5651165e61939,907,1,operation_metadata,affected,late,full,all,4,24747875,4535,5,5,0,2a5d66d78663d177,true,1701
matched,Joggle,da476ab0afe8d44c9b294c59b39ba82219f3522c,googlenet-12,c34bfa71323d77a72062f32fa8ec413067589c22fc2f5a7e68d5651165e61939,907,1,operation_metadata,affected,late,full,all,5,25391125,4535,5,5,0,dac18372cc4b113e,true,1701
matched,Joggle,da476ab0afe8d44c9b294c59b39ba82219f3522c,googlenet-12,c34bfa71323d77a72062f32fa8ec413067589c22fc2f5a7e68d5651165e61939,907,1,operation_metadata,affected,late,full,all,6,24926209,4535,5,5,0,8660ea43edb6e794,true,1701
matched,Joggle,da476ab0afe8d44c9b294c59b39ba82219f3522c,googlenet-12,c34bfa71323d77a72062f32fa8ec413067589c22fc2f5a7e68d5651165e61939,907,1,operation_metadata,affected,late,full,all,7,25510792,4535,5,5,0,c53935d223007ed5,true,1701
matched,Joggle,da476ab0afe8d44c9b294c59b39ba82219f3522c,googlenet-12,c34bfa71323d77a72062f32fa8ec413067589c22fc2f5a7e68d5651165e61939,907,1,operation_metadata,affected,late,full,all,8,25140875,4535,5,5,0,7dd9f6d7f6861d06,true,1701
matched,Joggle,da476ab0afe8d44c9b294c59b39ba82219f3522c,googlenet-12,c34bfa71323d77a72062f32fa8ec413067589c22fc2f5a7e68d5651165e61939,907,1,operation_metadata,affected,late,full,all,9,25111167,4535,5,5,0,0662fb1f2b6ba4ff,true,1701
matched,Joggle,da476ab0afe8d44c9b294c59b39ba82219f3522c,googlenet-12,c34bfa71323d77a72062f32fa8ec413067589c22fc2f5a7e68d5651165e61939,907,1,operation_metadata,unrelated,late,full,all,0,24786125,4535,5,5,0,69118f7b801fe880,true,1701
matched,Joggle,da476ab0afe8d44c9b294c59b39ba82219f3522c,googlenet-12,c34bfa71323d77a72062f32fa8ec413067589c22fc2f5a7e68d5651165e61939,907,1,operation_metadata,unrelated,late,full,all,1,25032292,4535,5,5,0,69118f7b801fe880,true,1701
matched,Joggle,da476ab0afe8d44c9b294c59b39ba82219f3522c,googlenet-12,c34bfa71323d77a72062f32fa8ec413067589c22fc2f5a7e68d5651165e61939,907,1,operation_metadata,unrelated,late,full,all,2,25319625,4535,5,5,0,69118f7b801fe880,true,1701
matched,Joggle,da476ab0afe8d44c9b294c59b39ba82219f3522c,googlenet-12,c34bfa71323d77a72062f32fa8ec413067589c22fc2f5a7e68d5651165e61939,907,1,operation_metadata,unrelated,late,full,all,3,25004166,4535,5,5,0,69118f7b801fe880,true,1701
matched,Joggle,da476ab0afe8d44c9b294c59b39ba82219f3522c,googlenet-12,c34bfa71323d77a72062f32fa8ec413067589c22fc2f5a7e68d5651165e61939,907,1,operation_metadata,unrelated,late,full,all,4,24669250,4535,5,5,0,69118f7b801fe880,true,1701
matched,Joggle,da476ab0afe8d44c9b294c59b39ba82219f3522c,googlenet-12,c34bfa71323d77a72062f32fa8ec413067589c22fc2f5a7e68d5651165e61939,907,1,operation_metadata,unrelated,late,full,all,5,24787125,4535,5,5,0,69118f7b801fe880,true,1701
matched,Joggle,da476ab0afe8d44c9b294c59b39ba82219f3522c,googlenet-12,c34bfa71323d77a72062f32fa8ec413067589c22fc2f5a7e68d5651165e61939,907,1,operation_metadata,unrelated,late,full,all,6,25109958,4535,5,5,0,69118f7b801fe880,true,1701
matched,Joggle,da476ab0afe8d44c9b294c59b39ba82219f3522c,googlenet-12,c34bfa71323d77a72062f32fa8ec413067589c22fc2f5a7e68d5651165e61939,907,1,operation_metadata,unrelated,late,full,all,7,24956708,4535,5,5,0,69118f7b801fe880,true,1701
matched,Joggle,da476ab0afe8d44c9b294c59b39ba82219f3522c,googlenet-12,c34bfa71323d77a72062f32fa8ec413067589c22fc2f5a7e68d5651165e61939,907,1,operation_metadata,unrelated,late,full,all,8,24833167,4535,5,5,0,69118f7b801fe880,true,1701
matched,Joggle,da476ab0afe8d44c9b294c59b39ba82219f3522c,googlenet-12,c34bfa71323d77a72062f32fa8ec413067589c22fc2f5a7e68d5651165e61939,907,1,operation_metadata,unrelated,late,full,all,9,25196417,4535,5,5,0,69118f7b801fe880,true,1701
matched,Joggle,da476ab0afe8d44c9b294c59b39ba82219f3522c,xcit-tiny-12-p8-224-opset17,ea20107b2396adf96ec569e5a1f1fb5443ee31299e5bc01a3d139a3a3564f3f7,3298,1,operation_metadata,affected,late,update,all,0,199250,5,5,5,0,de277d00d73e4d13,true,1701
matched,Joggle,da476ab0afe8d44c9b294c59b39ba82219f3522c,xcit-tiny-12-p8-224-opset17,ea20107b2396adf96ec569e5a1f1fb5443ee31299e5bc01a3d139a3a3564f3f7,3298,1,operation_metadata,affected,late,update,all,1,199625,5,5,5,0,5385dea131e43e4a,true,1701
matched,Joggle,da476ab0afe8d44c9b294c59b39ba82219f3522c,xcit-tiny-12-p8-224-opset17,ea20107b2396adf96ec569e5a1f1fb5443ee31299e5bc01a3d139a3a3564f3f7,3298,1,operation_metadata,affected,late,update,all,2,193916,5,5,5,0,a10090d827f4c059,true,1701
matched,Joggle,da476ab0afe8d44c9b294c59b39ba82219f3522c,xcit-tiny-12-p8-224-opset17,ea20107b2396adf96ec569e5a1f1fb5443ee31299e5bc01a3d139a3a3564f3f7,3298,1,operation_metadata,affected,late,update,all,3,192583,5,5,5,0,0581dbfe13baf168,true,1701
matched,Joggle,da476ab0afe8d44c9b294c59b39ba82219f3522c,xcit-tiny-12-p8-224-opset17,ea20107b2396adf96ec569e5a1f1fb5443ee31299e5bc01a3d139a3a3564f3f7,3298,1,operation_metadata,affected,late,update,all,4,189792,5,5,5,0,2a5d66d78663d177,true,1701
matched,Joggle,da476ab0afe8d44c9b294c59b39ba82219f3522c,xcit-tiny-12-p8-224-opset17,ea20107b2396adf96ec569e5a1f1fb5443ee31299e5bc01a3d139a3a3564f3f7,3298,1,operation_metadata,affected,late,update,all,5,192500,5,5,5,0,dac18372cc4b113e,true,1701
matched,Joggle,da476ab0afe8d44c9b294c59b39ba82219f3522c,xcit-tiny-12-p8-224-opset17,ea20107b2396adf96ec569e5a1f1fb5443ee31299e5bc01a3d139a3a3564f3f7,3298,1,operation_metadata,affected,late,update,all,6,190583,5,5,5,0,8660ea43edb6e794,true,1701
matched,Joggle,da476ab0afe8d44c9b294c59b39ba82219f3522c,xcit-tiny-12-p8-224-opset17,ea20107b2396adf96ec569e5a1f1fb5443ee31299e5bc01a3d139a3a3564f3f7,3298,1,operation_metadata,affected,late,update,all,7,189166,5,5,5,0,c53935d223007ed5,true,1701
matched,Joggle,da476ab0afe8d44c9b294c59b39ba82219f3522c,xcit-tiny-12-p8-224-opset17,ea20107b2396adf96ec569e5a1f1fb5443ee31299e5bc01a3d139a3a3564f3f7,3298,1,operation_metadata,affected,late,update,all,8,189000,5,5,5,0,7dd9f6d7f6861d06,true,1701
matched,Joggle,da476ab0afe8d44c9b294c59b39ba82219f3522c,xcit-tiny-12-p8-224-opset17,ea20107b2396adf96ec569e5a1f1fb5443ee31299e5bc01a3d139a3a3564f3f7,3298,1,operation_metadata,affected,late,update,all,9,188792,5,5,5,0,0662fb1f2b6ba4ff,true,1701
matched,Joggle,da476ab0afe8d44c9b294c59b39ba82219f3522c,xcit-tiny-12-p8-224-opset17,ea20107b2396adf96ec569e5a1f1fb5443ee31299e5bc01a3d139a3a3564f3f7,3298,1,operation_metadata,unrelated,late,update,all,0,13459,0,0,5,0,69118f7b801fe880,true,1701
matched,Joggle,da476ab0afe8d44c9b294c59b39ba82219f3522c,xcit-tiny-12-p8-224-opset17,ea20107b2396adf96ec569e5a1f1fb5443ee31299e5bc01a3d139a3a3564f3f7,3298,1,operation_metadata,unrelated,late,update,all,1,13334,0,0,5,0,69118f7b801fe880,true,1701
matched,Joggle,da476ab0afe8d44c9b294c59b39ba82219f3522c,xcit-tiny-12-p8-224-opset17,ea20107b2396adf96ec569e5a1f1fb5443ee31299e5bc01a3d139a3a3564f3f7,3298,1,operation_metadata,unrelated,late,update,all,2,13375,0,0,5,0,69118f7b801fe880,true,1701
matched,Joggle,da476ab0afe8d44c9b294c59b39ba82219f3522c,xcit-tiny-12-p8-224-opset17,ea20107b2396adf96ec569e5a1f1fb5443ee31299e5bc01a3d139a3a3564f3f7,3298,1,operation_metadata,unrelated,late,update,all,3,15584,0,0,5,0,69118f7b801fe880,true,1701
matched,Joggle,da476ab0afe8d44c9b294c59b39ba82219f3522c,xcit-tiny-12-p8-224-opset17,ea20107b2396adf96ec569e5a1f1fb5443ee31299e5bc01a3d139a3a3564f3f7,3298,1,operation_metadata,unrelated,late,update,all,4,12792,0,0,5,0,69118f7b801fe880,true,1701
matched,Joggle,da476ab0afe8d44c9b294c59b39ba82219f3522c,xcit-tiny-12-p8-224-opset17,ea20107b2396adf96ec569e5a1f1fb5443ee31299e5bc01a3d139a3a3564f3f7,3298,1,operation_metadata,unrelated,late,update,all,5,12542,0,0,5,0,69118f7b801fe880,true,1701
matched,Joggle,da476ab0afe8d44c9b294c59b39ba82219f3522c,xcit-tiny-12-p8-224-opset17,ea20107b2396adf96ec569e5a1f1fb5443ee31299e5bc01a3d139a3a3564f3f7,3298,1,operation_metadata,unrelated,late,update,all,6,12167,0,0,5,0,69118f7b801fe880,true,1701
matched,Joggle,da476ab0afe8d44c9b294c59b39ba82219f3522c,xcit-tiny-12-p8-224-opset17,ea20107b2396adf96ec569e5a1f1fb5443ee31299e5bc01a3d139a3a3564f3f7,3298,1,operation_metadata,unrelated,late,update,all,7,12375,0,0,5,0,69118f7b801fe880,true,1701
matched,Joggle,da476ab0afe8d44c9b294c59b39ba82219f3522c,xcit-tiny-12-p8-224-opset17,ea20107b2396adf96ec569e5a1f1fb5443ee31299e5bc01a3d139a3a3564f3f7,3298,1,operation_metadata,unrelated,late,update,all,8,12250,0,0,5,0,69118f7b801fe880,true,1701
matched,Joggle,da476ab0afe8d44c9b294c59b39ba82219f3522c,xcit-tiny-12-p8-224-opset17,ea20107b2396adf96ec569e5a1f1fb5443ee31299e5bc01a3d139a3a3564f3f7,3298,1,operation_metadata,unrelated,late,update,all,9,12167,0,0,5,0,69118f7b801fe880,true,1701
matched,Joggle,da476ab0afe8d44c9b294c59b39ba82219f3522c,tiny-yolov3-11,356de5227f42a77ed270d2668b95804087109a567b84cc76b7442ca3517926c0,1644,21,operation_metadata,affected,middle,update,all,0,1591292,105,5,5,0,e0dfdfb966e86d7d,true,1701
matched,Joggle,da476ab0afe8d44c9b294c59b39ba82219f3522c,tiny-yolov3-11,356de5227f42a77ed270d2668b95804087109a567b84cc76b7442ca3517926c0,1644,21,operation_metadata,affected,middle,update,all,1,1590000,105,5,5,0,099e220917975e82,true,1701
matched,Joggle,da476ab0afe8d44c9b294c59b39ba82219f3522c,tiny-yolov3-11,356de5227f42a77ed270d2668b95804087109a567b84cc76b7442ca3517926c0,1644,21,operation_metadata,affected,middle,update,all,2,1556375,105,5,5,0,3ef23b74ab97ff8b,true,1701
matched,Joggle,da476ab0afe8d44c9b294c59b39ba82219f3522c,tiny-yolov3-11,356de5227f42a77ed270d2668b95804087109a567b84cc76b7442ca3517926c0,1644,21,operation_metadata,affected,middle,update,all,3,1550833,105,5,5,0,44df7dbea52f1d18,true,1701
matched,Joggle,da476ab0afe8d44c9b294c59b39ba82219f3522c,tiny-yolov3-11,356de5227f42a77ed270d2668b95804087109a567b84cc76b7442ca3517926c0,1644,21,operation_metadata,affected,middle,update,all,4,1526834,105,5,5,0,e66929c2c3f60981,true,1701
matched,Joggle,da476ab0afe8d44c9b294c59b39ba82219f3522c,tiny-yolov3-11,356de5227f42a77ed270d2668b95804087109a567b84cc76b7442ca3517926c0,1644,21,operation_metadata,affected,middle,update,all,5,1542666,105,5,5,0,2c005c790427b6b6,true,1701
matched,Joggle,da476ab0afe8d44c9b294c59b39ba82219f3522c,tiny-yolov3-11,356de5227f42a77ed270d2668b95804087109a567b84cc76b7442ca3517926c0,1644,21,operation_metadata,affected,middle,update,all,6,1554417,105,5,5,0,f4276c9eef841114,true,1701
matched,Joggle,da476ab0afe8d44c9b294c59b39ba82219f3522c,tiny-yolov3-11,356de5227f42a77ed270d2668b95804087109a567b84cc76b7442ca3517926c0,1644,21,operation_metadata,affected,middle,update,all,7,1566125,105,5,5,0,3080ce4a899bf6d7,true,1701
matched,Joggle,da476ab0afe8d44c9b294c59b39ba82219f3522c,tiny-yolov3-11,356de5227f42a77ed270d2668b95804087109a567b84cc76b7442ca3517926c0,1644,21,operation_metadata,affected,middle,update,all,8,1556709,105,5,5,0,d14484e3c70e71ae,true,1701
matched,Joggle,da476ab0afe8d44c9b294c59b39ba82219f3522c,tiny-yolov3-11,356de5227f42a77ed270d2668b95804087109a567b84cc76b7442ca3517926c0,1644,21,operation_metadata,affected,middle,update,all,9,1816292,105,5,5,0,60612058319d6e39,true,1701
matched,Joggle,da476ab0afe8d44c9b294c59b39ba82219f3522c,tiny-yolov3-11,356de5227f42a77ed270d2668b95804087109a567b84cc76b7442ca3517926c0,1644,21,operation_metadata,unrelated,middle,update,all,0,132208,0,0,5,0,730400a1554cc7c0,true,1701
matched,Joggle,da476ab0afe8d44c9b294c59b39ba82219f3522c,tiny-yolov3-11,356de5227f42a77ed270d2668b95804087109a567b84cc76b7442ca3517926c0,1644,21,operation_metadata,unrelated,middle,update,all,1,131250,0,0,5,0,730400a1554cc7c0,true,1701
matched,Joggle,da476ab0afe8d44c9b294c59b39ba82219f3522c,tiny-yolov3-11,356de5227f42a77ed270d2668b95804087109a567b84cc76b7442ca3517926c0,1644,21,operation_metadata,unrelated,middle,update,all,2,130084,0,0,5,0,730400a1554cc7c0,true,1701
matched,Joggle,da476ab0afe8d44c9b294c59b39ba82219f3522c,tiny-yolov3-11,356de5227f42a77ed270d2668b95804087109a567b84cc76b7442ca3517926c0,1644,21,operation_metadata,unrelated,middle,update,all,3,132958,0,0,5,0,730400a1554cc7c0,true,1701
matched,Joggle,da476ab0afe8d44c9b294c59b39ba82219f3522c,tiny-yolov3-11,356de5227f42a77ed270d2668b95804087109a567b84cc76b7442ca3517926c0,1644,21,operation_metadata,unrelated,middle,update,all,4,130375,0,0,5,0,730400a1554cc7c0,true,1701
matched,Joggle,da476ab0afe8d44c9b294c59b39ba82219f3522c,tiny-yolov3-11,356de5227f42a77ed270d2668b95804087109a567b84cc76b7442ca3517926c0,1644,21,operation_metadata,unrelated,middle,update,all,5,136833,0,0,5,0,730400a1554cc7c0,true,1701
matched,Joggle,da476ab0afe8d44c9b294c59b39ba82219f3522c,tiny-yolov3-11,356de5227f42a77ed270d2668b95804087109a567b84cc76b7442ca3517926c0,1644,21,operation_metadata,unrelated,middle,update,all,6,128833,0,0,5,0,730400a1554cc7c0,true,1701
matched,Joggle,da476ab0afe8d44c9b294c59b39ba82219f3522c,tiny-yolov3-11,356de5227f42a77ed270d2668b95804087109a567b84cc76b7442ca3517926c0,1644,21,operation_metadata,unrelated,middle,update,all,7,129041,0,0,5,0,730400a1554cc7c0,true,1701
matched,Joggle,da476ab0afe8d44c9b294c59b39ba82219f3522c,tiny-yolov3-11,356de5227f42a77ed270d2668b95804087109a567b84cc76b7442ca3517926c0,1644,21,operation_metadata,unrelated,middle,update,all,8,128875,0,0,5,0,730400a1554cc7c0,true,1701
matched,Joggle,da476ab0afe8d44c9b294c59b39ba82219f3522c,tiny-yolov3-11,356de5227f42a77ed270d2668b95804087109a567b84cc76b7442ca3517926c0,1644,21,operation_metadata,unrelated,middle,update,all,9,129166,0,0,5,0,730400a1554cc7c0,true,1701
matched,Joggle,da476ab0afe8d44c9b294c59b39ba82219f3522c,mnist-8,2f06e72de813a8635c9bc0397ac447a601bdbfa7df4bebc278723b958831c9bf,69,6,operation_metadata,affected,middle,full,all,0,2161959,345,5,5,0,06e55724b393180b,true,1701
matched,Joggle,da476ab0afe8d44c9b294c59b39ba82219f3522c,mnist-8,2f06e72de813a8635c9bc0397ac447a601bdbfa7df4bebc278723b958831c9bf,69,6,operation_metadata,affected,middle,full,all,1,2176834,345,5,5,0,8837b4d63769e872,true,1701
matched,Joggle,da476ab0afe8d44c9b294c59b39ba82219f3522c,mnist-8,2f06e72de813a8635c9bc0397ac447a601bdbfa7df4bebc278723b958831c9bf,69,6,operation_metadata,affected,middle,full,all,2,2162542,345,5,5,0,56d966e94ffd5d99,true,1701
matched,Joggle,da476ab0afe8d44c9b294c59b39ba82219f3522c,mnist-8,2f06e72de813a8635c9bc0397ac447a601bdbfa7df4bebc278723b958831c9bf,69,6,operation_metadata,affected,middle,full,all,3,2282500,345,5,5,0,1cefabea0d1b82f0,true,1701
matched,Joggle,da476ab0afe8d44c9b294c59b39ba82219f3522c,mnist-8,2f06e72de813a8635c9bc0397ac447a601bdbfa7df4bebc278723b958831c9bf,69,6,operation_metadata,affected,middle,full,all,4,2208625,345,5,5,0,75df2ba61ee993cf,true,1701
matched,Joggle,da476ab0afe8d44c9b294c59b39ba82219f3522c,mnist-8,2f06e72de813a8635c9bc0397ac447a601bdbfa7df4bebc278723b958831c9bf,69,6,operation_metadata,affected,middle,full,all,5,2180125,345,5,5,0,7f36058f2b459be6,true,1701
matched,Joggle,da476ab0afe8d44c9b294c59b39ba82219f3522c,mnist-8,2f06e72de813a8635c9bc0397ac447a601bdbfa7df4bebc278723b958831c9bf,69,6,operation_metadata,affected,middle,full,all,6,2168708,345,5,5,0,b87c596620b792e0,true,1701
matched,Joggle,da476ab0afe8d44c9b294c59b39ba82219f3522c,mnist-8,2f06e72de813a8635c9bc0397ac447a601bdbfa7df4bebc278723b958831c9bf,69,6,operation_metadata,affected,middle,full,all,7,2147250,345,5,5,0,75f8691893163789,true,1701
matched,Joggle,da476ab0afe8d44c9b294c59b39ba82219f3522c,mnist-8,2f06e72de813a8635c9bc0397ac447a601bdbfa7df4bebc278723b958831c9bf,69,6,operation_metadata,affected,middle,full,all,8,2141000,345,5,5,0,8a8dfbc5a99b81a2,true,1701
matched,Joggle,da476ab0afe8d44c9b294c59b39ba82219f3522c,mnist-8,2f06e72de813a8635c9bc0397ac447a601bdbfa7df4bebc278723b958831c9bf,69,6,operation_metadata,affected,middle,full,all,9,2180750,345,5,5,0,e7c34c8fa4a917fb,true,1701
matched,Joggle,da476ab0afe8d44c9b294c59b39ba82219f3522c,mnist-8,2f06e72de813a8635c9bc0397ac447a601bdbfa7df4bebc278723b958831c9bf,69,6,operation_metadata,unrelated,middle,full,all,0,2003958,345,5,5,0,58daad215b7fe06c,true,1701
matched,Joggle,da476ab0afe8d44c9b294c59b39ba82219f3522c,mnist-8,2f06e72de813a8635c9bc0397ac447a601bdbfa7df4bebc278723b958831c9bf,69,6,operation_metadata,unrelated,middle,full,all,1,2090667,345,5,5,0,58daad215b7fe06c,true,1701
matched,Joggle,da476ab0afe8d44c9b294c59b39ba82219f3522c,mnist-8,2f06e72de813a8635c9bc0397ac447a601bdbfa7df4bebc278723b958831c9bf,69,6,operation_metadata,unrelated,middle,full,all,2,2016875,345,5,5,0,58daad215b7fe06c,true,1701
matched,Joggle,da476ab0afe8d44c9b294c59b39ba82219f3522c,mnist-8,2f06e72de813a8635c9bc0397ac447a601bdbfa7df4bebc278723b958831c9bf,69,6,operation_metadata,unrelated,middle,full,all,3,2021875,345,5,5,0,58daad215b7fe06c,true,1701
matched,Joggle,da476ab0afe8d44c9b294c59b39ba82219f3522c,mnist-8,2f06e72de813a8635c9bc0397ac447a601bdbfa7df4bebc278723b958831c9bf,69,6,operation_metadata,unrelated,middle,full,all,4,1999375,345,5,5,0,58daad215b7fe06c,true,1701
matched,Joggle,da476ab0afe8d44c9b294c59b39ba82219f3522c,mnist-8,2f06e72de813a8635c9bc0397ac447a601bdbfa7df4bebc278723b958831c9bf,69,6,operation_metadata,unrelated,middle,full,all,5,1990041,345,5,5,0,58daad215b7fe06c,true,1701
matched,Joggle,da476ab0afe8d44c9b294c59b39ba82219f3522c,mnist-8,2f06e72de813a8635c9bc0397ac447a601bdbfa7df4bebc278723b958831c9bf,69,6,operation_metadata,unrelated,middle,full,all,6,1975458,345,5,5,0,58daad215b7fe06c,true,1701
matched,Joggle,da476ab0afe8d44c9b294c59b39ba82219f3522c,mnist-8,2f06e72de813a8635c9bc0397ac447a601bdbfa7df4bebc278723b958831c9bf,69,6,operation_metadata,unrelated,middle,full,all,7,2023250,345,5,5,0,58daad215b7fe06c,true,1701
matched,Joggle,da476ab0afe8d44c9b294c59b39ba82219f3522c,mnist-8,2f06e72de813a8635c9bc0397ac447a601bdbfa7df4bebc278723b958831c9bf,69,6,operation_metadata,unrelated,middle,full,all,8,2019875,345,5,5,0,58daad215b7fe06c,true,1701
matched,Joggle,da476ab0afe8d44c9b294c59b39ba82219f3522c,mnist-8,2f06e72de813a8635c9bc0397ac447a601bdbfa7df4bebc278723b958831c9bf,69,6,operation_metadata,unrelated,middle,full,all,9,2193750,345,5,5,0,58daad215b7fe06c,true,1701
matched,Joggle,da476ab0afe8d44c9b294c59b39ba82219f3522c,tinyyolov2-8,867df52f413aae895af9b80a5526d865a8648e90765647a28cda9c6f8d31062f,285,1,operation_metadata,affected,late,full,all,0,8181125,1425,5,5,0,ede1b26359c32b59,true,1701
matched,Joggle,da476ab0afe8d44c9b294c59b39ba82219f3522c,tinyyolov2-8,867df52f413aae895af9b80a5526d865a8648e90765647a28cda9c6f8d31062f,285,1,operation_metadata,affected,late,full,all,1,8110292,1425,5,5,0,5262fd8945895c68,true,1701
matched,Joggle,da476ab0afe8d44c9b294c59b39ba82219f3522c,tinyyolov2-8,867df52f413aae895af9b80a5526d865a8648e90765647a28cda9c6f8d31062f,285,1,operation_metadata,affected,late,full,all,2,7980833,1425,5,5,0,2b089e8c090cb813,true,1701
matched,Joggle,da476ab0afe8d44c9b294c59b39ba82219f3522c,tinyyolov2-8,867df52f413aae895af9b80a5526d865a8648e90765647a28cda9c6f8d31062f,285,1,operation_metadata,affected,late,full,all,3,8007708,1425,5,5,0,a067002c63b2a94a,true,1701
matched,Joggle,da476ab0afe8d44c9b294c59b39ba82219f3522c,tinyyolov2-8,867df52f413aae895af9b80a5526d865a8648e90765647a28cda9c6f8d31062f,285,1,operation_metadata,affected,late,full,all,4,7977541,1425,5,5,0,33ea9e63b33efa6d,true,1701
matched,Joggle,da476ab0afe8d44c9b294c59b39ba82219f3522c,tinyyolov2-8,867df52f413aae895af9b80a5526d865a8648e90765647a28cda9c6f8d31062f,285,1,operation_metadata,affected,late,full,all,5,8094208,1425,5,5,0,e24a7bdfae4ff28c,true,1701
matched,Joggle,da476ab0afe8d44c9b294c59b39ba82219f3522c,tinyyolov2-8,867df52f413aae895af9b80a5526d865a8648e90765647a28cda9c6f8d31062f,285,1,operation_metadata,affected,late,full,all,6,8103000,1425,5,5,0,26bb7ed661a04f22,true,1701
matched,Joggle,da476ab0afe8d44c9b294c59b39ba82219f3522c,tinyyolov2-8,867df52f413aae895af9b80a5526d865a8648e90765647a28cda9c6f8d31062f,285,1,operation_metadata,affected,late,full,all,7,8224333,1425,5,5,0,1585cab8d98cd34b,true,1701
matched,Joggle,da476ab0afe8d44c9b294c59b39ba82219f3522c,tinyyolov2-8,867df52f413aae895af9b80a5526d865a8648e90765647a28cda9c6f8d31062f,285,1,operation_metadata,affected,late,full,all,8,7921542,1425,5,5,0,657e7b02aa47d5a0,true,1701
matched,Joggle,da476ab0afe8d44c9b294c59b39ba82219f3522c,tinyyolov2-8,867df52f413aae895af9b80a5526d865a8648e90765647a28cda9c6f8d31062f,285,1,operation_metadata,affected,late,full,all,9,8121125,1425,5,5,0,6e3b9984e973b711,true,1701
matched,Joggle,da476ab0afe8d44c9b294c59b39ba82219f3522c,tinyyolov2-8,867df52f413aae895af9b80a5526d865a8648e90765647a28cda9c6f8d31062f,285,1,operation_metadata,unrelated,late,full,all,0,7902291,1425,5,5,0,b3202ff35ea58986,true,1701
matched,Joggle,da476ab0afe8d44c9b294c59b39ba82219f3522c,tinyyolov2-8,867df52f413aae895af9b80a5526d865a8648e90765647a28cda9c6f8d31062f,285,1,operation_metadata,unrelated,late,full,all,1,7958916,1425,5,5,0,b3202ff35ea58986,true,1701
matched,Joggle,da476ab0afe8d44c9b294c59b39ba82219f3522c,tinyyolov2-8,867df52f413aae895af9b80a5526d865a8648e90765647a28cda9c6f8d31062f,285,1,operation_metadata,unrelated,late,full,all,2,7910459,1425,5,5,0,b3202ff35ea58986,true,1701
matched,Joggle,da476ab0afe8d44c9b294c59b39ba82219f3522c,tinyyolov2-8,867df52f413aae895af9b80a5526d865a8648e90765647a28cda9c6f8d31062f,285,1,operation_metadata,unrelated,late,full,all,3,8003833,1425,5,5,0,b3202ff35ea58986,true,1701
matched,Joggle,da476ab0afe8d44c9b294c59b39ba82219f3522c,tinyyolov2-8,867df52f413aae895af9b80a5526d865a8648e90765647a28cda9c6f8d31062f,285,1,operation_metadata,unrelated,late,full,all,4,7919250,1425,5,5,0,b3202ff35ea58986,true,1701
matched,Joggle,da476ab0afe8d44c9b294c59b39ba82219f3522c,tinyyolov2-8,867df52f413aae895af9b80a5526d865a8648e90765647a28cda9c6f8d31062f,285,1,operation_metadata,unrelated,late,full,all,5,7938834,1425,5,5,0,b3202ff35ea58986,true,1701
matched,Joggle,da476ab0afe8d44c9b294c59b39ba82219f3522c,tinyyolov2-8,867df52f413aae895af9b80a5526d865a8648e90765647a28cda9c6f8d31062f,285,1,operation_metadata,unrelated,late,full,all,6,7634625,1425,5,5,0,b3202ff35ea58986,true,1701
matched,Joggle,da476ab0afe8d44c9b294c59b39ba82219f3522c,tinyyolov2-8,867df52f413aae895af9b80a5526d865a8648e90765647a28cda9c6f8d31062f,285,1,operation_metadata,unrelated,late,full,all,7,7665208,1425,5,5,0,b3202ff35ea58986,true,1701
matched,Joggle,da476ab0afe8d44c9b294c59b39ba82219f3522c,tinyyolov2-8,867df52f413aae895af9b80a5526d865a8648e90765647a28cda9c6f8d31062f,285,1,operation_metadata,unrelated,late,full,all,8,7640916,1425,5,5,0,b3202ff35ea58986,true,1701
matched,Joggle,da476ab0afe8d44c9b294c59b39ba82219f3522c,tinyyolov2-8,867df52f413aae895af9b80a5526d865a8648e90765647a28cda9c6f8d31062f,285,1,operation_metadata,unrelated,late,full,all,9,7771708,1425,5,5,0,b3202ff35ea58986,true,1701
matched,Joggle,da476ab0afe8d44c9b294c59b39ba82219f3522c,shufflenet-v2-12,2970f92c12a3a9105acd03839fe3abe1db8888e293454f120028345af5457dcb,1843,115,operation_metadata,affected,middle,update,all,0,9575041,575,5,5,0,af9388593c1636a3,true,1701
matched,Joggle,da476ab0afe8d44c9b294c59b39ba82219f3522c,shufflenet-v2-12,2970f92c12a3a9105acd03839fe3abe1db8888e293454f120028345af5457dcb,1843,115,operation_metadata,affected,middle,update,all,1,9280292,575,5,5,0,d0c6bfcc2c02e744,true,1701
matched,Joggle,da476ab0afe8d44c9b294c59b39ba82219f3522c,shufflenet-v2-12,2970f92c12a3a9105acd03839fe3abe1db8888e293454f120028345af5457dcb,1843,115,operation_metadata,affected,middle,update,all,2,9763667,575,5,5,0,958c4d0a91f52941,true,1701
matched,Joggle,da476ab0afe8d44c9b294c59b39ba82219f3522c,shufflenet-v2-12,2970f92c12a3a9105acd03839fe3abe1db8888e293454f120028345af5457dcb,1843,115,operation_metadata,affected,middle,update,all,3,10670000,575,5,5,0,ea3f2aa2dc088ab2,true,1701
matched,Joggle,da476ab0afe8d44c9b294c59b39ba82219f3522c,shufflenet-v2-12,2970f92c12a3a9105acd03839fe3abe1db8888e293454f120028345af5457dcb,1843,115,operation_metadata,affected,middle,update,all,4,10101833,575,5,5,0,8bdd1c1b32c3aacf,true,1701
matched,Joggle,da476ab0afe8d44c9b294c59b39ba82219f3522c,shufflenet-v2-12,2970f92c12a3a9105acd03839fe3abe1db8888e293454f120028345af5457dcb,1843,115,operation_metadata,affected,middle,update,all,5,9112125,575,5,5,0,6b5db9889b7e48e0,true,1701
matched,Joggle,da476ab0afe8d44c9b294c59b39ba82219f3522c,shufflenet-v2-12,2970f92c12a3a9105acd03839fe3abe1db8888e293454f120028345af5457dcb,1843,115,operation_metadata,affected,middle,update,all,6,10265541,575,5,5,0,7e7c89dec093e9f6,true,1701
matched,Joggle,da476ab0afe8d44c9b294c59b39ba82219f3522c,shufflenet-v2-12,2970f92c12a3a9105acd03839fe3abe1db8888e293454f120028345af5457dcb,1843,115,operation_metadata,affected,middle,update,all,7,9183000,575,5,5,0,2f2fe726671487d5,true,1701
matched,Joggle,da476ab0afe8d44c9b294c59b39ba82219f3522c,shufflenet-v2-12,2970f92c12a3a9105acd03839fe3abe1db8888e293454f120028345af5457dcb,1843,115,operation_metadata,affected,middle,update,all,8,9427292,575,5,5,0,b5da7ee5d4b97f98,true,1701
matched,Joggle,da476ab0afe8d44c9b294c59b39ba82219f3522c,shufflenet-v2-12,2970f92c12a3a9105acd03839fe3abe1db8888e293454f120028345af5457dcb,1843,115,operation_metadata,affected,middle,update,all,9,9676416,575,5,5,0,250e61e4d5173687,true,1701
matched,Joggle,da476ab0afe8d44c9b294c59b39ba82219f3522c,shufflenet-v2-12,2970f92c12a3a9105acd03839fe3abe1db8888e293454f120028345af5457dcb,1843,115,operation_metadata,unrelated,middle,update,all,0,633916,0,0,5,0,129be3f7286a113a,true,1701
matched,Joggle,da476ab0afe8d44c9b294c59b39ba82219f3522c,shufflenet-v2-12,2970f92c12a3a9105acd03839fe3abe1db8888e293454f120028345af5457dcb,1843,115,operation_metadata,unrelated,middle,update,all,1,642375,0,0,5,0,129be3f7286a113a,true,1701
matched,Joggle,da476ab0afe8d44c9b294c59b39ba82219f3522c,shufflenet-v2-12,2970f92c12a3a9105acd03839fe3abe1db8888e293454f120028345af5457dcb,1843,115,operation_metadata,unrelated,middle,update,all,2,606791,0,0,5,0,129be3f7286a113a,true,1701
matched,Joggle,da476ab0afe8d44c9b294c59b39ba82219f3522c,shufflenet-v2-12,2970f92c12a3a9105acd03839fe3abe1db8888e293454f120028345af5457dcb,1843,115,operation_metadata,unrelated,middle,update,all,3,608750,0,0,5,0,129be3f7286a113a,true,1701
matched,Joggle,da476ab0afe8d44c9b294c59b39ba82219f3522c,shufflenet-v2-12,2970f92c12a3a9105acd03839fe3abe1db8888e293454f120028345af5457dcb,1843,115,operation_metadata,unrelated,middle,update,all,4,621042,0,0,5,0,129be3f7286a113a,true,1701
matched,Joggle,da476ab0afe8d44c9b294c59b39ba82219f3522c,shufflenet-v2-12,2970f92c12a3a9105acd03839fe3abe1db8888e293454f120028345af5457dcb,1843,115,operation_metadata,unrelated,middle,update,all,5,611542,0,0,5,0,129be3f7286a113a,true,1701
matched,Joggle,da476ab0afe8d44c9b294c59b39ba82219f3522c,shufflenet-v2-12,2970f92c12a3a9105acd03839fe3abe1db8888e293454f120028345af5457dcb,1843,115,operation_metadata,unrelated,middle,update,all,6,606791,0,0,5,0,129be3f7286a113a,true,1701
matched,Joggle,da476ab0afe8d44c9b294c59b39ba82219f3522c,shufflenet-v2-12,2970f92c12a3a9105acd03839fe3abe1db8888e293454f120028345af5457dcb,1843,115,operation_metadata,unrelated,middle,update,all,7,633791,0,0,5,0,129be3f7286a113a,true,1701
matched,Joggle,da476ab0afe8d44c9b294c59b39ba82219f3522c,shufflenet-v2-12,2970f92c12a3a9105acd03839fe3abe1db8888e293454f120028345af5457dcb,1843,115,operation_metadata,unrelated,middle,update,all,8,618958,0,0,5,0,129be3f7286a113a,true,1701
matched,Joggle,da476ab0afe8d44c9b294c59b39ba82219f3522c,shufflenet-v2-12,2970f92c12a3a9105acd03839fe3abe1db8888e293454f120028345af5457dcb,1843,115,operation_metadata,unrelated,middle,update,all,9,597084,0,0,5,0,129be3f7286a113a,true,1701
matched,Joggle,da476ab0afe8d44c9b294c59b39ba82219f3522c,mobilenetv2-7,8f78e569922a964ef0c303e08cf82f01d4891f97a2ac87fa6061f8a987924a5a,1655,78,operation_metadata,affected,middle,update,all,0,6308708,390,5,5,0,fea4320990e49024,true,1701
matched,Joggle,da476ab0afe8d44c9b294c59b39ba82219f3522c,mobilenetv2-7,8f78e569922a964ef0c303e08cf82f01d4891f97a2ac87fa6061f8a987924a5a,1655,78,operation_metadata,affected,middle,update,all,1,6265500,390,5,5,0,bddf84386222d6f7,true,1701
matched,Joggle,da476ab0afe8d44c9b294c59b39ba82219f3522c,mobilenetv2-7,8f78e569922a964ef0c303e08cf82f01d4891f97a2ac87fa6061f8a987924a5a,1655,78,operation_metadata,affected,middle,update,all,2,6300083,390,5,5,0,e19d00b8da429026,true,1701
matched,Joggle,da476ab0afe8d44c9b294c59b39ba82219f3522c,mobilenetv2-7,8f78e569922a964ef0c303e08cf82f01d4891f97a2ac87fa6061f8a987924a5a,1655,78,operation_metadata,affected,middle,update,all,3,6352208,390,5,5,0,ad03066fbb983161,true,1701
matched,Joggle,da476ab0afe8d44c9b294c59b39ba82219f3522c,mobilenetv2-7,8f78e569922a964ef0c303e08cf82f01d4891f97a2ac87fa6061f8a987924a5a,1655,78,operation_metadata,affected,middle,update,all,4,6304292,390,5,5,0,ba2d3f8efb324210,true,1701
matched,Joggle,da476ab0afe8d44c9b294c59b39ba82219f3522c,mobilenetv2-7,8f78e569922a964ef0c303e08cf82f01d4891f97a2ac87fa6061f8a987924a5a,1655,78,operation_metadata,affected,middle,update,all,5,6340167,390,5,5,0,9cc5fb951494da73,true,1701
matched,Joggle,da476ab0afe8d44c9b294c59b39ba82219f3522c,mobilenetv2-7,8f78e569922a964ef0c303e08cf82f01d4891f97a2ac87fa6061f8a987924a5a,1655,78,operation_metadata,affected,middle,update,all,6,6441583,390,5,5,0,a8e1ed94c77002b1,true,1701
matched,Joggle,da476ab0afe8d44c9b294c59b39ba82219f3522c,mobilenetv2-7,8f78e569922a964ef0c303e08cf82f01d4891f97a2ac87fa6061f8a987924a5a,1655,78,operation_metadata,affected,middle,update,all,7,6449125,390,5,5,0,5fac29a2706806f6,true,1701
matched,Joggle,da476ab0afe8d44c9b294c59b39ba82219f3522c,mobilenetv2-7,8f78e569922a964ef0c303e08cf82f01d4891f97a2ac87fa6061f8a987924a5a,1655,78,operation_metadata,affected,middle,update,all,8,6810875,390,5,5,0,2f08e3bfdc82ac47,true,1701
matched,Joggle,da476ab0afe8d44c9b294c59b39ba82219f3522c,mobilenetv2-7,8f78e569922a964ef0c303e08cf82f01d4891f97a2ac87fa6061f8a987924a5a,1655,78,operation_metadata,affected,middle,update,all,9,6672291,390,5,5,0,65a38e0d40ef1074,true,1701
matched,Joggle,da476ab0afe8d44c9b294c59b39ba82219f3522c,mobilenetv2-7,8f78e569922a964ef0c303e08cf82f01d4891f97a2ac87fa6061f8a987924a5a,1655,78,operation_metadata,unrelated,middle,update,all,0,450875,0,0,5,0,19b8d722099df53b,true,1701
matched,Joggle,da476ab0afe8d44c9b294c59b39ba82219f3522c,mobilenetv2-7,8f78e569922a964ef0c303e08cf82f01d4891f97a2ac87fa6061f8a987924a5a,1655,78,operation_metadata,unrelated,middle,update,all,1,450209,0,0,5,0,19b8d722099df53b,true,1701
matched,Joggle,da476ab0afe8d44c9b294c59b39ba82219f3522c,mobilenetv2-7,8f78e569922a964ef0c303e08cf82f01d4891f97a2ac87fa6061f8a987924a5a,1655,78,operation_metadata,unrelated,middle,update,all,2,449417,0,0,5,0,19b8d722099df53b,true,1701
matched,Joggle,da476ab0afe8d44c9b294c59b39ba82219f3522c,mobilenetv2-7,8f78e569922a964ef0c303e08cf82f01d4891f97a2ac87fa6061f8a987924a5a,1655,78,operation_metadata,unrelated,middle,update,all,3,447750,0,0,5,0,19b8d722099df53b,true,1701
matched,Joggle,da476ab0afe8d44c9b294c59b39ba82219f3522c,mobilenetv2-7,8f78e569922a964ef0c303e08cf82f01d4891f97a2ac87fa6061f8a987924a5a,1655,78,operation_metadata,unrelated,middle,update,all,4,450709,0,0,5,0,19b8d722099df53b,true,1701
matched,Joggle,da476ab0afe8d44c9b294c59b39ba82219f3522c,mobilenetv2-7,8f78e569922a964ef0c303e08cf82f01d4891f97a2ac87fa6061f8a987924a5a,1655,78,operation_metadata,unrelated,middle,update,all,5,457416,0,0,5,0,19b8d722099df53b,true,1701
matched,Joggle,da476ab0afe8d44c9b294c59b39ba82219f3522c,mobilenetv2-7,8f78e569922a964ef0c303e08cf82f01d4891f97a2ac87fa6061f8a987924a5a,1655,78,operation_metadata,unrelated,middle,update,all,6,437458,0,0,5,0,19b8d722099df53b,true,1701
matched,Joggle,da476ab0afe8d44c9b294c59b39ba82219f3522c,mobilenetv2-7,8f78e569922a964ef0c303e08cf82f01d4891f97a2ac87fa6061f8a987924a5a,1655,78,operation_metadata,unrelated,middle,update,all,7,433583,0,0,5,0,19b8d722099df53b,true,1701
matched,Joggle,da476ab0afe8d44c9b294c59b39ba82219f3522c,mobilenetv2-7,8f78e569922a964ef0c303e08cf82f01d4891f97a2ac87fa6061f8a987924a5a,1655,78,operation_metadata,unrelated,middle,update,all,8,456875,0,0,5,0,19b8d722099df53b,true,1701
matched,Joggle,da476ab0afe8d44c9b294c59b39ba82219f3522c,mobilenetv2-7,8f78e569922a964ef0c303e08cf82f01d4891f97a2ac87fa6061f8a987924a5a,1655,78,operation_metadata,unrelated,middle,update,all,9,434583,0,0,5,0,19b8d722099df53b,true,1701
matched,Joggle,da476ab0afe8d44c9b294c59b39ba82219f3522c,mnist-8,2f06e72de813a8635c9bc0397ac447a601bdbfa7df4bebc278723b958831c9bf,69,1,operation_metadata,affected,late,update,all,0,148292,5,5,5,0,0c3d3fef6923e563,true,1701
matched,Joggle,da476ab0afe8d44c9b294c59b39ba82219f3522c,mnist-8,2f06e72de813a8635c9bc0397ac447a601bdbfa7df4bebc278723b958831c9bf,69,1,operation_metadata,affected,late,update,all,1,147084,5,5,5,0,f60a6b0cd84a6b1a,true,1701
matched,Joggle,da476ab0afe8d44c9b294c59b39ba82219f3522c,mnist-8,2f06e72de813a8635c9bc0397ac447a601bdbfa7df4bebc278723b958831c9bf,69,1,operation_metadata,affected,late,update,all,2,149209,5,5,5,0,fe9f1b607fac34a9,true,1701
matched,Joggle,da476ab0afe8d44c9b294c59b39ba82219f3522c,mnist-8,2f06e72de813a8635c9bc0397ac447a601bdbfa7df4bebc278723b958831c9bf,69,1,operation_metadata,affected,late,update,all,3,147708,5,5,5,0,9428aa68d030ba78,true,1701
matched,Joggle,da476ab0afe8d44c9b294c59b39ba82219f3522c,mnist-8,2f06e72de813a8635c9bc0397ac447a601bdbfa7df4bebc278723b958831c9bf,69,1,operation_metadata,affected,late,update,all,4,152292,5,5,5,0,44e422bba811dc47,true,1701
matched,Joggle,da476ab0afe8d44c9b294c59b39ba82219f3522c,mnist-8,2f06e72de813a8635c9bc0397ac447a601bdbfa7df4bebc278723b958831c9bf,69,1,operation_metadata,affected,late,update,all,5,147125,5,5,5,0,3de6974d276d458e,true,1701
matched,Joggle,da476ab0afe8d44c9b294c59b39ba82219f3522c,mnist-8,2f06e72de813a8635c9bc0397ac447a601bdbfa7df4bebc278723b958831c9bf,69,1,operation_metadata,affected,late,update,all,6,148792,5,5,5,0,2e3a2b0641f1bc64,true,1701
matched,Joggle,da476ab0afe8d44c9b294c59b39ba82219f3522c,mnist-8,2f06e72de813a8635c9bc0397ac447a601bdbfa7df4bebc278723b958831c9bf,69,1,operation_metadata,affected,late,update,all,7,147333,5,5,5,0,16e9b25edc3e74e5,true,1701
matched,Joggle,da476ab0afe8d44c9b294c59b39ba82219f3522c,mnist-8,2f06e72de813a8635c9bc0397ac447a601bdbfa7df4bebc278723b958831c9bf,69,1,operation_metadata,affected,late,update,all,8,148166,5,5,5,0,b3f86fd25570d296,true,1701
matched,Joggle,da476ab0afe8d44c9b294c59b39ba82219f3522c,mnist-8,2f06e72de813a8635c9bc0397ac447a601bdbfa7df4bebc278723b958831c9bf,69,1,operation_metadata,affected,late,update,all,9,155917,5,5,5,0,6fa260bce75c22cf,true,1701
matched,Joggle,da476ab0afe8d44c9b294c59b39ba82219f3522c,mnist-8,2f06e72de813a8635c9bc0397ac447a601bdbfa7df4bebc278723b958831c9bf,69,1,operation_metadata,unrelated,late,update,all,0,21250,0,0,5,0,c0e777c405407d10,true,1701
matched,Joggle,da476ab0afe8d44c9b294c59b39ba82219f3522c,mnist-8,2f06e72de813a8635c9bc0397ac447a601bdbfa7df4bebc278723b958831c9bf,69,1,operation_metadata,unrelated,late,update,all,1,15083,0,0,5,0,c0e777c405407d10,true,1701
matched,Joggle,da476ab0afe8d44c9b294c59b39ba82219f3522c,mnist-8,2f06e72de813a8635c9bc0397ac447a601bdbfa7df4bebc278723b958831c9bf,69,1,operation_metadata,unrelated,late,update,all,2,13292,0,0,5,0,c0e777c405407d10,true,1701
matched,Joggle,da476ab0afe8d44c9b294c59b39ba82219f3522c,mnist-8,2f06e72de813a8635c9bc0397ac447a601bdbfa7df4bebc278723b958831c9bf,69,1,operation_metadata,unrelated,late,update,all,3,13084,0,0,5,0,c0e777c405407d10,true,1701
matched,Joggle,da476ab0afe8d44c9b294c59b39ba82219f3522c,mnist-8,2f06e72de813a8635c9bc0397ac447a601bdbfa7df4bebc278723b958831c9bf,69,1,operation_metadata,unrelated,late,update,all,4,15375,0,0,5,0,c0e777c405407d10,true,1701
matched,Joggle,da476ab0afe8d44c9b294c59b39ba82219f3522c,mnist-8,2f06e72de813a8635c9bc0397ac447a601bdbfa7df4bebc278723b958831c9bf,69,1,operation_metadata,unrelated,late,update,all,5,13375,0,0,5,0,c0e777c405407d10,true,1701
matched,Joggle,da476ab0afe8d44c9b294c59b39ba82219f3522c,mnist-8,2f06e72de813a8635c9bc0397ac447a601bdbfa7df4bebc278723b958831c9bf,69,1,operation_metadata,unrelated,late,update,all,6,12541,0,0,5,0,c0e777c405407d10,true,1701
matched,Joggle,da476ab0afe8d44c9b294c59b39ba82219f3522c,mnist-8,2f06e72de813a8635c9bc0397ac447a601bdbfa7df4bebc278723b958831c9bf,69,1,operation_metadata,unrelated,late,update,all,7,12416,0,0,5,0,c0e777c405407d10,true,1701
matched,Joggle,da476ab0afe8d44c9b294c59b39ba82219f3522c,mnist-8,2f06e72de813a8635c9bc0397ac447a601bdbfa7df4bebc278723b958831c9bf,69,1,operation_metadata,unrelated,late,update,all,8,12417,0,0,5,0,c0e777c405407d10,true,1701
matched,Joggle,da476ab0afe8d44c9b294c59b39ba82219f3522c,mnist-8,2f06e72de813a8635c9bc0397ac447a601bdbfa7df4bebc278723b958831c9bf,69,1,operation_metadata,unrelated,late,update,all,9,12417,0,0,5,0,c0e777c405407d10,true,1701
matched,Joggle,da476ab0afe8d44c9b294c59b39ba82219f3522c,efficientnet-lite4-11-qdq,1deb63f203172bf5412eebd780fa7b6777f973600d22aca7995a1e7839be1777,4318,356,operation_metadata,affected,early,full,all,0,127327583,21590,5,5,0,4f2b6d2879952b32,true,1701
matched,Joggle,da476ab0afe8d44c9b294c59b39ba82219f3522c,efficientnet-lite4-11-qdq,1deb63f203172bf5412eebd780fa7b6777f973600d22aca7995a1e7839be1777,4318,356,operation_metadata,affected,early,full,all,1,127003958,21590,5,5,0,2a9ceeaba6d1dddb,true,1701
matched,Joggle,da476ab0afe8d44c9b294c59b39ba82219f3522c,efficientnet-lite4-11-qdq,1deb63f203172bf5412eebd780fa7b6777f973600d22aca7995a1e7839be1777,4318,356,operation_metadata,affected,early,full,all,2,125600750,21590,5,5,0,f16d2051b2dd1338,true,1701
matched,Joggle,da476ab0afe8d44c9b294c59b39ba82219f3522c,efficientnet-lite4-11-qdq,1deb63f203172bf5412eebd780fa7b6777f973600d22aca7995a1e7839be1777,4318,356,operation_metadata,affected,early,full,all,3,126402875,21590,5,5,0,14cdc89223a314f9,true,1701
matched,Joggle,da476ab0afe8d44c9b294c59b39ba82219f3522c,efficientnet-lite4-11-qdq,1deb63f203172bf5412eebd780fa7b6777f973600d22aca7995a1e7839be1777,4318,356,operation_metadata,affected,early,full,all,4,125411292,21590,5,5,0,27294f3567371676,true,1701
matched,Joggle,da476ab0afe8d44c9b294c59b39ba82219f3522c,efficientnet-lite4-11-qdq,1deb63f203172bf5412eebd780fa7b6777f973600d22aca7995a1e7839be1777,4318,356,operation_metadata,affected,early,full,all,5,127606583,21590,5,5,0,a5b9f2c4f6edfc7f,true,1701
matched,Joggle,da476ab0afe8d44c9b294c59b39ba82219f3522c,efficientnet-lite4-11-qdq,1deb63f203172bf5412eebd780fa7b6777f973600d22aca7995a1e7839be1777,4318,356,operation_metadata,affected,early,full,all,6,126708250,21590,5,5,0,71f6e3d46c3c0969,true,1701
matched,Joggle,da476ab0afe8d44c9b294c59b39ba82219f3522c,efficientnet-lite4-11-qdq,1deb63f203172bf5412eebd780fa7b6777f973600d22aca7995a1e7839be1777,4318,356,operation_metadata,affected,early,full,all,7,126512666,21590,5,5,0,4ce568705d0325e8,true,1701
matched,Joggle,da476ab0afe8d44c9b294c59b39ba82219f3522c,efficientnet-lite4-11-qdq,1deb63f203172bf5412eebd780fa7b6777f973600d22aca7995a1e7839be1777,4318,356,operation_metadata,affected,early,full,all,8,127217417,21590,5,5,0,b625608b7c51248b,true,1701
matched,Joggle,da476ab0afe8d44c9b294c59b39ba82219f3522c,efficientnet-lite4-11-qdq,1deb63f203172bf5412eebd780fa7b6777f973600d22aca7995a1e7839be1777,4318,356,operation_metadata,affected,early,full,all,9,127113042,21590,5,5,0,43838781a83e6d22,true,1701
matched,Joggle,da476ab0afe8d44c9b294c59b39ba82219f3522c,efficientnet-lite4-11-qdq,1deb63f203172bf5412eebd780fa7b6777f973600d22aca7995a1e7839be1777,4318,356,operation_metadata,unrelated,early,full,all,0,124717500,21590,5,5,0,f02a16ee188ea3c5,true,1701
matched,Joggle,da476ab0afe8d44c9b294c59b39ba82219f3522c,efficientnet-lite4-11-qdq,1deb63f203172bf5412eebd780fa7b6777f973600d22aca7995a1e7839be1777,4318,356,operation_metadata,unrelated,early,full,all,1,126528250,21590,5,5,0,f02a16ee188ea3c5,true,1701
matched,Joggle,da476ab0afe8d44c9b294c59b39ba82219f3522c,efficientnet-lite4-11-qdq,1deb63f203172bf5412eebd780fa7b6777f973600d22aca7995a1e7839be1777,4318,356,operation_metadata,unrelated,early,full,all,2,126486292,21590,5,5,0,f02a16ee188ea3c5,true,1701
matched,Joggle,da476ab0afe8d44c9b294c59b39ba82219f3522c,efficientnet-lite4-11-qdq,1deb63f203172bf5412eebd780fa7b6777f973600d22aca7995a1e7839be1777,4318,356,operation_metadata,unrelated,early,full,all,3,127956625,21590,5,5,0,f02a16ee188ea3c5,true,1701
matched,Joggle,da476ab0afe8d44c9b294c59b39ba82219f3522c,efficientnet-lite4-11-qdq,1deb63f203172bf5412eebd780fa7b6777f973600d22aca7995a1e7839be1777,4318,356,operation_metadata,unrelated,early,full,all,4,128558333,21590,5,5,0,f02a16ee188ea3c5,true,1701
matched,Joggle,da476ab0afe8d44c9b294c59b39ba82219f3522c,efficientnet-lite4-11-qdq,1deb63f203172bf5412eebd780fa7b6777f973600d22aca7995a1e7839be1777,4318,356,operation_metadata,unrelated,early,full,all,5,126660417,21590,5,5,0,f02a16ee188ea3c5,true,1701
matched,Joggle,da476ab0afe8d44c9b294c59b39ba82219f3522c,efficientnet-lite4-11-qdq,1deb63f203172bf5412eebd780fa7b6777f973600d22aca7995a1e7839be1777,4318,356,operation_metadata,unrelated,early,full,all,6,126247208,21590,5,5,0,f02a16ee188ea3c5,true,1701
matched,Joggle,da476ab0afe8d44c9b294c59b39ba82219f3522c,efficientnet-lite4-11-qdq,1deb63f203172bf5412eebd780fa7b6777f973600d22aca7995a1e7839be1777,4318,356,operation_metadata,unrelated,early,full,all,7,127500875,21590,5,5,0,f02a16ee188ea3c5,true,1701
matched,Joggle,da476ab0afe8d44c9b294c59b39ba82219f3522c,efficientnet-lite4-11-qdq,1deb63f203172bf5412eebd780fa7b6777f973600d22aca7995a1e7839be1777,4318,356,operation_metadata,unrelated,early,full,all,8,125614625,21590,5,5,0,f02a16ee188ea3c5,true,1701
matched,Joggle,da476ab0afe8d44c9b294c59b39ba82219f3522c,efficientnet-lite4-11-qdq,1deb63f203172bf5412eebd780fa7b6777f973600d22aca7995a1e7839be1777,4318,356,operation_metadata,unrelated,early,full,all,9,132875459,21590,5,5,0,f02a16ee188ea3c5,true,1701
matched,Joggle,da476ab0afe8d44c9b294c59b39ba82219f3522c,densenet-12,0294e7e88e5b3360de9b0fdc321baf9e6ef18b7f058c4536caae3b9f18ed9ed5,5516,668,operation_metadata,affected,early,full,all,0,161778417,27580,5,5,0,df288cdd0e2b254c,true,1701
matched,Joggle,da476ab0afe8d44c9b294c59b39ba82219f3522c,densenet-12,0294e7e88e5b3360de9b0fdc321baf9e6ef18b7f058c4536caae3b9f18ed9ed5,5516,668,operation_metadata,affected,early,full,all,1,161814917,27580,5,5,0,f5e1d6ac8c2000f5,true,1701
matched,Joggle,da476ab0afe8d44c9b294c59b39ba82219f3522c,densenet-12,0294e7e88e5b3360de9b0fdc321baf9e6ef18b7f058c4536caae3b9f18ed9ed5,5516,668,operation_metadata,affected,early,full,all,2,160097375,27580,5,5,0,85e3b965bc803352,true,1701
matched,Joggle,da476ab0afe8d44c9b294c59b39ba82219f3522c,densenet-12,0294e7e88e5b3360de9b0fdc321baf9e6ef18b7f058c4536caae3b9f18ed9ed5,5516,668,operation_metadata,affected,early,full,all,3,163190375,27580,5,5,0,bc26416fafc2641b,true,1701
matched,Joggle,da476ab0afe8d44c9b294c59b39ba82219f3522c,densenet-12,0294e7e88e5b3360de9b0fdc321baf9e6ef18b7f058c4536caae3b9f18ed9ed5,5516,668,operation_metadata,affected,early,full,all,4,165305875,27580,5,5,0,9ae1e380757c5c30,true,1701
matched,Joggle,da476ab0afe8d44c9b294c59b39ba82219f3522c,densenet-12,0294e7e88e5b3360de9b0fdc321baf9e6ef18b7f058c4536caae3b9f18ed9ed5,5516,668,operation_metadata,affected,early,full,all,5,160590375,27580,5,5,0,5d578ba6bec8a489,true,1701
matched,Joggle,da476ab0afe8d44c9b294c59b39ba82219f3522c,densenet-12,0294e7e88e5b3360de9b0fdc321baf9e6ef18b7f058c4536caae3b9f18ed9ed5,5516,668,operation_metadata,affected,early,full,all,6,163385875,27580,5,5,0,47f52d7dc8ed66d3,true,1701
matched,Joggle,da476ab0afe8d44c9b294c59b39ba82219f3522c,densenet-12,0294e7e88e5b3360de9b0fdc321baf9e6ef18b7f058c4536caae3b9f18ed9ed5,5516,668,operation_metadata,affected,early,full,all,7,160629041,27580,5,5,0,536deafc461b352a,true,1701
matched,Joggle,da476ab0afe8d44c9b294c59b39ba82219f3522c,densenet-12,0294e7e88e5b3360de9b0fdc321baf9e6ef18b7f058c4536caae3b9f18ed9ed5,5516,668,operation_metadata,affected,early,full,all,8,163338000,27580,5,5,0,8b7540fc72a7648d,true,1701
matched,Joggle,da476ab0afe8d44c9b294c59b39ba82219f3522c,densenet-12,0294e7e88e5b3360de9b0fdc321baf9e6ef18b7f058c4536caae3b9f18ed9ed5,5516,668,operation_metadata,affected,early,full,all,9,160575042,27580,5,5,0,3dd0cbd7d0deade4,true,1701
matched,Joggle,da476ab0afe8d44c9b294c59b39ba82219f3522c,densenet-12,0294e7e88e5b3360de9b0fdc321baf9e6ef18b7f058c4536caae3b9f18ed9ed5,5516,668,operation_metadata,unrelated,early,full,all,0,160615125,27580,5,5,0,9336b53a91c68641,true,1701
matched,Joggle,da476ab0afe8d44c9b294c59b39ba82219f3522c,densenet-12,0294e7e88e5b3360de9b0fdc321baf9e6ef18b7f058c4536caae3b9f18ed9ed5,5516,668,operation_metadata,unrelated,early,full,all,1,161431042,27580,5,5,0,9336b53a91c68641,true,1701
matched,Joggle,da476ab0afe8d44c9b294c59b39ba82219f3522c,densenet-12,0294e7e88e5b3360de9b0fdc321baf9e6ef18b7f058c4536caae3b9f18ed9ed5,5516,668,operation_metadata,unrelated,early,full,all,2,161155417,27580,5,5,0,9336b53a91c68641,true,1701
matched,Joggle,da476ab0afe8d44c9b294c59b39ba82219f3522c,densenet-12,0294e7e88e5b3360de9b0fdc321baf9e6ef18b7f058c4536caae3b9f18ed9ed5,5516,668,operation_metadata,unrelated,early,full,all,3,159525375,27580,5,5,0,9336b53a91c68641,true,1701
matched,Joggle,da476ab0afe8d44c9b294c59b39ba82219f3522c,densenet-12,0294e7e88e5b3360de9b0fdc321baf9e6ef18b7f058c4536caae3b9f18ed9ed5,5516,668,operation_metadata,unrelated,early,full,all,4,160842750,27580,5,5,0,9336b53a91c68641,true,1701
matched,Joggle,da476ab0afe8d44c9b294c59b39ba82219f3522c,densenet-12,0294e7e88e5b3360de9b0fdc321baf9e6ef18b7f058c4536caae3b9f18ed9ed5,5516,668,operation_metadata,unrelated,early,full,all,5,160956916,27580,5,5,0,9336b53a91c68641,true,1701
matched,Joggle,da476ab0afe8d44c9b294c59b39ba82219f3522c,densenet-12,0294e7e88e5b3360de9b0fdc321baf9e6ef18b7f058c4536caae3b9f18ed9ed5,5516,668,operation_metadata,unrelated,early,full,all,6,162047208,27580,5,5,0,9336b53a91c68641,true,1701
matched,Joggle,da476ab0afe8d44c9b294c59b39ba82219f3522c,densenet-12,0294e7e88e5b3360de9b0fdc321baf9e6ef18b7f058c4536caae3b9f18ed9ed5,5516,668,operation_metadata,unrelated,early,full,all,7,162250000,27580,5,5,0,9336b53a91c68641,true,1701
matched,Joggle,da476ab0afe8d44c9b294c59b39ba82219f3522c,densenet-12,0294e7e88e5b3360de9b0fdc321baf9e6ef18b7f058c4536caae3b9f18ed9ed5,5516,668,operation_metadata,unrelated,early,full,all,8,162095334,27580,5,5,0,9336b53a91c68641,true,1701
matched,Joggle,da476ab0afe8d44c9b294c59b39ba82219f3522c,densenet-12,0294e7e88e5b3360de9b0fdc321baf9e6ef18b7f058c4536caae3b9f18ed9ed5,5516,668,operation_metadata,unrelated,early,full,all,9,160988625,27580,5,5,0,9336b53a91c68641,true,1701
matched,Joggle,da476ab0afe8d44c9b294c59b39ba82219f3522c,xcit-tiny-12-p8-224-opset17,ea20107b2396adf96ec569e5a1f1fb5443ee31299e5bc01a3d139a3a3564f3f7,3298,7,operation_metadata,affected,early,full,all,0,110114291,16490,5,5,0,1e632bb840fc16a3,true,1701
matched,Joggle,da476ab0afe8d44c9b294c59b39ba82219f3522c,xcit-tiny-12-p8-224-opset17,ea20107b2396adf96ec569e5a1f1fb5443ee31299e5bc01a3d139a3a3564f3f7,3298,7,operation_metadata,affected,early,full,all,1,109218250,16490,5,5,0,88f108a98f06318e,true,1701
matched,Joggle,da476ab0afe8d44c9b294c59b39ba82219f3522c,xcit-tiny-12-p8-224-opset17,ea20107b2396adf96ec569e5a1f1fb5443ee31299e5bc01a3d139a3a3564f3f7,3298,7,operation_metadata,affected,early,full,all,2,109216791,16490,5,5,0,ca50482381ef92a5,true,1701
matched,Joggle,da476ab0afe8d44c9b294c59b39ba82219f3522c,xcit-tiny-12-p8-224-opset17,ea20107b2396adf96ec569e5a1f1fb5443ee31299e5bc01a3d139a3a3564f3f7,3298,7,operation_metadata,affected,early,full,all,3,111032666,16490,5,5,0,ec6cef9c073cf510,true,1701
matched,Joggle,da476ab0afe8d44c9b294c59b39ba82219f3522c,xcit-tiny-12-p8-224-opset17,ea20107b2396adf96ec569e5a1f1fb5443ee31299e5bc01a3d139a3a3564f3f7,3298,7,operation_metadata,affected,early,full,all,4,108352125,16490,5,5,0,238f85bcd6543c5f,true,1701
matched,Joggle,da476ab0afe8d44c9b294c59b39ba82219f3522c,xcit-tiny-12-p8-224-opset17,ea20107b2396adf96ec569e5a1f1fb5443ee31299e5bc01a3d139a3a3564f3f7,3298,7,operation_metadata,affected,early,full,all,5,118296291,16490,5,5,0,4970613db532ac1a,true,1701
matched,Joggle,da476ab0afe8d44c9b294c59b39ba82219f3522c,xcit-tiny-12-p8-224-opset17,ea20107b2396adf96ec569e5a1f1fb5443ee31299e5bc01a3d139a3a3564f3f7,3298,7,operation_metadata,affected,early,full,all,6,147056458,16490,5,5,0,d6e9c2377d569ec0,true,1701
matched,Joggle,da476ab0afe8d44c9b294c59b39ba82219f3522c,xcit-tiny-12-p8-224-opset17,ea20107b2396adf96ec569e5a1f1fb5443ee31299e5bc01a3d139a3a3564f3f7,3298,7,operation_metadata,affected,early,full,all,7,111273375,16490,5,5,0,b4741735bfaaef55,true,1701
matched,Joggle,da476ab0afe8d44c9b294c59b39ba82219f3522c,xcit-tiny-12-p8-224-opset17,ea20107b2396adf96ec569e5a1f1fb5443ee31299e5bc01a3d139a3a3564f3f7,3298,7,operation_metadata,affected,early,full,all,8,109768500,16490,5,5,0,feeaa4b618cb2dfe,true,1701
matched,Joggle,da476ab0afe8d44c9b294c59b39ba82219f3522c,xcit-tiny-12-p8-224-opset17,ea20107b2396adf96ec569e5a1f1fb5443ee31299e5bc01a3d139a3a3564f3f7,3298,7,operation_metadata,affected,early,full,all,9,109877500,16490,5,5,0,bdd85ba94a30f413,true,1701
matched,Joggle,da476ab0afe8d44c9b294c59b39ba82219f3522c,xcit-tiny-12-p8-224-opset17,ea20107b2396adf96ec569e5a1f1fb5443ee31299e5bc01a3d139a3a3564f3f7,3298,7,operation_metadata,unrelated,early,full,all,0,106482292,16490,5,5,0,20c380d1c0268e54,true,1701
matched,Joggle,da476ab0afe8d44c9b294c59b39ba82219f3522c,xcit-tiny-12-p8-224-opset17,ea20107b2396adf96ec569e5a1f1fb5443ee31299e5bc01a3d139a3a3564f3f7,3298,7,operation_metadata,unrelated,early,full,all,1,110134042,16490,5,5,0,20c380d1c0268e54,true,1701
matched,Joggle,da476ab0afe8d44c9b294c59b39ba82219f3522c,xcit-tiny-12-p8-224-opset17,ea20107b2396adf96ec569e5a1f1fb5443ee31299e5bc01a3d139a3a3564f3f7,3298,7,operation_metadata,unrelated,early,full,all,2,109332542,16490,5,5,0,20c380d1c0268e54,true,1701
matched,Joggle,da476ab0afe8d44c9b294c59b39ba82219f3522c,xcit-tiny-12-p8-224-opset17,ea20107b2396adf96ec569e5a1f1fb5443ee31299e5bc01a3d139a3a3564f3f7,3298,7,operation_metadata,unrelated,early,full,all,3,109017417,16490,5,5,0,20c380d1c0268e54,true,1701
matched,Joggle,da476ab0afe8d44c9b294c59b39ba82219f3522c,xcit-tiny-12-p8-224-opset17,ea20107b2396adf96ec569e5a1f1fb5443ee31299e5bc01a3d139a3a3564f3f7,3298,7,operation_metadata,unrelated,early,full,all,4,110537125,16490,5,5,0,20c380d1c0268e54,true,1701
matched,Joggle,da476ab0afe8d44c9b294c59b39ba82219f3522c,xcit-tiny-12-p8-224-opset17,ea20107b2396adf96ec569e5a1f1fb5443ee31299e5bc01a3d139a3a3564f3f7,3298,7,operation_metadata,unrelated,early,full,all,5,109110958,16490,5,5,0,20c380d1c0268e54,true,1701
matched,Joggle,da476ab0afe8d44c9b294c59b39ba82219f3522c,xcit-tiny-12-p8-224-opset17,ea20107b2396adf96ec569e5a1f1fb5443ee31299e5bc01a3d139a3a3564f3f7,3298,7,operation_metadata,unrelated,early,full,all,6,110203333,16490,5,5,0,20c380d1c0268e54,true,1701
matched,Joggle,da476ab0afe8d44c9b294c59b39ba82219f3522c,xcit-tiny-12-p8-224-opset17,ea20107b2396adf96ec569e5a1f1fb5443ee31299e5bc01a3d139a3a3564f3f7,3298,7,operation_metadata,unrelated,early,full,all,7,108973041,16490,5,5,0,20c380d1c0268e54,true,1701
matched,Joggle,da476ab0afe8d44c9b294c59b39ba82219f3522c,xcit-tiny-12-p8-224-opset17,ea20107b2396adf96ec569e5a1f1fb5443ee31299e5bc01a3d139a3a3564f3f7,3298,7,operation_metadata,unrelated,early,full,all,8,110482709,16490,5,5,0,20c380d1c0268e54,true,1701
matched,Joggle,da476ab0afe8d44c9b294c59b39ba82219f3522c,xcit-tiny-12-p8-224-opset17,ea20107b2396adf96ec569e5a1f1fb5443ee31299e5bc01a3d139a3a3564f3f7,3298,7,operation_metadata,unrelated,early,full,all,9,108591125,16490,5,5,0,20c380d1c0268e54,true,1701
matched,Joggle,da476ab0afe8d44c9b294c59b39ba82219f3522c,resnet18-v1-7,6548c77453ff9f9a774c27ec031a574667f25204d28ba668870c346edb693f32,643,1,operation_metadata,affected,late,update,all,0,157375,5,5,5,0,986f348bab02f3e0,true,1701
matched,Joggle,da476ab0afe8d44c9b294c59b39ba82219f3522c,resnet18-v1-7,6548c77453ff9f9a774c27ec031a574667f25204d28ba668870c346edb693f32,643,1,operation_metadata,affected,late,update,all,1,157750,5,5,5,0,919742caaf150451,true,1701
matched,Joggle,da476ab0afe8d44c9b294c59b39ba82219f3522c,resnet18-v1-7,6548c77453ff9f9a774c27ec031a574667f25204d28ba668870c346edb693f32,643,1,operation_metadata,affected,late,update,all,2,154417,5,5,5,0,499ca3c3e410d162,true,1701
matched,Joggle,da476ab0afe8d44c9b294c59b39ba82219f3522c,resnet18-v1-7,6548c77453ff9f9a774c27ec031a574667f25204d28ba668870c346edb693f32,643,1,operation_metadata,affected,late,update,all,3,154333,5,5,5,0,63e53742cbe3c78b,true,1701
matched,Joggle,da476ab0afe8d44c9b294c59b39ba82219f3522c,resnet18-v1-7,6548c77453ff9f9a774c27ec031a574667f25204d28ba668870c346edb693f32,643,1,operation_metadata,affected,late,update,all,4,165125,5,5,5,0,1f9362343af846d4,true,1701
matched,Joggle,da476ab0afe8d44c9b294c59b39ba82219f3522c,resnet18-v1-7,6548c77453ff9f9a774c27ec031a574667f25204d28ba668870c346edb693f32,643,1,operation_metadata,affected,late,update,all,5,153208,5,5,5,0,c59cd51860495715,true,1701
matched,Joggle,da476ab0afe8d44c9b294c59b39ba82219f3522c,resnet18-v1-7,6548c77453ff9f9a774c27ec031a574667f25204d28ba668870c346edb693f32,643,1,operation_metadata,affected,late,update,all,6,157209,5,5,5,0,5128e6f8767158b7,true,1701
matched,Joggle,da476ab0afe8d44c9b294c59b39ba82219f3522c,resnet18-v1-7,6548c77453ff9f9a774c27ec031a574667f25204d28ba668870c346edb693f32,643,1,operation_metadata,affected,late,update,all,7,151625,5,5,5,0,83152d01ef2c5e7e,true,1701
matched,Joggle,da476ab0afe8d44c9b294c59b39ba82219f3522c,resnet18-v1-7,6548c77453ff9f9a774c27ec031a574667f25204d28ba668870c346edb693f32,643,1,operation_metadata,affected,late,update,all,8,151583,5,5,5,0,5334cca2dac124ad,true,1701
matched,Joggle,da476ab0afe8d44c9b294c59b39ba82219f3522c,resnet18-v1-7,6548c77453ff9f9a774c27ec031a574667f25204d28ba668870c346edb693f32,643,1,operation_metadata,affected,late,update,all,9,152250,5,5,5,0,62132d1361f30bcc,true,1701
matched,Joggle,da476ab0afe8d44c9b294c59b39ba82219f3522c,resnet18-v1-7,6548c77453ff9f9a774c27ec031a574667f25204d28ba668870c346edb693f32,643,1,operation_metadata,unrelated,late,update,all,0,12916,0,0,5,0,86fca7cd057c7845,true,1701
matched,Joggle,da476ab0afe8d44c9b294c59b39ba82219f3522c,resnet18-v1-7,6548c77453ff9f9a774c27ec031a574667f25204d28ba668870c346edb693f32,643,1,operation_metadata,unrelated,late,update,all,1,12917,0,0,5,0,86fca7cd057c7845,true,1701
matched,Joggle,da476ab0afe8d44c9b294c59b39ba82219f3522c,resnet18-v1-7,6548c77453ff9f9a774c27ec031a574667f25204d28ba668870c346edb693f32,643,1,operation_metadata,unrelated,late,update,all,2,12708,0,0,5,0,86fca7cd057c7845,true,1701
matched,Joggle,da476ab0afe8d44c9b294c59b39ba82219f3522c,resnet18-v1-7,6548c77453ff9f9a774c27ec031a574667f25204d28ba668870c346edb693f32,643,1,operation_metadata,unrelated,late,update,all,3,12709,0,0,5,0,86fca7cd057c7845,true,1701
matched,Joggle,da476ab0afe8d44c9b294c59b39ba82219f3522c,resnet18-v1-7,6548c77453ff9f9a774c27ec031a574667f25204d28ba668870c346edb693f32,643,1,operation_metadata,unrelated,late,update,all,4,14334,0,0,5,0,86fca7cd057c7845,true,1701
matched,Joggle,da476ab0afe8d44c9b294c59b39ba82219f3522c,resnet18-v1-7,6548c77453ff9f9a774c27ec031a574667f25204d28ba668870c346edb693f32,643,1,operation_metadata,unrelated,late,update,all,5,12708,0,0,5,0,86fca7cd057c7845,true,1701
matched,Joggle,da476ab0afe8d44c9b294c59b39ba82219f3522c,resnet18-v1-7,6548c77453ff9f9a774c27ec031a574667f25204d28ba668870c346edb693f32,643,1,operation_metadata,unrelated,late,update,all,6,12500,0,0,5,0,86fca7cd057c7845,true,1701
matched,Joggle,da476ab0afe8d44c9b294c59b39ba82219f3522c,resnet18-v1-7,6548c77453ff9f9a774c27ec031a574667f25204d28ba668870c346edb693f32,643,1,operation_metadata,unrelated,late,update,all,7,12500,0,0,5,0,86fca7cd057c7845,true,1701
matched,Joggle,da476ab0afe8d44c9b294c59b39ba82219f3522c,resnet18-v1-7,6548c77453ff9f9a774c27ec031a574667f25204d28ba668870c346edb693f32,643,1,operation_metadata,unrelated,late,update,all,8,12458,0,0,5,0,86fca7cd057c7845,true,1701
matched,Joggle,da476ab0afe8d44c9b294c59b39ba82219f3522c,resnet18-v1-7,6548c77453ff9f9a774c27ec031a574667f25204d28ba668870c346edb693f32,643,1,operation_metadata,unrelated,late,update,all,9,12417,0,0,5,0,86fca7cd057c7845,true,1701
matched,Joggle,da476ab0afe8d44c9b294c59b39ba82219f3522c,tiny-yolov3-11,356de5227f42a77ed270d2668b95804087109a567b84cc76b7442ca3517926c0,1644,236,operation_metadata,affected,early,update,all,0,17855167,1180,5,5,0,a87c4be1aa2b16fa,true,1701
matched,Joggle,da476ab0afe8d44c9b294c59b39ba82219f3522c,tiny-yolov3-11,356de5227f42a77ed270d2668b95804087109a567b84cc76b7442ca3517926c0,1644,236,operation_metadata,affected,early,update,all,1,18553000,1180,5,5,0,82494a5f4ca35607,true,1701
matched,Joggle,da476ab0afe8d44c9b294c59b39ba82219f3522c,tiny-yolov3-11,356de5227f42a77ed270d2668b95804087109a567b84cc76b7442ca3517926c0,1644,236,operation_metadata,affected,early,update,all,2,18022709,1180,5,5,0,aca6b7dd747314f8,true,1701
matched,Joggle,da476ab0afe8d44c9b294c59b39ba82219f3522c,tiny-yolov3-11,356de5227f42a77ed270d2668b95804087109a567b84cc76b7442ca3517926c0,1644,236,operation_metadata,affected,early,update,all,3,18621625,1180,5,5,0,e47490027269d675,true,1701
matched,Joggle,da476ab0afe8d44c9b294c59b39ba82219f3522c,tiny-yolov3-11,356de5227f42a77ed270d2668b95804087109a567b84cc76b7442ca3517926c0,1644,236,operation_metadata,affected,early,update,all,4,16932750,1180,5,5,0,738eac8ffbd8b7b6,true,1701
matched,Joggle,da476ab0afe8d44c9b294c59b39ba82219f3522c,tiny-yolov3-11,356de5227f42a77ed270d2668b95804087109a567b84cc76b7442ca3517926c0,1644,236,operation_metadata,affected,early,update,all,5,16984292,1180,5,5,0,7d14c1546b0c2c23,true,1701
matched,Joggle,da476ab0afe8d44c9b294c59b39ba82219f3522c,tiny-yolov3-11,356de5227f42a77ed270d2668b95804087109a567b84cc76b7442ca3517926c0,1644,236,operation_metadata,affected,early,update,all,6,16870250,1180,5,5,0,a12b9eccc000d059,true,1701
matched,Joggle,da476ab0afe8d44c9b294c59b39ba82219f3522c,tiny-yolov3-11,356de5227f42a77ed270d2668b95804087109a567b84cc76b7442ca3517926c0,1644,236,operation_metadata,affected,early,update,all,7,16801416,1180,5,5,0,0b63f6318b0edc9c,true,1701
matched,Joggle,da476ab0afe8d44c9b294c59b39ba82219f3522c,tiny-yolov3-11,356de5227f42a77ed270d2668b95804087109a567b84cc76b7442ca3517926c0,1644,236,operation_metadata,affected,early,update,all,8,16464416,1180,5,5,0,430954e405ca218b,true,1701
matched,Joggle,da476ab0afe8d44c9b294c59b39ba82219f3522c,tiny-yolov3-11,356de5227f42a77ed270d2668b95804087109a567b84cc76b7442ca3517926c0,1644,236,operation_metadata,affected,early,update,all,9,17222834,1180,5,5,0,2bfad2a957f8001e,true,1701
matched,Joggle,da476ab0afe8d44c9b294c59b39ba82219f3522c,tiny-yolov3-11,356de5227f42a77ed270d2668b95804087109a567b84cc76b7442ca3517926c0,1644,236,operation_metadata,unrelated,early,update,all,0,1345834,0,0,5,0,378420cdba8a25d3,true,1701
matched,Joggle,da476ab0afe8d44c9b294c59b39ba82219f3522c,tiny-yolov3-11,356de5227f42a77ed270d2668b95804087109a567b84cc76b7442ca3517926c0,1644,236,operation_metadata,unrelated,early,update,all,1,1363792,0,0,5,0,378420cdba8a25d3,true,1701
matched,Joggle,da476ab0afe8d44c9b294c59b39ba82219f3522c,tiny-yolov3-11,356de5227f42a77ed270d2668b95804087109a567b84cc76b7442ca3517926c0,1644,236,operation_metadata,unrelated,early,update,all,2,1343958,0,0,5,0,378420cdba8a25d3,true,1701
matched,Joggle,da476ab0afe8d44c9b294c59b39ba82219f3522c,tiny-yolov3-11,356de5227f42a77ed270d2668b95804087109a567b84cc76b7442ca3517926c0,1644,236,operation_metadata,unrelated,early,update,all,3,1363417,0,0,5,0,378420cdba8a25d3,true,1701
matched,Joggle,da476ab0afe8d44c9b294c59b39ba82219f3522c,tiny-yolov3-11,356de5227f42a77ed270d2668b95804087109a567b84cc76b7442ca3517926c0,1644,236,operation_metadata,unrelated,early,update,all,4,1354709,0,0,5,0,378420cdba8a25d3,true,1701
matched,Joggle,da476ab0afe8d44c9b294c59b39ba82219f3522c,tiny-yolov3-11,356de5227f42a77ed270d2668b95804087109a567b84cc76b7442ca3517926c0,1644,236,operation_metadata,unrelated,early,update,all,5,1386416,0,0,5,0,378420cdba8a25d3,true,1701
matched,Joggle,da476ab0afe8d44c9b294c59b39ba82219f3522c,tiny-yolov3-11,356de5227f42a77ed270d2668b95804087109a567b84cc76b7442ca3517926c0,1644,236,operation_metadata,unrelated,early,update,all,6,1369750,0,0,5,0,378420cdba8a25d3,true,1701
matched,Joggle,da476ab0afe8d44c9b294c59b39ba82219f3522c,tiny-yolov3-11,356de5227f42a77ed270d2668b95804087109a567b84cc76b7442ca3517926c0,1644,236,operation_metadata,unrelated,early,update,all,7,1367750,0,0,5,0,378420cdba8a25d3,true,1701
matched,Joggle,da476ab0afe8d44c9b294c59b39ba82219f3522c,tiny-yolov3-11,356de5227f42a77ed270d2668b95804087109a567b84cc76b7442ca3517926c0,1644,236,operation_metadata,unrelated,early,update,all,8,1336500,0,0,5,0,378420cdba8a25d3,true,1701
matched,Joggle,da476ab0afe8d44c9b294c59b39ba82219f3522c,tiny-yolov3-11,356de5227f42a77ed270d2668b95804087109a567b84cc76b7442ca3517926c0,1644,236,operation_metadata,unrelated,early,update,all,9,1339000,0,0,5,0,378420cdba8a25d3,true,1701
matched,Joggle,da476ab0afe8d44c9b294c59b39ba82219f3522c,tiny-yolov3-11,356de5227f42a77ed270d2668b95804087109a567b84cc76b7442ca3517926c0,1644,1,operation_metadata,affected,late,full,all,0,46492167,8140,5,5,0,e0b6dfb692da63d5,true,1701
matched,Joggle,da476ab0afe8d44c9b294c59b39ba82219f3522c,tiny-yolov3-11,356de5227f42a77ed270d2668b95804087109a567b84cc76b7442ca3517926c0,1644,1,operation_metadata,affected,late,full,all,1,45842333,8140,5,5,0,382e38f31363c548,true,1701
matched,Joggle,da476ab0afe8d44c9b294c59b39ba82219f3522c,tiny-yolov3-11,356de5227f42a77ed270d2668b95804087109a567b84cc76b7442ca3517926c0,1644,1,operation_metadata,affected,late,full,all,2,46539250,8140,5,5,0,36f098b66f8d7a97,true,1701
matched,Joggle,da476ab0afe8d44c9b294c59b39ba82219f3522c,tiny-yolov3-11,356de5227f42a77ed270d2668b95804087109a567b84cc76b7442ca3517926c0,1644,1,operation_metadata,affected,late,full,all,3,46696625,8140,5,5,0,bc7ec47b4377f91a,true,1701
matched,Joggle,da476ab0afe8d44c9b294c59b39ba82219f3522c,tiny-yolov3-11,356de5227f42a77ed270d2668b95804087109a567b84cc76b7442ca3517926c0,1644,1,operation_metadata,affected,late,full,all,4,47030542,8140,5,5,0,c221df2808a4d759,true,1701
matched,Joggle,da476ab0afe8d44c9b294c59b39ba82219f3522c,tiny-yolov3-11,356de5227f42a77ed270d2668b95804087109a567b84cc76b7442ca3517926c0,1644,1,operation_metadata,affected,late,full,all,5,47001500,8140,5,5,0,e481900ec0c8cc1c,true,1701
matched,Joggle,da476ab0afe8d44c9b294c59b39ba82219f3522c,tiny-yolov3-11,356de5227f42a77ed270d2668b95804087109a567b84cc76b7442ca3517926c0,1644,1,operation_metadata,affected,late,full,all,6,46590500,8140,5,5,0,34ea84d2bbc43bb2,true,1701
matched,Joggle,da476ab0afe8d44c9b294c59b39ba82219f3522c,tiny-yolov3-11,356de5227f42a77ed270d2668b95804087109a567b84cc76b7442ca3517926c0,1644,1,operation_metadata,affected,late,full,all,7,46028250,8140,5,5,0,3bbe1a533f4e72af,true,1701
matched,Joggle,da476ab0afe8d44c9b294c59b39ba82219f3522c,tiny-yolov3-11,356de5227f42a77ed270d2668b95804087109a567b84cc76b7442ca3517926c0,1644,1,operation_metadata,affected,late,full,all,8,45514833,8140,5,5,0,ac905080c3abe940,true,1701
matched,Joggle,da476ab0afe8d44c9b294c59b39ba82219f3522c,tiny-yolov3-11,356de5227f42a77ed270d2668b95804087109a567b84cc76b7442ca3517926c0,1644,1,operation_metadata,affected,late,full,all,9,47803667,8140,5,5,0,5fbac5db727fc44d,true,1701
matched,Joggle,da476ab0afe8d44c9b294c59b39ba82219f3522c,tiny-yolov3-11,356de5227f42a77ed270d2668b95804087109a567b84cc76b7442ca3517926c0,1644,1,operation_metadata,unrelated,late,full,all,0,46344417,8140,5,5,0,3bd96f686bf7fd06,true,1701
matched,Joggle,da476ab0afe8d44c9b294c59b39ba82219f3522c,tiny-yolov3-11,356de5227f42a77ed270d2668b95804087109a567b84cc76b7442ca3517926c0,1644,1,operation_metadata,unrelated,late,full,all,1,47221208,8140,5,5,0,3bd96f686bf7fd06,true,1701
matched,Joggle,da476ab0afe8d44c9b294c59b39ba82219f3522c,tiny-yolov3-11,356de5227f42a77ed270d2668b95804087109a567b84cc76b7442ca3517926c0,1644,1,operation_metadata,unrelated,late,full,all,2,47173750,8140,5,5,0,3bd96f686bf7fd06,true,1701
matched,Joggle,da476ab0afe8d44c9b294c59b39ba82219f3522c,tiny-yolov3-11,356de5227f42a77ed270d2668b95804087109a567b84cc76b7442ca3517926c0,1644,1,operation_metadata,unrelated,late,full,all,3,46788166,8140,5,5,0,3bd96f686bf7fd06,true,1701
matched,Joggle,da476ab0afe8d44c9b294c59b39ba82219f3522c,tiny-yolov3-11,356de5227f42a77ed270d2668b95804087109a567b84cc76b7442ca3517926c0,1644,1,operation_metadata,unrelated,late,full,all,4,47116833,8140,5,5,0,3bd96f686bf7fd06,true,1701
matched,Joggle,da476ab0afe8d44c9b294c59b39ba82219f3522c,tiny-yolov3-11,356de5227f42a77ed270d2668b95804087109a567b84cc76b7442ca3517926c0,1644,1,operation_metadata,unrelated,late,full,all,5,47109417,8140,5,5,0,3bd96f686bf7fd06,true,1701
matched,Joggle,da476ab0afe8d44c9b294c59b39ba82219f3522c,tiny-yolov3-11,356de5227f42a77ed270d2668b95804087109a567b84cc76b7442ca3517926c0,1644,1,operation_metadata,unrelated,late,full,all,6,46622875,8140,5,5,0,3bd96f686bf7fd06,true,1701
matched,Joggle,da476ab0afe8d44c9b294c59b39ba82219f3522c,tiny-yolov3-11,356de5227f42a77ed270d2668b95804087109a567b84cc76b7442ca3517926c0,1644,1,operation_metadata,unrelated,late,full,all,7,47252000,8140,5,5,0,3bd96f686bf7fd06,true,1701
matched,Joggle,da476ab0afe8d44c9b294c59b39ba82219f3522c,tiny-yolov3-11,356de5227f42a77ed270d2668b95804087109a567b84cc76b7442ca3517926c0,1644,1,operation_metadata,unrelated,late,full,all,8,46543959,8140,5,5,0,3bd96f686bf7fd06,true,1701
matched,Joggle,da476ab0afe8d44c9b294c59b39ba82219f3522c,tiny-yolov3-11,356de5227f42a77ed270d2668b95804087109a567b84cc76b7442ca3517926c0,1644,1,operation_metadata,unrelated,late,full,all,9,46986042,8140,5,5,0,3bd96f686bf7fd06,true,1701
matched,Joggle,da476ab0afe8d44c9b294c59b39ba82219f3522c,efficientnet-lite4-11-int8,910b599a335fdb006b4687e8fbbc9b898df9dafd51b64675e8627a1c639a47b9,3679,1,operation_metadata,affected,late,update,all,0,188667,5,5,5,0,de277d00d73e4d13,true,1701
matched,Joggle,da476ab0afe8d44c9b294c59b39ba82219f3522c,efficientnet-lite4-11-int8,910b599a335fdb006b4687e8fbbc9b898df9dafd51b64675e8627a1c639a47b9,3679,1,operation_metadata,affected,late,update,all,1,187542,5,5,5,0,5385dea131e43e4a,true,1701
matched,Joggle,da476ab0afe8d44c9b294c59b39ba82219f3522c,efficientnet-lite4-11-int8,910b599a335fdb006b4687e8fbbc9b898df9dafd51b64675e8627a1c639a47b9,3679,1,operation_metadata,affected,late,update,all,2,188125,5,5,5,0,a10090d827f4c059,true,1701
matched,Joggle,da476ab0afe8d44c9b294c59b39ba82219f3522c,efficientnet-lite4-11-int8,910b599a335fdb006b4687e8fbbc9b898df9dafd51b64675e8627a1c639a47b9,3679,1,operation_metadata,affected,late,update,all,3,182458,5,5,5,0,0581dbfe13baf168,true,1701
matched,Joggle,da476ab0afe8d44c9b294c59b39ba82219f3522c,efficientnet-lite4-11-int8,910b599a335fdb006b4687e8fbbc9b898df9dafd51b64675e8627a1c639a47b9,3679,1,operation_metadata,affected,late,update,all,4,186833,5,5,5,0,2a5d66d78663d177,true,1701
matched,Joggle,da476ab0afe8d44c9b294c59b39ba82219f3522c,efficientnet-lite4-11-int8,910b599a335fdb006b4687e8fbbc9b898df9dafd51b64675e8627a1c639a47b9,3679,1,operation_metadata,affected,late,update,all,5,180875,5,5,5,0,dac18372cc4b113e,true,1701
matched,Joggle,da476ab0afe8d44c9b294c59b39ba82219f3522c,efficientnet-lite4-11-int8,910b599a335fdb006b4687e8fbbc9b898df9dafd51b64675e8627a1c639a47b9,3679,1,operation_metadata,affected,late,update,all,6,183875,5,5,5,0,8660ea43edb6e794,true,1701
matched,Joggle,da476ab0afe8d44c9b294c59b39ba82219f3522c,efficientnet-lite4-11-int8,910b599a335fdb006b4687e8fbbc9b898df9dafd51b64675e8627a1c639a47b9,3679,1,operation_metadata,affected,late,update,all,7,181333,5,5,5,0,c53935d223007ed5,true,1701
matched,Joggle,da476ab0afe8d44c9b294c59b39ba82219f3522c,efficientnet-lite4-11-int8,910b599a335fdb006b4687e8fbbc9b898df9dafd51b64675e8627a1c639a47b9,3679,1,operation_metadata,affected,late,update,all,8,184958,5,5,5,0,7dd9f6d7f6861d06,true,1701
matched,Joggle,da476ab0afe8d44c9b294c59b39ba82219f3522c,efficientnet-lite4-11-int8,910b599a335fdb006b4687e8fbbc9b898df9dafd51b64675e8627a1c639a47b9,3679,1,operation_metadata,affected,late,update,all,9,185125,5,5,5,0,0662fb1f2b6ba4ff,true,1701
matched,Joggle,da476ab0afe8d44c9b294c59b39ba82219f3522c,efficientnet-lite4-11-int8,910b599a335fdb006b4687e8fbbc9b898df9dafd51b64675e8627a1c639a47b9,3679,1,operation_metadata,unrelated,late,update,all,0,13375,0,0,5,0,69118f7b801fe880,true,1701
matched,Joggle,da476ab0afe8d44c9b294c59b39ba82219f3522c,efficientnet-lite4-11-int8,910b599a335fdb006b4687e8fbbc9b898df9dafd51b64675e8627a1c639a47b9,3679,1,operation_metadata,unrelated,late,update,all,1,12750,0,0,5,0,69118f7b801fe880,true,1701
matched,Joggle,da476ab0afe8d44c9b294c59b39ba82219f3522c,efficientnet-lite4-11-int8,910b599a335fdb006b4687e8fbbc9b898df9dafd51b64675e8627a1c639a47b9,3679,1,operation_metadata,unrelated,late,update,all,2,12333,0,0,5,0,69118f7b801fe880,true,1701
matched,Joggle,da476ab0afe8d44c9b294c59b39ba82219f3522c,efficientnet-lite4-11-int8,910b599a335fdb006b4687e8fbbc9b898df9dafd51b64675e8627a1c639a47b9,3679,1,operation_metadata,unrelated,late,update,all,3,14125,0,0,5,0,69118f7b801fe880,true,1701
matched,Joggle,da476ab0afe8d44c9b294c59b39ba82219f3522c,efficientnet-lite4-11-int8,910b599a335fdb006b4687e8fbbc9b898df9dafd51b64675e8627a1c639a47b9,3679,1,operation_metadata,unrelated,late,update,all,4,12792,0,0,5,0,69118f7b801fe880,true,1701
matched,Joggle,da476ab0afe8d44c9b294c59b39ba82219f3522c,efficientnet-lite4-11-int8,910b599a335fdb006b4687e8fbbc9b898df9dafd51b64675e8627a1c639a47b9,3679,1,operation_metadata,unrelated,late,update,all,5,13334,0,0,5,0,69118f7b801fe880,true,1701
matched,Joggle,da476ab0afe8d44c9b294c59b39ba82219f3522c,efficientnet-lite4-11-int8,910b599a335fdb006b4687e8fbbc9b898df9dafd51b64675e8627a1c639a47b9,3679,1,operation_metadata,unrelated,late,update,all,6,12750,0,0,5,0,69118f7b801fe880,true,1701
matched,Joggle,da476ab0afe8d44c9b294c59b39ba82219f3522c,efficientnet-lite4-11-int8,910b599a335fdb006b4687e8fbbc9b898df9dafd51b64675e8627a1c639a47b9,3679,1,operation_metadata,unrelated,late,update,all,7,12792,0,0,5,0,69118f7b801fe880,true,1701
matched,Joggle,da476ab0afe8d44c9b294c59b39ba82219f3522c,efficientnet-lite4-11-int8,910b599a335fdb006b4687e8fbbc9b898df9dafd51b64675e8627a1c639a47b9,3679,1,operation_metadata,unrelated,late,update,all,8,12625,0,0,5,0,69118f7b801fe880,true,1701
matched,Joggle,da476ab0afe8d44c9b294c59b39ba82219f3522c,efficientnet-lite4-11-int8,910b599a335fdb006b4687e8fbbc9b898df9dafd51b64675e8627a1c639a47b9,3679,1,operation_metadata,unrelated,late,update,all,9,12791,0,0,5,0,69118f7b801fe880,true,1701
matched,Joggle,da476ab0afe8d44c9b294c59b39ba82219f3522c,ssd-mobilenetv1-12,3d69b3dced4b3dc38f4348402bb75df145ab5f8bf11831f1af01b3459b31b017,13863,165,operation_metadata,affected,middle,full,all,0,112684083,11095,5,5,0,6b03864da21862af,true,1701
matched,Joggle,da476ab0afe8d44c9b294c59b39ba82219f3522c,ssd-mobilenetv1-12,3d69b3dced4b3dc38f4348402bb75df145ab5f8bf11831f1af01b3459b31b017,13863,165,operation_metadata,affected,middle,full,all,1,111007042,11095,5,5,0,f6c07b22f4e874d6,true,1701
matched,Joggle,da476ab0afe8d44c9b294c59b39ba82219f3522c,ssd-mobilenetv1-12,3d69b3dced4b3dc38f4348402bb75df145ab5f8bf11831f1af01b3459b31b017,13863,165,operation_metadata,affected,middle,full,all,2,113183834,11095,5,5,0,deee5cb3682c5455,true,1701
matched,Joggle,da476ab0afe8d44c9b294c59b39ba82219f3522c,ssd-mobilenetv1-12,3d69b3dced4b3dc38f4348402bb75df145ab5f8bf11831f1af01b3459b31b017,13863,165,operation_metadata,affected,middle,full,all,3,113567542,11095,5,5,0,47208743add7de54,true,1701
matched,Joggle,da476ab0afe8d44c9b294c59b39ba82219f3522c,ssd-mobilenetv1-12,3d69b3dced4b3dc38f4348402bb75df145ab5f8bf11831f1af01b3459b31b017,13863,165,operation_metadata,affected,middle,full,all,4,112744917,11095,5,5,0,4518319d6246000b,true,1701
matched,Joggle,da476ab0afe8d44c9b294c59b39ba82219f3522c,ssd-mobilenetv1-12,3d69b3dced4b3dc38f4348402bb75df145ab5f8bf11831f1af01b3459b31b017,13863,165,operation_metadata,affected,middle,full,all,5,113461250,11095,5,5,0,79704b5a9cff2212,true,1701
matched,Joggle,da476ab0afe8d44c9b294c59b39ba82219f3522c,ssd-mobilenetv1-12,3d69b3dced4b3dc38f4348402bb75df145ab5f8bf11831f1af01b3459b31b017,13863,165,operation_metadata,affected,middle,full,all,6,112023209,11095,5,5,0,8c193b1115bef104,true,1701
matched,Joggle,da476ab0afe8d44c9b294c59b39ba82219f3522c,ssd-mobilenetv1-12,3d69b3dced4b3dc38f4348402bb75df145ab5f8bf11831f1af01b3459b31b017,13863,165,operation_metadata,affected,middle,full,all,7,112254209,11095,5,5,0,8016c8cffa1b99c5,true,1701
matched,Joggle,da476ab0afe8d44c9b294c59b39ba82219f3522c,ssd-mobilenetv1-12,3d69b3dced4b3dc38f4348402bb75df145ab5f8bf11831f1af01b3459b31b017,13863,165,operation_metadata,affected,middle,full,all,8,112070834,11095,5,5,0,38f0a3c10c16da86,true,1701
matched,Joggle,da476ab0afe8d44c9b294c59b39ba82219f3522c,ssd-mobilenetv1-12,3d69b3dced4b3dc38f4348402bb75df145ab5f8bf11831f1af01b3459b31b017,13863,165,operation_metadata,affected,middle,full,all,9,112407916,11095,5,5,0,2379643f39e0379f,true,1701
matched,Joggle,da476ab0afe8d44c9b294c59b39ba82219f3522c,ssd-mobilenetv1-12,3d69b3dced4b3dc38f4348402bb75df145ab5f8bf11831f1af01b3459b31b017,13863,165,operation_metadata,unrelated,middle,full,all,0,112952584,11095,5,5,0,76145d0107ce67ba,true,1701
matched,Joggle,da476ab0afe8d44c9b294c59b39ba82219f3522c,ssd-mobilenetv1-12,3d69b3dced4b3dc38f4348402bb75df145ab5f8bf11831f1af01b3459b31b017,13863,165,operation_metadata,unrelated,middle,full,all,1,113948000,11095,5,5,0,76145d0107ce67ba,true,1701
matched,Joggle,da476ab0afe8d44c9b294c59b39ba82219f3522c,ssd-mobilenetv1-12,3d69b3dced4b3dc38f4348402bb75df145ab5f8bf11831f1af01b3459b31b017,13863,165,operation_metadata,unrelated,middle,full,all,2,113054583,11095,5,5,0,76145d0107ce67ba,true,1701
matched,Joggle,da476ab0afe8d44c9b294c59b39ba82219f3522c,ssd-mobilenetv1-12,3d69b3dced4b3dc38f4348402bb75df145ab5f8bf11831f1af01b3459b31b017,13863,165,operation_metadata,unrelated,middle,full,all,3,113885750,11095,5,5,0,76145d0107ce67ba,true,1701
matched,Joggle,da476ab0afe8d44c9b294c59b39ba82219f3522c,ssd-mobilenetv1-12,3d69b3dced4b3dc38f4348402bb75df145ab5f8bf11831f1af01b3459b31b017,13863,165,operation_metadata,unrelated,middle,full,all,4,112617709,11095,5,5,0,76145d0107ce67ba,true,1701
matched,Joggle,da476ab0afe8d44c9b294c59b39ba82219f3522c,ssd-mobilenetv1-12,3d69b3dced4b3dc38f4348402bb75df145ab5f8bf11831f1af01b3459b31b017,13863,165,operation_metadata,unrelated,middle,full,all,5,112119250,11095,5,5,0,76145d0107ce67ba,true,1701
matched,Joggle,da476ab0afe8d44c9b294c59b39ba82219f3522c,ssd-mobilenetv1-12,3d69b3dced4b3dc38f4348402bb75df145ab5f8bf11831f1af01b3459b31b017,13863,165,operation_metadata,unrelated,middle,full,all,6,114855542,11095,5,5,0,76145d0107ce67ba,true,1701
matched,Joggle,da476ab0afe8d44c9b294c59b39ba82219f3522c,ssd-mobilenetv1-12,3d69b3dced4b3dc38f4348402bb75df145ab5f8bf11831f1af01b3459b31b017,13863,165,operation_metadata,unrelated,middle,full,all,7,111644208,11095,5,5,0,76145d0107ce67ba,true,1701
matched,Joggle,da476ab0afe8d44c9b294c59b39ba82219f3522c,ssd-mobilenetv1-12,3d69b3dced4b3dc38f4348402bb75df145ab5f8bf11831f1af01b3459b31b017,13863,165,operation_metadata,unrelated,middle,full,all,8,112075542,11095,5,5,0,76145d0107ce67ba,true,1701
matched,Joggle,da476ab0afe8d44c9b294c59b39ba82219f3522c,ssd-mobilenetv1-12,3d69b3dced4b3dc38f4348402bb75df145ab5f8bf11831f1af01b3459b31b017,13863,165,operation_metadata,unrelated,middle,full,all,9,114320833,11095,5,5,0,76145d0107ce67ba,true,1701
matched,Joggle,da476ab0afe8d44c9b294c59b39ba82219f3522c,shufflenet-v2-12,2970f92c12a3a9105acd03839fe3abe1db8888e293454f120028345af5457dcb,1843,229,operation_metadata,affected,early,update,all,0,18927708,1145,5,5,0,f550bbbcd5a2a783,true,1701
matched,Joggle,da476ab0afe8d44c9b294c59b39ba82219f3522c,shufflenet-v2-12,2970f92c12a3a9105acd03839fe3abe1db8888e293454f120028345af5457dcb,1843,229,operation_metadata,affected,early,update,all,1,20005667,1145,5,5,0,1a6021c7f700e4d0,true,1701
matched,Joggle,da476ab0afe8d44c9b294c59b39ba82219f3522c,shufflenet-v2-12,2970f92c12a3a9105acd03839fe3abe1db8888e293454f120028345af5457dcb,1843,229,operation_metadata,affected,early,update,all,2,20305000,1145,5,5,0,974b4adaeb7a2bfd,true,1701
matched,Joggle,da476ab0afe8d44c9b294c59b39ba82219f3522c,shufflenet-v2-12,2970f92c12a3a9105acd03839fe3abe1db8888e293454f120028345af5457dcb,1843,229,operation_metadata,affected,early,update,all,3,19273458,1145,5,5,0,aaada5f7fb12ed92,true,1701
matched,Joggle,da476ab0afe8d44c9b294c59b39ba82219f3522c,shufflenet-v2-12,2970f92c12a3a9105acd03839fe3abe1db8888e293454f120028345af5457dcb,1843,229,operation_metadata,affected,early,update,all,4,17296834,1145,5,5,0,724468acf7193987,true,1701
matched,Joggle,da476ab0afe8d44c9b294c59b39ba82219f3522c,shufflenet-v2-12,2970f92c12a3a9105acd03839fe3abe1db8888e293454f120028345af5457dcb,1843,229,operation_metadata,affected,early,update,all,5,18898500,1145,5,5,0,37b7d2835aa33204,true,1701
matched,Joggle,da476ab0afe8d44c9b294c59b39ba82219f3522c,shufflenet-v2-12,2970f92c12a3a9105acd03839fe3abe1db8888e293454f120028345af5457dcb,1843,229,operation_metadata,affected,early,update,all,6,17643792,1145,5,5,0,2b34fd58250478a2,true,1701
matched,Joggle,da476ab0afe8d44c9b294c59b39ba82219f3522c,shufflenet-v2-12,2970f92c12a3a9105acd03839fe3abe1db8888e293454f120028345af5457dcb,1843,229,operation_metadata,affected,early,update,all,7,18945541,1145,5,5,0,ae0ee93e73d8720d,true,1701
matched,Joggle,da476ab0afe8d44c9b294c59b39ba82219f3522c,shufflenet-v2-12,2970f92c12a3a9105acd03839fe3abe1db8888e293454f120028345af5457dcb,1843,229,operation_metadata,affected,early,update,all,8,19155208,1145,5,5,0,a14f3e9f6a4289a0,true,1701
matched,Joggle,da476ab0afe8d44c9b294c59b39ba82219f3522c,shufflenet-v2-12,2970f92c12a3a9105acd03839fe3abe1db8888e293454f120028345af5457dcb,1843,229,operation_metadata,affected,early,update,all,9,19714542,1145,5,5,0,3f2be9a29b59b793,true,1701
matched,Joggle,da476ab0afe8d44c9b294c59b39ba82219f3522c,shufflenet-v2-12,2970f92c12a3a9105acd03839fe3abe1db8888e293454f120028345af5457dcb,1843,229,operation_metadata,unrelated,early,update,all,0,1302667,0,0,5,0,c01c8790dc02df6c,true,1701
matched,Joggle,da476ab0afe8d44c9b294c59b39ba82219f3522c,shufflenet-v2-12,2970f92c12a3a9105acd03839fe3abe1db8888e293454f120028345af5457dcb,1843,229,operation_metadata,unrelated,early,update,all,1,1312542,0,0,5,0,c01c8790dc02df6c,true,1701
matched,Joggle,da476ab0afe8d44c9b294c59b39ba82219f3522c,shufflenet-v2-12,2970f92c12a3a9105acd03839fe3abe1db8888e293454f120028345af5457dcb,1843,229,operation_metadata,unrelated,early,update,all,2,1308250,0,0,5,0,c01c8790dc02df6c,true,1701
matched,Joggle,da476ab0afe8d44c9b294c59b39ba82219f3522c,shufflenet-v2-12,2970f92c12a3a9105acd03839fe3abe1db8888e293454f120028345af5457dcb,1843,229,operation_metadata,unrelated,early,update,all,3,1307041,0,0,5,0,c01c8790dc02df6c,true,1701
matched,Joggle,da476ab0afe8d44c9b294c59b39ba82219f3522c,shufflenet-v2-12,2970f92c12a3a9105acd03839fe3abe1db8888e293454f120028345af5457dcb,1843,229,operation_metadata,unrelated,early,update,all,4,1334459,0,0,5,0,c01c8790dc02df6c,true,1701
matched,Joggle,da476ab0afe8d44c9b294c59b39ba82219f3522c,shufflenet-v2-12,2970f92c12a3a9105acd03839fe3abe1db8888e293454f120028345af5457dcb,1843,229,operation_metadata,unrelated,early,update,all,5,1308709,0,0,5,0,c01c8790dc02df6c,true,1701
matched,Joggle,da476ab0afe8d44c9b294c59b39ba82219f3522c,shufflenet-v2-12,2970f92c12a3a9105acd03839fe3abe1db8888e293454f120028345af5457dcb,1843,229,operation_metadata,unrelated,early,update,all,6,1273083,0,0,5,0,c01c8790dc02df6c,true,1701
matched,Joggle,da476ab0afe8d44c9b294c59b39ba82219f3522c,shufflenet-v2-12,2970f92c12a3a9105acd03839fe3abe1db8888e293454f120028345af5457dcb,1843,229,operation_metadata,unrelated,early,update,all,7,1270875,0,0,5,0,c01c8790dc02df6c,true,1701
matched,Joggle,da476ab0afe8d44c9b294c59b39ba82219f3522c,shufflenet-v2-12,2970f92c12a3a9105acd03839fe3abe1db8888e293454f120028345af5457dcb,1843,229,operation_metadata,unrelated,early,update,all,8,1285542,0,0,5,0,c01c8790dc02df6c,true,1701
matched,Joggle,da476ab0afe8d44c9b294c59b39ba82219f3522c,shufflenet-v2-12,2970f92c12a3a9105acd03839fe3abe1db8888e293454f120028345af5457dcb,1843,229,operation_metadata,unrelated,early,update,all,9,1288834,0,0,5,0,c01c8790dc02df6c,true,1701
matched,Joggle,da476ab0afe8d44c9b294c59b39ba82219f3522c,tiny-yolov3-11,356de5227f42a77ed270d2668b95804087109a567b84cc76b7442ca3517926c0,1644,1,operation_metadata,affected,late,update,all,0,158500,5,5,5,0,e0b6dfb692da63d5,true,1701
matched,Joggle,da476ab0afe8d44c9b294c59b39ba82219f3522c,tiny-yolov3-11,356de5227f42a77ed270d2668b95804087109a567b84cc76b7442ca3517926c0,1644,1,operation_metadata,affected,late,update,all,1,158125,5,5,5,0,382e38f31363c548,true,1701
matched,Joggle,da476ab0afe8d44c9b294c59b39ba82219f3522c,tiny-yolov3-11,356de5227f42a77ed270d2668b95804087109a567b84cc76b7442ca3517926c0,1644,1,operation_metadata,affected,late,update,all,2,155458,5,5,5,0,36f098b66f8d7a97,true,1701
matched,Joggle,da476ab0afe8d44c9b294c59b39ba82219f3522c,tiny-yolov3-11,356de5227f42a77ed270d2668b95804087109a567b84cc76b7442ca3517926c0,1644,1,operation_metadata,affected,late,update,all,3,155458,5,5,5,0,bc7ec47b4377f91a,true,1701
matched,Joggle,da476ab0afe8d44c9b294c59b39ba82219f3522c,tiny-yolov3-11,356de5227f42a77ed270d2668b95804087109a567b84cc76b7442ca3517926c0,1644,1,operation_metadata,affected,late,update,all,4,154958,5,5,5,0,c221df2808a4d759,true,1701
matched,Joggle,da476ab0afe8d44c9b294c59b39ba82219f3522c,tiny-yolov3-11,356de5227f42a77ed270d2668b95804087109a567b84cc76b7442ca3517926c0,1644,1,operation_metadata,affected,late,update,all,5,156458,5,5,5,0,e481900ec0c8cc1c,true,1701
matched,Joggle,da476ab0afe8d44c9b294c59b39ba82219f3522c,tiny-yolov3-11,356de5227f42a77ed270d2668b95804087109a567b84cc76b7442ca3517926c0,1644,1,operation_metadata,affected,late,update,all,6,155250,5,5,5,0,34ea84d2bbc43bb2,true,1701
matched,Joggle,da476ab0afe8d44c9b294c59b39ba82219f3522c,tiny-yolov3-11,356de5227f42a77ed270d2668b95804087109a567b84cc76b7442ca3517926c0,1644,1,operation_metadata,affected,late,update,all,7,156375,5,5,5,0,3bbe1a533f4e72af,true,1701
matched,Joggle,da476ab0afe8d44c9b294c59b39ba82219f3522c,tiny-yolov3-11,356de5227f42a77ed270d2668b95804087109a567b84cc76b7442ca3517926c0,1644,1,operation_metadata,affected,late,update,all,8,156625,5,5,5,0,ac905080c3abe940,true,1701
matched,Joggle,da476ab0afe8d44c9b294c59b39ba82219f3522c,tiny-yolov3-11,356de5227f42a77ed270d2668b95804087109a567b84cc76b7442ca3517926c0,1644,1,operation_metadata,affected,late,update,all,9,155458,5,5,5,0,5fbac5db727fc44d,true,1701
matched,Joggle,da476ab0afe8d44c9b294c59b39ba82219f3522c,tiny-yolov3-11,356de5227f42a77ed270d2668b95804087109a567b84cc76b7442ca3517926c0,1644,1,operation_metadata,unrelated,late,update,all,0,13209,0,0,5,0,3bd96f686bf7fd06,true,1701
matched,Joggle,da476ab0afe8d44c9b294c59b39ba82219f3522c,tiny-yolov3-11,356de5227f42a77ed270d2668b95804087109a567b84cc76b7442ca3517926c0,1644,1,operation_metadata,unrelated,late,update,all,1,12959,0,0,5,0,3bd96f686bf7fd06,true,1701
matched,Joggle,da476ab0afe8d44c9b294c59b39ba82219f3522c,tiny-yolov3-11,356de5227f42a77ed270d2668b95804087109a567b84cc76b7442ca3517926c0,1644,1,operation_metadata,unrelated,late,update,all,2,12542,0,0,5,0,3bd96f686bf7fd06,true,1701
matched,Joggle,da476ab0afe8d44c9b294c59b39ba82219f3522c,tiny-yolov3-11,356de5227f42a77ed270d2668b95804087109a567b84cc76b7442ca3517926c0,1644,1,operation_metadata,unrelated,late,update,all,3,14292,0,0,5,0,3bd96f686bf7fd06,true,1701
matched,Joggle,da476ab0afe8d44c9b294c59b39ba82219f3522c,tiny-yolov3-11,356de5227f42a77ed270d2668b95804087109a567b84cc76b7442ca3517926c0,1644,1,operation_metadata,unrelated,late,update,all,4,12791,0,0,5,0,3bd96f686bf7fd06,true,1701
matched,Joggle,da476ab0afe8d44c9b294c59b39ba82219f3522c,tiny-yolov3-11,356de5227f42a77ed270d2668b95804087109a567b84cc76b7442ca3517926c0,1644,1,operation_metadata,unrelated,late,update,all,5,18750,0,0,5,0,3bd96f686bf7fd06,true,1701
matched,Joggle,da476ab0afe8d44c9b294c59b39ba82219f3522c,tiny-yolov3-11,356de5227f42a77ed270d2668b95804087109a567b84cc76b7442ca3517926c0,1644,1,operation_metadata,unrelated,late,update,all,6,12583,0,0,5,0,3bd96f686bf7fd06,true,1701
matched,Joggle,da476ab0afe8d44c9b294c59b39ba82219f3522c,tiny-yolov3-11,356de5227f42a77ed270d2668b95804087109a567b84cc76b7442ca3517926c0,1644,1,operation_metadata,unrelated,late,update,all,7,12875,0,0,5,0,3bd96f686bf7fd06,true,1701
matched,Joggle,da476ab0afe8d44c9b294c59b39ba82219f3522c,tiny-yolov3-11,356de5227f42a77ed270d2668b95804087109a567b84cc76b7442ca3517926c0,1644,1,operation_metadata,unrelated,late,update,all,8,12834,0,0,5,0,3bd96f686bf7fd06,true,1701
matched,Joggle,da476ab0afe8d44c9b294c59b39ba82219f3522c,tiny-yolov3-11,356de5227f42a77ed270d2668b95804087109a567b84cc76b7442ca3517926c0,1644,1,operation_metadata,unrelated,late,update,all,9,15375,0,0,5,0,3bd96f686bf7fd06,true,1701
matched,Joggle,da476ab0afe8d44c9b294c59b39ba82219f3522c,googlenet-12,c34bfa71323d77a72062f32fa8ec413067589c22fc2f5a7e68d5651165e61939,907,1,operation_metadata,affected,late,update,all,0,167625,5,5,5,0,de277d00d73e4d13,true,1701
matched,Joggle,da476ab0afe8d44c9b294c59b39ba82219f3522c,googlenet-12,c34bfa71323d77a72062f32fa8ec413067589c22fc2f5a7e68d5651165e61939,907,1,operation_metadata,affected,late,update,all,1,167208,5,5,5,0,5385dea131e43e4a,true,1701
matched,Joggle,da476ab0afe8d44c9b294c59b39ba82219f3522c,googlenet-12,c34bfa71323d77a72062f32fa8ec413067589c22fc2f5a7e68d5651165e61939,907,1,operation_metadata,affected,late,update,all,2,166834,5,5,5,0,a10090d827f4c059,true,1701
matched,Joggle,da476ab0afe8d44c9b294c59b39ba82219f3522c,googlenet-12,c34bfa71323d77a72062f32fa8ec413067589c22fc2f5a7e68d5651165e61939,907,1,operation_metadata,affected,late,update,all,3,166708,5,5,5,0,0581dbfe13baf168,true,1701
matched,Joggle,da476ab0afe8d44c9b294c59b39ba82219f3522c,googlenet-12,c34bfa71323d77a72062f32fa8ec413067589c22fc2f5a7e68d5651165e61939,907,1,operation_metadata,affected,late,update,all,4,165208,5,5,5,0,2a5d66d78663d177,true,1701
matched,Joggle,da476ab0afe8d44c9b294c59b39ba82219f3522c,googlenet-12,c34bfa71323d77a72062f32fa8ec413067589c22fc2f5a7e68d5651165e61939,907,1,operation_metadata,affected,late,update,all,5,167250,5,5,5,0,dac18372cc4b113e,true,1701
matched,Joggle,da476ab0afe8d44c9b294c59b39ba82219f3522c,googlenet-12,c34bfa71323d77a72062f32fa8ec413067589c22fc2f5a7e68d5651165e61939,907,1,operation_metadata,affected,late,update,all,6,165417,5,5,5,0,8660ea43edb6e794,true,1701
matched,Joggle,da476ab0afe8d44c9b294c59b39ba82219f3522c,googlenet-12,c34bfa71323d77a72062f32fa8ec413067589c22fc2f5a7e68d5651165e61939,907,1,operation_metadata,affected,late,update,all,7,163541,5,5,5,0,c53935d223007ed5,true,1701
matched,Joggle,da476ab0afe8d44c9b294c59b39ba82219f3522c,googlenet-12,c34bfa71323d77a72062f32fa8ec413067589c22fc2f5a7e68d5651165e61939,907,1,operation_metadata,affected,late,update,all,8,163916,5,5,5,0,7dd9f6d7f6861d06,true,1701
matched,Joggle,da476ab0afe8d44c9b294c59b39ba82219f3522c,googlenet-12,c34bfa71323d77a72062f32fa8ec413067589c22fc2f5a7e68d5651165e61939,907,1,operation_metadata,affected,late,update,all,9,162916,5,5,5,0,0662fb1f2b6ba4ff,true,1701
matched,Joggle,da476ab0afe8d44c9b294c59b39ba82219f3522c,googlenet-12,c34bfa71323d77a72062f32fa8ec413067589c22fc2f5a7e68d5651165e61939,907,1,operation_metadata,unrelated,late,update,all,0,12750,0,0,5,0,69118f7b801fe880,true,1701
matched,Joggle,da476ab0afe8d44c9b294c59b39ba82219f3522c,googlenet-12,c34bfa71323d77a72062f32fa8ec413067589c22fc2f5a7e68d5651165e61939,907,1,operation_metadata,unrelated,late,update,all,1,12750,0,0,5,0,69118f7b801fe880,true,1701
matched,Joggle,da476ab0afe8d44c9b294c59b39ba82219f3522c,googlenet-12,c34bfa71323d77a72062f32fa8ec413067589c22fc2f5a7e68d5651165e61939,907,1,operation_metadata,unrelated,late,update,all,2,12542,0,0,5,0,69118f7b801fe880,true,1701
matched,Joggle,da476ab0afe8d44c9b294c59b39ba82219f3522c,googlenet-12,c34bfa71323d77a72062f32fa8ec413067589c22fc2f5a7e68d5651165e61939,907,1,operation_metadata,unrelated,late,update,all,3,12334,0,0,5,0,69118f7b801fe880,true,1701
matched,Joggle,da476ab0afe8d44c9b294c59b39ba82219f3522c,googlenet-12,c34bfa71323d77a72062f32fa8ec413067589c22fc2f5a7e68d5651165e61939,907,1,operation_metadata,unrelated,late,update,all,4,13666,0,0,5,0,69118f7b801fe880,true,1701
matched,Joggle,da476ab0afe8d44c9b294c59b39ba82219f3522c,googlenet-12,c34bfa71323d77a72062f32fa8ec413067589c22fc2f5a7e68d5651165e61939,907,1,operation_metadata,unrelated,late,update,all,5,12417,0,0,5,0,69118f7b801fe880,true,1701
matched,Joggle,da476ab0afe8d44c9b294c59b39ba82219f3522c,googlenet-12,c34bfa71323d77a72062f32fa8ec413067589c22fc2f5a7e68d5651165e61939,907,1,operation_metadata,unrelated,late,update,all,6,12250,0,0,5,0,69118f7b801fe880,true,1701
matched,Joggle,da476ab0afe8d44c9b294c59b39ba82219f3522c,googlenet-12,c34bfa71323d77a72062f32fa8ec413067589c22fc2f5a7e68d5651165e61939,907,1,operation_metadata,unrelated,late,update,all,7,12334,0,0,5,0,69118f7b801fe880,true,1701
matched,Joggle,da476ab0afe8d44c9b294c59b39ba82219f3522c,googlenet-12,c34bfa71323d77a72062f32fa8ec413067589c22fc2f5a7e68d5651165e61939,907,1,operation_metadata,unrelated,late,update,all,8,12417,0,0,5,0,69118f7b801fe880,true,1701
matched,Joggle,da476ab0afe8d44c9b294c59b39ba82219f3522c,googlenet-12,c34bfa71323d77a72062f32fa8ec413067589c22fc2f5a7e68d5651165e61939,907,1,operation_metadata,unrelated,late,update,all,9,12417,0,0,5,0,69118f7b801fe880,true,1701
matched,Joggle,da476ab0afe8d44c9b294c59b39ba82219f3522c,googlenet-12,c34bfa71323d77a72062f32fa8ec413067589c22fc2f5a7e68d5651165e61939,907,143,operation_metadata,affected,early,update,all,0,11792291,715,5,5,0,bb12d2508336722f,true,1701
matched,Joggle,da476ab0afe8d44c9b294c59b39ba82219f3522c,googlenet-12,c34bfa71323d77a72062f32fa8ec413067589c22fc2f5a7e68d5651165e61939,907,143,operation_metadata,affected,early,update,all,1,12440209,715,5,5,0,188b8bce9df03a62,true,1701
matched,Joggle,da476ab0afe8d44c9b294c59b39ba82219f3522c,googlenet-12,c34bfa71323d77a72062f32fa8ec413067589c22fc2f5a7e68d5651165e61939,907,143,operation_metadata,affected,early,update,all,2,11139041,715,5,5,0,375cbd500e12dbe5,true,1701
matched,Joggle,da476ab0afe8d44c9b294c59b39ba82219f3522c,googlenet-12,c34bfa71323d77a72062f32fa8ec413067589c22fc2f5a7e68d5651165e61939,907,143,operation_metadata,affected,early,update,all,3,12111416,715,5,5,0,30d0090dcff9e440,true,1701
matched,Joggle,da476ab0afe8d44c9b294c59b39ba82219f3522c,googlenet-12,c34bfa71323d77a72062f32fa8ec413067589c22fc2f5a7e68d5651165e61939,907,143,operation_metadata,affected,early,update,all,4,11416750,715,5,5,0,452c18ae644a9023,true,1701
matched,Joggle,da476ab0afe8d44c9b294c59b39ba82219f3522c,googlenet-12,c34bfa71323d77a72062f32fa8ec413067589c22fc2f5a7e68d5651165e61939,907,143,operation_metadata,affected,early,update,all,5,11688000,715,5,5,0,f78dee6f4666e6b6,true,1701
matched,Joggle,da476ab0afe8d44c9b294c59b39ba82219f3522c,googlenet-12,c34bfa71323d77a72062f32fa8ec413067589c22fc2f5a7e68d5651165e61939,907,143,operation_metadata,affected,early,update,all,6,12474584,715,5,5,0,22258c22b8745e78,true,1701
matched,Joggle,da476ab0afe8d44c9b294c59b39ba82219f3522c,googlenet-12,c34bfa71323d77a72062f32fa8ec413067589c22fc2f5a7e68d5651165e61939,907,143,operation_metadata,affected,early,update,all,7,12775625,715,5,5,0,a8da99af5d42a41d,true,1701
matched,Joggle,da476ab0afe8d44c9b294c59b39ba82219f3522c,googlenet-12,c34bfa71323d77a72062f32fa8ec413067589c22fc2f5a7e68d5651165e61939,907,143,operation_metadata,affected,early,update,all,8,12720167,715,5,5,0,1588e96d99d9f0ba,true,1701
matched,Joggle,da476ab0afe8d44c9b294c59b39ba82219f3522c,googlenet-12,c34bfa71323d77a72062f32fa8ec413067589c22fc2f5a7e68d5651165e61939,907,143,operation_metadata,affected,early,update,all,9,11642167,715,5,5,0,17d1980459c99987,true,1701
matched,Joggle,da476ab0afe8d44c9b294c59b39ba82219f3522c,googlenet-12,c34bfa71323d77a72062f32fa8ec413067589c22fc2f5a7e68d5651165e61939,907,143,operation_metadata,unrelated,early,update,all,0,808208,0,0,5,0,1d43195f524b3eae,true,1701
matched,Joggle,da476ab0afe8d44c9b294c59b39ba82219f3522c,googlenet-12,c34bfa71323d77a72062f32fa8ec413067589c22fc2f5a7e68d5651165e61939,907,143,operation_metadata,unrelated,early,update,all,1,799750,0,0,5,0,1d43195f524b3eae,true,1701
matched,Joggle,da476ab0afe8d44c9b294c59b39ba82219f3522c,googlenet-12,c34bfa71323d77a72062f32fa8ec413067589c22fc2f5a7e68d5651165e61939,907,143,operation_metadata,unrelated,early,update,all,2,763667,0,0,5,0,1d43195f524b3eae,true,1701
matched,Joggle,da476ab0afe8d44c9b294c59b39ba82219f3522c,googlenet-12,c34bfa71323d77a72062f32fa8ec413067589c22fc2f5a7e68d5651165e61939,907,143,operation_metadata,unrelated,early,update,all,3,753041,0,0,5,0,1d43195f524b3eae,true,1701
matched,Joggle,da476ab0afe8d44c9b294c59b39ba82219f3522c,googlenet-12,c34bfa71323d77a72062f32fa8ec413067589c22fc2f5a7e68d5651165e61939,907,143,operation_metadata,unrelated,early,update,all,4,751875,0,0,5,0,1d43195f524b3eae,true,1701
matched,Joggle,da476ab0afe8d44c9b294c59b39ba82219f3522c,googlenet-12,c34bfa71323d77a72062f32fa8ec413067589c22fc2f5a7e68d5651165e61939,907,143,operation_metadata,unrelated,early,update,all,5,756375,0,0,5,0,1d43195f524b3eae,true,1701
matched,Joggle,da476ab0afe8d44c9b294c59b39ba82219f3522c,googlenet-12,c34bfa71323d77a72062f32fa8ec413067589c22fc2f5a7e68d5651165e61939,907,143,operation_metadata,unrelated,early,update,all,6,743125,0,0,5,0,1d43195f524b3eae,true,1701
matched,Joggle,da476ab0afe8d44c9b294c59b39ba82219f3522c,googlenet-12,c34bfa71323d77a72062f32fa8ec413067589c22fc2f5a7e68d5651165e61939,907,143,operation_metadata,unrelated,early,update,all,7,761958,0,0,5,0,1d43195f524b3eae,true,1701
matched,Joggle,da476ab0afe8d44c9b294c59b39ba82219f3522c,googlenet-12,c34bfa71323d77a72062f32fa8ec413067589c22fc2f5a7e68d5651165e61939,907,143,operation_metadata,unrelated,early,update,all,8,757208,0,0,5,0,1d43195f524b3eae,true,1701
matched,Joggle,da476ab0afe8d44c9b294c59b39ba82219f3522c,googlenet-12,c34bfa71323d77a72062f32fa8ec413067589c22fc2f5a7e68d5651165e61939,907,143,operation_metadata,unrelated,early,update,all,9,762917,0,0,5,0,1d43195f524b3eae,true,1701
matched,Joggle,da476ab0afe8d44c9b294c59b39ba82219f3522c,ultraface-rfb-320,831ee8735645145ec4833c5e26575ac448ede3083e1fe00c6c26bc4a727a4c0a,1586,96,operation_metadata,affected,middle,full,all,0,44766458,7930,5,5,0,62a98b7ce4dae1a0,true,1701
matched,Joggle,da476ab0afe8d44c9b294c59b39ba82219f3522c,ultraface-rfb-320,831ee8735645145ec4833c5e26575ac448ede3083e1fe00c6c26bc4a727a4c0a,1586,96,operation_metadata,affected,middle,full,all,1,44263375,7930,5,5,0,a5466b6627a2e26d,true,1701
matched,Joggle,da476ab0afe8d44c9b294c59b39ba82219f3522c,ultraface-rfb-320,831ee8735645145ec4833c5e26575ac448ede3083e1fe00c6c26bc4a727a4c0a,1586,96,operation_metadata,affected,middle,full,all,2,44379917,7930,5,5,0,da26ed66a09dd2b6,true,1701
matched,Joggle,da476ab0afe8d44c9b294c59b39ba82219f3522c,ultraface-rfb-320,831ee8735645145ec4833c5e26575ac448ede3083e1fe00c6c26bc4a727a4c0a,1586,96,operation_metadata,affected,middle,full,all,3,46372708,7930,5,5,0,d81159d4498e697b,true,1701
matched,Joggle,da476ab0afe8d44c9b294c59b39ba82219f3522c,ultraface-rfb-320,831ee8735645145ec4833c5e26575ac448ede3083e1fe00c6c26bc4a727a4c0a,1586,96,operation_metadata,affected,middle,full,all,4,45654916,7930,5,5,0,c8f20be2fd68d4b4,true,1701
matched,Joggle,da476ab0afe8d44c9b294c59b39ba82219f3522c,ultraface-rfb-320,831ee8735645145ec4833c5e26575ac448ede3083e1fe00c6c26bc4a727a4c0a,1586,96,operation_metadata,affected,middle,full,all,5,45748750,7930,5,5,0,2efbc0fde26120f1,true,1701
matched,Joggle,da476ab0afe8d44c9b294c59b39ba82219f3522c,ultraface-rfb-320,831ee8735645145ec4833c5e26575ac448ede3083e1fe00c6c26bc4a727a4c0a,1586,96,operation_metadata,affected,middle,full,all,6,46425542,7930,5,5,0,9d01fe93fc984243,true,1701
matched,Joggle,da476ab0afe8d44c9b294c59b39ba82219f3522c,ultraface-rfb-320,831ee8735645145ec4833c5e26575ac448ede3083e1fe00c6c26bc4a727a4c0a,1586,96,operation_metadata,affected,middle,full,all,7,44357500,7930,5,5,0,9da225d422a6d3de,true,1701
matched,Joggle,da476ab0afe8d44c9b294c59b39ba82219f3522c,ultraface-rfb-320,831ee8735645145ec4833c5e26575ac448ede3083e1fe00c6c26bc4a727a4c0a,1586,96,operation_metadata,affected,middle,full,all,8,45063208,7930,5,5,0,3dcd526c3de90315,true,1701
matched,Joggle,da476ab0afe8d44c9b294c59b39ba82219f3522c,ultraface-rfb-320,831ee8735645145ec4833c5e26575ac448ede3083e1fe00c6c26bc4a727a4c0a,1586,96,operation_metadata,affected,middle,full,all,9,44256333,7930,5,5,0,0061eee413d96c68,true,1701
matched,Joggle,da476ab0afe8d44c9b294c59b39ba82219f3522c,ultraface-rfb-320,831ee8735645145ec4833c5e26575ac448ede3083e1fe00c6c26bc4a727a4c0a,1586,96,operation_metadata,unrelated,middle,full,all,0,44905500,7930,5,5,0,bc56c64232585cd7,true,1701
matched,Joggle,da476ab0afe8d44c9b294c59b39ba82219f3522c,ultraface-rfb-320,831ee8735645145ec4833c5e26575ac448ede3083e1fe00c6c26bc4a727a4c0a,1586,96,operation_metadata,unrelated,middle,full,all,1,45172458,7930,5,5,0,bc56c64232585cd7,true,1701
matched,Joggle,da476ab0afe8d44c9b294c59b39ba82219f3522c,ultraface-rfb-320,831ee8735645145ec4833c5e26575ac448ede3083e1fe00c6c26bc4a727a4c0a,1586,96,operation_metadata,unrelated,middle,full,all,2,44141042,7930,5,5,0,bc56c64232585cd7,true,1701
matched,Joggle,da476ab0afe8d44c9b294c59b39ba82219f3522c,ultraface-rfb-320,831ee8735645145ec4833c5e26575ac448ede3083e1fe00c6c26bc4a727a4c0a,1586,96,operation_metadata,unrelated,middle,full,all,3,44204583,7930,5,5,0,bc56c64232585cd7,true,1701
matched,Joggle,da476ab0afe8d44c9b294c59b39ba82219f3522c,ultraface-rfb-320,831ee8735645145ec4833c5e26575ac448ede3083e1fe00c6c26bc4a727a4c0a,1586,96,operation_metadata,unrelated,middle,full,all,4,44339250,7930,5,5,0,bc56c64232585cd7,true,1701
matched,Joggle,da476ab0afe8d44c9b294c59b39ba82219f3522c,ultraface-rfb-320,831ee8735645145ec4833c5e26575ac448ede3083e1fe00c6c26bc4a727a4c0a,1586,96,operation_metadata,unrelated,middle,full,all,5,44234208,7930,5,5,0,bc56c64232585cd7,true,1701
matched,Joggle,da476ab0afe8d44c9b294c59b39ba82219f3522c,ultraface-rfb-320,831ee8735645145ec4833c5e26575ac448ede3083e1fe00c6c26bc4a727a4c0a,1586,96,operation_metadata,unrelated,middle,full,all,6,44574916,7930,5,5,0,bc56c64232585cd7,true,1701
matched,Joggle,da476ab0afe8d44c9b294c59b39ba82219f3522c,ultraface-rfb-320,831ee8735645145ec4833c5e26575ac448ede3083e1fe00c6c26bc4a727a4c0a,1586,96,operation_metadata,unrelated,middle,full,all,7,43929584,7930,5,5,0,bc56c64232585cd7,true,1701
matched,Joggle,da476ab0afe8d44c9b294c59b39ba82219f3522c,ultraface-rfb-320,831ee8735645145ec4833c5e26575ac448ede3083e1fe00c6c26bc4a727a4c0a,1586,96,operation_metadata,unrelated,middle,full,all,8,44765750,7930,5,5,0,bc56c64232585cd7,true,1701
matched,Joggle,da476ab0afe8d44c9b294c59b39ba82219f3522c,ultraface-rfb-320,831ee8735645145ec4833c5e26575ac448ede3083e1fe00c6c26bc4a727a4c0a,1586,96,operation_metadata,unrelated,middle,full,all,9,44054792,7930,5,5,0,bc56c64232585cd7,true,1701
matched,Joggle,da476ab0afe8d44c9b294c59b39ba82219f3522c,ultraface-rfb-320,831ee8735645145ec4833c5e26575ac448ede3083e1fe00c6c26bc4a727a4c0a,1586,1,operation_metadata,affected,late,update,all,0,180167,5,5,5,0,46203094d78ae8b6,true,1701
matched,Joggle,da476ab0afe8d44c9b294c59b39ba82219f3522c,ultraface-rfb-320,831ee8735645145ec4833c5e26575ac448ede3083e1fe00c6c26bc4a727a4c0a,1586,1,operation_metadata,affected,late,update,all,1,177417,5,5,5,0,2f34f6c3be6451a7,true,1701
matched,Joggle,da476ab0afe8d44c9b294c59b39ba82219f3522c,ultraface-rfb-320,831ee8735645145ec4833c5e26575ac448ede3083e1fe00c6c26bc4a727a4c0a,1586,1,operation_metadata,affected,late,update,all,2,177500,5,5,5,0,fc9447fe3f895028,true,1701
matched,Joggle,da476ab0afe8d44c9b294c59b39ba82219f3522c,ultraface-rfb-320,831ee8735645145ec4833c5e26575ac448ede3083e1fe00c6c26bc4a727a4c0a,1586,1,operation_metadata,affected,late,update,all,3,175541,5,5,5,0,d7fa54972f570ec9,true,1701
matched,Joggle,da476ab0afe8d44c9b294c59b39ba82219f3522c,ultraface-rfb-320,831ee8735645145ec4833c5e26575ac448ede3083e1fe00c6c26bc4a727a4c0a,1586,1,operation_metadata,affected,late,update,all,4,176750,5,5,5,0,16d2ba749ce1673a,true,1701
matched,Joggle,da476ab0afe8d44c9b294c59b39ba82219f3522c,ultraface-rfb-320,831ee8735645145ec4833c5e26575ac448ede3083e1fe00c6c26bc4a727a4c0a,1586,1,operation_metadata,affected,late,update,all,5,175291,5,5,5,0,0655e40b0456875b,true,1701
matched,Joggle,da476ab0afe8d44c9b294c59b39ba82219f3522c,ultraface-rfb-320,831ee8735645145ec4833c5e26575ac448ede3083e1fe00c6c26bc4a727a4c0a,1586,1,operation_metadata,affected,late,update,all,6,173333,5,5,5,0,6f732341b5dfba85,true,1701
matched,Joggle,da476ab0afe8d44c9b294c59b39ba82219f3522c,ultraface-rfb-320,831ee8735645145ec4833c5e26575ac448ede3083e1fe00c6c26bc4a727a4c0a,1586,1,operation_metadata,affected,late,update,all,7,173417,5,5,5,0,447c812b9b48e534,true,1701
matched,Joggle,da476ab0afe8d44c9b294c59b39ba82219f3522c,ultraface-rfb-320,831ee8735645145ec4833c5e26575ac448ede3083e1fe00c6c26bc4a727a4c0a,1586,1,operation_metadata,affected,late,update,all,8,173709,5,5,5,0,801bf2316db1f033,true,1701
matched,Joggle,da476ab0afe8d44c9b294c59b39ba82219f3522c,ultraface-rfb-320,831ee8735645145ec4833c5e26575ac448ede3083e1fe00c6c26bc4a727a4c0a,1586,1,operation_metadata,affected,late,update,all,9,172000,5,5,5,0,1a4a623ab535b6d2,true,1701
matched,Joggle,da476ab0afe8d44c9b294c59b39ba82219f3522c,ultraface-rfb-320,831ee8735645145ec4833c5e26575ac448ede3083e1fe00c6c26bc4a727a4c0a,1586,1,operation_metadata,unrelated,late,update,all,0,13542,0,0,5,0,bcbf6e554ba6d00b,true,1701
matched,Joggle,da476ab0afe8d44c9b294c59b39ba82219f3522c,ultraface-rfb-320,831ee8735645145ec4833c5e26575ac448ede3083e1fe00c6c26bc4a727a4c0a,1586,1,operation_metadata,unrelated,late,update,all,1,13334,0,0,5,0,bcbf6e554ba6d00b,true,1701
matched,Joggle,da476ab0afe8d44c9b294c59b39ba82219f3522c,ultraface-rfb-320,831ee8735645145ec4833c5e26575ac448ede3083e1fe00c6c26bc4a727a4c0a,1586,1,operation_metadata,unrelated,late,update,all,2,13083,0,0,5,0,bcbf6e554ba6d00b,true,1701
matched,Joggle,da476ab0afe8d44c9b294c59b39ba82219f3522c,ultraface-rfb-320,831ee8735645145ec4833c5e26575ac448ede3083e1fe00c6c26bc4a727a4c0a,1586,1,operation_metadata,unrelated,late,update,all,3,14583,0,0,5,0,bcbf6e554ba6d00b,true,1701
matched,Joggle,da476ab0afe8d44c9b294c59b39ba82219f3522c,ultraface-rfb-320,831ee8735645145ec4833c5e26575ac448ede3083e1fe00c6c26bc4a727a4c0a,1586,1,operation_metadata,unrelated,late,update,all,4,12292,0,0,5,0,bcbf6e554ba6d00b,true,1701
matched,Joggle,da476ab0afe8d44c9b294c59b39ba82219f3522c,ultraface-rfb-320,831ee8735645145ec4833c5e26575ac448ede3083e1fe00c6c26bc4a727a4c0a,1586,1,operation_metadata,unrelated,late,update,all,5,11792,0,0,5,0,bcbf6e554ba6d00b,true,1701
matched,Joggle,da476ab0afe8d44c9b294c59b39ba82219f3522c,ultraface-rfb-320,831ee8735645145ec4833c5e26575ac448ede3083e1fe00c6c26bc4a727a4c0a,1586,1,operation_metadata,unrelated,late,update,all,6,11750,0,0,5,0,bcbf6e554ba6d00b,true,1701
matched,Joggle,da476ab0afe8d44c9b294c59b39ba82219f3522c,ultraface-rfb-320,831ee8735645145ec4833c5e26575ac448ede3083e1fe00c6c26bc4a727a4c0a,1586,1,operation_metadata,unrelated,late,update,all,7,12375,0,0,5,0,bcbf6e554ba6d00b,true,1701
matched,Joggle,da476ab0afe8d44c9b294c59b39ba82219f3522c,ultraface-rfb-320,831ee8735645145ec4833c5e26575ac448ede3083e1fe00c6c26bc4a727a4c0a,1586,1,operation_metadata,unrelated,late,update,all,8,12375,0,0,5,0,bcbf6e554ba6d00b,true,1701
matched,Joggle,da476ab0afe8d44c9b294c59b39ba82219f3522c,ultraface-rfb-320,831ee8735645145ec4833c5e26575ac448ede3083e1fe00c6c26bc4a727a4c0a,1586,1,operation_metadata,unrelated,late,update,all,9,12416,0,0,5,0,bcbf6e554ba6d00b,true,1701
matched,Joggle,da476ab0afe8d44c9b294c59b39ba82219f3522c,shufflenet-v2-12,2970f92c12a3a9105acd03839fe3abe1db8888e293454f120028345af5457dcb,1843,229,operation_metadata,affected,early,full,all,0,53059292,9215,5,5,0,f550bbbcd5a2a783,true,1701
matched,Joggle,da476ab0afe8d44c9b294c59b39ba82219f3522c,shufflenet-v2-12,2970f92c12a3a9105acd03839fe3abe1db8888e293454f120028345af5457dcb,1843,229,operation_metadata,affected,early,full,all,1,53142792,9215,5,5,0,1a6021c7f700e4d0,true,1701
matched,Joggle,da476ab0afe8d44c9b294c59b39ba82219f3522c,shufflenet-v2-12,2970f92c12a3a9105acd03839fe3abe1db8888e293454f120028345af5457dcb,1843,229,operation_metadata,affected,early,full,all,2,54252708,9215,5,5,0,974b4adaeb7a2bfd,true,1701
matched,Joggle,da476ab0afe8d44c9b294c59b39ba82219f3522c,shufflenet-v2-12,2970f92c12a3a9105acd03839fe3abe1db8888e293454f120028345af5457dcb,1843,229,operation_metadata,affected,early,full,all,3,52444291,9215,5,5,0,aaada5f7fb12ed92,true,1701
matched,Joggle,da476ab0afe8d44c9b294c59b39ba82219f3522c,shufflenet-v2-12,2970f92c12a3a9105acd03839fe3abe1db8888e293454f120028345af5457dcb,1843,229,operation_metadata,affected,early,full,all,4,51865584,9215,5,5,0,724468acf7193987,true,1701
matched,Joggle,da476ab0afe8d44c9b294c59b39ba82219f3522c,shufflenet-v2-12,2970f92c12a3a9105acd03839fe3abe1db8888e293454f120028345af5457dcb,1843,229,operation_metadata,affected,early,full,all,5,51746625,9215,5,5,0,37b7d2835aa33204,true,1701
matched,Joggle,da476ab0afe8d44c9b294c59b39ba82219f3522c,shufflenet-v2-12,2970f92c12a3a9105acd03839fe3abe1db8888e293454f120028345af5457dcb,1843,229,operation_metadata,affected,early,full,all,6,52211875,9215,5,5,0,2b34fd58250478a2,true,1701
matched,Joggle,da476ab0afe8d44c9b294c59b39ba82219f3522c,shufflenet-v2-12,2970f92c12a3a9105acd03839fe3abe1db8888e293454f120028345af5457dcb,1843,229,operation_metadata,affected,early,full,all,7,52737167,9215,5,5,0,ae0ee93e73d8720d,true,1701
matched,Joggle,da476ab0afe8d44c9b294c59b39ba82219f3522c,shufflenet-v2-12,2970f92c12a3a9105acd03839fe3abe1db8888e293454f120028345af5457dcb,1843,229,operation_metadata,affected,early,full,all,8,51961000,9215,5,5,0,a14f3e9f6a4289a0,true,1701
matched,Joggle,da476ab0afe8d44c9b294c59b39ba82219f3522c,shufflenet-v2-12,2970f92c12a3a9105acd03839fe3abe1db8888e293454f120028345af5457dcb,1843,229,operation_metadata,affected,early,full,all,9,52889125,9215,5,5,0,3f2be9a29b59b793,true,1701
matched,Joggle,da476ab0afe8d44c9b294c59b39ba82219f3522c,shufflenet-v2-12,2970f92c12a3a9105acd03839fe3abe1db8888e293454f120028345af5457dcb,1843,229,operation_metadata,unrelated,early,full,all,0,52352708,9215,5,5,0,c01c8790dc02df6c,true,1701
matched,Joggle,da476ab0afe8d44c9b294c59b39ba82219f3522c,shufflenet-v2-12,2970f92c12a3a9105acd03839fe3abe1db8888e293454f120028345af5457dcb,1843,229,operation_metadata,unrelated,early,full,all,1,53279834,9215,5,5,0,c01c8790dc02df6c,true,1701
matched,Joggle,da476ab0afe8d44c9b294c59b39ba82219f3522c,shufflenet-v2-12,2970f92c12a3a9105acd03839fe3abe1db8888e293454f120028345af5457dcb,1843,229,operation_metadata,unrelated,early,full,all,2,53174792,9215,5,5,0,c01c8790dc02df6c,true,1701
matched,Joggle,da476ab0afe8d44c9b294c59b39ba82219f3522c,shufflenet-v2-12,2970f92c12a3a9105acd03839fe3abe1db8888e293454f120028345af5457dcb,1843,229,operation_metadata,unrelated,early,full,all,3,100009125,9215,5,5,0,c01c8790dc02df6c,true,1701
matched,Joggle,da476ab0afe8d44c9b294c59b39ba82219f3522c,shufflenet-v2-12,2970f92c12a3a9105acd03839fe3abe1db8888e293454f120028345af5457dcb,1843,229,operation_metadata,unrelated,early,full,all,4,52398625,9215,5,5,0,c01c8790dc02df6c,true,1701
matched,Joggle,da476ab0afe8d44c9b294c59b39ba82219f3522c,shufflenet-v2-12,2970f92c12a3a9105acd03839fe3abe1db8888e293454f120028345af5457dcb,1843,229,operation_metadata,unrelated,early,full,all,5,52140666,9215,5,5,0,c01c8790dc02df6c,true,1701
matched,Joggle,da476ab0afe8d44c9b294c59b39ba82219f3522c,shufflenet-v2-12,2970f92c12a3a9105acd03839fe3abe1db8888e293454f120028345af5457dcb,1843,229,operation_metadata,unrelated,early,full,all,6,52669750,9215,5,5,0,c01c8790dc02df6c,true,1701
matched,Joggle,da476ab0afe8d44c9b294c59b39ba82219f3522c,shufflenet-v2-12,2970f92c12a3a9105acd03839fe3abe1db8888e293454f120028345af5457dcb,1843,229,operation_metadata,unrelated,early,full,all,7,53066500,9215,5,5,0,c01c8790dc02df6c,true,1701
matched,Joggle,da476ab0afe8d44c9b294c59b39ba82219f3522c,shufflenet-v2-12,2970f92c12a3a9105acd03839fe3abe1db8888e293454f120028345af5457dcb,1843,229,operation_metadata,unrelated,early,full,all,8,51519541,9215,5,5,0,c01c8790dc02df6c,true,1701
matched,Joggle,da476ab0afe8d44c9b294c59b39ba82219f3522c,shufflenet-v2-12,2970f92c12a3a9105acd03839fe3abe1db8888e293454f120028345af5457dcb,1843,229,operation_metadata,unrelated,early,full,all,9,52292250,9215,5,5,0,c01c8790dc02df6c,true,1701
matched,Joggle,da476ab0afe8d44c9b294c59b39ba82219f3522c,googlenet-12,c34bfa71323d77a72062f32fa8ec413067589c22fc2f5a7e68d5651165e61939,907,65,operation_metadata,affected,middle,full,all,0,24989083,4535,5,5,0,21e3e4ed3e68e39b,true,1701
matched,Joggle,da476ab0afe8d44c9b294c59b39ba82219f3522c,googlenet-12,c34bfa71323d77a72062f32fa8ec413067589c22fc2f5a7e68d5651165e61939,907,65,operation_metadata,affected,middle,full,all,1,25006625,4535,5,5,0,4cf38d8139c0bb82,true,1701
matched,Joggle,da476ab0afe8d44c9b294c59b39ba82219f3522c,googlenet-12,c34bfa71323d77a72062f32fa8ec413067589c22fc2f5a7e68d5651165e61939,907,65,operation_metadata,affected,middle,full,all,2,24970000,4535,5,5,0,e49b0ed977e1aea1,true,1701
matched,Joggle,da476ab0afe8d44c9b294c59b39ba82219f3522c,googlenet-12,c34bfa71323d77a72062f32fa8ec413067589c22fc2f5a7e68d5651165e61939,907,65,operation_metadata,affected,middle,full,all,3,24591000,4535,5,5,0,b000a665d96614f8,true,1701
matched,Joggle,da476ab0afe8d44c9b294c59b39ba82219f3522c,googlenet-12,c34bfa71323d77a72062f32fa8ec413067589c22fc2f5a7e68d5651165e61939,907,65,operation_metadata,affected,middle,full,all,4,25141584,4535,5,5,0,6fa658e73be8fabf,true,1701
matched,Joggle,da476ab0afe8d44c9b294c59b39ba82219f3522c,googlenet-12,c34bfa71323d77a72062f32fa8ec413067589c22fc2f5a7e68d5651165e61939,907,65,operation_metadata,affected,middle,full,all,5,24630042,4535,5,5,0,805f9388a8f4b0b6,true,1701
matched,Joggle,da476ab0afe8d44c9b294c59b39ba82219f3522c,googlenet-12,c34bfa71323d77a72062f32fa8ec413067589c22fc2f5a7e68d5651165e61939,907,65,operation_metadata,affected,middle,full,all,6,25342250,4535,5,5,0,078a0542a7f08100,true,1701
matched,Joggle,da476ab0afe8d44c9b294c59b39ba82219f3522c,googlenet-12,c34bfa71323d77a72062f32fa8ec413067589c22fc2f5a7e68d5651165e61939,907,65,operation_metadata,affected,middle,full,all,7,25086875,4535,5,5,0,d5f16dde5cdc9e29,true,1701
matched,Joggle,da476ab0afe8d44c9b294c59b39ba82219f3522c,googlenet-12,c34bfa71323d77a72062f32fa8ec413067589c22fc2f5a7e68d5651165e61939,907,65,operation_metadata,affected,middle,full,all,8,25066708,4535,5,5,0,42c5c15df337e32a,true,1701
matched,Joggle,da476ab0afe8d44c9b294c59b39ba82219f3522c,googlenet-12,c34bfa71323d77a72062f32fa8ec413067589c22fc2f5a7e68d5651165e61939,907,65,operation_metadata,affected,middle,full,all,9,24701875,4535,5,5,0,fcbecf1b3925bde3,true,1701
matched,Joggle,da476ab0afe8d44c9b294c59b39ba82219f3522c,googlenet-12,c34bfa71323d77a72062f32fa8ec413067589c22fc2f5a7e68d5651165e61939,907,65,operation_metadata,unrelated,middle,full,all,0,24743959,4535,5,5,0,4372762d60148bd4,true,1701
matched,Joggle,da476ab0afe8d44c9b294c59b39ba82219f3522c,googlenet-12,c34bfa71323d77a72062f32fa8ec413067589c22fc2f5a7e68d5651165e61939,907,65,operation_metadata,unrelated,middle,full,all,1,24914500,4535,5,5,0,4372762d60148bd4,true,1701
matched,Joggle,da476ab0afe8d44c9b294c59b39ba82219f3522c,googlenet-12,c34bfa71323d77a72062f32fa8ec413067589c22fc2f5a7e68d5651165e61939,907,65,operation_metadata,unrelated,middle,full,all,2,24849417,4535,5,5,0,4372762d60148bd4,true,1701
matched,Joggle,da476ab0afe8d44c9b294c59b39ba82219f3522c,googlenet-12,c34bfa71323d77a72062f32fa8ec413067589c22fc2f5a7e68d5651165e61939,907,65,operation_metadata,unrelated,middle,full,all,3,25056833,4535,5,5,0,4372762d60148bd4,true,1701
matched,Joggle,da476ab0afe8d44c9b294c59b39ba82219f3522c,googlenet-12,c34bfa71323d77a72062f32fa8ec413067589c22fc2f5a7e68d5651165e61939,907,65,operation_metadata,unrelated,middle,full,all,4,24686667,4535,5,5,0,4372762d60148bd4,true,1701
matched,Joggle,da476ab0afe8d44c9b294c59b39ba82219f3522c,googlenet-12,c34bfa71323d77a72062f32fa8ec413067589c22fc2f5a7e68d5651165e61939,907,65,operation_metadata,unrelated,middle,full,all,5,27735542,4535,5,5,0,4372762d60148bd4,true,1701
matched,Joggle,da476ab0afe8d44c9b294c59b39ba82219f3522c,googlenet-12,c34bfa71323d77a72062f32fa8ec413067589c22fc2f5a7e68d5651165e61939,907,65,operation_metadata,unrelated,middle,full,all,6,25563667,4535,5,5,0,4372762d60148bd4,true,1701
matched,Joggle,da476ab0afe8d44c9b294c59b39ba82219f3522c,googlenet-12,c34bfa71323d77a72062f32fa8ec413067589c22fc2f5a7e68d5651165e61939,907,65,operation_metadata,unrelated,middle,full,all,7,24951375,4535,5,5,0,4372762d60148bd4,true,1701
matched,Joggle,da476ab0afe8d44c9b294c59b39ba82219f3522c,googlenet-12,c34bfa71323d77a72062f32fa8ec413067589c22fc2f5a7e68d5651165e61939,907,65,operation_metadata,unrelated,middle,full,all,8,25212541,4535,5,5,0,4372762d60148bd4,true,1701
matched,Joggle,da476ab0afe8d44c9b294c59b39ba82219f3522c,googlenet-12,c34bfa71323d77a72062f32fa8ec413067589c22fc2f5a7e68d5651165e61939,907,65,operation_metadata,unrelated,middle,full,all,9,24675208,4535,5,5,0,4372762d60148bd4,true,1701
matched,Joggle,da476ab0afe8d44c9b294c59b39ba82219f3522c,efficientnet-lite4-11-qdq,1deb63f203172bf5412eebd780fa7b6777f973600d22aca7995a1e7839be1777,4318,181,operation_metadata,affected,middle,full,all,0,125788708,21590,5,5,0,54bfc0ebdd9a4331,true,1701
matched,Joggle,da476ab0afe8d44c9b294c59b39ba82219f3522c,efficientnet-lite4-11-qdq,1deb63f203172bf5412eebd780fa7b6777f973600d22aca7995a1e7839be1777,4318,181,operation_metadata,affected,middle,full,all,1,127382750,21590,5,5,0,9312030c5d93640c,true,1701
matched,Joggle,da476ab0afe8d44c9b294c59b39ba82219f3522c,efficientnet-lite4-11-qdq,1deb63f203172bf5412eebd780fa7b6777f973600d22aca7995a1e7839be1777,4318,181,operation_metadata,affected,middle,full,all,2,126330583,21590,5,5,0,470f082403832f7b,true,1701
matched,Joggle,da476ab0afe8d44c9b294c59b39ba82219f3522c,efficientnet-lite4-11-qdq,1deb63f203172bf5412eebd780fa7b6777f973600d22aca7995a1e7839be1777,4318,181,operation_metadata,affected,middle,full,all,3,126489209,21590,5,5,0,e04203b7c8756e16,true,1701
matched,Joggle,da476ab0afe8d44c9b294c59b39ba82219f3522c,efficientnet-lite4-11-qdq,1deb63f203172bf5412eebd780fa7b6777f973600d22aca7995a1e7839be1777,4318,181,operation_metadata,affected,middle,full,all,4,126473416,21590,5,5,0,8865537d5bc84a0d,true,1701
matched,Joggle,da476ab0afe8d44c9b294c59b39ba82219f3522c,efficientnet-lite4-11-qdq,1deb63f203172bf5412eebd780fa7b6777f973600d22aca7995a1e7839be1777,4318,181,operation_metadata,affected,middle,full,all,5,127776208,21590,5,5,0,dc4a2fbf239c4a88,true,1701
matched,Joggle,da476ab0afe8d44c9b294c59b39ba82219f3522c,efficientnet-lite4-11-qdq,1deb63f203172bf5412eebd780fa7b6777f973600d22aca7995a1e7839be1777,4318,181,operation_metadata,affected,middle,full,all,6,131488792,21590,5,5,0,c8cb66c1d41e1e0e,true,1701
matched,Joggle,da476ab0afe8d44c9b294c59b39ba82219f3522c,efficientnet-lite4-11-qdq,1deb63f203172bf5412eebd780fa7b6777f973600d22aca7995a1e7839be1777,4318,181,operation_metadata,affected,middle,full,all,7,131906958,21590,5,5,0,07428bd4d4847553,true,1701
matched,Joggle,da476ab0afe8d44c9b294c59b39ba82219f3522c,efficientnet-lite4-11-qdq,1deb63f203172bf5412eebd780fa7b6777f973600d22aca7995a1e7839be1777,4318,181,operation_metadata,affected,middle,full,all,8,134762292,21590,5,5,0,77479413d9dba4e4,true,1701
matched,Joggle,da476ab0afe8d44c9b294c59b39ba82219f3522c,efficientnet-lite4-11-qdq,1deb63f203172bf5412eebd780fa7b6777f973600d22aca7995a1e7839be1777,4318,181,operation_metadata,affected,middle,full,all,9,132827250,21590,5,5,0,eb3018e3fd5e3249,true,1701
matched,Joggle,da476ab0afe8d44c9b294c59b39ba82219f3522c,efficientnet-lite4-11-qdq,1deb63f203172bf5412eebd780fa7b6777f973600d22aca7995a1e7839be1777,4318,181,operation_metadata,unrelated,middle,full,all,0,132085875,21590,5,5,0,88507f7b3b82bcca,true,1701
matched,Joggle,da476ab0afe8d44c9b294c59b39ba82219f3522c,efficientnet-lite4-11-qdq,1deb63f203172bf5412eebd780fa7b6777f973600d22aca7995a1e7839be1777,4318,181,operation_metadata,unrelated,middle,full,all,1,130984625,21590,5,5,0,88507f7b3b82bcca,true,1701
matched,Joggle,da476ab0afe8d44c9b294c59b39ba82219f3522c,efficientnet-lite4-11-qdq,1deb63f203172bf5412eebd780fa7b6777f973600d22aca7995a1e7839be1777,4318,181,operation_metadata,unrelated,middle,full,all,2,130911750,21590,5,5,0,88507f7b3b82bcca,true,1701
matched,Joggle,da476ab0afe8d44c9b294c59b39ba82219f3522c,efficientnet-lite4-11-qdq,1deb63f203172bf5412eebd780fa7b6777f973600d22aca7995a1e7839be1777,4318,181,operation_metadata,unrelated,middle,full,all,3,129452958,21590,5,5,0,88507f7b3b82bcca,true,1701
matched,Joggle,da476ab0afe8d44c9b294c59b39ba82219f3522c,efficientnet-lite4-11-qdq,1deb63f203172bf5412eebd780fa7b6777f973600d22aca7995a1e7839be1777,4318,181,operation_metadata,unrelated,middle,full,all,4,130818459,21590,5,5,0,88507f7b3b82bcca,true,1701
matched,Joggle,da476ab0afe8d44c9b294c59b39ba82219f3522c,efficientnet-lite4-11-qdq,1deb63f203172bf5412eebd780fa7b6777f973600d22aca7995a1e7839be1777,4318,181,operation_metadata,unrelated,middle,full,all,5,130606916,21590,5,5,0,88507f7b3b82bcca,true,1701
matched,Joggle,da476ab0afe8d44c9b294c59b39ba82219f3522c,efficientnet-lite4-11-qdq,1deb63f203172bf5412eebd780fa7b6777f973600d22aca7995a1e7839be1777,4318,181,operation_metadata,unrelated,middle,full,all,6,130051125,21590,5,5,0,88507f7b3b82bcca,true,1701
matched,Joggle,da476ab0afe8d44c9b294c59b39ba82219f3522c,efficientnet-lite4-11-qdq,1deb63f203172bf5412eebd780fa7b6777f973600d22aca7995a1e7839be1777,4318,181,operation_metadata,unrelated,middle,full,all,7,129147875,21590,5,5,0,88507f7b3b82bcca,true,1701
matched,Joggle,da476ab0afe8d44c9b294c59b39ba82219f3522c,efficientnet-lite4-11-qdq,1deb63f203172bf5412eebd780fa7b6777f973600d22aca7995a1e7839be1777,4318,181,operation_metadata,unrelated,middle,full,all,8,125477417,21590,5,5,0,88507f7b3b82bcca,true,1701
matched,Joggle,da476ab0afe8d44c9b294c59b39ba82219f3522c,efficientnet-lite4-11-qdq,1deb63f203172bf5412eebd780fa7b6777f973600d22aca7995a1e7839be1777,4318,181,operation_metadata,unrelated,middle,full,all,9,126183375,21590,5,5,0,88507f7b3b82bcca,true,1701
matched,Joggle,da476ab0afe8d44c9b294c59b39ba82219f3522c,shufflenet-v2-12,2970f92c12a3a9105acd03839fe3abe1db8888e293454f120028345af5457dcb,1843,115,operation_metadata,affected,middle,full,all,0,51696292,9215,5,5,0,af9388593c1636a3,true,1701
matched,Joggle,da476ab0afe8d44c9b294c59b39ba82219f3522c,shufflenet-v2-12,2970f92c12a3a9105acd03839fe3abe1db8888e293454f120028345af5457dcb,1843,115,operation_metadata,affected,middle,full,all,1,52213834,9215,5,5,0,d0c6bfcc2c02e744,true,1701
matched,Joggle,da476ab0afe8d44c9b294c59b39ba82219f3522c,shufflenet-v2-12,2970f92c12a3a9105acd03839fe3abe1db8888e293454f120028345af5457dcb,1843,115,operation_metadata,affected,middle,full,all,2,52821542,9215,5,5,0,958c4d0a91f52941,true,1701
matched,Joggle,da476ab0afe8d44c9b294c59b39ba82219f3522c,shufflenet-v2-12,2970f92c12a3a9105acd03839fe3abe1db8888e293454f120028345af5457dcb,1843,115,operation_metadata,affected,middle,full,all,3,52312708,9215,5,5,0,ea3f2aa2dc088ab2,true,1701
matched,Joggle,da476ab0afe8d44c9b294c59b39ba82219f3522c,shufflenet-v2-12,2970f92c12a3a9105acd03839fe3abe1db8888e293454f120028345af5457dcb,1843,115,operation_metadata,affected,middle,full,all,4,51412959,9215,5,5,0,8bdd1c1b32c3aacf,true,1701
matched,Joggle,da476ab0afe8d44c9b294c59b39ba82219f3522c,shufflenet-v2-12,2970f92c12a3a9105acd03839fe3abe1db8888e293454f120028345af5457dcb,1843,115,operation_metadata,affected,middle,full,all,5,51640625,9215,5,5,0,6b5db9889b7e48e0,true,1701
matched,Joggle,da476ab0afe8d44c9b294c59b39ba82219f3522c,shufflenet-v2-12,2970f92c12a3a9105acd03839fe3abe1db8888e293454f120028345af5457dcb,1843,115,operation_metadata,affected,middle,full,all,6,52412833,9215,5,5,0,7e7c89dec093e9f6,true,1701
matched,Joggle,da476ab0afe8d44c9b294c59b39ba82219f3522c,shufflenet-v2-12,2970f92c12a3a9105acd03839fe3abe1db8888e293454f120028345af5457dcb,1843,115,operation_metadata,affected,middle,full,all,7,52905917,9215,5,5,0,2f2fe726671487d5,true,1701
matched,Joggle,da476ab0afe8d44c9b294c59b39ba82219f3522c,shufflenet-v2-12,2970f92c12a3a9105acd03839fe3abe1db8888e293454f120028345af5457dcb,1843,115,operation_metadata,affected,middle,full,all,8,52456041,9215,5,5,0,b5da7ee5d4b97f98,true,1701
matched,Joggle,da476ab0afe8d44c9b294c59b39ba82219f3522c,shufflenet-v2-12,2970f92c12a3a9105acd03839fe3abe1db8888e293454f120028345af5457dcb,1843,115,operation_metadata,affected,middle,full,all,9,52047125,9215,5,5,0,250e61e4d5173687,true,1701
matched,Joggle,da476ab0afe8d44c9b294c59b39ba82219f3522c,shufflenet-v2-12,2970f92c12a3a9105acd03839fe3abe1db8888e293454f120028345af5457dcb,1843,115,operation_metadata,unrelated,middle,full,all,0,52083625,9215,5,5,0,129be3f7286a113a,true,1701
matched,Joggle,da476ab0afe8d44c9b294c59b39ba82219f3522c,shufflenet-v2-12,2970f92c12a3a9105acd03839fe3abe1db8888e293454f120028345af5457dcb,1843,115,operation_metadata,unrelated,middle,full,all,1,52724208,9215,5,5,0,129be3f7286a113a,true,1701
matched,Joggle,da476ab0afe8d44c9b294c59b39ba82219f3522c,shufflenet-v2-12,2970f92c12a3a9105acd03839fe3abe1db8888e293454f120028345af5457dcb,1843,115,operation_metadata,unrelated,middle,full,all,2,51462333,9215,5,5,0,129be3f7286a113a,true,1701
matched,Joggle,da476ab0afe8d44c9b294c59b39ba82219f3522c,shufflenet-v2-12,2970f92c12a3a9105acd03839fe3abe1db8888e293454f120028345af5457dcb,1843,115,operation_metadata,unrelated,middle,full,all,3,51929750,9215,5,5,0,129be3f7286a113a,true,1701
matched,Joggle,da476ab0afe8d44c9b294c59b39ba82219f3522c,shufflenet-v2-12,2970f92c12a3a9105acd03839fe3abe1db8888e293454f120028345af5457dcb,1843,115,operation_metadata,unrelated,middle,full,all,4,52303541,9215,5,5,0,129be3f7286a113a,true,1701
matched,Joggle,da476ab0afe8d44c9b294c59b39ba82219f3522c,shufflenet-v2-12,2970f92c12a3a9105acd03839fe3abe1db8888e293454f120028345af5457dcb,1843,115,operation_metadata,unrelated,middle,full,all,5,51950875,9215,5,5,0,129be3f7286a113a,true,1701
matched,Joggle,da476ab0afe8d44c9b294c59b39ba82219f3522c,shufflenet-v2-12,2970f92c12a3a9105acd03839fe3abe1db8888e293454f120028345af5457dcb,1843,115,operation_metadata,unrelated,middle,full,all,6,52381709,9215,5,5,0,129be3f7286a113a,true,1701
matched,Joggle,da476ab0afe8d44c9b294c59b39ba82219f3522c,shufflenet-v2-12,2970f92c12a3a9105acd03839fe3abe1db8888e293454f120028345af5457dcb,1843,115,operation_metadata,unrelated,middle,full,all,7,51498792,9215,5,5,0,129be3f7286a113a,true,1701
matched,Joggle,da476ab0afe8d44c9b294c59b39ba82219f3522c,shufflenet-v2-12,2970f92c12a3a9105acd03839fe3abe1db8888e293454f120028345af5457dcb,1843,115,operation_metadata,unrelated,middle,full,all,8,52051583,9215,5,5,0,129be3f7286a113a,true,1701
matched,Joggle,da476ab0afe8d44c9b294c59b39ba82219f3522c,shufflenet-v2-12,2970f92c12a3a9105acd03839fe3abe1db8888e293454f120028345af5457dcb,1843,115,operation_metadata,unrelated,middle,full,all,9,52651875,9215,5,5,0,129be3f7286a113a,true,1701
matched,Joggle,da476ab0afe8d44c9b294c59b39ba82219f3522c,mnist-8,2f06e72de813a8635c9bc0397ac447a601bdbfa7df4bebc278723b958831c9bf,69,3,operation_metadata,affected,early,full,all,0,2017708,345,5,5,0,53c630b7239322e4,true,1701
matched,Joggle,da476ab0afe8d44c9b294c59b39ba82219f3522c,mnist-8,2f06e72de813a8635c9bc0397ac447a601bdbfa7df4bebc278723b958831c9bf,69,3,operation_metadata,affected,early,full,all,1,2055292,345,5,5,0,f67c6842b0e8b243,true,1701
matched,Joggle,da476ab0afe8d44c9b294c59b39ba82219f3522c,mnist-8,2f06e72de813a8635c9bc0397ac447a601bdbfa7df4bebc278723b958831c9bf,69,3,operation_metadata,affected,early,full,all,2,2041000,345,5,5,0,d56fdc181b8fdc2a,true,1701
matched,Joggle,da476ab0afe8d44c9b294c59b39ba82219f3522c,mnist-8,2f06e72de813a8635c9bc0397ac447a601bdbfa7df4bebc278723b958831c9bf,69,3,operation_metadata,affected,early,full,all,3,2120625,345,5,5,0,b40a55668a5413c1,true,1701
matched,Joggle,da476ab0afe8d44c9b294c59b39ba82219f3522c,mnist-8,2f06e72de813a8635c9bc0397ac447a601bdbfa7df4bebc278723b958831c9bf,69,3,operation_metadata,affected,early,full,all,4,2087584,345,5,5,0,c17bed0be89386c8,true,1701
matched,Joggle,da476ab0afe8d44c9b294c59b39ba82219f3522c,mnist-8,2f06e72de813a8635c9bc0397ac447a601bdbfa7df4bebc278723b958831c9bf,69,3,operation_metadata,affected,early,full,all,5,2048250,345,5,5,0,ce27f914a34db2c7,true,1701
matched,Joggle,da476ab0afe8d44c9b294c59b39ba82219f3522c,mnist-8,2f06e72de813a8635c9bc0397ac447a601bdbfa7df4bebc278723b958831c9bf,69,3,operation_metadata,affected,early,full,all,6,2055416,345,5,5,0,c4edc5015ea054f9,true,1701
matched,Joggle,da476ab0afe8d44c9b294c59b39ba82219f3522c,mnist-8,2f06e72de813a8635c9bc0397ac447a601bdbfa7df4bebc278723b958831c9bf,69,3,operation_metadata,affected,early,full,all,7,2065250,345,5,5,0,83fc66ea29351862,true,1701
matched,Joggle,da476ab0afe8d44c9b294c59b39ba82219f3522c,mnist-8,2f06e72de813a8635c9bc0397ac447a601bdbfa7df4bebc278723b958831c9bf,69,3,operation_metadata,affected,early,full,all,8,2057875,345,5,5,0,99ffd430ced48efb,true,1701
matched,Joggle,da476ab0afe8d44c9b294c59b39ba82219f3522c,mnist-8,2f06e72de813a8635c9bc0397ac447a601bdbfa7df4bebc278723b958831c9bf,69,3,operation_metadata,affected,early,full,all,9,2103500,345,5,5,0,ee0f286cca841d9c,true,1701
matched,Joggle,da476ab0afe8d44c9b294c59b39ba82219f3522c,mnist-8,2f06e72de813a8635c9bc0397ac447a601bdbfa7df4bebc278723b958831c9bf,69,3,operation_metadata,unrelated,early,full,all,0,2007166,345,5,5,0,3d826d4edb70712d,true,1701
matched,Joggle,da476ab0afe8d44c9b294c59b39ba82219f3522c,mnist-8,2f06e72de813a8635c9bc0397ac447a601bdbfa7df4bebc278723b958831c9bf,69,3,operation_metadata,unrelated,early,full,all,1,2242709,345,5,5,0,3d826d4edb70712d,true,1701
matched,Joggle,da476ab0afe8d44c9b294c59b39ba82219f3522c,mnist-8,2f06e72de813a8635c9bc0397ac447a601bdbfa7df4bebc278723b958831c9bf,69,3,operation_metadata,unrelated,early,full,all,2,2127083,345,5,5,0,3d826d4edb70712d,true,1701
matched,Joggle,da476ab0afe8d44c9b294c59b39ba82219f3522c,mnist-8,2f06e72de813a8635c9bc0397ac447a601bdbfa7df4bebc278723b958831c9bf,69,3,operation_metadata,unrelated,early,full,all,3,2106625,345,5,5,0,3d826d4edb70712d,true,1701
matched,Joggle,da476ab0afe8d44c9b294c59b39ba82219f3522c,mnist-8,2f06e72de813a8635c9bc0397ac447a601bdbfa7df4bebc278723b958831c9bf,69,3,operation_metadata,unrelated,early,full,all,4,2125458,345,5,5,0,3d826d4edb70712d,true,1701
matched,Joggle,da476ab0afe8d44c9b294c59b39ba82219f3522c,mnist-8,2f06e72de813a8635c9bc0397ac447a601bdbfa7df4bebc278723b958831c9bf,69,3,operation_metadata,unrelated,early,full,all,5,2083208,345,5,5,0,3d826d4edb70712d,true,1701
matched,Joggle,da476ab0afe8d44c9b294c59b39ba82219f3522c,mnist-8,2f06e72de813a8635c9bc0397ac447a601bdbfa7df4bebc278723b958831c9bf,69,3,operation_metadata,unrelated,early,full,all,6,2113458,345,5,5,0,3d826d4edb70712d,true,1701
matched,Joggle,da476ab0afe8d44c9b294c59b39ba82219f3522c,mnist-8,2f06e72de813a8635c9bc0397ac447a601bdbfa7df4bebc278723b958831c9bf,69,3,operation_metadata,unrelated,early,full,all,7,2096333,345,5,5,0,3d826d4edb70712d,true,1701
matched,Joggle,da476ab0afe8d44c9b294c59b39ba82219f3522c,mnist-8,2f06e72de813a8635c9bc0397ac447a601bdbfa7df4bebc278723b958831c9bf,69,3,operation_metadata,unrelated,early,full,all,8,2152875,345,5,5,0,3d826d4edb70712d,true,1701
matched,Joggle,da476ab0afe8d44c9b294c59b39ba82219f3522c,mnist-8,2f06e72de813a8635c9bc0397ac447a601bdbfa7df4bebc278723b958831c9bf,69,3,operation_metadata,unrelated,early,full,all,9,2142584,345,5,5,0,3d826d4edb70712d,true,1701
matched,Joggle,da476ab0afe8d44c9b294c59b39ba82219f3522c,mobilenetv2-7,8f78e569922a964ef0c303e08cf82f01d4891f97a2ac87fa6061f8a987924a5a,1655,1,operation_metadata,affected,late,full,all,0,44394333,8275,5,5,0,de277d00d73e4d13,true,1701
matched,Joggle,da476ab0afe8d44c9b294c59b39ba82219f3522c,mobilenetv2-7,8f78e569922a964ef0c303e08cf82f01d4891f97a2ac87fa6061f8a987924a5a,1655,1,operation_metadata,affected,late,full,all,1,45167708,8275,5,5,0,5385dea131e43e4a,true,1701
matched,Joggle,da476ab0afe8d44c9b294c59b39ba82219f3522c,mobilenetv2-7,8f78e569922a964ef0c303e08cf82f01d4891f97a2ac87fa6061f8a987924a5a,1655,1,operation_metadata,affected,late,full,all,2,44971750,8275,5,5,0,a10090d827f4c059,true,1701
matched,Joggle,da476ab0afe8d44c9b294c59b39ba82219f3522c,mobilenetv2-7,8f78e569922a964ef0c303e08cf82f01d4891f97a2ac87fa6061f8a987924a5a,1655,1,operation_metadata,affected,late,full,all,3,45595459,8275,5,5,0,0581dbfe13baf168,true,1701
matched,Joggle,da476ab0afe8d44c9b294c59b39ba82219f3522c,mobilenetv2-7,8f78e569922a964ef0c303e08cf82f01d4891f97a2ac87fa6061f8a987924a5a,1655,1,operation_metadata,affected,late,full,all,4,45029083,8275,5,5,0,2a5d66d78663d177,true,1701
matched,Joggle,da476ab0afe8d44c9b294c59b39ba82219f3522c,mobilenetv2-7,8f78e569922a964ef0c303e08cf82f01d4891f97a2ac87fa6061f8a987924a5a,1655,1,operation_metadata,affected,late,full,all,5,46080792,8275,5,5,0,dac18372cc4b113e,true,1701
matched,Joggle,da476ab0afe8d44c9b294c59b39ba82219f3522c,mobilenetv2-7,8f78e569922a964ef0c303e08cf82f01d4891f97a2ac87fa6061f8a987924a5a,1655,1,operation_metadata,affected,late,full,all,6,45246834,8275,5,5,0,8660ea43edb6e794,true,1701
matched,Joggle,da476ab0afe8d44c9b294c59b39ba82219f3522c,mobilenetv2-7,8f78e569922a964ef0c303e08cf82f01d4891f97a2ac87fa6061f8a987924a5a,1655,1,operation_metadata,affected,late,full,all,7,46255292,8275,5,5,0,c53935d223007ed5,true,1701
matched,Joggle,da476ab0afe8d44c9b294c59b39ba82219f3522c,mobilenetv2-7,8f78e569922a964ef0c303e08cf82f01d4891f97a2ac87fa6061f8a987924a5a,1655,1,operation_metadata,affected,late,full,all,8,45769042,8275,5,5,0,7dd9f6d7f6861d06,true,1701
matched,Joggle,da476ab0afe8d44c9b294c59b39ba82219f3522c,mobilenetv2-7,8f78e569922a964ef0c303e08cf82f01d4891f97a2ac87fa6061f8a987924a5a,1655,1,operation_metadata,affected,late,full,all,9,45641666,8275,5,5,0,0662fb1f2b6ba4ff,true,1701
matched,Joggle,da476ab0afe8d44c9b294c59b39ba82219f3522c,mobilenetv2-7,8f78e569922a964ef0c303e08cf82f01d4891f97a2ac87fa6061f8a987924a5a,1655,1,operation_metadata,unrelated,late,full,all,0,45512791,8275,5,5,0,69118f7b801fe880,true,1701
matched,Joggle,da476ab0afe8d44c9b294c59b39ba82219f3522c,mobilenetv2-7,8f78e569922a964ef0c303e08cf82f01d4891f97a2ac87fa6061f8a987924a5a,1655,1,operation_metadata,unrelated,late,full,all,1,44652459,8275,5,5,0,69118f7b801fe880,true,1701
matched,Joggle,da476ab0afe8d44c9b294c59b39ba82219f3522c,mobilenetv2-7,8f78e569922a964ef0c303e08cf82f01d4891f97a2ac87fa6061f8a987924a5a,1655,1,operation_metadata,unrelated,late,full,all,2,45448084,8275,5,5,0,69118f7b801fe880,true,1701
matched,Joggle,da476ab0afe8d44c9b294c59b39ba82219f3522c,mobilenetv2-7,8f78e569922a964ef0c303e08cf82f01d4891f97a2ac87fa6061f8a987924a5a,1655,1,operation_metadata,unrelated,late,full,all,3,45758000,8275,5,5,0,69118f7b801fe880,true,1701
matched,Joggle,da476ab0afe8d44c9b294c59b39ba82219f3522c,mobilenetv2-7,8f78e569922a964ef0c303e08cf82f01d4891f97a2ac87fa6061f8a987924a5a,1655,1,operation_metadata,unrelated,late,full,all,4,45012208,8275,5,5,0,69118f7b801fe880,true,1701
matched,Joggle,da476ab0afe8d44c9b294c59b39ba82219f3522c,mobilenetv2-7,8f78e569922a964ef0c303e08cf82f01d4891f97a2ac87fa6061f8a987924a5a,1655,1,operation_metadata,unrelated,late,full,all,5,45633333,8275,5,5,0,69118f7b801fe880,true,1701
matched,Joggle,da476ab0afe8d44c9b294c59b39ba82219f3522c,mobilenetv2-7,8f78e569922a964ef0c303e08cf82f01d4891f97a2ac87fa6061f8a987924a5a,1655,1,operation_metadata,unrelated,late,full,all,6,45622708,8275,5,5,0,69118f7b801fe880,true,1701
matched,Joggle,da476ab0afe8d44c9b294c59b39ba82219f3522c,mobilenetv2-7,8f78e569922a964ef0c303e08cf82f01d4891f97a2ac87fa6061f8a987924a5a,1655,1,operation_metadata,unrelated,late,full,all,7,45567291,8275,5,5,0,69118f7b801fe880,true,1701
matched,Joggle,da476ab0afe8d44c9b294c59b39ba82219f3522c,mobilenetv2-7,8f78e569922a964ef0c303e08cf82f01d4891f97a2ac87fa6061f8a987924a5a,1655,1,operation_metadata,unrelated,late,full,all,8,45587167,8275,5,5,0,69118f7b801fe880,true,1701
matched,Joggle,da476ab0afe8d44c9b294c59b39ba82219f3522c,mobilenetv2-7,8f78e569922a964ef0c303e08cf82f01d4891f97a2ac87fa6061f8a987924a5a,1655,1,operation_metadata,unrelated,late,full,all,9,45363416,8275,5,5,0,69118f7b801fe880,true,1701
matched,Joggle,da476ab0afe8d44c9b294c59b39ba82219f3522c,efficientnet-lite4-11-int8,910b599a335fdb006b4687e8fbbc9b898df9dafd51b64675e8627a1c639a47b9,3679,122,operation_metadata,affected,early,update,all,0,9640667,610,5,5,0,c1d31fc0f7164570,true,1701
matched,Joggle,da476ab0afe8d44c9b294c59b39ba82219f3522c,efficientnet-lite4-11-int8,910b599a335fdb006b4687e8fbbc9b898df9dafd51b64675e8627a1c639a47b9,3679,122,operation_metadata,affected,early,update,all,1,9649583,610,5,5,0,f1ae4c173e09a249,true,1701
matched,Joggle,da476ab0afe8d44c9b294c59b39ba82219f3522c,efficientnet-lite4-11-int8,910b599a335fdb006b4687e8fbbc9b898df9dafd51b64675e8627a1c639a47b9,3679,122,operation_metadata,affected,early,update,all,2,9670208,610,5,5,0,884c2a1087318ee6,true,1701
matched,Joggle,da476ab0afe8d44c9b294c59b39ba82219f3522c,efficientnet-lite4-11-int8,910b599a335fdb006b4687e8fbbc9b898df9dafd51b64675e8627a1c639a47b9,3679,122,operation_metadata,affected,early,update,all,3,10137375,610,5,5,0,ce03b31773e23507,true,1701
matched,Joggle,da476ab0afe8d44c9b294c59b39ba82219f3522c,efficientnet-lite4-11-int8,910b599a335fdb006b4687e8fbbc9b898df9dafd51b64675e8627a1c639a47b9,3679,122,operation_metadata,affected,early,update,all,4,8837000,610,5,5,0,653a0c1259aeb5a4,true,1701
matched,Joggle,da476ab0afe8d44c9b294c59b39ba82219f3522c,efficientnet-lite4-11-int8,910b599a335fdb006b4687e8fbbc9b898df9dafd51b64675e8627a1c639a47b9,3679,122,operation_metadata,affected,early,update,all,5,9636083,610,5,5,0,91840fbc3ade1f6d,true,1701
matched,Joggle,da476ab0afe8d44c9b294c59b39ba82219f3522c,efficientnet-lite4-11-int8,910b599a335fdb006b4687e8fbbc9b898df9dafd51b64675e8627a1c639a47b9,3679,122,operation_metadata,affected,early,update,all,6,9239250,610,5,5,0,96849dbea4224757,true,1701
matched,Joggle,da476ab0afe8d44c9b294c59b39ba82219f3522c,efficientnet-lite4-11-int8,910b599a335fdb006b4687e8fbbc9b898df9dafd51b64675e8627a1c639a47b9,3679,122,operation_metadata,affected,early,update,all,7,9533708,610,5,5,0,5f59638aaed3c4f6,true,1701
matched,Joggle,da476ab0afe8d44c9b294c59b39ba82219f3522c,efficientnet-lite4-11-int8,910b599a335fdb006b4687e8fbbc9b898df9dafd51b64675e8627a1c639a47b9,3679,122,operation_metadata,affected,early,update,all,8,9654250,610,5,5,0,1098f91721734199,true,1701
matched,Joggle,da476ab0afe8d44c9b294c59b39ba82219f3522c,efficientnet-lite4-11-int8,910b599a335fdb006b4687e8fbbc9b898df9dafd51b64675e8627a1c639a47b9,3679,122,operation_metadata,affected,early,update,all,9,9420750,610,5,5,0,a8a4435de0611dc0,true,1701
matched,Joggle,da476ab0afe8d44c9b294c59b39ba82219f3522c,efficientnet-lite4-11-int8,910b599a335fdb006b4687e8fbbc9b898df9dafd51b64675e8627a1c639a47b9,3679,122,operation_metadata,unrelated,early,update,all,0,730084,0,0,5,0,9821dae0d4042b53,true,1701
matched,Joggle,da476ab0afe8d44c9b294c59b39ba82219f3522c,efficientnet-lite4-11-int8,910b599a335fdb006b4687e8fbbc9b898df9dafd51b64675e8627a1c639a47b9,3679,122,operation_metadata,unrelated,early,update,all,1,709875,0,0,5,0,9821dae0d4042b53,true,1701
matched,Joggle,da476ab0afe8d44c9b294c59b39ba82219f3522c,efficientnet-lite4-11-int8,910b599a335fdb006b4687e8fbbc9b898df9dafd51b64675e8627a1c639a47b9,3679,122,operation_metadata,unrelated,early,update,all,2,688083,0,0,5,0,9821dae0d4042b53,true,1701
matched,Joggle,da476ab0afe8d44c9b294c59b39ba82219f3522c,efficientnet-lite4-11-int8,910b599a335fdb006b4687e8fbbc9b898df9dafd51b64675e8627a1c639a47b9,3679,122,operation_metadata,unrelated,early,update,all,3,713583,0,0,5,0,9821dae0d4042b53,true,1701
matched,Joggle,da476ab0afe8d44c9b294c59b39ba82219f3522c,efficientnet-lite4-11-int8,910b599a335fdb006b4687e8fbbc9b898df9dafd51b64675e8627a1c639a47b9,3679,122,operation_metadata,unrelated,early,update,all,4,686916,0,0,5,0,9821dae0d4042b53,true,1701
matched,Joggle,da476ab0afe8d44c9b294c59b39ba82219f3522c,efficientnet-lite4-11-int8,910b599a335fdb006b4687e8fbbc9b898df9dafd51b64675e8627a1c639a47b9,3679,122,operation_metadata,unrelated,early,update,all,5,687708,0,0,5,0,9821dae0d4042b53,true,1701
matched,Joggle,da476ab0afe8d44c9b294c59b39ba82219f3522c,efficientnet-lite4-11-int8,910b599a335fdb006b4687e8fbbc9b898df9dafd51b64675e8627a1c639a47b9,3679,122,operation_metadata,unrelated,early,update,all,6,693042,0,0,5,0,9821dae0d4042b53,true,1701
matched,Joggle,da476ab0afe8d44c9b294c59b39ba82219f3522c,efficientnet-lite4-11-int8,910b599a335fdb006b4687e8fbbc9b898df9dafd51b64675e8627a1c639a47b9,3679,122,operation_metadata,unrelated,early,update,all,7,690542,0,0,5,0,9821dae0d4042b53,true,1701
matched,Joggle,da476ab0afe8d44c9b294c59b39ba82219f3522c,efficientnet-lite4-11-int8,910b599a335fdb006b4687e8fbbc9b898df9dafd51b64675e8627a1c639a47b9,3679,122,operation_metadata,unrelated,early,update,all,8,689000,0,0,5,0,9821dae0d4042b53,true,1701
matched,Joggle,da476ab0afe8d44c9b294c59b39ba82219f3522c,efficientnet-lite4-11-int8,910b599a335fdb006b4687e8fbbc9b898df9dafd51b64675e8627a1c639a47b9,3679,122,operation_metadata,unrelated,early,update,all,9,692583,0,0,5,0,9821dae0d4042b53,true,1701
matched,Joggle,da476ab0afe8d44c9b294c59b39ba82219f3522c,ssd-mobilenetv1-12,3d69b3dced4b3dc38f4348402bb75df145ab5f8bf11831f1af01b3459b31b017,13863,1,operation_metadata,affected,late,update,all,0,195125,5,5,5,0,b862b347ae175134,true,1701
matched,Joggle,da476ab0afe8d44c9b294c59b39ba82219f3522c,ssd-mobilenetv1-12,3d69b3dced4b3dc38f4348402bb75df145ab5f8bf11831f1af01b3459b31b017,13863,1,operation_metadata,affected,late,update,all,1,194083,5,5,5,0,f13b125e9964fb11,true,1701
matched,Joggle,da476ab0afe8d44c9b294c59b39ba82219f3522c,ssd-mobilenetv1-12,3d69b3dced4b3dc38f4348402bb75df145ab5f8bf11831f1af01b3459b31b017,13863,1,operation_metadata,affected,late,update,all,2,190958,5,5,5,0,7637cce5500bc2a2,true,1701
matched,Joggle,da476ab0afe8d44c9b294c59b39ba82219f3522c,ssd-mobilenetv1-12,3d69b3dced4b3dc38f4348402bb75df145ab5f8bf11831f1af01b3459b31b017,13863,1,operation_metadata,affected,late,update,all,3,192500,5,5,5,0,c1d893beefe0493f,true,1701
matched,Joggle,da476ab0afe8d44c9b294c59b39ba82219f3522c,ssd-mobilenetv1-12,3d69b3dced4b3dc38f4348402bb75df145ab5f8bf11831f1af01b3459b31b017,13863,1,operation_metadata,affected,late,update,all,4,191958,5,5,5,0,f9c7575033662058,true,1701
matched,Joggle,da476ab0afe8d44c9b294c59b39ba82219f3522c,ssd-mobilenetv1-12,3d69b3dced4b3dc38f4348402bb75df145ab5f8bf11831f1af01b3459b31b017,13863,1,operation_metadata,affected,late,update,all,5,192500,5,5,5,0,dd9a7fcb35d90915,true,1701
matched,Joggle,da476ab0afe8d44c9b294c59b39ba82219f3522c,ssd-mobilenetv1-12,3d69b3dced4b3dc38f4348402bb75df145ab5f8bf11831f1af01b3459b31b017,13863,1,operation_metadata,affected,late,update,all,6,190708,5,5,5,0,9bd46dff5bba6eef,true,1701
matched,Joggle,da476ab0afe8d44c9b294c59b39ba82219f3522c,ssd-mobilenetv1-12,3d69b3dced4b3dc38f4348402bb75df145ab5f8bf11831f1af01b3459b31b017,13863,1,operation_metadata,affected,late,update,all,7,190833,5,5,5,0,fcd6cbf781ee7612,true,1701
matched,Joggle,da476ab0afe8d44c9b294c59b39ba82219f3522c,ssd-mobilenetv1-12,3d69b3dced4b3dc38f4348402bb75df145ab5f8bf11831f1af01b3459b31b017,13863,1,operation_metadata,affected,late,update,all,8,189959,5,5,5,0,039665c5865c5041,true,1701
matched,Joggle,da476ab0afe8d44c9b294c59b39ba82219f3522c,ssd-mobilenetv1-12,3d69b3dced4b3dc38f4348402bb75df145ab5f8bf11831f1af01b3459b31b017,13863,1,operation_metadata,affected,late,update,all,9,188083,5,5,5,0,fc5c8505381f20e4,true,1701
matched,Joggle,da476ab0afe8d44c9b294c59b39ba82219f3522c,ssd-mobilenetv1-12,3d69b3dced4b3dc38f4348402bb75df145ab5f8bf11831f1af01b3459b31b017,13863,1,operation_metadata,unrelated,late,update,all,0,13833,0,0,5,0,0f5941335deeab4d,true,1701
matched,Joggle,da476ab0afe8d44c9b294c59b39ba82219f3522c,ssd-mobilenetv1-12,3d69b3dced4b3dc38f4348402bb75df145ab5f8bf11831f1af01b3459b31b017,13863,1,operation_metadata,unrelated,late,update,all,1,13667,0,0,5,0,0f5941335deeab4d,true,1701
matched,Joggle,da476ab0afe8d44c9b294c59b39ba82219f3522c,ssd-mobilenetv1-12,3d69b3dced4b3dc38f4348402bb75df145ab5f8bf11831f1af01b3459b31b017,13863,1,operation_metadata,unrelated,late,update,all,2,13417,0,0,5,0,0f5941335deeab4d,true,1701
matched,Joggle,da476ab0afe8d44c9b294c59b39ba82219f3522c,ssd-mobilenetv1-12,3d69b3dced4b3dc38f4348402bb75df145ab5f8bf11831f1af01b3459b31b017,13863,1,operation_metadata,unrelated,late,update,all,3,14791,0,0,5,0,0f5941335deeab4d,true,1701
matched,Joggle,da476ab0afe8d44c9b294c59b39ba82219f3522c,ssd-mobilenetv1-12,3d69b3dced4b3dc38f4348402bb75df145ab5f8bf11831f1af01b3459b31b017,13863,1,operation_metadata,unrelated,late,update,all,4,13333,0,0,5,0,0f5941335deeab4d,true,1701
matched,Joggle,da476ab0afe8d44c9b294c59b39ba82219f3522c,ssd-mobilenetv1-12,3d69b3dced4b3dc38f4348402bb75df145ab5f8bf11831f1af01b3459b31b017,13863,1,operation_metadata,unrelated,late,update,all,5,13167,0,0,5,0,0f5941335deeab4d,true,1701
matched,Joggle,da476ab0afe8d44c9b294c59b39ba82219f3522c,ssd-mobilenetv1-12,3d69b3dced4b3dc38f4348402bb75df145ab5f8bf11831f1af01b3459b31b017,13863,1,operation_metadata,unrelated,late,update,all,6,13083,0,0,5,0,0f5941335deeab4d,true,1701
matched,Joggle,da476ab0afe8d44c9b294c59b39ba82219f3522c,ssd-mobilenetv1-12,3d69b3dced4b3dc38f4348402bb75df145ab5f8bf11831f1af01b3459b31b017,13863,1,operation_metadata,unrelated,late,update,all,7,13000,0,0,5,0,0f5941335deeab4d,true,1701
matched,Joggle,da476ab0afe8d44c9b294c59b39ba82219f3522c,ssd-mobilenetv1-12,3d69b3dced4b3dc38f4348402bb75df145ab5f8bf11831f1af01b3459b31b017,13863,1,operation_metadata,unrelated,late,update,all,8,13042,0,0,5,0,0f5941335deeab4d,true,1701
matched,Joggle,da476ab0afe8d44c9b294c59b39ba82219f3522c,ssd-mobilenetv1-12,3d69b3dced4b3dc38f4348402bb75df145ab5f8bf11831f1af01b3459b31b017,13863,1,operation_metadata,unrelated,late,update,all,9,13041,0,0,5,0,0f5941335deeab4d,true,1701
matched,Joggle,da476ab0afe8d44c9b294c59b39ba82219f3522c,mobilenetv2-7,8f78e569922a964ef0c303e08cf82f01d4891f97a2ac87fa6061f8a987924a5a,1655,1,operation_metadata,affected,late,update,all,0,176917,5,5,5,0,de277d00d73e4d13,true,1701
matched,Joggle,da476ab0afe8d44c9b294c59b39ba82219f3522c,mobilenetv2-7,8f78e569922a964ef0c303e08cf82f01d4891f97a2ac87fa6061f8a987924a5a,1655,1,operation_metadata,affected,late,update,all,1,185667,5,5,5,0,5385dea131e43e4a,true,1701
matched,Joggle,da476ab0afe8d44c9b294c59b39ba82219f3522c,mobilenetv2-7,8f78e569922a964ef0c303e08cf82f01d4891f97a2ac87fa6061f8a987924a5a,1655,1,operation_metadata,affected,late,update,all,2,172417,5,5,5,0,a10090d827f4c059,true,1701
matched,Joggle,da476ab0afe8d44c9b294c59b39ba82219f3522c,mobilenetv2-7,8f78e569922a964ef0c303e08cf82f01d4891f97a2ac87fa6061f8a987924a5a,1655,1,operation_metadata,affected,late,update,all,3,172750,5,5,5,0,0581dbfe13baf168,true,1701
matched,Joggle,da476ab0afe8d44c9b294c59b39ba82219f3522c,mobilenetv2-7,8f78e569922a964ef0c303e08cf82f01d4891f97a2ac87fa6061f8a987924a5a,1655,1,operation_metadata,affected,late,update,all,4,177417,5,5,5,0,2a5d66d78663d177,true,1701
matched,Joggle,da476ab0afe8d44c9b294c59b39ba82219f3522c,mobilenetv2-7,8f78e569922a964ef0c303e08cf82f01d4891f97a2ac87fa6061f8a987924a5a,1655,1,operation_metadata,affected,late,update,all,5,181542,5,5,5,0,dac18372cc4b113e,true,1701
matched,Joggle,da476ab0afe8d44c9b294c59b39ba82219f3522c,mobilenetv2-7,8f78e569922a964ef0c303e08cf82f01d4891f97a2ac87fa6061f8a987924a5a,1655,1,operation_metadata,affected,late,update,all,6,176583,5,5,5,0,8660ea43edb6e794,true,1701
matched,Joggle,da476ab0afe8d44c9b294c59b39ba82219f3522c,mobilenetv2-7,8f78e569922a964ef0c303e08cf82f01d4891f97a2ac87fa6061f8a987924a5a,1655,1,operation_metadata,affected,late,update,all,7,174958,5,5,5,0,c53935d223007ed5,true,1701
matched,Joggle,da476ab0afe8d44c9b294c59b39ba82219f3522c,mobilenetv2-7,8f78e569922a964ef0c303e08cf82f01d4891f97a2ac87fa6061f8a987924a5a,1655,1,operation_metadata,affected,late,update,all,8,176375,5,5,5,0,7dd9f6d7f6861d06,true,1701
matched,Joggle,da476ab0afe8d44c9b294c59b39ba82219f3522c,mobilenetv2-7,8f78e569922a964ef0c303e08cf82f01d4891f97a2ac87fa6061f8a987924a5a,1655,1,operation_metadata,affected,late,update,all,9,175334,5,5,5,0,0662fb1f2b6ba4ff,true,1701
matched,Joggle,da476ab0afe8d44c9b294c59b39ba82219f3522c,mobilenetv2-7,8f78e569922a964ef0c303e08cf82f01d4891f97a2ac87fa6061f8a987924a5a,1655,1,operation_metadata,unrelated,late,update,all,0,13958,0,0,5,0,69118f7b801fe880,true,1701
matched,Joggle,da476ab0afe8d44c9b294c59b39ba82219f3522c,mobilenetv2-7,8f78e569922a964ef0c303e08cf82f01d4891f97a2ac87fa6061f8a987924a5a,1655,1,operation_metadata,unrelated,late,update,all,1,13625,0,0,5,0,69118f7b801fe880,true,1701
matched,Joggle,da476ab0afe8d44c9b294c59b39ba82219f3522c,mobilenetv2-7,8f78e569922a964ef0c303e08cf82f01d4891f97a2ac87fa6061f8a987924a5a,1655,1,operation_metadata,unrelated,late,update,all,2,12500,0,0,5,0,69118f7b801fe880,true,1701
matched,Joggle,da476ab0afe8d44c9b294c59b39ba82219f3522c,mobilenetv2-7,8f78e569922a964ef0c303e08cf82f01d4891f97a2ac87fa6061f8a987924a5a,1655,1,operation_metadata,unrelated,late,update,all,3,14333,0,0,5,0,69118f7b801fe880,true,1701
matched,Joggle,da476ab0afe8d44c9b294c59b39ba82219f3522c,mobilenetv2-7,8f78e569922a964ef0c303e08cf82f01d4891f97a2ac87fa6061f8a987924a5a,1655,1,operation_metadata,unrelated,late,update,all,4,12458,0,0,5,0,69118f7b801fe880,true,1701
matched,Joggle,da476ab0afe8d44c9b294c59b39ba82219f3522c,mobilenetv2-7,8f78e569922a964ef0c303e08cf82f01d4891f97a2ac87fa6061f8a987924a5a,1655,1,operation_metadata,unrelated,late,update,all,5,12084,0,0,5,0,69118f7b801fe880,true,1701
matched,Joggle,da476ab0afe8d44c9b294c59b39ba82219f3522c,mobilenetv2-7,8f78e569922a964ef0c303e08cf82f01d4891f97a2ac87fa6061f8a987924a5a,1655,1,operation_metadata,unrelated,late,update,all,6,11959,0,0,5,0,69118f7b801fe880,true,1701
matched,Joggle,da476ab0afe8d44c9b294c59b39ba82219f3522c,mobilenetv2-7,8f78e569922a964ef0c303e08cf82f01d4891f97a2ac87fa6061f8a987924a5a,1655,1,operation_metadata,unrelated,late,update,all,7,11917,0,0,5,0,69118f7b801fe880,true,1701
matched,Joggle,da476ab0afe8d44c9b294c59b39ba82219f3522c,mobilenetv2-7,8f78e569922a964ef0c303e08cf82f01d4891f97a2ac87fa6061f8a987924a5a,1655,1,operation_metadata,unrelated,late,update,all,8,11875,0,0,5,0,69118f7b801fe880,true,1701
matched,Joggle,da476ab0afe8d44c9b294c59b39ba82219f3522c,mobilenetv2-7,8f78e569922a964ef0c303e08cf82f01d4891f97a2ac87fa6061f8a987924a5a,1655,1,operation_metadata,unrelated,late,update,all,9,11959,0,0,5,0,69118f7b801fe880,true,1701
matched,Joggle,da476ab0afe8d44c9b294c59b39ba82219f3522c,ultraface-rfb-320,831ee8735645145ec4833c5e26575ac448ede3083e1fe00c6c26bc4a727a4c0a,1586,195,operation_metadata,affected,early,full,all,0,44459625,7930,5,5,0,87cfd7e56ab95abf,true,1701
matched,Joggle,da476ab0afe8d44c9b294c59b39ba82219f3522c,ultraface-rfb-320,831ee8735645145ec4833c5e26575ac448ede3083e1fe00c6c26bc4a727a4c0a,1586,195,operation_metadata,affected,early,full,all,1,43676542,7930,5,5,0,9bda3c3ffd87d1a2,true,1701
matched,Joggle,da476ab0afe8d44c9b294c59b39ba82219f3522c,ultraface-rfb-320,831ee8735645145ec4833c5e26575ac448ede3083e1fe00c6c26bc4a727a4c0a,1586,195,operation_metadata,affected,early,full,all,2,44140833,7930,5,5,0,2ffdb6ce2d284c89,true,1701
matched,Joggle,da476ab0afe8d44c9b294c59b39ba82219f3522c,ultraface-rfb-320,831ee8735645145ec4833c5e26575ac448ede3083e1fe00c6c26bc4a727a4c0a,1586,195,operation_metadata,affected,early,full,all,3,44232750,7930,5,5,0,2ecae39542567814,true,1701
matched,Joggle,da476ab0afe8d44c9b294c59b39ba82219f3522c,ultraface-rfb-320,831ee8735645145ec4833c5e26575ac448ede3083e1fe00c6c26bc4a727a4c0a,1586,195,operation_metadata,affected,early,full,all,4,43947042,7930,5,5,0,60d39309dd2ee56b,true,1701
matched,Joggle,da476ab0afe8d44c9b294c59b39ba82219f3522c,ultraface-rfb-320,831ee8735645145ec4833c5e26575ac448ede3083e1fe00c6c26bc4a727a4c0a,1586,195,operation_metadata,affected,early,full,all,5,44304416,7930,5,5,0,5f50fd8ab40fa7fe,true,1701
matched,Joggle,da476ab0afe8d44c9b294c59b39ba82219f3522c,ultraface-rfb-320,831ee8735645145ec4833c5e26575ac448ede3083e1fe00c6c26bc4a727a4c0a,1586,195,operation_metadata,affected,early,full,all,6,44033541,7930,5,5,0,a5530cbf691fad28,true,1701
matched,Joggle,da476ab0afe8d44c9b294c59b39ba82219f3522c,ultraface-rfb-320,831ee8735645145ec4833c5e26575ac448ede3083e1fe00c6c26bc4a727a4c0a,1586,195,operation_metadata,affected,early,full,all,7,44222666,7930,5,5,0,584d70c835e2efcd,true,1701
matched,Joggle,da476ab0afe8d44c9b294c59b39ba82219f3522c,ultraface-rfb-320,831ee8735645145ec4833c5e26575ac448ede3083e1fe00c6c26bc4a727a4c0a,1586,195,operation_metadata,affected,early,full,all,8,44159166,7930,5,5,0,55d48a19023fe2f6,true,1701
matched,Joggle,da476ab0afe8d44c9b294c59b39ba82219f3522c,ultraface-rfb-320,831ee8735645145ec4833c5e26575ac448ede3083e1fe00c6c26bc4a727a4c0a,1586,195,operation_metadata,affected,early,full,all,9,44619791,7930,5,5,0,cf039f8c12188fc3,true,1701
matched,Joggle,da476ab0afe8d44c9b294c59b39ba82219f3522c,ultraface-rfb-320,831ee8735645145ec4833c5e26575ac448ede3083e1fe00c6c26bc4a727a4c0a,1586,195,operation_metadata,unrelated,early,full,all,0,44085500,7930,5,5,0,897c18c7c3c95d94,true,1701
matched,Joggle,da476ab0afe8d44c9b294c59b39ba82219f3522c,ultraface-rfb-320,831ee8735645145ec4833c5e26575ac448ede3083e1fe00c6c26bc4a727a4c0a,1586,195,operation_metadata,unrelated,early,full,all,1,44245292,7930,5,5,0,897c18c7c3c95d94,true,1701
matched,Joggle,da476ab0afe8d44c9b294c59b39ba82219f3522c,ultraface-rfb-320,831ee8735645145ec4833c5e26575ac448ede3083e1fe00c6c26bc4a727a4c0a,1586,195,operation_metadata,unrelated,early,full,all,2,44281250,7930,5,5,0,897c18c7c3c95d94,true,1701
matched,Joggle,da476ab0afe8d44c9b294c59b39ba82219f3522c,ultraface-rfb-320,831ee8735645145ec4833c5e26575ac448ede3083e1fe00c6c26bc4a727a4c0a,1586,195,operation_metadata,unrelated,early,full,all,3,45373500,7930,5,5,0,897c18c7c3c95d94,true,1701
matched,Joggle,da476ab0afe8d44c9b294c59b39ba82219f3522c,ultraface-rfb-320,831ee8735645145ec4833c5e26575ac448ede3083e1fe00c6c26bc4a727a4c0a,1586,195,operation_metadata,unrelated,early,full,all,4,44779167,7930,5,5,0,897c18c7c3c95d94,true,1701
matched,Joggle,da476ab0afe8d44c9b294c59b39ba82219f3522c,ultraface-rfb-320,831ee8735645145ec4833c5e26575ac448ede3083e1fe00c6c26bc4a727a4c0a,1586,195,operation_metadata,unrelated,early,full,all,5,45343584,7930,5,5,0,897c18c7c3c95d94,true,1701
matched,Joggle,da476ab0afe8d44c9b294c59b39ba82219f3522c,ultraface-rfb-320,831ee8735645145ec4833c5e26575ac448ede3083e1fe00c6c26bc4a727a4c0a,1586,195,operation_metadata,unrelated,early,full,all,6,45491625,7930,5,5,0,897c18c7c3c95d94,true,1701
matched,Joggle,da476ab0afe8d44c9b294c59b39ba82219f3522c,ultraface-rfb-320,831ee8735645145ec4833c5e26575ac448ede3083e1fe00c6c26bc4a727a4c0a,1586,195,operation_metadata,unrelated,early,full,all,7,44714666,7930,5,5,0,897c18c7c3c95d94,true,1701
matched,Joggle,da476ab0afe8d44c9b294c59b39ba82219f3522c,ultraface-rfb-320,831ee8735645145ec4833c5e26575ac448ede3083e1fe00c6c26bc4a727a4c0a,1586,195,operation_metadata,unrelated,early,full,all,8,44061667,7930,5,5,0,897c18c7c3c95d94,true,1701
matched,Joggle,da476ab0afe8d44c9b294c59b39ba82219f3522c,ultraface-rfb-320,831ee8735645145ec4833c5e26575ac448ede3083e1fe00c6c26bc4a727a4c0a,1586,195,operation_metadata,unrelated,early,full,all,9,44698667,7930,5,5,0,897c18c7c3c95d94,true,1701
matched,Joggle,da476ab0afe8d44c9b294c59b39ba82219f3522c,squeezenet1.0-13-qdq,64c397e74ed2f541fa306ca8a1883a69d0a9c255f0c5236e8d1675251623cc97,1325,119,operation_metadata,affected,early,full,all,0,38304541,6625,5,5,0,3a9d44bac3fe49bc,true,1701
matched,Joggle,da476ab0afe8d44c9b294c59b39ba82219f3522c,squeezenet1.0-13-qdq,64c397e74ed2f541fa306ca8a1883a69d0a9c255f0c5236e8d1675251623cc97,1325,119,operation_metadata,affected,early,full,all,1,37234667,6625,5,5,0,1438de0f0fd9a9ab,true,1701
matched,Joggle,da476ab0afe8d44c9b294c59b39ba82219f3522c,squeezenet1.0-13-qdq,64c397e74ed2f541fa306ca8a1883a69d0a9c255f0c5236e8d1675251623cc97,1325,119,operation_metadata,affected,early,full,all,2,37309583,6625,5,5,0,8bc9b7d263a6cafa,true,1701
matched,Joggle,da476ab0afe8d44c9b294c59b39ba82219f3522c,squeezenet1.0-13-qdq,64c397e74ed2f541fa306ca8a1883a69d0a9c255f0c5236e8d1675251623cc97,1325,119,operation_metadata,affected,early,full,all,3,37152292,6625,5,5,0,f9f5d2ad70cf5f41,true,1701
matched,Joggle,da476ab0afe8d44c9b294c59b39ba82219f3522c,squeezenet1.0-13-qdq,64c397e74ed2f541fa306ca8a1883a69d0a9c255f0c5236e8d1675251623cc97,1325,119,operation_metadata,affected,early,full,all,4,36870958,6625,5,5,0,0cbeb4e13685d860,true,1701
matched,Joggle,da476ab0afe8d44c9b294c59b39ba82219f3522c,squeezenet1.0-13-qdq,64c397e74ed2f541fa306ca8a1883a69d0a9c255f0c5236e8d1675251623cc97,1325,119,operation_metadata,affected,early,full,all,5,37560041,6625,5,5,0,28aac9e848971e4f,true,1701
matched,Joggle,da476ab0afe8d44c9b294c59b39ba82219f3522c,squeezenet1.0-13-qdq,64c397e74ed2f541fa306ca8a1883a69d0a9c255f0c5236e8d1675251623cc97,1325,119,operation_metadata,affected,early,full,all,6,37225375,6625,5,5,0,7fcc9cd3c53e5b0d,true,1701
matched,Joggle,da476ab0afe8d44c9b294c59b39ba82219f3522c,squeezenet1.0-13-qdq,64c397e74ed2f541fa306ca8a1883a69d0a9c255f0c5236e8d1675251623cc97,1325,119,operation_metadata,affected,early,full,all,7,37460542,6625,5,5,0,a4ebdde7beb2e7d6,true,1701
matched,Joggle,da476ab0afe8d44c9b294c59b39ba82219f3522c,squeezenet1.0-13-qdq,64c397e74ed2f541fa306ca8a1883a69d0a9c255f0c5236e8d1675251623cc97,1325,119,operation_metadata,affected,early,full,all,8,37385042,6625,5,5,0,71bef118166fa327,true,1701
matched,Joggle,da476ab0afe8d44c9b294c59b39ba82219f3522c,squeezenet1.0-13-qdq,64c397e74ed2f541fa306ca8a1883a69d0a9c255f0c5236e8d1675251623cc97,1325,119,operation_metadata,affected,early,full,all,9,37000458,6625,5,5,0,4c580fe1727e52d8,true,1701
matched,Joggle,da476ab0afe8d44c9b294c59b39ba82219f3522c,squeezenet1.0-13-qdq,64c397e74ed2f541fa306ca8a1883a69d0a9c255f0c5236e8d1675251623cc97,1325,119,operation_metadata,unrelated,early,full,all,0,37842542,6625,5,5,0,1fc12d3299c03511,true,1701
matched,Joggle,da476ab0afe8d44c9b294c59b39ba82219f3522c,squeezenet1.0-13-qdq,64c397e74ed2f541fa306ca8a1883a69d0a9c255f0c5236e8d1675251623cc97,1325,119,operation_metadata,unrelated,early,full,all,1,37319792,6625,5,5,0,1fc12d3299c03511,true,1701
matched,Joggle,da476ab0afe8d44c9b294c59b39ba82219f3522c,squeezenet1.0-13-qdq,64c397e74ed2f541fa306ca8a1883a69d0a9c255f0c5236e8d1675251623cc97,1325,119,operation_metadata,unrelated,early,full,all,2,37854333,6625,5,5,0,1fc12d3299c03511,true,1701
matched,Joggle,da476ab0afe8d44c9b294c59b39ba82219f3522c,squeezenet1.0-13-qdq,64c397e74ed2f541fa306ca8a1883a69d0a9c255f0c5236e8d1675251623cc97,1325,119,operation_metadata,unrelated,early,full,all,3,37715375,6625,5,5,0,1fc12d3299c03511,true,1701
matched,Joggle,da476ab0afe8d44c9b294c59b39ba82219f3522c,squeezenet1.0-13-qdq,64c397e74ed2f541fa306ca8a1883a69d0a9c255f0c5236e8d1675251623cc97,1325,119,operation_metadata,unrelated,early,full,all,4,37057166,6625,5,5,0,1fc12d3299c03511,true,1701
matched,Joggle,da476ab0afe8d44c9b294c59b39ba82219f3522c,squeezenet1.0-13-qdq,64c397e74ed2f541fa306ca8a1883a69d0a9c255f0c5236e8d1675251623cc97,1325,119,operation_metadata,unrelated,early,full,all,5,37295542,6625,5,5,0,1fc12d3299c03511,true,1701
matched,Joggle,da476ab0afe8d44c9b294c59b39ba82219f3522c,squeezenet1.0-13-qdq,64c397e74ed2f541fa306ca8a1883a69d0a9c255f0c5236e8d1675251623cc97,1325,119,operation_metadata,unrelated,early,full,all,6,38219292,6625,5,5,0,1fc12d3299c03511,true,1701
matched,Joggle,da476ab0afe8d44c9b294c59b39ba82219f3522c,squeezenet1.0-13-qdq,64c397e74ed2f541fa306ca8a1883a69d0a9c255f0c5236e8d1675251623cc97,1325,119,operation_metadata,unrelated,early,full,all,7,37407917,6625,5,5,0,1fc12d3299c03511,true,1701
matched,Joggle,da476ab0afe8d44c9b294c59b39ba82219f3522c,squeezenet1.0-13-qdq,64c397e74ed2f541fa306ca8a1883a69d0a9c255f0c5236e8d1675251623cc97,1325,119,operation_metadata,unrelated,early,full,all,8,37494042,6625,5,5,0,1fc12d3299c03511,true,1701
matched,Joggle,da476ab0afe8d44c9b294c59b39ba82219f3522c,squeezenet1.0-13-qdq,64c397e74ed2f541fa306ca8a1883a69d0a9c255f0c5236e8d1675251623cc97,1325,119,operation_metadata,unrelated,early,full,all,9,38101041,6625,5,5,0,1fc12d3299c03511,true,1701
matched,Joggle,da476ab0afe8d44c9b294c59b39ba82219f3522c,shufflenet-v2-12,2970f92c12a3a9105acd03839fe3abe1db8888e293454f120028345af5457dcb,1843,1,operation_metadata,affected,late,full,all,0,51529583,9215,5,5,0,de277d00d73e4d13,true,1701
matched,Joggle,da476ab0afe8d44c9b294c59b39ba82219f3522c,shufflenet-v2-12,2970f92c12a3a9105acd03839fe3abe1db8888e293454f120028345af5457dcb,1843,1,operation_metadata,affected,late,full,all,1,51165125,9215,5,5,0,5385dea131e43e4a,true,1701
matched,Joggle,da476ab0afe8d44c9b294c59b39ba82219f3522c,shufflenet-v2-12,2970f92c12a3a9105acd03839fe3abe1db8888e293454f120028345af5457dcb,1843,1,operation_metadata,affected,late,full,all,2,51616333,9215,5,5,0,a10090d827f4c059,true,1701
matched,Joggle,da476ab0afe8d44c9b294c59b39ba82219f3522c,shufflenet-v2-12,2970f92c12a3a9105acd03839fe3abe1db8888e293454f120028345af5457dcb,1843,1,operation_metadata,affected,late,full,all,3,50945917,9215,5,5,0,0581dbfe13baf168,true,1701
matched,Joggle,da476ab0afe8d44c9b294c59b39ba82219f3522c,shufflenet-v2-12,2970f92c12a3a9105acd03839fe3abe1db8888e293454f120028345af5457dcb,1843,1,operation_metadata,affected,late,full,all,4,51484750,9215,5,5,0,2a5d66d78663d177,true,1701
matched,Joggle,da476ab0afe8d44c9b294c59b39ba82219f3522c,shufflenet-v2-12,2970f92c12a3a9105acd03839fe3abe1db8888e293454f120028345af5457dcb,1843,1,operation_metadata,affected,late,full,all,5,51577000,9215,5,5,0,dac18372cc4b113e,true,1701
matched,Joggle,da476ab0afe8d44c9b294c59b39ba82219f3522c,shufflenet-v2-12,2970f92c12a3a9105acd03839fe3abe1db8888e293454f120028345af5457dcb,1843,1,operation_metadata,affected,late,full,all,6,51397042,9215,5,5,0,8660ea43edb6e794,true,1701
matched,Joggle,da476ab0afe8d44c9b294c59b39ba82219f3522c,shufflenet-v2-12,2970f92c12a3a9105acd03839fe3abe1db8888e293454f120028345af5457dcb,1843,1,operation_metadata,affected,late,full,all,7,51096208,9215,5,5,0,c53935d223007ed5,true,1701
matched,Joggle,da476ab0afe8d44c9b294c59b39ba82219f3522c,shufflenet-v2-12,2970f92c12a3a9105acd03839fe3abe1db8888e293454f120028345af5457dcb,1843,1,operation_metadata,affected,late,full,all,8,51918958,9215,5,5,0,7dd9f6d7f6861d06,true,1701
matched,Joggle,da476ab0afe8d44c9b294c59b39ba82219f3522c,shufflenet-v2-12,2970f92c12a3a9105acd03839fe3abe1db8888e293454f120028345af5457dcb,1843,1,operation_metadata,affected,late,full,all,9,51624834,9215,5,5,0,0662fb1f2b6ba4ff,true,1701
matched,Joggle,da476ab0afe8d44c9b294c59b39ba82219f3522c,shufflenet-v2-12,2970f92c12a3a9105acd03839fe3abe1db8888e293454f120028345af5457dcb,1843,1,operation_metadata,unrelated,late,full,all,0,51337167,9215,5,5,0,69118f7b801fe880,true,1701
matched,Joggle,da476ab0afe8d44c9b294c59b39ba82219f3522c,shufflenet-v2-12,2970f92c12a3a9105acd03839fe3abe1db8888e293454f120028345af5457dcb,1843,1,operation_metadata,unrelated,late,full,all,1,52073292,9215,5,5,0,69118f7b801fe880,true,1701
matched,Joggle,da476ab0afe8d44c9b294c59b39ba82219f3522c,shufflenet-v2-12,2970f92c12a3a9105acd03839fe3abe1db8888e293454f120028345af5457dcb,1843,1,operation_metadata,unrelated,late,full,all,2,52855792,9215,5,5,0,69118f7b801fe880,true,1701
matched,Joggle,da476ab0afe8d44c9b294c59b39ba82219f3522c,shufflenet-v2-12,2970f92c12a3a9105acd03839fe3abe1db8888e293454f120028345af5457dcb,1843,1,operation_metadata,unrelated,late,full,all,3,51701625,9215,5,5,0,69118f7b801fe880,true,1701
matched,Joggle,da476ab0afe8d44c9b294c59b39ba82219f3522c,shufflenet-v2-12,2970f92c12a3a9105acd03839fe3abe1db8888e293454f120028345af5457dcb,1843,1,operation_metadata,unrelated,late,full,all,4,51696625,9215,5,5,0,69118f7b801fe880,true,1701
matched,Joggle,da476ab0afe8d44c9b294c59b39ba82219f3522c,shufflenet-v2-12,2970f92c12a3a9105acd03839fe3abe1db8888e293454f120028345af5457dcb,1843,1,operation_metadata,unrelated,late,full,all,5,51446292,9215,5,5,0,69118f7b801fe880,true,1701
matched,Joggle,da476ab0afe8d44c9b294c59b39ba82219f3522c,shufflenet-v2-12,2970f92c12a3a9105acd03839fe3abe1db8888e293454f120028345af5457dcb,1843,1,operation_metadata,unrelated,late,full,all,6,53253584,9215,5,5,0,69118f7b801fe880,true,1701
matched,Joggle,da476ab0afe8d44c9b294c59b39ba82219f3522c,shufflenet-v2-12,2970f92c12a3a9105acd03839fe3abe1db8888e293454f120028345af5457dcb,1843,1,operation_metadata,unrelated,late,full,all,7,52604416,9215,5,5,0,69118f7b801fe880,true,1701
matched,Joggle,da476ab0afe8d44c9b294c59b39ba82219f3522c,shufflenet-v2-12,2970f92c12a3a9105acd03839fe3abe1db8888e293454f120028345af5457dcb,1843,1,operation_metadata,unrelated,late,full,all,8,52220833,9215,5,5,0,69118f7b801fe880,true,1701
matched,Joggle,da476ab0afe8d44c9b294c59b39ba82219f3522c,shufflenet-v2-12,2970f92c12a3a9105acd03839fe3abe1db8888e293454f120028345af5457dcb,1843,1,operation_metadata,unrelated,late,full,all,9,52672833,9215,5,5,0,69118f7b801fe880,true,1701
matched,Joggle,da476ab0afe8d44c9b294c59b39ba82219f3522c,squeezenet1.1-7,098e8952d72d64cae5ede757aa8ade3d40ece99f33daa459a76ef2f138395382,412,33,operation_metadata,affected,middle,update,all,0,2874209,165,5,5,0,b37c949318267870,true,1701
matched,Joggle,da476ab0afe8d44c9b294c59b39ba82219f3522c,squeezenet1.1-7,098e8952d72d64cae5ede757aa8ade3d40ece99f33daa459a76ef2f138395382,412,33,operation_metadata,affected,middle,update,all,1,2788208,165,5,5,0,64fb2f38f796158f,true,1701
matched,Joggle,da476ab0afe8d44c9b294c59b39ba82219f3522c,squeezenet1.1-7,098e8952d72d64cae5ede757aa8ade3d40ece99f33daa459a76ef2f138395382,412,33,operation_metadata,affected,middle,update,all,2,2795583,165,5,5,0,294be0b527e8f93a,true,1701
matched,Joggle,da476ab0afe8d44c9b294c59b39ba82219f3522c,squeezenet1.1-7,098e8952d72d64cae5ede757aa8ade3d40ece99f33daa459a76ef2f138395382,412,33,operation_metadata,affected,middle,update,all,3,2846292,165,5,5,0,fcec457f130ec711,true,1701
matched,Joggle,da476ab0afe8d44c9b294c59b39ba82219f3522c,squeezenet1.1-7,098e8952d72d64cae5ede757aa8ade3d40ece99f33daa459a76ef2f138395382,412,33,operation_metadata,affected,middle,update,all,4,2933917,165,5,5,0,8d113eb329a4fc7c,true,1701
matched,Joggle,da476ab0afe8d44c9b294c59b39ba82219f3522c,squeezenet1.1-7,098e8952d72d64cae5ede757aa8ade3d40ece99f33daa459a76ef2f138395382,412,33,operation_metadata,affected,middle,update,all,5,2717708,165,5,5,0,0d5482c36194967b,true,1701
matched,Joggle,da476ab0afe8d44c9b294c59b39ba82219f3522c,squeezenet1.1-7,098e8952d72d64cae5ede757aa8ade3d40ece99f33daa459a76ef2f138395382,412,33,operation_metadata,affected,middle,update,all,6,2728333,165,5,5,0,45b4fd03bb624675,true,1701
matched,Joggle,da476ab0afe8d44c9b294c59b39ba82219f3522c,squeezenet1.1-7,098e8952d72d64cae5ede757aa8ade3d40ece99f33daa459a76ef2f138395382,412,33,operation_metadata,affected,middle,update,all,7,2689625,165,5,5,0,20e4bfcdce07b5be,true,1701
matched,Joggle,da476ab0afe8d44c9b294c59b39ba82219f3522c,squeezenet1.1-7,098e8952d72d64cae5ede757aa8ade3d40ece99f33daa459a76ef2f138395382,412,33,operation_metadata,affected,middle,update,all,8,2663250,165,5,5,0,0820b34f1d79e2d3,true,1701
matched,Joggle,da476ab0afe8d44c9b294c59b39ba82219f3522c,squeezenet1.1-7,098e8952d72d64cae5ede757aa8ade3d40ece99f33daa459a76ef2f138395382,412,33,operation_metadata,affected,middle,update,all,9,2698334,165,5,5,0,6039966a663e30d4,true,1701
matched,Joggle,da476ab0afe8d44c9b294c59b39ba82219f3522c,squeezenet1.1-7,098e8952d72d64cae5ede757aa8ade3d40ece99f33daa459a76ef2f138395382,412,33,operation_metadata,unrelated,middle,update,all,0,197417,0,0,5,0,26baa9321c2d0e3b,true,1701
matched,Joggle,da476ab0afe8d44c9b294c59b39ba82219f3522c,squeezenet1.1-7,098e8952d72d64cae5ede757aa8ade3d40ece99f33daa459a76ef2f138395382,412,33,operation_metadata,unrelated,middle,update,all,1,193375,0,0,5,0,26baa9321c2d0e3b,true,1701
matched,Joggle,da476ab0afe8d44c9b294c59b39ba82219f3522c,squeezenet1.1-7,098e8952d72d64cae5ede757aa8ade3d40ece99f33daa459a76ef2f138395382,412,33,operation_metadata,unrelated,middle,update,all,2,192750,0,0,5,0,26baa9321c2d0e3b,true,1701
matched,Joggle,da476ab0afe8d44c9b294c59b39ba82219f3522c,squeezenet1.1-7,098e8952d72d64cae5ede757aa8ade3d40ece99f33daa459a76ef2f138395382,412,33,operation_metadata,unrelated,middle,update,all,3,191292,0,0,5,0,26baa9321c2d0e3b,true,1701
matched,Joggle,da476ab0afe8d44c9b294c59b39ba82219f3522c,squeezenet1.1-7,098e8952d72d64cae5ede757aa8ade3d40ece99f33daa459a76ef2f138395382,412,33,operation_metadata,unrelated,middle,update,all,4,191167,0,0,5,0,26baa9321c2d0e3b,true,1701
matched,Joggle,da476ab0afe8d44c9b294c59b39ba82219f3522c,squeezenet1.1-7,098e8952d72d64cae5ede757aa8ade3d40ece99f33daa459a76ef2f138395382,412,33,operation_metadata,unrelated,middle,update,all,5,190833,0,0,5,0,26baa9321c2d0e3b,true,1701
matched,Joggle,da476ab0afe8d44c9b294c59b39ba82219f3522c,squeezenet1.1-7,098e8952d72d64cae5ede757aa8ade3d40ece99f33daa459a76ef2f138395382,412,33,operation_metadata,unrelated,middle,update,all,6,190541,0,0,5,0,26baa9321c2d0e3b,true,1701
matched,Joggle,da476ab0afe8d44c9b294c59b39ba82219f3522c,squeezenet1.1-7,098e8952d72d64cae5ede757aa8ade3d40ece99f33daa459a76ef2f138395382,412,33,operation_metadata,unrelated,middle,update,all,7,192417,0,0,5,0,26baa9321c2d0e3b,true,1701
matched,Joggle,da476ab0afe8d44c9b294c59b39ba82219f3522c,squeezenet1.1-7,098e8952d72d64cae5ede757aa8ade3d40ece99f33daa459a76ef2f138395382,412,33,operation_metadata,unrelated,middle,update,all,8,190750,0,0,5,0,26baa9321c2d0e3b,true,1701
matched,Joggle,da476ab0afe8d44c9b294c59b39ba82219f3522c,squeezenet1.1-7,098e8952d72d64cae5ede757aa8ade3d40ece99f33daa459a76ef2f138395382,412,33,operation_metadata,unrelated,middle,update,all,9,190083,0,0,5,0,26baa9321c2d0e3b,true,1701
matched,Joggle,da476ab0afe8d44c9b294c59b39ba82219f3522c,ultraface-rfb-320,831ee8735645145ec4833c5e26575ac448ede3083e1fe00c6c26bc4a727a4c0a,1586,195,operation_metadata,affected,early,update,all,0,14650333,975,5,5,0,87cfd7e56ab95abf,true,1701
matched,Joggle,da476ab0afe8d44c9b294c59b39ba82219f3522c,ultraface-rfb-320,831ee8735645145ec4833c5e26575ac448ede3083e1fe00c6c26bc4a727a4c0a,1586,195,operation_metadata,affected,early,update,all,1,16163250,975,5,5,0,9bda3c3ffd87d1a2,true,1701
matched,Joggle,da476ab0afe8d44c9b294c59b39ba82219f3522c,ultraface-rfb-320,831ee8735645145ec4833c5e26575ac448ede3083e1fe00c6c26bc4a727a4c0a,1586,195,operation_metadata,affected,early,update,all,2,15350084,975,5,5,0,2ffdb6ce2d284c89,true,1701
matched,Joggle,da476ab0afe8d44c9b294c59b39ba82219f3522c,ultraface-rfb-320,831ee8735645145ec4833c5e26575ac448ede3083e1fe00c6c26bc4a727a4c0a,1586,195,operation_metadata,affected,early,update,all,3,15310583,975,5,5,0,2ecae39542567814,true,1701
matched,Joggle,da476ab0afe8d44c9b294c59b39ba82219f3522c,ultraface-rfb-320,831ee8735645145ec4833c5e26575ac448ede3083e1fe00c6c26bc4a727a4c0a,1586,195,operation_metadata,affected,early,update,all,4,16541209,975,5,5,0,60d39309dd2ee56b,true,1701
matched,Joggle,da476ab0afe8d44c9b294c59b39ba82219f3522c,ultraface-rfb-320,831ee8735645145ec4833c5e26575ac448ede3083e1fe00c6c26bc4a727a4c0a,1586,195,operation_metadata,affected,early,update,all,5,16151166,975,5,5,0,5f50fd8ab40fa7fe,true,1701
matched,Joggle,da476ab0afe8d44c9b294c59b39ba82219f3522c,ultraface-rfb-320,831ee8735645145ec4833c5e26575ac448ede3083e1fe00c6c26bc4a727a4c0a,1586,195,operation_metadata,affected,early,update,all,6,16880333,975,5,5,0,a5530cbf691fad28,true,1701
matched,Joggle,da476ab0afe8d44c9b294c59b39ba82219f3522c,ultraface-rfb-320,831ee8735645145ec4833c5e26575ac448ede3083e1fe00c6c26bc4a727a4c0a,1586,195,operation_metadata,affected,early,update,all,7,15707958,975,5,5,0,584d70c835e2efcd,true,1701
matched,Joggle,da476ab0afe8d44c9b294c59b39ba82219f3522c,ultraface-rfb-320,831ee8735645145ec4833c5e26575ac448ede3083e1fe00c6c26bc4a727a4c0a,1586,195,operation_metadata,affected,early,update,all,8,15629000,975,5,5,0,55d48a19023fe2f6,true,1701
matched,Joggle,da476ab0afe8d44c9b294c59b39ba82219f3522c,ultraface-rfb-320,831ee8735645145ec4833c5e26575ac448ede3083e1fe00c6c26bc4a727a4c0a,1586,195,operation_metadata,affected,early,update,all,9,16359125,975,5,5,0,cf039f8c12188fc3,true,1701
matched,Joggle,da476ab0afe8d44c9b294c59b39ba82219f3522c,ultraface-rfb-320,831ee8735645145ec4833c5e26575ac448ede3083e1fe00c6c26bc4a727a4c0a,1586,195,operation_metadata,unrelated,early,update,all,0,1045667,0,0,5,0,897c18c7c3c95d94,true,1701
matched,Joggle,da476ab0afe8d44c9b294c59b39ba82219f3522c,ultraface-rfb-320,831ee8735645145ec4833c5e26575ac448ede3083e1fe00c6c26bc4a727a4c0a,1586,195,operation_metadata,unrelated,early,update,all,1,1042250,0,0,5,0,897c18c7c3c95d94,true,1701
matched,Joggle,da476ab0afe8d44c9b294c59b39ba82219f3522c,ultraface-rfb-320,831ee8735645145ec4833c5e26575ac448ede3083e1fe00c6c26bc4a727a4c0a,1586,195,operation_metadata,unrelated,early,update,all,2,1049709,0,0,5,0,897c18c7c3c95d94,true,1701
matched,Joggle,da476ab0afe8d44c9b294c59b39ba82219f3522c,ultraface-rfb-320,831ee8735645145ec4833c5e26575ac448ede3083e1fe00c6c26bc4a727a4c0a,1586,195,operation_metadata,unrelated,early,update,all,3,1067875,0,0,5,0,897c18c7c3c95d94,true,1701
matched,Joggle,da476ab0afe8d44c9b294c59b39ba82219f3522c,ultraface-rfb-320,831ee8735645145ec4833c5e26575ac448ede3083e1fe00c6c26bc4a727a4c0a,1586,195,operation_metadata,unrelated,early,update,all,4,1044000,0,0,5,0,897c18c7c3c95d94,true,1701
matched,Joggle,da476ab0afe8d44c9b294c59b39ba82219f3522c,ultraface-rfb-320,831ee8735645145ec4833c5e26575ac448ede3083e1fe00c6c26bc4a727a4c0a,1586,195,operation_metadata,unrelated,early,update,all,5,1119125,0,0,5,0,897c18c7c3c95d94,true,1701
matched,Joggle,da476ab0afe8d44c9b294c59b39ba82219f3522c,ultraface-rfb-320,831ee8735645145ec4833c5e26575ac448ede3083e1fe00c6c26bc4a727a4c0a,1586,195,operation_metadata,unrelated,early,update,all,6,1063333,0,0,5,0,897c18c7c3c95d94,true,1701
matched,Joggle,da476ab0afe8d44c9b294c59b39ba82219f3522c,ultraface-rfb-320,831ee8735645145ec4833c5e26575ac448ede3083e1fe00c6c26bc4a727a4c0a,1586,195,operation_metadata,unrelated,early,update,all,7,1065792,0,0,5,0,897c18c7c3c95d94,true,1701
matched,Joggle,da476ab0afe8d44c9b294c59b39ba82219f3522c,ultraface-rfb-320,831ee8735645145ec4833c5e26575ac448ede3083e1fe00c6c26bc4a727a4c0a,1586,195,operation_metadata,unrelated,early,update,all,8,1046250,0,0,5,0,897c18c7c3c95d94,true,1701
matched,Joggle,da476ab0afe8d44c9b294c59b39ba82219f3522c,ultraface-rfb-320,831ee8735645145ec4833c5e26575ac448ede3083e1fe00c6c26bc4a727a4c0a,1586,195,operation_metadata,unrelated,early,update,all,9,1050542,0,0,5,0,897c18c7c3c95d94,true,1701
matched,Joggle,da476ab0afe8d44c9b294c59b39ba82219f3522c,squeezenet1.1-7,098e8952d72d64cae5ede757aa8ade3d40ece99f33daa459a76ef2f138395382,412,66,operation_metadata,affected,early,full,all,0,11645583,2060,5,5,0,c5c96db9d360d4e7,true,1701
matched,Joggle,da476ab0afe8d44c9b294c59b39ba82219f3522c,squeezenet1.1-7,098e8952d72d64cae5ede757aa8ade3d40ece99f33daa459a76ef2f138395382,412,66,operation_metadata,affected,early,full,all,1,11730625,2060,5,5,0,9824bfb50e0e4f4c,true,1701
matched,Joggle,da476ab0afe8d44c9b294c59b39ba82219f3522c,squeezenet1.1-7,098e8952d72d64cae5ede757aa8ade3d40ece99f33daa459a76ef2f138395382,412,66,operation_metadata,affected,early,full,all,2,11344333,2060,5,5,0,0c46d849e390ce15,true,1701
matched,Joggle,da476ab0afe8d44c9b294c59b39ba82219f3522c,squeezenet1.1-7,098e8952d72d64cae5ede757aa8ade3d40ece99f33daa459a76ef2f138395382,412,66,operation_metadata,affected,early,full,all,3,11625250,2060,5,5,0,79d65a18773c0c9a,true,1701
matched,Joggle,da476ab0afe8d44c9b294c59b39ba82219f3522c,squeezenet1.1-7,098e8952d72d64cae5ede757aa8ade3d40ece99f33daa459a76ef2f138395382,412,66,operation_metadata,affected,early,full,all,4,12024459,2060,5,5,0,b1e2ce0e2429e11b,true,1701
matched,Joggle,da476ab0afe8d44c9b294c59b39ba82219f3522c,squeezenet1.1-7,098e8952d72d64cae5ede757aa8ade3d40ece99f33daa459a76ef2f138395382,412,66,operation_metadata,affected,early,full,all,5,11731709,2060,5,5,0,fe8f4430fa275820,true,1701
matched,Joggle,da476ab0afe8d44c9b294c59b39ba82219f3522c,squeezenet1.1-7,098e8952d72d64cae5ede757aa8ade3d40ece99f33daa459a76ef2f138395382,412,66,operation_metadata,affected,early,full,all,6,11730334,2060,5,5,0,9f63b9aa7a19f606,true,1701
matched,Joggle,da476ab0afe8d44c9b294c59b39ba82219f3522c,squeezenet1.1-7,098e8952d72d64cae5ede757aa8ade3d40ece99f33daa459a76ef2f138395382,412,66,operation_metadata,affected,early,full,all,7,11646875,2060,5,5,0,b99ad5e1910e0781,true,1701
matched,Joggle,da476ab0afe8d44c9b294c59b39ba82219f3522c,squeezenet1.1-7,098e8952d72d64cae5ede757aa8ade3d40ece99f33daa459a76ef2f138395382,412,66,operation_metadata,affected,early,full,all,8,11501291,2060,5,5,0,fd0b9c1fb0c4c2c8,true,1701
matched,Joggle,da476ab0afe8d44c9b294c59b39ba82219f3522c,squeezenet1.1-7,098e8952d72d64cae5ede757aa8ade3d40ece99f33daa459a76ef2f138395382,412,66,operation_metadata,affected,early,full,all,9,11643417,2060,5,5,0,97e3f7b386a362a3,true,1701
matched,Joggle,da476ab0afe8d44c9b294c59b39ba82219f3522c,squeezenet1.1-7,098e8952d72d64cae5ede757aa8ade3d40ece99f33daa459a76ef2f138395382,412,66,operation_metadata,unrelated,early,full,all,0,11505625,2060,5,5,0,9e78905df6307d80,true,1701
matched,Joggle,da476ab0afe8d44c9b294c59b39ba82219f3522c,squeezenet1.1-7,098e8952d72d64cae5ede757aa8ade3d40ece99f33daa459a76ef2f138395382,412,66,operation_metadata,unrelated,early,full,all,1,11565708,2060,5,5,0,9e78905df6307d80,true,1701
matched,Joggle,da476ab0afe8d44c9b294c59b39ba82219f3522c,squeezenet1.1-7,098e8952d72d64cae5ede757aa8ade3d40ece99f33daa459a76ef2f138395382,412,66,operation_metadata,unrelated,early,full,all,2,11356375,2060,5,5,0,9e78905df6307d80,true,1701
matched,Joggle,da476ab0afe8d44c9b294c59b39ba82219f3522c,squeezenet1.1-7,098e8952d72d64cae5ede757aa8ade3d40ece99f33daa459a76ef2f138395382,412,66,operation_metadata,unrelated,early,full,all,3,11665792,2060,5,5,0,9e78905df6307d80,true,1701
matched,Joggle,da476ab0afe8d44c9b294c59b39ba82219f3522c,squeezenet1.1-7,098e8952d72d64cae5ede757aa8ade3d40ece99f33daa459a76ef2f138395382,412,66,operation_metadata,unrelated,early,full,all,4,11777208,2060,5,5,0,9e78905df6307d80,true,1701
matched,Joggle,da476ab0afe8d44c9b294c59b39ba82219f3522c,squeezenet1.1-7,098e8952d72d64cae5ede757aa8ade3d40ece99f33daa459a76ef2f138395382,412,66,operation_metadata,unrelated,early,full,all,5,11443167,2060,5,5,0,9e78905df6307d80,true,1701
matched,Joggle,da476ab0afe8d44c9b294c59b39ba82219f3522c,squeezenet1.1-7,098e8952d72d64cae5ede757aa8ade3d40ece99f33daa459a76ef2f138395382,412,66,operation_metadata,unrelated,early,full,all,6,11409375,2060,5,5,0,9e78905df6307d80,true,1701
matched,Joggle,da476ab0afe8d44c9b294c59b39ba82219f3522c,squeezenet1.1-7,098e8952d72d64cae5ede757aa8ade3d40ece99f33daa459a76ef2f138395382,412,66,operation_metadata,unrelated,early,full,all,7,11667125,2060,5,5,0,9e78905df6307d80,true,1701
matched,Joggle,da476ab0afe8d44c9b294c59b39ba82219f3522c,squeezenet1.1-7,098e8952d72d64cae5ede757aa8ade3d40ece99f33daa459a76ef2f138395382,412,66,operation_metadata,unrelated,early,full,all,8,11384459,2060,5,5,0,9e78905df6307d80,true,1701
matched,Joggle,da476ab0afe8d44c9b294c59b39ba82219f3522c,squeezenet1.1-7,098e8952d72d64cae5ede757aa8ade3d40ece99f33daa459a76ef2f138395382,412,66,operation_metadata,unrelated,early,full,all,9,11412083,2060,5,5,0,9e78905df6307d80,true,1701
matched,Joggle,da476ab0afe8d44c9b294c59b39ba82219f3522c,ultraface-rfb-320,831ee8735645145ec4833c5e26575ac448ede3083e1fe00c6c26bc4a727a4c0a,1586,96,operation_metadata,affected,middle,update,all,0,8058792,480,5,5,0,62a98b7ce4dae1a0,true,1701
matched,Joggle,da476ab0afe8d44c9b294c59b39ba82219f3522c,ultraface-rfb-320,831ee8735645145ec4833c5e26575ac448ede3083e1fe00c6c26bc4a727a4c0a,1586,96,operation_metadata,affected,middle,update,all,1,7820625,480,5,5,0,a5466b6627a2e26d,true,1701
matched,Joggle,da476ab0afe8d44c9b294c59b39ba82219f3522c,ultraface-rfb-320,831ee8735645145ec4833c5e26575ac448ede3083e1fe00c6c26bc4a727a4c0a,1586,96,operation_metadata,affected,middle,update,all,2,8355292,480,5,5,0,da26ed66a09dd2b6,true,1701
matched,Joggle,da476ab0afe8d44c9b294c59b39ba82219f3522c,ultraface-rfb-320,831ee8735645145ec4833c5e26575ac448ede3083e1fe00c6c26bc4a727a4c0a,1586,96,operation_metadata,affected,middle,update,all,3,7744583,480,5,5,0,d81159d4498e697b,true,1701
matched,Joggle,da476ab0afe8d44c9b294c59b39ba82219f3522c,ultraface-rfb-320,831ee8735645145ec4833c5e26575ac448ede3083e1fe00c6c26bc4a727a4c0a,1586,96,operation_metadata,affected,middle,update,all,4,7702416,480,5,5,0,c8f20be2fd68d4b4,true,1701
matched,Joggle,da476ab0afe8d44c9b294c59b39ba82219f3522c,ultraface-rfb-320,831ee8735645145ec4833c5e26575ac448ede3083e1fe00c6c26bc4a727a4c0a,1586,96,operation_metadata,affected,middle,update,all,5,7637958,480,5,5,0,2efbc0fde26120f1,true,1701
matched,Joggle,da476ab0afe8d44c9b294c59b39ba82219f3522c,ultraface-rfb-320,831ee8735645145ec4833c5e26575ac448ede3083e1fe00c6c26bc4a727a4c0a,1586,96,operation_metadata,affected,middle,update,all,6,7541041,480,5,5,0,9d01fe93fc984243,true,1701
matched,Joggle,da476ab0afe8d44c9b294c59b39ba82219f3522c,ultraface-rfb-320,831ee8735645145ec4833c5e26575ac448ede3083e1fe00c6c26bc4a727a4c0a,1586,96,operation_metadata,affected,middle,update,all,7,7814416,480,5,5,0,9da225d422a6d3de,true,1701
matched,Joggle,da476ab0afe8d44c9b294c59b39ba82219f3522c,ultraface-rfb-320,831ee8735645145ec4833c5e26575ac448ede3083e1fe00c6c26bc4a727a4c0a,1586,96,operation_metadata,affected,middle,update,all,8,7662292,480,5,5,0,3dcd526c3de90315,true,1701
matched,Joggle,da476ab0afe8d44c9b294c59b39ba82219f3522c,ultraface-rfb-320,831ee8735645145ec4833c5e26575ac448ede3083e1fe00c6c26bc4a727a4c0a,1586,96,operation_metadata,affected,middle,update,all,9,7772042,480,5,5,0,0061eee413d96c68,true,1701
matched,Joggle,da476ab0afe8d44c9b294c59b39ba82219f3522c,ultraface-rfb-320,831ee8735645145ec4833c5e26575ac448ede3083e1fe00c6c26bc4a727a4c0a,1586,96,operation_metadata,unrelated,middle,update,all,0,527958,0,0,5,0,bc56c64232585cd7,true,1701
matched,Joggle,da476ab0afe8d44c9b294c59b39ba82219f3522c,ultraface-rfb-320,831ee8735645145ec4833c5e26575ac448ede3083e1fe00c6c26bc4a727a4c0a,1586,96,operation_metadata,unrelated,middle,update,all,1,523000,0,0,5,0,bc56c64232585cd7,true,1701
matched,Joggle,da476ab0afe8d44c9b294c59b39ba82219f3522c,ultraface-rfb-320,831ee8735645145ec4833c5e26575ac448ede3083e1fe00c6c26bc4a727a4c0a,1586,96,operation_metadata,unrelated,middle,update,all,2,569167,0,0,5,0,bc56c64232585cd7,true,1701
matched,Joggle,da476ab0afe8d44c9b294c59b39ba82219f3522c,ultraface-rfb-320,831ee8735645145ec4833c5e26575ac448ede3083e1fe00c6c26bc4a727a4c0a,1586,96,operation_metadata,unrelated,middle,update,all,3,528500,0,0,5,0,bc56c64232585cd7,true,1701
matched,Joggle,da476ab0afe8d44c9b294c59b39ba82219f3522c,ultraface-rfb-320,831ee8735645145ec4833c5e26575ac448ede3083e1fe00c6c26bc4a727a4c0a,1586,96,operation_metadata,unrelated,middle,update,all,4,518834,0,0,5,0,bc56c64232585cd7,true,1701
matched,Joggle,da476ab0afe8d44c9b294c59b39ba82219f3522c,ultraface-rfb-320,831ee8735645145ec4833c5e26575ac448ede3083e1fe00c6c26bc4a727a4c0a,1586,96,operation_metadata,unrelated,middle,update,all,5,519166,0,0,5,0,bc56c64232585cd7,true,1701
matched,Joggle,da476ab0afe8d44c9b294c59b39ba82219f3522c,ultraface-rfb-320,831ee8735645145ec4833c5e26575ac448ede3083e1fe00c6c26bc4a727a4c0a,1586,96,operation_metadata,unrelated,middle,update,all,6,540250,0,0,5,0,bc56c64232585cd7,true,1701
matched,Joggle,da476ab0afe8d44c9b294c59b39ba82219f3522c,ultraface-rfb-320,831ee8735645145ec4833c5e26575ac448ede3083e1fe00c6c26bc4a727a4c0a,1586,96,operation_metadata,unrelated,middle,update,all,7,513708,0,0,5,0,bc56c64232585cd7,true,1701
matched,Joggle,da476ab0afe8d44c9b294c59b39ba82219f3522c,ultraface-rfb-320,831ee8735645145ec4833c5e26575ac448ede3083e1fe00c6c26bc4a727a4c0a,1586,96,operation_metadata,unrelated,middle,update,all,8,512875,0,0,5,0,bc56c64232585cd7,true,1701
matched,Joggle,da476ab0afe8d44c9b294c59b39ba82219f3522c,ultraface-rfb-320,831ee8735645145ec4833c5e26575ac448ede3083e1fe00c6c26bc4a727a4c0a,1586,96,operation_metadata,unrelated,middle,update,all,9,516083,0,0,5,0,bc56c64232585cd7,true,1701
matched,Joggle,da476ab0afe8d44c9b294c59b39ba82219f3522c,ultraface-rfb-320,831ee8735645145ec4833c5e26575ac448ede3083e1fe00c6c26bc4a727a4c0a,1586,1,operation_metadata,affected,late,full,all,0,43496958,7930,5,5,0,46203094d78ae8b6,true,1701
matched,Joggle,da476ab0afe8d44c9b294c59b39ba82219f3522c,ultraface-rfb-320,831ee8735645145ec4833c5e26575ac448ede3083e1fe00c6c26bc4a727a4c0a,1586,1,operation_metadata,affected,late,full,all,1,44547125,7930,5,5,0,2f34f6c3be6451a7,true,1701
matched,Joggle,da476ab0afe8d44c9b294c59b39ba82219f3522c,ultraface-rfb-320,831ee8735645145ec4833c5e26575ac448ede3083e1fe00c6c26bc4a727a4c0a,1586,1,operation_metadata,affected,late,full,all,2,44536875,7930,5,5,0,fc9447fe3f895028,true,1701
matched,Joggle,da476ab0afe8d44c9b294c59b39ba82219f3522c,ultraface-rfb-320,831ee8735645145ec4833c5e26575ac448ede3083e1fe00c6c26bc4a727a4c0a,1586,1,operation_metadata,affected,late,full,all,3,43161167,7930,5,5,0,d7fa54972f570ec9,true,1701
matched,Joggle,da476ab0afe8d44c9b294c59b39ba82219f3522c,ultraface-rfb-320,831ee8735645145ec4833c5e26575ac448ede3083e1fe00c6c26bc4a727a4c0a,1586,1,operation_metadata,affected,late,full,all,4,44631375,7930,5,5,0,16d2ba749ce1673a,true,1701
matched,Joggle,da476ab0afe8d44c9b294c59b39ba82219f3522c,ultraface-rfb-320,831ee8735645145ec4833c5e26575ac448ede3083e1fe00c6c26bc4a727a4c0a,1586,1,operation_metadata,affected,late,full,all,5,44156083,7930,5,5,0,0655e40b0456875b,true,1701
matched,Joggle,da476ab0afe8d44c9b294c59b39ba82219f3522c,ultraface-rfb-320,831ee8735645145ec4833c5e26575ac448ede3083e1fe00c6c26bc4a727a4c0a,1586,1,operation_metadata,affected,late,full,all,6,44386125,7930,5,5,0,6f732341b5dfba85,true,1701
matched,Joggle,da476ab0afe8d44c9b294c59b39ba82219f3522c,ultraface-rfb-320,831ee8735645145ec4833c5e26575ac448ede3083e1fe00c6c26bc4a727a4c0a,1586,1,operation_metadata,affected,late,full,all,7,43976375,7930,5,5,0,447c812b9b48e534,true,1701
matched,Joggle,da476ab0afe8d44c9b294c59b39ba82219f3522c,ultraface-rfb-320,831ee8735645145ec4833c5e26575ac448ede3083e1fe00c6c26bc4a727a4c0a,1586,1,operation_metadata,affected,late,full,all,8,43471583,7930,5,5,0,801bf2316db1f033,true,1701
matched,Joggle,da476ab0afe8d44c9b294c59b39ba82219f3522c,ultraface-rfb-320,831ee8735645145ec4833c5e26575ac448ede3083e1fe00c6c26bc4a727a4c0a,1586,1,operation_metadata,affected,late,full,all,9,44058250,7930,5,5,0,1a4a623ab535b6d2,true,1701
matched,Joggle,da476ab0afe8d44c9b294c59b39ba82219f3522c,ultraface-rfb-320,831ee8735645145ec4833c5e26575ac448ede3083e1fe00c6c26bc4a727a4c0a,1586,1,operation_metadata,unrelated,late,full,all,0,45176750,7930,5,5,0,bcbf6e554ba6d00b,true,1701
matched,Joggle,da476ab0afe8d44c9b294c59b39ba82219f3522c,ultraface-rfb-320,831ee8735645145ec4833c5e26575ac448ede3083e1fe00c6c26bc4a727a4c0a,1586,1,operation_metadata,unrelated,late,full,all,1,44684584,7930,5,5,0,bcbf6e554ba6d00b,true,1701
matched,Joggle,da476ab0afe8d44c9b294c59b39ba82219f3522c,ultraface-rfb-320,831ee8735645145ec4833c5e26575ac448ede3083e1fe00c6c26bc4a727a4c0a,1586,1,operation_metadata,unrelated,late,full,all,2,43952875,7930,5,5,0,bcbf6e554ba6d00b,true,1701
matched,Joggle,da476ab0afe8d44c9b294c59b39ba82219f3522c,ultraface-rfb-320,831ee8735645145ec4833c5e26575ac448ede3083e1fe00c6c26bc4a727a4c0a,1586,1,operation_metadata,unrelated,late,full,all,3,44463291,7930,5,5,0,bcbf6e554ba6d00b,true,1701
matched,Joggle,da476ab0afe8d44c9b294c59b39ba82219f3522c,ultraface-rfb-320,831ee8735645145ec4833c5e26575ac448ede3083e1fe00c6c26bc4a727a4c0a,1586,1,operation_metadata,unrelated,late,full,all,4,44061500,7930,5,5,0,bcbf6e554ba6d00b,true,1701
matched,Joggle,da476ab0afe8d44c9b294c59b39ba82219f3522c,ultraface-rfb-320,831ee8735645145ec4833c5e26575ac448ede3083e1fe00c6c26bc4a727a4c0a,1586,1,operation_metadata,unrelated,late,full,all,5,44647500,7930,5,5,0,bcbf6e554ba6d00b,true,1701
matched,Joggle,da476ab0afe8d44c9b294c59b39ba82219f3522c,ultraface-rfb-320,831ee8735645145ec4833c5e26575ac448ede3083e1fe00c6c26bc4a727a4c0a,1586,1,operation_metadata,unrelated,late,full,all,6,44925250,7930,5,5,0,bcbf6e554ba6d00b,true,1701
matched,Joggle,da476ab0afe8d44c9b294c59b39ba82219f3522c,ultraface-rfb-320,831ee8735645145ec4833c5e26575ac448ede3083e1fe00c6c26bc4a727a4c0a,1586,1,operation_metadata,unrelated,late,full,all,7,45142292,7930,5,5,0,bcbf6e554ba6d00b,true,1701
matched,Joggle,da476ab0afe8d44c9b294c59b39ba82219f3522c,ultraface-rfb-320,831ee8735645145ec4833c5e26575ac448ede3083e1fe00c6c26bc4a727a4c0a,1586,1,operation_metadata,unrelated,late,full,all,8,44588250,7930,5,5,0,bcbf6e554ba6d00b,true,1701
matched,Joggle,da476ab0afe8d44c9b294c59b39ba82219f3522c,ultraface-rfb-320,831ee8735645145ec4833c5e26575ac448ede3083e1fe00c6c26bc4a727a4c0a,1586,1,operation_metadata,unrelated,late,full,all,9,44428792,7930,5,5,0,bcbf6e554ba6d00b,true,1701
matched,Joggle,da476ab0afe8d44c9b294c59b39ba82219f3522c,resnet18-v1-7,6548c77453ff9f9a774c27ec031a574667f25204d28ba668870c346edb693f32,643,69,operation_metadata,affected,early,update,all,0,5916125,345,5,5,0,e38f454284f671f9,true,1701
matched,Joggle,da476ab0afe8d44c9b294c59b39ba82219f3522c,resnet18-v1-7,6548c77453ff9f9a774c27ec031a574667f25204d28ba668870c346edb693f32,643,69,operation_metadata,affected,early,update,all,1,5827125,345,5,5,0,b36215a2f0cee9be,true,1701
matched,Joggle,da476ab0afe8d44c9b294c59b39ba82219f3522c,resnet18-v1-7,6548c77453ff9f9a774c27ec031a574667f25204d28ba668870c346edb693f32,643,69,operation_metadata,affected,early,update,all,2,5774334,345,5,5,0,b10aeef4fb011d9f,true,1701
matched,Joggle,da476ab0afe8d44c9b294c59b39ba82219f3522c,resnet18-v1-7,6548c77453ff9f9a774c27ec031a574667f25204d28ba668870c346edb693f32,643,69,operation_metadata,affected,early,update,all,3,5550583,345,5,5,0,1e957d658249d0ac,true,1701
matched,Joggle,da476ab0afe8d44c9b294c59b39ba82219f3522c,resnet18-v1-7,6548c77453ff9f9a774c27ec031a574667f25204d28ba668870c346edb693f32,643,69,operation_metadata,affected,early,update,all,4,5619916,345,5,5,0,0bc4caef05621a95,true,1701
matched,Joggle,da476ab0afe8d44c9b294c59b39ba82219f3522c,resnet18-v1-7,6548c77453ff9f9a774c27ec031a574667f25204d28ba668870c346edb693f32,643,69,operation_metadata,affected,early,update,all,5,6106000,345,5,5,0,bc8e097941652e3a,true,1701
matched,Joggle,da476ab0afe8d44c9b294c59b39ba82219f3522c,resnet18-v1-7,6548c77453ff9f9a774c27ec031a574667f25204d28ba668870c346edb693f32,643,69,operation_metadata,affected,early,update,all,6,6080875,345,5,5,0,aec430aa24b4bd5c,true,1701
matched,Joggle,da476ab0afe8d44c9b294c59b39ba82219f3522c,resnet18-v1-7,6548c77453ff9f9a774c27ec031a574667f25204d28ba668870c346edb693f32,643,69,operation_metadata,affected,early,update,all,7,5713000,345,5,5,0,7d78ec438b8f9acf,true,1701
matched,Joggle,da476ab0afe8d44c9b294c59b39ba82219f3522c,resnet18-v1-7,6548c77453ff9f9a774c27ec031a574667f25204d28ba668870c346edb693f32,643,69,operation_metadata,affected,early,update,all,8,5743042,345,5,5,0,fcd3b28f86b6c12e,true,1701
matched,Joggle,da476ab0afe8d44c9b294c59b39ba82219f3522c,resnet18-v1-7,6548c77453ff9f9a774c27ec031a574667f25204d28ba668870c346edb693f32,643,69,operation_metadata,affected,early,update,all,9,5841042,345,5,5,0,1d89c50267c46529,true,1701
matched,Joggle,da476ab0afe8d44c9b294c59b39ba82219f3522c,resnet18-v1-7,6548c77453ff9f9a774c27ec031a574667f25204d28ba668870c346edb693f32,643,69,operation_metadata,unrelated,early,update,all,0,370292,0,0,5,0,b6a466214535e5f0,true,1701
matched,Joggle,da476ab0afe8d44c9b294c59b39ba82219f3522c,resnet18-v1-7,6548c77453ff9f9a774c27ec031a574667f25204d28ba668870c346edb693f32,643,69,operation_metadata,unrelated,early,update,all,1,358292,0,0,5,0,b6a466214535e5f0,true,1701
matched,Joggle,da476ab0afe8d44c9b294c59b39ba82219f3522c,resnet18-v1-7,6548c77453ff9f9a774c27ec031a574667f25204d28ba668870c346edb693f32,643,69,operation_metadata,unrelated,early,update,all,2,364250,0,0,5,0,b6a466214535e5f0,true,1701
matched,Joggle,da476ab0afe8d44c9b294c59b39ba82219f3522c,resnet18-v1-7,6548c77453ff9f9a774c27ec031a574667f25204d28ba668870c346edb693f32,643,69,operation_metadata,unrelated,early,update,all,3,375166,0,0,5,0,b6a466214535e5f0,true,1701
matched,Joggle,da476ab0afe8d44c9b294c59b39ba82219f3522c,resnet18-v1-7,6548c77453ff9f9a774c27ec031a574667f25204d28ba668870c346edb693f32,643,69,operation_metadata,unrelated,early,update,all,4,360459,0,0,5,0,b6a466214535e5f0,true,1701
matched,Joggle,da476ab0afe8d44c9b294c59b39ba82219f3522c,resnet18-v1-7,6548c77453ff9f9a774c27ec031a574667f25204d28ba668870c346edb693f32,643,69,operation_metadata,unrelated,early,update,all,5,361042,0,0,5,0,b6a466214535e5f0,true,1701
matched,Joggle,da476ab0afe8d44c9b294c59b39ba82219f3522c,resnet18-v1-7,6548c77453ff9f9a774c27ec031a574667f25204d28ba668870c346edb693f32,643,69,operation_metadata,unrelated,early,update,all,6,359750,0,0,5,0,b6a466214535e5f0,true,1701
matched,Joggle,da476ab0afe8d44c9b294c59b39ba82219f3522c,resnet18-v1-7,6548c77453ff9f9a774c27ec031a574667f25204d28ba668870c346edb693f32,643,69,operation_metadata,unrelated,early,update,all,7,356459,0,0,5,0,b6a466214535e5f0,true,1701
matched,Joggle,da476ab0afe8d44c9b294c59b39ba82219f3522c,resnet18-v1-7,6548c77453ff9f9a774c27ec031a574667f25204d28ba668870c346edb693f32,643,69,operation_metadata,unrelated,early,update,all,8,362708,0,0,5,0,b6a466214535e5f0,true,1701
matched,Joggle,da476ab0afe8d44c9b294c59b39ba82219f3522c,resnet18-v1-7,6548c77453ff9f9a774c27ec031a574667f25204d28ba668870c346edb693f32,643,69,operation_metadata,unrelated,early,update,all,9,359042,0,0,5,0,b6a466214535e5f0,true,1701
matched,Joggle,da476ab0afe8d44c9b294c59b39ba82219f3522c,squeezenet1.1-7,098e8952d72d64cae5ede757aa8ade3d40ece99f33daa459a76ef2f138395382,412,1,operation_metadata,affected,late,full,all,0,11501542,2060,5,5,0,de277d00d73e4d13,true,1701
matched,Joggle,da476ab0afe8d44c9b294c59b39ba82219f3522c,squeezenet1.1-7,098e8952d72d64cae5ede757aa8ade3d40ece99f33daa459a76ef2f138395382,412,1,operation_metadata,affected,late,full,all,1,11578000,2060,5,5,0,5385dea131e43e4a,true,1701
matched,Joggle,da476ab0afe8d44c9b294c59b39ba82219f3522c,squeezenet1.1-7,098e8952d72d64cae5ede757aa8ade3d40ece99f33daa459a76ef2f138395382,412,1,operation_metadata,affected,late,full,all,2,11556625,2060,5,5,0,a10090d827f4c059,true,1701
matched,Joggle,da476ab0afe8d44c9b294c59b39ba82219f3522c,squeezenet1.1-7,098e8952d72d64cae5ede757aa8ade3d40ece99f33daa459a76ef2f138395382,412,1,operation_metadata,affected,late,full,all,3,11435583,2060,5,5,0,0581dbfe13baf168,true,1701
matched,Joggle,da476ab0afe8d44c9b294c59b39ba82219f3522c,squeezenet1.1-7,098e8952d72d64cae5ede757aa8ade3d40ece99f33daa459a76ef2f138395382,412,1,operation_metadata,affected,late,full,all,4,11541083,2060,5,5,0,2a5d66d78663d177,true,1701
matched,Joggle,da476ab0afe8d44c9b294c59b39ba82219f3522c,squeezenet1.1-7,098e8952d72d64cae5ede757aa8ade3d40ece99f33daa459a76ef2f138395382,412,1,operation_metadata,affected,late,full,all,5,11509334,2060,5,5,0,dac18372cc4b113e,true,1701
matched,Joggle,da476ab0afe8d44c9b294c59b39ba82219f3522c,squeezenet1.1-7,098e8952d72d64cae5ede757aa8ade3d40ece99f33daa459a76ef2f138395382,412,1,operation_metadata,affected,late,full,all,6,11385917,2060,5,5,0,8660ea43edb6e794,true,1701
matched,Joggle,da476ab0afe8d44c9b294c59b39ba82219f3522c,squeezenet1.1-7,098e8952d72d64cae5ede757aa8ade3d40ece99f33daa459a76ef2f138395382,412,1,operation_metadata,affected,late,full,all,7,11637042,2060,5,5,0,c53935d223007ed5,true,1701
matched,Joggle,da476ab0afe8d44c9b294c59b39ba82219f3522c,squeezenet1.1-7,098e8952d72d64cae5ede757aa8ade3d40ece99f33daa459a76ef2f138395382,412,1,operation_metadata,affected,late,full,all,8,11627334,2060,5,5,0,7dd9f6d7f6861d06,true,1701
matched,Joggle,da476ab0afe8d44c9b294c59b39ba82219f3522c,squeezenet1.1-7,098e8952d72d64cae5ede757aa8ade3d40ece99f33daa459a76ef2f138395382,412,1,operation_metadata,affected,late,full,all,9,11355916,2060,5,5,0,0662fb1f2b6ba4ff,true,1701
matched,Joggle,da476ab0afe8d44c9b294c59b39ba82219f3522c,squeezenet1.1-7,098e8952d72d64cae5ede757aa8ade3d40ece99f33daa459a76ef2f138395382,412,1,operation_metadata,unrelated,late,full,all,0,11955083,2060,5,5,0,69118f7b801fe880,true,1701
matched,Joggle,da476ab0afe8d44c9b294c59b39ba82219f3522c,squeezenet1.1-7,098e8952d72d64cae5ede757aa8ade3d40ece99f33daa459a76ef2f138395382,412,1,operation_metadata,unrelated,late,full,all,1,11570875,2060,5,5,0,69118f7b801fe880,true,1701
matched,Joggle,da476ab0afe8d44c9b294c59b39ba82219f3522c,squeezenet1.1-7,098e8952d72d64cae5ede757aa8ade3d40ece99f33daa459a76ef2f138395382,412,1,operation_metadata,unrelated,late,full,all,2,11341417,2060,5,5,0,69118f7b801fe880,true,1701
matched,Joggle,da476ab0afe8d44c9b294c59b39ba82219f3522c,squeezenet1.1-7,098e8952d72d64cae5ede757aa8ade3d40ece99f33daa459a76ef2f138395382,412,1,operation_metadata,unrelated,late,full,all,3,11572875,2060,5,5,0,69118f7b801fe880,true,1701
matched,Joggle,da476ab0afe8d44c9b294c59b39ba82219f3522c,squeezenet1.1-7,098e8952d72d64cae5ede757aa8ade3d40ece99f33daa459a76ef2f138395382,412,1,operation_metadata,unrelated,late,full,all,4,11427208,2060,5,5,0,69118f7b801fe880,true,1701
matched,Joggle,da476ab0afe8d44c9b294c59b39ba82219f3522c,squeezenet1.1-7,098e8952d72d64cae5ede757aa8ade3d40ece99f33daa459a76ef2f138395382,412,1,operation_metadata,unrelated,late,full,all,5,11367292,2060,5,5,0,69118f7b801fe880,true,1701
matched,Joggle,da476ab0afe8d44c9b294c59b39ba82219f3522c,squeezenet1.1-7,098e8952d72d64cae5ede757aa8ade3d40ece99f33daa459a76ef2f138395382,412,1,operation_metadata,unrelated,late,full,all,6,11307458,2060,5,5,0,69118f7b801fe880,true,1701
matched,Joggle,da476ab0afe8d44c9b294c59b39ba82219f3522c,squeezenet1.1-7,098e8952d72d64cae5ede757aa8ade3d40ece99f33daa459a76ef2f138395382,412,1,operation_metadata,unrelated,late,full,all,7,11884250,2060,5,5,0,69118f7b801fe880,true,1701
matched,Joggle,da476ab0afe8d44c9b294c59b39ba82219f3522c,squeezenet1.1-7,098e8952d72d64cae5ede757aa8ade3d40ece99f33daa459a76ef2f138395382,412,1,operation_metadata,unrelated,late,full,all,8,11602417,2060,5,5,0,69118f7b801fe880,true,1701
matched,Joggle,da476ab0afe8d44c9b294c59b39ba82219f3522c,squeezenet1.1-7,098e8952d72d64cae5ede757aa8ade3d40ece99f33daa459a76ef2f138395382,412,1,operation_metadata,unrelated,late,full,all,9,11715333,2060,5,5,0,69118f7b801fe880,true,1701
matched,Joggle,da476ab0afe8d44c9b294c59b39ba82219f3522c,tinyyolov2-8,867df52f413aae895af9b80a5526d865a8648e90765647a28cda9c6f8d31062f,285,17,operation_metadata,affected,middle,full,all,0,7988375,1425,5,5,0,e53aa5b5bd268f4e,true,1701
matched,Joggle,da476ab0afe8d44c9b294c59b39ba82219f3522c,tinyyolov2-8,867df52f413aae895af9b80a5526d865a8648e90765647a28cda9c6f8d31062f,285,17,operation_metadata,affected,middle,full,all,1,7977208,1425,5,5,0,264f3c921b058515,true,1701
matched,Joggle,da476ab0afe8d44c9b294c59b39ba82219f3522c,tinyyolov2-8,867df52f413aae895af9b80a5526d865a8648e90765647a28cda9c6f8d31062f,285,17,operation_metadata,affected,middle,full,all,2,8203459,1425,5,5,0,a945b9b3dba7b764,true,1701
matched,Joggle,da476ab0afe8d44c9b294c59b39ba82219f3522c,tinyyolov2-8,867df52f413aae895af9b80a5526d865a8648e90765647a28cda9c6f8d31062f,285,17,operation_metadata,affected,middle,full,all,3,8017084,1425,5,5,0,8b9db0113d647d2b,true,1701
matched,Joggle,da476ab0afe8d44c9b294c59b39ba82219f3522c,tinyyolov2-8,867df52f413aae895af9b80a5526d865a8648e90765647a28cda9c6f8d31062f,285,17,operation_metadata,affected,middle,full,all,4,8078125,1425,5,5,0,c7b4d6873be0cdea,true,1701
matched,Joggle,da476ab0afe8d44c9b294c59b39ba82219f3522c,tinyyolov2-8,867df52f413aae895af9b80a5526d865a8648e90765647a28cda9c6f8d31062f,285,17,operation_metadata,affected,middle,full,all,5,8027084,1425,5,5,0,dd8e6380d654d4a1,true,1701
matched,Joggle,da476ab0afe8d44c9b294c59b39ba82219f3522c,tinyyolov2-8,867df52f413aae895af9b80a5526d865a8648e90765647a28cda9c6f8d31062f,285,17,operation_metadata,affected,middle,full,all,6,8156208,1425,5,5,0,5ca9725be25105df,true,1701
matched,Joggle,da476ab0afe8d44c9b294c59b39ba82219f3522c,tinyyolov2-8,867df52f413aae895af9b80a5526d865a8648e90765647a28cda9c6f8d31062f,285,17,operation_metadata,affected,middle,full,all,7,8053584,1425,5,5,0,922abecc0a73d048,true,1701
matched,Joggle,da476ab0afe8d44c9b294c59b39ba82219f3522c,tinyyolov2-8,867df52f413aae895af9b80a5526d865a8648e90765647a28cda9c6f8d31062f,285,17,operation_metadata,affected,middle,full,all,8,8330583,1425,5,5,0,4123aef07e2af5e9,true,1701
matched,Joggle,da476ab0afe8d44c9b294c59b39ba82219f3522c,tinyyolov2-8,867df52f413aae895af9b80a5526d865a8648e90765647a28cda9c6f8d31062f,285,17,operation_metadata,affected,middle,full,all,9,8021583,1425,5,5,0,83e7bb0f512d2472,true,1701
matched,Joggle,da476ab0afe8d44c9b294c59b39ba82219f3522c,tinyyolov2-8,867df52f413aae895af9b80a5526d865a8648e90765647a28cda9c6f8d31062f,285,17,operation_metadata,unrelated,middle,full,all,0,8054583,1425,5,5,0,21c9b215525936c1,true,1701
matched,Joggle,da476ab0afe8d44c9b294c59b39ba82219f3522c,tinyyolov2-8,867df52f413aae895af9b80a5526d865a8648e90765647a28cda9c6f8d31062f,285,17,operation_metadata,unrelated,middle,full,all,1,7879292,1425,5,5,0,21c9b215525936c1,true,1701
matched,Joggle,da476ab0afe8d44c9b294c59b39ba82219f3522c,tinyyolov2-8,867df52f413aae895af9b80a5526d865a8648e90765647a28cda9c6f8d31062f,285,17,operation_metadata,unrelated,middle,full,all,2,7923333,1425,5,5,0,21c9b215525936c1,true,1701
matched,Joggle,da476ab0afe8d44c9b294c59b39ba82219f3522c,tinyyolov2-8,867df52f413aae895af9b80a5526d865a8648e90765647a28cda9c6f8d31062f,285,17,operation_metadata,unrelated,middle,full,all,3,7843958,1425,5,5,0,21c9b215525936c1,true,1701
matched,Joggle,da476ab0afe8d44c9b294c59b39ba82219f3522c,tinyyolov2-8,867df52f413aae895af9b80a5526d865a8648e90765647a28cda9c6f8d31062f,285,17,operation_metadata,unrelated,middle,full,all,4,8033667,1425,5,5,0,21c9b215525936c1,true,1701
matched,Joggle,da476ab0afe8d44c9b294c59b39ba82219f3522c,tinyyolov2-8,867df52f413aae895af9b80a5526d865a8648e90765647a28cda9c6f8d31062f,285,17,operation_metadata,unrelated,middle,full,all,5,7817625,1425,5,5,0,21c9b215525936c1,true,1701
matched,Joggle,da476ab0afe8d44c9b294c59b39ba82219f3522c,tinyyolov2-8,867df52f413aae895af9b80a5526d865a8648e90765647a28cda9c6f8d31062f,285,17,operation_metadata,unrelated,middle,full,all,6,8325750,1425,5,5,0,21c9b215525936c1,true,1701
matched,Joggle,da476ab0afe8d44c9b294c59b39ba82219f3522c,tinyyolov2-8,867df52f413aae895af9b80a5526d865a8648e90765647a28cda9c6f8d31062f,285,17,operation_metadata,unrelated,middle,full,all,7,7885375,1425,5,5,0,21c9b215525936c1,true,1701
matched,Joggle,da476ab0afe8d44c9b294c59b39ba82219f3522c,tinyyolov2-8,867df52f413aae895af9b80a5526d865a8648e90765647a28cda9c6f8d31062f,285,17,operation_metadata,unrelated,middle,full,all,8,8083875,1425,5,5,0,21c9b215525936c1,true,1701
matched,Joggle,da476ab0afe8d44c9b294c59b39ba82219f3522c,tinyyolov2-8,867df52f413aae895af9b80a5526d865a8648e90765647a28cda9c6f8d31062f,285,17,operation_metadata,unrelated,middle,full,all,9,7951709,1425,5,5,0,21c9b215525936c1,true,1701
matched,Joggle,da476ab0afe8d44c9b294c59b39ba82219f3522c,googlenet-12,c34bfa71323d77a72062f32fa8ec413067589c22fc2f5a7e68d5651165e61939,907,65,operation_metadata,affected,middle,update,all,0,4886208,325,5,5,0,21e3e4ed3e68e39b,true,1701
matched,Joggle,da476ab0afe8d44c9b294c59b39ba82219f3522c,googlenet-12,c34bfa71323d77a72062f32fa8ec413067589c22fc2f5a7e68d5651165e61939,907,65,operation_metadata,affected,middle,update,all,1,5023875,325,5,5,0,4cf38d8139c0bb82,true,1701
matched,Joggle,da476ab0afe8d44c9b294c59b39ba82219f3522c,googlenet-12,c34bfa71323d77a72062f32fa8ec413067589c22fc2f5a7e68d5651165e61939,907,65,operation_metadata,affected,middle,update,all,2,5084917,325,5,5,0,e49b0ed977e1aea1,true,1701
matched,Joggle,da476ab0afe8d44c9b294c59b39ba82219f3522c,googlenet-12,c34bfa71323d77a72062f32fa8ec413067589c22fc2f5a7e68d5651165e61939,907,65,operation_metadata,affected,middle,update,all,3,5390416,325,5,5,0,b000a665d96614f8,true,1701
matched,Joggle,da476ab0afe8d44c9b294c59b39ba82219f3522c,googlenet-12,c34bfa71323d77a72062f32fa8ec413067589c22fc2f5a7e68d5651165e61939,907,65,operation_metadata,affected,middle,update,all,4,5736958,325,5,5,0,6fa658e73be8fabf,true,1701
matched,Joggle,da476ab0afe8d44c9b294c59b39ba82219f3522c,googlenet-12,c34bfa71323d77a72062f32fa8ec413067589c22fc2f5a7e68d5651165e61939,907,65,operation_metadata,affected,middle,update,all,5,5733167,325,5,5,0,805f9388a8f4b0b6,true,1701
matched,Joggle,da476ab0afe8d44c9b294c59b39ba82219f3522c,googlenet-12,c34bfa71323d77a72062f32fa8ec413067589c22fc2f5a7e68d5651165e61939,907,65,operation_metadata,affected,middle,update,all,6,5417292,325,5,5,0,078a0542a7f08100,true,1701
matched,Joggle,da476ab0afe8d44c9b294c59b39ba82219f3522c,googlenet-12,c34bfa71323d77a72062f32fa8ec413067589c22fc2f5a7e68d5651165e61939,907,65,operation_metadata,affected,middle,update,all,7,5484125,325,5,5,0,d5f16dde5cdc9e29,true,1701
matched,Joggle,da476ab0afe8d44c9b294c59b39ba82219f3522c,googlenet-12,c34bfa71323d77a72062f32fa8ec413067589c22fc2f5a7e68d5651165e61939,907,65,operation_metadata,affected,middle,update,all,8,5186125,325,5,5,0,42c5c15df337e32a,true,1701
matched,Joggle,da476ab0afe8d44c9b294c59b39ba82219f3522c,googlenet-12,c34bfa71323d77a72062f32fa8ec413067589c22fc2f5a7e68d5651165e61939,907,65,operation_metadata,affected,middle,update,all,9,5474791,325,5,5,0,fcbecf1b3925bde3,true,1701
matched,Joggle,da476ab0afe8d44c9b294c59b39ba82219f3522c,googlenet-12,c34bfa71323d77a72062f32fa8ec413067589c22fc2f5a7e68d5651165e61939,907,65,operation_metadata,unrelated,middle,update,all,0,353958,0,0,5,0,4372762d60148bd4,true,1701
matched,Joggle,da476ab0afe8d44c9b294c59b39ba82219f3522c,googlenet-12,c34bfa71323d77a72062f32fa8ec413067589c22fc2f5a7e68d5651165e61939,907,65,operation_metadata,unrelated,middle,update,all,1,358917,0,0,5,0,4372762d60148bd4,true,1701
matched,Joggle,da476ab0afe8d44c9b294c59b39ba82219f3522c,googlenet-12,c34bfa71323d77a72062f32fa8ec413067589c22fc2f5a7e68d5651165e61939,907,65,operation_metadata,unrelated,middle,update,all,2,362333,0,0,5,0,4372762d60148bd4,true,1701
matched,Joggle,da476ab0afe8d44c9b294c59b39ba82219f3522c,googlenet-12,c34bfa71323d77a72062f32fa8ec413067589c22fc2f5a7e68d5651165e61939,907,65,operation_metadata,unrelated,middle,update,all,3,356375,0,0,5,0,4372762d60148bd4,true,1701
matched,Joggle,da476ab0afe8d44c9b294c59b39ba82219f3522c,googlenet-12,c34bfa71323d77a72062f32fa8ec413067589c22fc2f5a7e68d5651165e61939,907,65,operation_metadata,unrelated,middle,update,all,4,362000,0,0,5,0,4372762d60148bd4,true,1701
matched,Joggle,da476ab0afe8d44c9b294c59b39ba82219f3522c,googlenet-12,c34bfa71323d77a72062f32fa8ec413067589c22fc2f5a7e68d5651165e61939,907,65,operation_metadata,unrelated,middle,update,all,5,352417,0,0,5,0,4372762d60148bd4,true,1701
matched,Joggle,da476ab0afe8d44c9b294c59b39ba82219f3522c,googlenet-12,c34bfa71323d77a72062f32fa8ec413067589c22fc2f5a7e68d5651165e61939,907,65,operation_metadata,unrelated,middle,update,all,6,363417,0,0,5,0,4372762d60148bd4,true,1701
matched,Joggle,da476ab0afe8d44c9b294c59b39ba82219f3522c,googlenet-12,c34bfa71323d77a72062f32fa8ec413067589c22fc2f5a7e68d5651165e61939,907,65,operation_metadata,unrelated,middle,update,all,7,356250,0,0,5,0,4372762d60148bd4,true,1701
matched,Joggle,da476ab0afe8d44c9b294c59b39ba82219f3522c,googlenet-12,c34bfa71323d77a72062f32fa8ec413067589c22fc2f5a7e68d5651165e61939,907,65,operation_metadata,unrelated,middle,update,all,8,366250,0,0,5,0,4372762d60148bd4,true,1701
matched,Joggle,da476ab0afe8d44c9b294c59b39ba82219f3522c,googlenet-12,c34bfa71323d77a72062f32fa8ec413067589c22fc2f5a7e68d5651165e61939,907,65,operation_metadata,unrelated,middle,update,all,9,361375,0,0,5,0,4372762d60148bd4,true,1701
matched,Joggle,da476ab0afe8d44c9b294c59b39ba82219f3522c,densenet-12,0294e7e88e5b3360de9b0fdc321baf9e6ef18b7f058c4536caae3b9f18ed9ed5,5516,335,operation_metadata,affected,middle,update,all,0,26544875,1675,5,5,0,52ad5c9ece63d2bd,true,1701
matched,Joggle,da476ab0afe8d44c9b294c59b39ba82219f3522c,densenet-12,0294e7e88e5b3360de9b0fdc321baf9e6ef18b7f058c4536caae3b9f18ed9ed5,5516,335,operation_metadata,affected,middle,update,all,1,27012500,1675,5,5,0,9d9cd43830dcb450,true,1701
matched,Joggle,da476ab0afe8d44c9b294c59b39ba82219f3522c,densenet-12,0294e7e88e5b3360de9b0fdc321baf9e6ef18b7f058c4536caae3b9f18ed9ed5,5516,335,operation_metadata,affected,middle,update,all,2,26153458,1675,5,5,0,8a86f21a1462e7b3,true,1701
matched,Joggle,da476ab0afe8d44c9b294c59b39ba82219f3522c,densenet-12,0294e7e88e5b3360de9b0fdc321baf9e6ef18b7f058c4536caae3b9f18ed9ed5,5516,335,operation_metadata,affected,middle,update,all,3,26860417,1675,5,5,0,6c0f791c1b3a6466,true,1701
matched,Joggle,da476ab0afe8d44c9b294c59b39ba82219f3522c,densenet-12,0294e7e88e5b3360de9b0fdc321baf9e6ef18b7f058c4536caae3b9f18ed9ed5,5516,335,operation_metadata,affected,middle,update,all,4,26694666,1675,5,5,0,b9d76ca1db43a939,true,1701
matched,Joggle,da476ab0afe8d44c9b294c59b39ba82219f3522c,densenet-12,0294e7e88e5b3360de9b0fdc321baf9e6ef18b7f058c4536caae3b9f18ed9ed5,5516,335,operation_metadata,affected,middle,update,all,5,26692458,1675,5,5,0,48fa5f27e89a789c,true,1701
matched,Joggle,da476ab0afe8d44c9b294c59b39ba82219f3522c,densenet-12,0294e7e88e5b3360de9b0fdc321baf9e6ef18b7f058c4536caae3b9f18ed9ed5,5516,335,operation_metadata,affected,middle,update,all,6,26409417,1675,5,5,0,79cd7a18a5ae0f3e,true,1701
matched,Joggle,da476ab0afe8d44c9b294c59b39ba82219f3522c,densenet-12,0294e7e88e5b3360de9b0fdc321baf9e6ef18b7f058c4536caae3b9f18ed9ed5,5516,335,operation_metadata,affected,middle,update,all,7,26495125,1675,5,5,0,10c198bc051556eb,true,1701
matched,Joggle,da476ab0afe8d44c9b294c59b39ba82219f3522c,densenet-12,0294e7e88e5b3360de9b0fdc321baf9e6ef18b7f058c4536caae3b9f18ed9ed5,5516,335,operation_metadata,affected,middle,update,all,8,24962917,1675,5,5,0,aa79fe277c064ea8,true,1701
matched,Joggle,da476ab0afe8d44c9b294c59b39ba82219f3522c,densenet-12,0294e7e88e5b3360de9b0fdc321baf9e6ef18b7f058c4536caae3b9f18ed9ed5,5516,335,operation_metadata,affected,middle,update,all,9,26489333,1675,5,5,0,d5fb711960a33295,true,1701
matched,Joggle,da476ab0afe8d44c9b294c59b39ba82219f3522c,densenet-12,0294e7e88e5b3360de9b0fdc321baf9e6ef18b7f058c4536caae3b9f18ed9ed5,5516,335,operation_metadata,unrelated,middle,update,all,0,2080125,0,0,5,0,a2763650d657474a,true,1701
matched,Joggle,da476ab0afe8d44c9b294c59b39ba82219f3522c,densenet-12,0294e7e88e5b3360de9b0fdc321baf9e6ef18b7f058c4536caae3b9f18ed9ed5,5516,335,operation_metadata,unrelated,middle,update,all,1,1859000,0,0,5,0,a2763650d657474a,true,1701
matched,Joggle,da476ab0afe8d44c9b294c59b39ba82219f3522c,densenet-12,0294e7e88e5b3360de9b0fdc321baf9e6ef18b7f058c4536caae3b9f18ed9ed5,5516,335,operation_metadata,unrelated,middle,update,all,2,1774166,0,0,5,0,a2763650d657474a,true,1701
matched,Joggle,da476ab0afe8d44c9b294c59b39ba82219f3522c,densenet-12,0294e7e88e5b3360de9b0fdc321baf9e6ef18b7f058c4536caae3b9f18ed9ed5,5516,335,operation_metadata,unrelated,middle,update,all,3,1789667,0,0,5,0,a2763650d657474a,true,1701
matched,Joggle,da476ab0afe8d44c9b294c59b39ba82219f3522c,densenet-12,0294e7e88e5b3360de9b0fdc321baf9e6ef18b7f058c4536caae3b9f18ed9ed5,5516,335,operation_metadata,unrelated,middle,update,all,4,1823583,0,0,5,0,a2763650d657474a,true,1701
matched,Joggle,da476ab0afe8d44c9b294c59b39ba82219f3522c,densenet-12,0294e7e88e5b3360de9b0fdc321baf9e6ef18b7f058c4536caae3b9f18ed9ed5,5516,335,operation_metadata,unrelated,middle,update,all,5,1908250,0,0,5,0,a2763650d657474a,true,1701
matched,Joggle,da476ab0afe8d44c9b294c59b39ba82219f3522c,densenet-12,0294e7e88e5b3360de9b0fdc321baf9e6ef18b7f058c4536caae3b9f18ed9ed5,5516,335,operation_metadata,unrelated,middle,update,all,6,2249500,0,0,5,0,a2763650d657474a,true,1701
matched,Joggle,da476ab0afe8d44c9b294c59b39ba82219f3522c,densenet-12,0294e7e88e5b3360de9b0fdc321baf9e6ef18b7f058c4536caae3b9f18ed9ed5,5516,335,operation_metadata,unrelated,middle,update,all,7,1876291,0,0,5,0,a2763650d657474a,true,1701
matched,Joggle,da476ab0afe8d44c9b294c59b39ba82219f3522c,densenet-12,0294e7e88e5b3360de9b0fdc321baf9e6ef18b7f058c4536caae3b9f18ed9ed5,5516,335,operation_metadata,unrelated,middle,update,all,8,1840000,0,0,5,0,a2763650d657474a,true,1701
matched,Joggle,da476ab0afe8d44c9b294c59b39ba82219f3522c,densenet-12,0294e7e88e5b3360de9b0fdc321baf9e6ef18b7f058c4536caae3b9f18ed9ed5,5516,335,operation_metadata,unrelated,middle,update,all,9,1892000,0,0,5,0,a2763650d657474a,true,1701
matched,Joggle,da476ab0afe8d44c9b294c59b39ba82219f3522c,squeezenet1.1-7,098e8952d72d64cae5ede757aa8ade3d40ece99f33daa459a76ef2f138395382,412,33,operation_metadata,affected,middle,full,all,0,11420166,2060,5,5,0,b37c949318267870,true,1701
matched,Joggle,da476ab0afe8d44c9b294c59b39ba82219f3522c,squeezenet1.1-7,098e8952d72d64cae5ede757aa8ade3d40ece99f33daa459a76ef2f138395382,412,33,operation_metadata,affected,middle,full,all,1,11497250,2060,5,5,0,64fb2f38f796158f,true,1701
matched,Joggle,da476ab0afe8d44c9b294c59b39ba82219f3522c,squeezenet1.1-7,098e8952d72d64cae5ede757aa8ade3d40ece99f33daa459a76ef2f138395382,412,33,operation_metadata,affected,middle,full,all,2,11534417,2060,5,5,0,294be0b527e8f93a,true,1701
matched,Joggle,da476ab0afe8d44c9b294c59b39ba82219f3522c,squeezenet1.1-7,098e8952d72d64cae5ede757aa8ade3d40ece99f33daa459a76ef2f138395382,412,33,operation_metadata,affected,middle,full,all,3,11477333,2060,5,5,0,fcec457f130ec711,true,1701
matched,Joggle,da476ab0afe8d44c9b294c59b39ba82219f3522c,squeezenet1.1-7,098e8952d72d64cae5ede757aa8ade3d40ece99f33daa459a76ef2f138395382,412,33,operation_metadata,affected,middle,full,all,4,11591708,2060,5,5,0,8d113eb329a4fc7c,true,1701
matched,Joggle,da476ab0afe8d44c9b294c59b39ba82219f3522c,squeezenet1.1-7,098e8952d72d64cae5ede757aa8ade3d40ece99f33daa459a76ef2f138395382,412,33,operation_metadata,affected,middle,full,all,5,11451750,2060,5,5,0,0d5482c36194967b,true,1701
matched,Joggle,da476ab0afe8d44c9b294c59b39ba82219f3522c,squeezenet1.1-7,098e8952d72d64cae5ede757aa8ade3d40ece99f33daa459a76ef2f138395382,412,33,operation_metadata,affected,middle,full,all,6,11615041,2060,5,5,0,45b4fd03bb624675,true,1701
matched,Joggle,da476ab0afe8d44c9b294c59b39ba82219f3522c,squeezenet1.1-7,098e8952d72d64cae5ede757aa8ade3d40ece99f33daa459a76ef2f138395382,412,33,operation_metadata,affected,middle,full,all,7,11330792,2060,5,5,0,20e4bfcdce07b5be,true,1701
matched,Joggle,da476ab0afe8d44c9b294c59b39ba82219f3522c,squeezenet1.1-7,098e8952d72d64cae5ede757aa8ade3d40ece99f33daa459a76ef2f138395382,412,33,operation_metadata,affected,middle,full,all,8,11492625,2060,5,5,0,0820b34f1d79e2d3,true,1701
matched,Joggle,da476ab0afe8d44c9b294c59b39ba82219f3522c,squeezenet1.1-7,098e8952d72d64cae5ede757aa8ade3d40ece99f33daa459a76ef2f138395382,412,33,operation_metadata,affected,middle,full,all,9,11551834,2060,5,5,0,6039966a663e30d4,true,1701
matched,Joggle,da476ab0afe8d44c9b294c59b39ba82219f3522c,squeezenet1.1-7,098e8952d72d64cae5ede757aa8ade3d40ece99f33daa459a76ef2f138395382,412,33,operation_metadata,unrelated,middle,full,all,0,11580292,2060,5,5,0,26baa9321c2d0e3b,true,1701
matched,Joggle,da476ab0afe8d44c9b294c59b39ba82219f3522c,squeezenet1.1-7,098e8952d72d64cae5ede757aa8ade3d40ece99f33daa459a76ef2f138395382,412,33,operation_metadata,unrelated,middle,full,all,1,11453083,2060,5,5,0,26baa9321c2d0e3b,true,1701
matched,Joggle,da476ab0afe8d44c9b294c59b39ba82219f3522c,squeezenet1.1-7,098e8952d72d64cae5ede757aa8ade3d40ece99f33daa459a76ef2f138395382,412,33,operation_metadata,unrelated,middle,full,all,2,11286250,2060,5,5,0,26baa9321c2d0e3b,true,1701
matched,Joggle,da476ab0afe8d44c9b294c59b39ba82219f3522c,squeezenet1.1-7,098e8952d72d64cae5ede757aa8ade3d40ece99f33daa459a76ef2f138395382,412,33,operation_metadata,unrelated,middle,full,all,3,11237583,2060,5,5,0,26baa9321c2d0e3b,true,1701
matched,Joggle,da476ab0afe8d44c9b294c59b39ba82219f3522c,squeezenet1.1-7,098e8952d72d64cae5ede757aa8ade3d40ece99f33daa459a76ef2f138395382,412,33,operation_metadata,unrelated,middle,full,all,4,11278084,2060,5,5,0,26baa9321c2d0e3b,true,1701
matched,Joggle,da476ab0afe8d44c9b294c59b39ba82219f3522c,squeezenet1.1-7,098e8952d72d64cae5ede757aa8ade3d40ece99f33daa459a76ef2f138395382,412,33,operation_metadata,unrelated,middle,full,all,5,11357083,2060,5,5,0,26baa9321c2d0e3b,true,1701
matched,Joggle,da476ab0afe8d44c9b294c59b39ba82219f3522c,squeezenet1.1-7,098e8952d72d64cae5ede757aa8ade3d40ece99f33daa459a76ef2f138395382,412,33,operation_metadata,unrelated,middle,full,all,6,11238667,2060,5,5,0,26baa9321c2d0e3b,true,1701
matched,Joggle,da476ab0afe8d44c9b294c59b39ba82219f3522c,squeezenet1.1-7,098e8952d72d64cae5ede757aa8ade3d40ece99f33daa459a76ef2f138395382,412,33,operation_metadata,unrelated,middle,full,all,7,11437584,2060,5,5,0,26baa9321c2d0e3b,true,1701
matched,Joggle,da476ab0afe8d44c9b294c59b39ba82219f3522c,squeezenet1.1-7,098e8952d72d64cae5ede757aa8ade3d40ece99f33daa459a76ef2f138395382,412,33,operation_metadata,unrelated,middle,full,all,8,11539042,2060,5,5,0,26baa9321c2d0e3b,true,1701
matched,Joggle,da476ab0afe8d44c9b294c59b39ba82219f3522c,squeezenet1.1-7,098e8952d72d64cae5ede757aa8ade3d40ece99f33daa459a76ef2f138395382,412,33,operation_metadata,unrelated,middle,full,all,9,11372291,2060,5,5,0,26baa9321c2d0e3b,true,1701
matched,Joggle,da476ab0afe8d44c9b294c59b39ba82219f3522c,resnet18-v1-7,6548c77453ff9f9a774c27ec031a574667f25204d28ba668870c346edb693f32,643,1,operation_metadata,affected,late,full,all,0,18061792,3215,5,5,0,986f348bab02f3e0,true,1701
matched,Joggle,da476ab0afe8d44c9b294c59b39ba82219f3522c,resnet18-v1-7,6548c77453ff9f9a774c27ec031a574667f25204d28ba668870c346edb693f32,643,1,operation_metadata,affected,late,full,all,1,17838667,3215,5,5,0,919742caaf150451,true,1701
matched,Joggle,da476ab0afe8d44c9b294c59b39ba82219f3522c,resnet18-v1-7,6548c77453ff9f9a774c27ec031a574667f25204d28ba668870c346edb693f32,643,1,operation_metadata,affected,late,full,all,2,17840042,3215,5,5,0,499ca3c3e410d162,true,1701
matched,Joggle,da476ab0afe8d44c9b294c59b39ba82219f3522c,resnet18-v1-7,6548c77453ff9f9a774c27ec031a574667f25204d28ba668870c346edb693f32,643,1,operation_metadata,affected,late,full,all,3,17721750,3215,5,5,0,63e53742cbe3c78b,true,1701
matched,Joggle,da476ab0afe8d44c9b294c59b39ba82219f3522c,resnet18-v1-7,6548c77453ff9f9a774c27ec031a574667f25204d28ba668870c346edb693f32,643,1,operation_metadata,affected,late,full,all,4,17747875,3215,5,5,0,1f9362343af846d4,true,1701
matched,Joggle,da476ab0afe8d44c9b294c59b39ba82219f3522c,resnet18-v1-7,6548c77453ff9f9a774c27ec031a574667f25204d28ba668870c346edb693f32,643,1,operation_metadata,affected,late,full,all,5,17876958,3215,5,5,0,c59cd51860495715,true,1701
matched,Joggle,da476ab0afe8d44c9b294c59b39ba82219f3522c,resnet18-v1-7,6548c77453ff9f9a774c27ec031a574667f25204d28ba668870c346edb693f32,643,1,operation_metadata,affected,late,full,all,6,17965583,3215,5,5,0,5128e6f8767158b7,true,1701
matched,Joggle,da476ab0afe8d44c9b294c59b39ba82219f3522c,resnet18-v1-7,6548c77453ff9f9a774c27ec031a574667f25204d28ba668870c346edb693f32,643,1,operation_metadata,affected,late,full,all,7,17872667,3215,5,5,0,83152d01ef2c5e7e,true,1701
matched,Joggle,da476ab0afe8d44c9b294c59b39ba82219f3522c,resnet18-v1-7,6548c77453ff9f9a774c27ec031a574667f25204d28ba668870c346edb693f32,643,1,operation_metadata,affected,late,full,all,8,18053250,3215,5,5,0,5334cca2dac124ad,true,1701
matched,Joggle,da476ab0afe8d44c9b294c59b39ba82219f3522c,resnet18-v1-7,6548c77453ff9f9a774c27ec031a574667f25204d28ba668870c346edb693f32,643,1,operation_metadata,affected,late,full,all,9,17972584,3215,5,5,0,62132d1361f30bcc,true,1701
matched,Joggle,da476ab0afe8d44c9b294c59b39ba82219f3522c,resnet18-v1-7,6548c77453ff9f9a774c27ec031a574667f25204d28ba668870c346edb693f32,643,1,operation_metadata,unrelated,late,full,all,0,17736458,3215,5,5,0,86fca7cd057c7845,true,1701
matched,Joggle,da476ab0afe8d44c9b294c59b39ba82219f3522c,resnet18-v1-7,6548c77453ff9f9a774c27ec031a574667f25204d28ba668870c346edb693f32,643,1,operation_metadata,unrelated,late,full,all,1,17509208,3215,5,5,0,86fca7cd057c7845,true,1701
matched,Joggle,da476ab0afe8d44c9b294c59b39ba82219f3522c,resnet18-v1-7,6548c77453ff9f9a774c27ec031a574667f25204d28ba668870c346edb693f32,643,1,operation_metadata,unrelated,late,full,all,2,17466709,3215,5,5,0,86fca7cd057c7845,true,1701
matched,Joggle,da476ab0afe8d44c9b294c59b39ba82219f3522c,resnet18-v1-7,6548c77453ff9f9a774c27ec031a574667f25204d28ba668870c346edb693f32,643,1,operation_metadata,unrelated,late,full,all,3,17783666,3215,5,5,0,86fca7cd057c7845,true,1701
matched,Joggle,da476ab0afe8d44c9b294c59b39ba82219f3522c,resnet18-v1-7,6548c77453ff9f9a774c27ec031a574667f25204d28ba668870c346edb693f32,643,1,operation_metadata,unrelated,late,full,all,4,17697833,3215,5,5,0,86fca7cd057c7845,true,1701
matched,Joggle,da476ab0afe8d44c9b294c59b39ba82219f3522c,resnet18-v1-7,6548c77453ff9f9a774c27ec031a574667f25204d28ba668870c346edb693f32,643,1,operation_metadata,unrelated,late,full,all,5,18434583,3215,5,5,0,86fca7cd057c7845,true,1701
matched,Joggle,da476ab0afe8d44c9b294c59b39ba82219f3522c,resnet18-v1-7,6548c77453ff9f9a774c27ec031a574667f25204d28ba668870c346edb693f32,643,1,operation_metadata,unrelated,late,full,all,6,17709250,3215,5,5,0,86fca7cd057c7845,true,1701
matched,Joggle,da476ab0afe8d44c9b294c59b39ba82219f3522c,resnet18-v1-7,6548c77453ff9f9a774c27ec031a574667f25204d28ba668870c346edb693f32,643,1,operation_metadata,unrelated,late,full,all,7,17534125,3215,5,5,0,86fca7cd057c7845,true,1701
matched,Joggle,da476ab0afe8d44c9b294c59b39ba82219f3522c,resnet18-v1-7,6548c77453ff9f9a774c27ec031a574667f25204d28ba668870c346edb693f32,643,1,operation_metadata,unrelated,late,full,all,8,17961084,3215,5,5,0,86fca7cd057c7845,true,1701
matched,Joggle,da476ab0afe8d44c9b294c59b39ba82219f3522c,resnet18-v1-7,6548c77453ff9f9a774c27ec031a574667f25204d28ba668870c346edb693f32,643,1,operation_metadata,unrelated,late,full,all,9,17843417,3215,5,5,0,86fca7cd057c7845,true,1701
matched,Joggle,da476ab0afe8d44c9b294c59b39ba82219f3522c,tiny-yolov3-11,356de5227f42a77ed270d2668b95804087109a567b84cc76b7442ca3517926c0,1644,21,operation_metadata,affected,middle,full,all,0,47187666,8140,5,5,0,e0dfdfb966e86d7d,true,1701
matched,Joggle,da476ab0afe8d44c9b294c59b39ba82219f3522c,tiny-yolov3-11,356de5227f42a77ed270d2668b95804087109a567b84cc76b7442ca3517926c0,1644,21,operation_metadata,affected,middle,full,all,1,47013292,8140,5,5,0,099e220917975e82,true,1701
matched,Joggle,da476ab0afe8d44c9b294c59b39ba82219f3522c,tiny-yolov3-11,356de5227f42a77ed270d2668b95804087109a567b84cc76b7442ca3517926c0,1644,21,operation_metadata,affected,middle,full,all,2,47246375,8140,5,5,0,3ef23b74ab97ff8b,true,1701
matched,Joggle,da476ab0afe8d44c9b294c59b39ba82219f3522c,tiny-yolov3-11,356de5227f42a77ed270d2668b95804087109a567b84cc76b7442ca3517926c0,1644,21,operation_metadata,affected,middle,full,all,3,47454250,8140,5,5,0,44df7dbea52f1d18,true,1701
matched,Joggle,da476ab0afe8d44c9b294c59b39ba82219f3522c,tiny-yolov3-11,356de5227f42a77ed270d2668b95804087109a567b84cc76b7442ca3517926c0,1644,21,operation_metadata,affected,middle,full,all,4,47268500,8140,5,5,0,e66929c2c3f60981,true,1701
matched,Joggle,da476ab0afe8d44c9b294c59b39ba82219f3522c,tiny-yolov3-11,356de5227f42a77ed270d2668b95804087109a567b84cc76b7442ca3517926c0,1644,21,operation_metadata,affected,middle,full,all,5,47718000,8140,5,5,0,2c005c790427b6b6,true,1701
matched,Joggle,da476ab0afe8d44c9b294c59b39ba82219f3522c,tiny-yolov3-11,356de5227f42a77ed270d2668b95804087109a567b84cc76b7442ca3517926c0,1644,21,operation_metadata,affected,middle,full,all,6,47151167,8140,5,5,0,f4276c9eef841114,true,1701
matched,Joggle,da476ab0afe8d44c9b294c59b39ba82219f3522c,tiny-yolov3-11,356de5227f42a77ed270d2668b95804087109a567b84cc76b7442ca3517926c0,1644,21,operation_metadata,affected,middle,full,all,7,47468500,8140,5,5,0,3080ce4a899bf6d7,true,1701
matched,Joggle,da476ab0afe8d44c9b294c59b39ba82219f3522c,tiny-yolov3-11,356de5227f42a77ed270d2668b95804087109a567b84cc76b7442ca3517926c0,1644,21,operation_metadata,affected,middle,full,all,8,47409875,8140,5,5,0,d14484e3c70e71ae,true,1701
matched,Joggle,da476ab0afe8d44c9b294c59b39ba82219f3522c,tiny-yolov3-11,356de5227f42a77ed270d2668b95804087109a567b84cc76b7442ca3517926c0,1644,21,operation_metadata,affected,middle,full,all,9,47101792,8140,5,5,0,60612058319d6e39,true,1701
matched,Joggle,da476ab0afe8d44c9b294c59b39ba82219f3522c,tiny-yolov3-11,356de5227f42a77ed270d2668b95804087109a567b84cc76b7442ca3517926c0,1644,21,operation_metadata,unrelated,middle,full,all,0,47357209,8140,5,5,0,730400a1554cc7c0,true,1701
matched,Joggle,da476ab0afe8d44c9b294c59b39ba82219f3522c,tiny-yolov3-11,356de5227f42a77ed270d2668b95804087109a567b84cc76b7442ca3517926c0,1644,21,operation_metadata,unrelated,middle,full,all,1,46386917,8140,5,5,0,730400a1554cc7c0,true,1701
matched,Joggle,da476ab0afe8d44c9b294c59b39ba82219f3522c,tiny-yolov3-11,356de5227f42a77ed270d2668b95804087109a567b84cc76b7442ca3517926c0,1644,21,operation_metadata,unrelated,middle,full,all,2,46354000,8140,5,5,0,730400a1554cc7c0,true,1701
matched,Joggle,da476ab0afe8d44c9b294c59b39ba82219f3522c,tiny-yolov3-11,356de5227f42a77ed270d2668b95804087109a567b84cc76b7442ca3517926c0,1644,21,operation_metadata,unrelated,middle,full,all,3,47092083,8140,5,5,0,730400a1554cc7c0,true,1701
matched,Joggle,da476ab0afe8d44c9b294c59b39ba82219f3522c,tiny-yolov3-11,356de5227f42a77ed270d2668b95804087109a567b84cc76b7442ca3517926c0,1644,21,operation_metadata,unrelated,middle,full,all,4,46523583,8140,5,5,0,730400a1554cc7c0,true,1701
matched,Joggle,da476ab0afe8d44c9b294c59b39ba82219f3522c,tiny-yolov3-11,356de5227f42a77ed270d2668b95804087109a567b84cc76b7442ca3517926c0,1644,21,operation_metadata,unrelated,middle,full,all,5,47008375,8140,5,5,0,730400a1554cc7c0,true,1701
matched,Joggle,da476ab0afe8d44c9b294c59b39ba82219f3522c,tiny-yolov3-11,356de5227f42a77ed270d2668b95804087109a567b84cc76b7442ca3517926c0,1644,21,operation_metadata,unrelated,middle,full,all,6,47411084,8140,5,5,0,730400a1554cc7c0,true,1701
matched,Joggle,da476ab0afe8d44c9b294c59b39ba82219f3522c,tiny-yolov3-11,356de5227f42a77ed270d2668b95804087109a567b84cc76b7442ca3517926c0,1644,21,operation_metadata,unrelated,middle,full,all,7,46762083,8140,5,5,0,730400a1554cc7c0,true,1701
matched,Joggle,da476ab0afe8d44c9b294c59b39ba82219f3522c,tiny-yolov3-11,356de5227f42a77ed270d2668b95804087109a567b84cc76b7442ca3517926c0,1644,21,operation_metadata,unrelated,middle,full,all,8,47301125,8140,5,5,0,730400a1554cc7c0,true,1701
matched,Joggle,da476ab0afe8d44c9b294c59b39ba82219f3522c,tiny-yolov3-11,356de5227f42a77ed270d2668b95804087109a567b84cc76b7442ca3517926c0,1644,21,operation_metadata,unrelated,middle,full,all,9,46331416,8140,5,5,0,730400a1554cc7c0,true,1701
matched,Joggle,da476ab0afe8d44c9b294c59b39ba82219f3522c,tinyyolov2-8,867df52f413aae895af9b80a5526d865a8648e90765647a28cda9c6f8d31062f,285,33,operation_metadata,affected,early,full,all,0,8041541,1425,5,5,0,4641317c81988ddd,true,1701
matched,Joggle,da476ab0afe8d44c9b294c59b39ba82219f3522c,tinyyolov2-8,867df52f413aae895af9b80a5526d865a8648e90765647a28cda9c6f8d31062f,285,33,operation_metadata,affected,early,full,all,1,8483625,1425,5,5,0,6d2c96d419cdb3a6,true,1701
matched,Joggle,da476ab0afe8d44c9b294c59b39ba82219f3522c,tinyyolov2-8,867df52f413aae895af9b80a5526d865a8648e90765647a28cda9c6f8d31062f,285,33,operation_metadata,affected,early,full,all,2,8031333,1425,5,5,0,03ef257349af0ddf,true,1701
matched,Joggle,da476ab0afe8d44c9b294c59b39ba82219f3522c,tinyyolov2-8,867df52f413aae895af9b80a5526d865a8648e90765647a28cda9c6f8d31062f,285,33,operation_metadata,affected,early,full,all,3,8031875,1425,5,5,0,f29014b0c2e6da60,true,1701
matched,Joggle,da476ab0afe8d44c9b294c59b39ba82219f3522c,tinyyolov2-8,867df52f413aae895af9b80a5526d865a8648e90765647a28cda9c6f8d31062f,285,33,operation_metadata,affected,early,full,all,4,7873625,1425,5,5,0,fed2c61d75a18c81,true,1701
matched,Joggle,da476ab0afe8d44c9b294c59b39ba82219f3522c,tinyyolov2-8,867df52f413aae895af9b80a5526d865a8648e90765647a28cda9c6f8d31062f,285,33,operation_metadata,affected,early,full,all,5,8175250,1425,5,5,0,a56639227252838a,true,1701
matched,Joggle,da476ab0afe8d44c9b294c59b39ba82219f3522c,tinyyolov2-8,867df52f413aae895af9b80a5526d865a8648e90765647a28cda9c6f8d31062f,285,33,operation_metadata,affected,early,full,all,6,8089792,1425,5,5,0,d82b9f80577b4d90,true,1701
matched,Joggle,da476ab0afe8d44c9b294c59b39ba82219f3522c,tinyyolov2-8,867df52f413aae895af9b80a5526d865a8648e90765647a28cda9c6f8d31062f,285,33,operation_metadata,affected,early,full,all,7,8085000,1425,5,5,0,fb0f6a8ddc9202cf,true,1701
matched,Joggle,da476ab0afe8d44c9b294c59b39ba82219f3522c,tinyyolov2-8,867df52f413aae895af9b80a5526d865a8648e90765647a28cda9c6f8d31062f,285,33,operation_metadata,affected,early,full,all,8,8022750,1425,5,5,0,19e5025cc73bccd6,true,1701
matched,Joggle,da476ab0afe8d44c9b294c59b39ba82219f3522c,tinyyolov2-8,867df52f413aae895af9b80a5526d865a8648e90765647a28cda9c6f8d31062f,285,33,operation_metadata,affected,early,full,all,9,8087833,1425,5,5,0,e1d4d0cff68e88cd,true,1701
matched,Joggle,da476ab0afe8d44c9b294c59b39ba82219f3522c,tinyyolov2-8,867df52f413aae895af9b80a5526d865a8648e90765647a28cda9c6f8d31062f,285,33,operation_metadata,unrelated,early,full,all,0,8084583,1425,5,5,0,92bbb9aaaaed5912,true,1701
matched,Joggle,da476ab0afe8d44c9b294c59b39ba82219f3522c,tinyyolov2-8,867df52f413aae895af9b80a5526d865a8648e90765647a28cda9c6f8d31062f,285,33,operation_metadata,unrelated,early,full,all,1,7895792,1425,5,5,0,92bbb9aaaaed5912,true,1701
matched,Joggle,da476ab0afe8d44c9b294c59b39ba82219f3522c,tinyyolov2-8,867df52f413aae895af9b80a5526d865a8648e90765647a28cda9c6f8d31062f,285,33,operation_metadata,unrelated,early,full,all,2,8087000,1425,5,5,0,92bbb9aaaaed5912,true,1701
matched,Joggle,da476ab0afe8d44c9b294c59b39ba82219f3522c,tinyyolov2-8,867df52f413aae895af9b80a5526d865a8648e90765647a28cda9c6f8d31062f,285,33,operation_metadata,unrelated,early,full,all,3,7944875,1425,5,5,0,92bbb9aaaaed5912,true,1701
matched,Joggle,da476ab0afe8d44c9b294c59b39ba82219f3522c,tinyyolov2-8,867df52f413aae895af9b80a5526d865a8648e90765647a28cda9c6f8d31062f,285,33,operation_metadata,unrelated,early,full,all,4,7887250,1425,5,5,0,92bbb9aaaaed5912,true,1701
matched,Joggle,da476ab0afe8d44c9b294c59b39ba82219f3522c,tinyyolov2-8,867df52f413aae895af9b80a5526d865a8648e90765647a28cda9c6f8d31062f,285,33,operation_metadata,unrelated,early,full,all,5,7588833,1425,5,5,0,92bbb9aaaaed5912,true,1701
matched,Joggle,da476ab0afe8d44c9b294c59b39ba82219f3522c,tinyyolov2-8,867df52f413aae895af9b80a5526d865a8648e90765647a28cda9c6f8d31062f,285,33,operation_metadata,unrelated,early,full,all,6,7709708,1425,5,5,0,92bbb9aaaaed5912,true,1701
matched,Joggle,da476ab0afe8d44c9b294c59b39ba82219f3522c,tinyyolov2-8,867df52f413aae895af9b80a5526d865a8648e90765647a28cda9c6f8d31062f,285,33,operation_metadata,unrelated,early,full,all,7,7538792,1425,5,5,0,92bbb9aaaaed5912,true,1701
matched,Joggle,da476ab0afe8d44c9b294c59b39ba82219f3522c,tinyyolov2-8,867df52f413aae895af9b80a5526d865a8648e90765647a28cda9c6f8d31062f,285,33,operation_metadata,unrelated,early,full,all,8,7921375,1425,5,5,0,92bbb9aaaaed5912,true,1701
matched,Joggle,da476ab0afe8d44c9b294c59b39ba82219f3522c,tinyyolov2-8,867df52f413aae895af9b80a5526d865a8648e90765647a28cda9c6f8d31062f,285,33,operation_metadata,unrelated,early,full,all,9,7935750,1425,5,5,0,92bbb9aaaaed5912,true,1701
matched,Joggle,da476ab0afe8d44c9b294c59b39ba82219f3522c,xcit-tiny-12-p8-224-opset17,ea20107b2396adf96ec569e5a1f1fb5443ee31299e5bc01a3d139a3a3564f3f7,3298,7,operation_metadata,affected,early,update,all,0,641416,35,5,5,0,1e632bb840fc16a3,true,1701
matched,Joggle,da476ab0afe8d44c9b294c59b39ba82219f3522c,xcit-tiny-12-p8-224-opset17,ea20107b2396adf96ec569e5a1f1fb5443ee31299e5bc01a3d139a3a3564f3f7,3298,7,operation_metadata,affected,early,update,all,1,664042,35,5,5,0,88f108a98f06318e,true,1701
matched,Joggle,da476ab0afe8d44c9b294c59b39ba82219f3522c,xcit-tiny-12-p8-224-opset17,ea20107b2396adf96ec569e5a1f1fb5443ee31299e5bc01a3d139a3a3564f3f7,3298,7,operation_metadata,affected,early,update,all,2,644125,35,5,5,0,ca50482381ef92a5,true,1701
matched,Joggle,da476ab0afe8d44c9b294c59b39ba82219f3522c,xcit-tiny-12-p8-224-opset17,ea20107b2396adf96ec569e5a1f1fb5443ee31299e5bc01a3d139a3a3564f3f7,3298,7,operation_metadata,affected,early,update,all,3,646542,35,5,5,0,ec6cef9c073cf510,true,1701
matched,Joggle,da476ab0afe8d44c9b294c59b39ba82219f3522c,xcit-tiny-12-p8-224-opset17,ea20107b2396adf96ec569e5a1f1fb5443ee31299e5bc01a3d139a3a3564f3f7,3298,7,operation_metadata,affected,early,update,all,4,637875,35,5,5,0,238f85bcd6543c5f,true,1701
matched,Joggle,da476ab0afe8d44c9b294c59b39ba82219f3522c,xcit-tiny-12-p8-224-opset17,ea20107b2396adf96ec569e5a1f1fb5443ee31299e5bc01a3d139a3a3564f3f7,3298,7,operation_metadata,affected,early,update,all,5,648666,35,5,5,0,4970613db532ac1a,true,1701
matched,Joggle,da476ab0afe8d44c9b294c59b39ba82219f3522c,xcit-tiny-12-p8-224-opset17,ea20107b2396adf96ec569e5a1f1fb5443ee31299e5bc01a3d139a3a3564f3f7,3298,7,operation_metadata,affected,early,update,all,6,638000,35,5,5,0,d6e9c2377d569ec0,true,1701
matched,Joggle,da476ab0afe8d44c9b294c59b39ba82219f3522c,xcit-tiny-12-p8-224-opset17,ea20107b2396adf96ec569e5a1f1fb5443ee31299e5bc01a3d139a3a3564f3f7,3298,7,operation_metadata,affected,early,update,all,7,646417,35,5,5,0,b4741735bfaaef55,true,1701
matched,Joggle,da476ab0afe8d44c9b294c59b39ba82219f3522c,xcit-tiny-12-p8-224-opset17,ea20107b2396adf96ec569e5a1f1fb5443ee31299e5bc01a3d139a3a3564f3f7,3298,7,operation_metadata,affected,early,update,all,8,638292,35,5,5,0,feeaa4b618cb2dfe,true,1701
matched,Joggle,da476ab0afe8d44c9b294c59b39ba82219f3522c,xcit-tiny-12-p8-224-opset17,ea20107b2396adf96ec569e5a1f1fb5443ee31299e5bc01a3d139a3a3564f3f7,3298,7,operation_metadata,affected,early,update,all,9,658125,35,5,5,0,bdd85ba94a30f413,true,1701
matched,Joggle,da476ab0afe8d44c9b294c59b39ba82219f3522c,xcit-tiny-12-p8-224-opset17,ea20107b2396adf96ec569e5a1f1fb5443ee31299e5bc01a3d139a3a3564f3f7,3298,7,operation_metadata,unrelated,early,update,all,0,46208,0,0,5,0,20c380d1c0268e54,true,1701
matched,Joggle,da476ab0afe8d44c9b294c59b39ba82219f3522c,xcit-tiny-12-p8-224-opset17,ea20107b2396adf96ec569e5a1f1fb5443ee31299e5bc01a3d139a3a3564f3f7,3298,7,operation_metadata,unrelated,early,update,all,1,45875,0,0,5,0,20c380d1c0268e54,true,1701
matched,Joggle,da476ab0afe8d44c9b294c59b39ba82219f3522c,xcit-tiny-12-p8-224-opset17,ea20107b2396adf96ec569e5a1f1fb5443ee31299e5bc01a3d139a3a3564f3f7,3298,7,operation_metadata,unrelated,early,update,all,2,46875,0,0,5,0,20c380d1c0268e54,true,1701
matched,Joggle,da476ab0afe8d44c9b294c59b39ba82219f3522c,xcit-tiny-12-p8-224-opset17,ea20107b2396adf96ec569e5a1f1fb5443ee31299e5bc01a3d139a3a3564f3f7,3298,7,operation_metadata,unrelated,early,update,all,3,45000,0,0,5,0,20c380d1c0268e54,true,1701
matched,Joggle,da476ab0afe8d44c9b294c59b39ba82219f3522c,xcit-tiny-12-p8-224-opset17,ea20107b2396adf96ec569e5a1f1fb5443ee31299e5bc01a3d139a3a3564f3f7,3298,7,operation_metadata,unrelated,early,update,all,4,45416,0,0,5,0,20c380d1c0268e54,true,1701
matched,Joggle,da476ab0afe8d44c9b294c59b39ba82219f3522c,xcit-tiny-12-p8-224-opset17,ea20107b2396adf96ec569e5a1f1fb5443ee31299e5bc01a3d139a3a3564f3f7,3298,7,operation_metadata,unrelated,early,update,all,5,45416,0,0,5,0,20c380d1c0268e54,true,1701
matched,Joggle,da476ab0afe8d44c9b294c59b39ba82219f3522c,xcit-tiny-12-p8-224-opset17,ea20107b2396adf96ec569e5a1f1fb5443ee31299e5bc01a3d139a3a3564f3f7,3298,7,operation_metadata,unrelated,early,update,all,6,45834,0,0,5,0,20c380d1c0268e54,true,1701
matched,Joggle,da476ab0afe8d44c9b294c59b39ba82219f3522c,xcit-tiny-12-p8-224-opset17,ea20107b2396adf96ec569e5a1f1fb5443ee31299e5bc01a3d139a3a3564f3f7,3298,7,operation_metadata,unrelated,early,update,all,7,45750,0,0,5,0,20c380d1c0268e54,true,1701
matched,Joggle,da476ab0afe8d44c9b294c59b39ba82219f3522c,xcit-tiny-12-p8-224-opset17,ea20107b2396adf96ec569e5a1f1fb5443ee31299e5bc01a3d139a3a3564f3f7,3298,7,operation_metadata,unrelated,early,update,all,8,45667,0,0,5,0,20c380d1c0268e54,true,1701
matched,Joggle,da476ab0afe8d44c9b294c59b39ba82219f3522c,xcit-tiny-12-p8-224-opset17,ea20107b2396adf96ec569e5a1f1fb5443ee31299e5bc01a3d139a3a3564f3f7,3298,7,operation_metadata,unrelated,early,update,all,9,45833,0,0,5,0,20c380d1c0268e54,true,1701
matched,Joggle,da476ab0afe8d44c9b294c59b39ba82219f3522c,resnet18-v1-7,6548c77453ff9f9a774c27ec031a574667f25204d28ba668870c346edb693f32,643,30,operation_metadata,affected,middle,update,all,0,2488000,150,5,5,0,17b7fda8069126c8,true,1701
matched,Joggle,da476ab0afe8d44c9b294c59b39ba82219f3522c,resnet18-v1-7,6548c77453ff9f9a774c27ec031a574667f25204d28ba668870c346edb693f32,643,30,operation_metadata,affected,middle,update,all,1,2498875,150,5,5,0,2637634fcffbc45f,true,1701
matched,Joggle,da476ab0afe8d44c9b294c59b39ba82219f3522c,resnet18-v1-7,6548c77453ff9f9a774c27ec031a574667f25204d28ba668870c346edb693f32,643,30,operation_metadata,affected,middle,update,all,2,2441750,150,5,5,0,97b3b98f3fc62d62,true,1701
matched,Joggle,da476ab0afe8d44c9b294c59b39ba82219f3522c,resnet18-v1-7,6548c77453ff9f9a774c27ec031a574667f25204d28ba668870c346edb693f32,643,30,operation_metadata,affected,middle,update,all,3,2431625,150,5,5,0,c78e59c8fe3d6de1,true,1701
matched,Joggle,da476ab0afe8d44c9b294c59b39ba82219f3522c,resnet18-v1-7,6548c77453ff9f9a774c27ec031a574667f25204d28ba668870c346edb693f32,643,30,operation_metadata,affected,middle,update,all,4,2438667,150,5,5,0,55739a056f35c5bc,true,1701
matched,Joggle,da476ab0afe8d44c9b294c59b39ba82219f3522c,resnet18-v1-7,6548c77453ff9f9a774c27ec031a574667f25204d28ba668870c346edb693f32,643,30,operation_metadata,affected,middle,update,all,5,2453667,150,5,5,0,38b65bf2ddcbee93,true,1701
matched,Joggle,da476ab0afe8d44c9b294c59b39ba82219f3522c,resnet18-v1-7,6548c77453ff9f9a774c27ec031a574667f25204d28ba668870c346edb693f32,643,30,operation_metadata,affected,middle,update,all,6,2453875,150,5,5,0,13849cc39e62a4ad,true,1701
matched,Joggle,da476ab0afe8d44c9b294c59b39ba82219f3522c,resnet18-v1-7,6548c77453ff9f9a774c27ec031a574667f25204d28ba668870c346edb693f32,643,30,operation_metadata,affected,middle,update,all,7,2472958,150,5,5,0,791be6e5fe9722de,true,1701
matched,Joggle,da476ab0afe8d44c9b294c59b39ba82219f3522c,resnet18-v1-7,6548c77453ff9f9a774c27ec031a574667f25204d28ba668870c346edb693f32,643,30,operation_metadata,affected,middle,update,all,8,2452875,150,5,5,0,7edd874c8204d56b,true,1701
matched,Joggle,da476ab0afe8d44c9b294c59b39ba82219f3522c,resnet18-v1-7,6548c77453ff9f9a774c27ec031a574667f25204d28ba668870c346edb693f32,643,30,operation_metadata,affected,middle,update,all,9,2457917,150,5,5,0,8394f4daaa626c74,true,1701
matched,Joggle,da476ab0afe8d44c9b294c59b39ba82219f3522c,resnet18-v1-7,6548c77453ff9f9a774c27ec031a574667f25204d28ba668870c346edb693f32,643,30,operation_metadata,unrelated,middle,update,all,0,183292,0,0,5,0,ea06bb6bd5384063,true,1701
matched,Joggle,da476ab0afe8d44c9b294c59b39ba82219f3522c,resnet18-v1-7,6548c77453ff9f9a774c27ec031a574667f25204d28ba668870c346edb693f32,643,30,operation_metadata,unrelated,middle,update,all,1,174417,0,0,5,0,ea06bb6bd5384063,true,1701
matched,Joggle,da476ab0afe8d44c9b294c59b39ba82219f3522c,resnet18-v1-7,6548c77453ff9f9a774c27ec031a574667f25204d28ba668870c346edb693f32,643,30,operation_metadata,unrelated,middle,update,all,2,194208,0,0,5,0,ea06bb6bd5384063,true,1701
matched,Joggle,da476ab0afe8d44c9b294c59b39ba82219f3522c,resnet18-v1-7,6548c77453ff9f9a774c27ec031a574667f25204d28ba668870c346edb693f32,643,30,operation_metadata,unrelated,middle,update,all,3,179459,0,0,5,0,ea06bb6bd5384063,true,1701
matched,Joggle,da476ab0afe8d44c9b294c59b39ba82219f3522c,resnet18-v1-7,6548c77453ff9f9a774c27ec031a574667f25204d28ba668870c346edb693f32,643,30,operation_metadata,unrelated,middle,update,all,4,177500,0,0,5,0,ea06bb6bd5384063,true,1701
matched,Joggle,da476ab0afe8d44c9b294c59b39ba82219f3522c,resnet18-v1-7,6548c77453ff9f9a774c27ec031a574667f25204d28ba668870c346edb693f32,643,30,operation_metadata,unrelated,middle,update,all,5,174541,0,0,5,0,ea06bb6bd5384063,true,1701
matched,Joggle,da476ab0afe8d44c9b294c59b39ba82219f3522c,resnet18-v1-7,6548c77453ff9f9a774c27ec031a574667f25204d28ba668870c346edb693f32,643,30,operation_metadata,unrelated,middle,update,all,6,178500,0,0,5,0,ea06bb6bd5384063,true,1701
matched,Joggle,da476ab0afe8d44c9b294c59b39ba82219f3522c,resnet18-v1-7,6548c77453ff9f9a774c27ec031a574667f25204d28ba668870c346edb693f32,643,30,operation_metadata,unrelated,middle,update,all,7,169583,0,0,5,0,ea06bb6bd5384063,true,1701
matched,Joggle,da476ab0afe8d44c9b294c59b39ba82219f3522c,resnet18-v1-7,6548c77453ff9f9a774c27ec031a574667f25204d28ba668870c346edb693f32,643,30,operation_metadata,unrelated,middle,update,all,8,178583,0,0,5,0,ea06bb6bd5384063,true,1701
matched,Joggle,da476ab0afe8d44c9b294c59b39ba82219f3522c,resnet18-v1-7,6548c77453ff9f9a774c27ec031a574667f25204d28ba668870c346edb693f32,643,30,operation_metadata,unrelated,middle,update,all,9,167541,0,0,5,0,ea06bb6bd5384063,true,1701
matched,Joggle,da476ab0afe8d44c9b294c59b39ba82219f3522c,squeezenet1.0-13-qdq,64c397e74ed2f541fa306ca8a1883a69d0a9c255f0c5236e8d1675251623cc97,1325,1,operation_metadata,affected,late,update,all,0,173125,5,5,5,0,9bfb913d34490415,true,1701
matched,Joggle,da476ab0afe8d44c9b294c59b39ba82219f3522c,squeezenet1.0-13-qdq,64c397e74ed2f541fa306ca8a1883a69d0a9c255f0c5236e8d1675251623cc97,1325,1,operation_metadata,affected,late,update,all,1,168709,5,5,5,0,f5f21e590ef7f3d4,true,1701
matched,Joggle,da476ab0afe8d44c9b294c59b39ba82219f3522c,squeezenet1.0-13-qdq,64c397e74ed2f541fa306ca8a1883a69d0a9c255f0c5236e8d1675251623cc97,1325,1,operation_metadata,affected,late,update,all,2,163750,5,5,5,0,f3e07882c18acc3f,true,1701
matched,Joggle,da476ab0afe8d44c9b294c59b39ba82219f3522c,squeezenet1.0-13-qdq,64c397e74ed2f541fa306ca8a1883a69d0a9c255f0c5236e8d1675251623cc97,1325,1,operation_metadata,affected,late,update,all,3,163625,5,5,5,0,84a6167390fc0a46,true,1701
matched,Joggle,da476ab0afe8d44c9b294c59b39ba82219f3522c,squeezenet1.0-13-qdq,64c397e74ed2f541fa306ca8a1883a69d0a9c255f0c5236e8d1675251623cc97,1325,1,operation_metadata,affected,late,update,all,4,172375,5,5,5,0,67f5feef8314b151,true,1701
matched,Joggle,da476ab0afe8d44c9b294c59b39ba82219f3522c,squeezenet1.0-13-qdq,64c397e74ed2f541fa306ca8a1883a69d0a9c255f0c5236e8d1675251623cc97,1325,1,operation_metadata,affected,late,update,all,5,166250,5,5,5,0,6ecdf0b07f02a0e0,true,1701
matched,Joggle,da476ab0afe8d44c9b294c59b39ba82219f3522c,squeezenet1.0-13-qdq,64c397e74ed2f541fa306ca8a1883a69d0a9c255f0c5236e8d1675251623cc97,1325,1,operation_metadata,affected,late,update,all,6,161166,5,5,5,0,ca5e0eadc48c7856,true,1701
matched,Joggle,da476ab0afe8d44c9b294c59b39ba82219f3522c,squeezenet1.0-13-qdq,64c397e74ed2f541fa306ca8a1883a69d0a9c255f0c5236e8d1675251623cc97,1325,1,operation_metadata,affected,late,update,all,7,161083,5,5,5,0,0ec5bb3517e2518f,true,1701
matched,Joggle,da476ab0afe8d44c9b294c59b39ba82219f3522c,squeezenet1.0-13-qdq,64c397e74ed2f541fa306ca8a1883a69d0a9c255f0c5236e8d1675251623cc97,1325,1,operation_metadata,affected,late,update,all,8,161125,5,5,5,0,76292cd414877424,true,1701
matched,Joggle,da476ab0afe8d44c9b294c59b39ba82219f3522c,squeezenet1.0-13-qdq,64c397e74ed2f541fa306ca8a1883a69d0a9c255f0c5236e8d1675251623cc97,1325,1,operation_metadata,affected,late,update,all,9,161417,5,5,5,0,02500d4c355874a5,true,1701
matched,Joggle,da476ab0afe8d44c9b294c59b39ba82219f3522c,squeezenet1.0-13-qdq,64c397e74ed2f541fa306ca8a1883a69d0a9c255f0c5236e8d1675251623cc97,1325,1,operation_metadata,unrelated,late,update,all,0,12750,0,0,5,0,590c52d7dd71ccda,true,1701
matched,Joggle,da476ab0afe8d44c9b294c59b39ba82219f3522c,squeezenet1.0-13-qdq,64c397e74ed2f541fa306ca8a1883a69d0a9c255f0c5236e8d1675251623cc97,1325,1,operation_metadata,unrelated,late,update,all,1,12709,0,0,5,0,590c52d7dd71ccda,true,1701
matched,Joggle,da476ab0afe8d44c9b294c59b39ba82219f3522c,squeezenet1.0-13-qdq,64c397e74ed2f541fa306ca8a1883a69d0a9c255f0c5236e8d1675251623cc97,1325,1,operation_metadata,unrelated,late,update,all,2,12417,0,0,5,0,590c52d7dd71ccda,true,1701
matched,Joggle,da476ab0afe8d44c9b294c59b39ba82219f3522c,squeezenet1.0-13-qdq,64c397e74ed2f541fa306ca8a1883a69d0a9c255f0c5236e8d1675251623cc97,1325,1,operation_metadata,unrelated,late,update,all,3,14000,0,0,5,0,590c52d7dd71ccda,true,1701
matched,Joggle,da476ab0afe8d44c9b294c59b39ba82219f3522c,squeezenet1.0-13-qdq,64c397e74ed2f541fa306ca8a1883a69d0a9c255f0c5236e8d1675251623cc97,1325,1,operation_metadata,unrelated,late,update,all,4,11875,0,0,5,0,590c52d7dd71ccda,true,1701
matched,Joggle,da476ab0afe8d44c9b294c59b39ba82219f3522c,squeezenet1.0-13-qdq,64c397e74ed2f541fa306ca8a1883a69d0a9c255f0c5236e8d1675251623cc97,1325,1,operation_metadata,unrelated,late,update,all,5,11916,0,0,5,0,590c52d7dd71ccda,true,1701
matched,Joggle,da476ab0afe8d44c9b294c59b39ba82219f3522c,squeezenet1.0-13-qdq,64c397e74ed2f541fa306ca8a1883a69d0a9c255f0c5236e8d1675251623cc97,1325,1,operation_metadata,unrelated,late,update,all,6,11666,0,0,5,0,590c52d7dd71ccda,true,1701
matched,Joggle,da476ab0afe8d44c9b294c59b39ba82219f3522c,squeezenet1.0-13-qdq,64c397e74ed2f541fa306ca8a1883a69d0a9c255f0c5236e8d1675251623cc97,1325,1,operation_metadata,unrelated,late,update,all,7,11708,0,0,5,0,590c52d7dd71ccda,true,1701
matched,Joggle,da476ab0afe8d44c9b294c59b39ba82219f3522c,squeezenet1.0-13-qdq,64c397e74ed2f541fa306ca8a1883a69d0a9c255f0c5236e8d1675251623cc97,1325,1,operation_metadata,unrelated,late,update,all,8,12083,0,0,5,0,590c52d7dd71ccda,true,1701
matched,Joggle,da476ab0afe8d44c9b294c59b39ba82219f3522c,squeezenet1.0-13-qdq,64c397e74ed2f541fa306ca8a1883a69d0a9c255f0c5236e8d1675251623cc97,1325,1,operation_metadata,unrelated,late,update,all,9,12083,0,0,5,0,590c52d7dd71ccda,true,1701
matched,Joggle,da476ab0afe8d44c9b294c59b39ba82219f3522c,resnet18-v1-7,6548c77453ff9f9a774c27ec031a574667f25204d28ba668870c346edb693f32,643,30,operation_metadata,affected,middle,full,all,0,17843000,3215,5,5,0,17b7fda8069126c8,true,1701
matched,Joggle,da476ab0afe8d44c9b294c59b39ba82219f3522c,resnet18-v1-7,6548c77453ff9f9a774c27ec031a574667f25204d28ba668870c346edb693f32,643,30,operation_metadata,affected,middle,full,all,1,17977917,3215,5,5,0,2637634fcffbc45f,true,1701
matched,Joggle,da476ab0afe8d44c9b294c59b39ba82219f3522c,resnet18-v1-7,6548c77453ff9f9a774c27ec031a574667f25204d28ba668870c346edb693f32,643,30,operation_metadata,affected,middle,full,all,2,17927291,3215,5,5,0,97b3b98f3fc62d62,true,1701
matched,Joggle,da476ab0afe8d44c9b294c59b39ba82219f3522c,resnet18-v1-7,6548c77453ff9f9a774c27ec031a574667f25204d28ba668870c346edb693f32,643,30,operation_metadata,affected,middle,full,all,3,17787583,3215,5,5,0,c78e59c8fe3d6de1,true,1701
matched,Joggle,da476ab0afe8d44c9b294c59b39ba82219f3522c,resnet18-v1-7,6548c77453ff9f9a774c27ec031a574667f25204d28ba668870c346edb693f32,643,30,operation_metadata,affected,middle,full,all,4,17889541,3215,5,5,0,55739a056f35c5bc,true,1701
matched,Joggle,da476ab0afe8d44c9b294c59b39ba82219f3522c,resnet18-v1-7,6548c77453ff9f9a774c27ec031a574667f25204d28ba668870c346edb693f32,643,30,operation_metadata,affected,middle,full,all,5,17722542,3215,5,5,0,38b65bf2ddcbee93,true,1701
matched,Joggle,da476ab0afe8d44c9b294c59b39ba82219f3522c,resnet18-v1-7,6548c77453ff9f9a774c27ec031a574667f25204d28ba668870c346edb693f32,643,30,operation_metadata,affected,middle,full,all,6,17698958,3215,5,5,0,13849cc39e62a4ad,true,1701
matched,Joggle,da476ab0afe8d44c9b294c59b39ba82219f3522c,resnet18-v1-7,6548c77453ff9f9a774c27ec031a574667f25204d28ba668870c346edb693f32,643,30,operation_metadata,affected,middle,full,all,7,17792041,3215,5,5,0,791be6e5fe9722de,true,1701
matched,Joggle,da476ab0afe8d44c9b294c59b39ba82219f3522c,resnet18-v1-7,6548c77453ff9f9a774c27ec031a574667f25204d28ba668870c346edb693f32,643,30,operation_metadata,affected,middle,full,all,8,17708917,3215,5,5,0,7edd874c8204d56b,true,1701
matched,Joggle,da476ab0afe8d44c9b294c59b39ba82219f3522c,resnet18-v1-7,6548c77453ff9f9a774c27ec031a574667f25204d28ba668870c346edb693f32,643,30,operation_metadata,affected,middle,full,all,9,17691041,3215,5,5,0,8394f4daaa626c74,true,1701
matched,Joggle,da476ab0afe8d44c9b294c59b39ba82219f3522c,resnet18-v1-7,6548c77453ff9f9a774c27ec031a574667f25204d28ba668870c346edb693f32,643,30,operation_metadata,unrelated,middle,full,all,0,17663084,3215,5,5,0,ea06bb6bd5384063,true,1701
matched,Joggle,da476ab0afe8d44c9b294c59b39ba82219f3522c,resnet18-v1-7,6548c77453ff9f9a774c27ec031a574667f25204d28ba668870c346edb693f32,643,30,operation_metadata,unrelated,middle,full,all,1,17829500,3215,5,5,0,ea06bb6bd5384063,true,1701
matched,Joggle,da476ab0afe8d44c9b294c59b39ba82219f3522c,resnet18-v1-7,6548c77453ff9f9a774c27ec031a574667f25204d28ba668870c346edb693f32,643,30,operation_metadata,unrelated,middle,full,all,2,17702250,3215,5,5,0,ea06bb6bd5384063,true,1701
matched,Joggle,da476ab0afe8d44c9b294c59b39ba82219f3522c,resnet18-v1-7,6548c77453ff9f9a774c27ec031a574667f25204d28ba668870c346edb693f32,643,30,operation_metadata,unrelated,middle,full,all,3,18099708,3215,5,5,0,ea06bb6bd5384063,true,1701
matched,Joggle,da476ab0afe8d44c9b294c59b39ba82219f3522c,resnet18-v1-7,6548c77453ff9f9a774c27ec031a574667f25204d28ba668870c346edb693f32,643,30,operation_metadata,unrelated,middle,full,all,4,17728625,3215,5,5,0,ea06bb6bd5384063,true,1701
matched,Joggle,da476ab0afe8d44c9b294c59b39ba82219f3522c,resnet18-v1-7,6548c77453ff9f9a774c27ec031a574667f25204d28ba668870c346edb693f32,643,30,operation_metadata,unrelated,middle,full,all,5,17883291,3215,5,5,0,ea06bb6bd5384063,true,1701
matched,Joggle,da476ab0afe8d44c9b294c59b39ba82219f3522c,resnet18-v1-7,6548c77453ff9f9a774c27ec031a574667f25204d28ba668870c346edb693f32,643,30,operation_metadata,unrelated,middle,full,all,6,17822375,3215,5,5,0,ea06bb6bd5384063,true,1701
matched,Joggle,da476ab0afe8d44c9b294c59b39ba82219f3522c,resnet18-v1-7,6548c77453ff9f9a774c27ec031a574667f25204d28ba668870c346edb693f32,643,30,operation_metadata,unrelated,middle,full,all,7,17878375,3215,5,5,0,ea06bb6bd5384063,true,1701
matched,Joggle,da476ab0afe8d44c9b294c59b39ba82219f3522c,resnet18-v1-7,6548c77453ff9f9a774c27ec031a574667f25204d28ba668870c346edb693f32,643,30,operation_metadata,unrelated,middle,full,all,8,17546000,3215,5,5,0,ea06bb6bd5384063,true,1701
matched,Joggle,da476ab0afe8d44c9b294c59b39ba82219f3522c,resnet18-v1-7,6548c77453ff9f9a774c27ec031a574667f25204d28ba668870c346edb693f32,643,30,operation_metadata,unrelated,middle,full,all,9,17608833,3215,5,5,0,ea06bb6bd5384063,true,1701
matched,Joggle,da476ab0afe8d44c9b294c59b39ba82219f3522c,squeezenet1.0-13-qdq,64c397e74ed2f541fa306ca8a1883a69d0a9c255f0c5236e8d1675251623cc97,1325,60,operation_metadata,affected,middle,update,all,0,4810458,300,5,5,0,96c485e7d18328c9,true,1701
matched,Joggle,da476ab0afe8d44c9b294c59b39ba82219f3522c,squeezenet1.0-13-qdq,64c397e74ed2f541fa306ca8a1883a69d0a9c255f0c5236e8d1675251623cc97,1325,60,operation_metadata,affected,middle,update,all,1,4652375,300,5,5,0,c2e20900e0a7d6be,true,1701
matched,Joggle,da476ab0afe8d44c9b294c59b39ba82219f3522c,squeezenet1.0-13-qdq,64c397e74ed2f541fa306ca8a1883a69d0a9c255f0c5236e8d1675251623cc97,1325,60,operation_metadata,affected,middle,update,all,2,4798916,300,5,5,0,8bee461d96d1a583,true,1701
matched,Joggle,da476ab0afe8d44c9b294c59b39ba82219f3522c,squeezenet1.0-13-qdq,64c397e74ed2f541fa306ca8a1883a69d0a9c255f0c5236e8d1675251623cc97,1325,60,operation_metadata,affected,middle,update,all,3,5055084,300,5,5,0,a36762b2b2e55650,true,1701
matched,Joggle,da476ab0afe8d44c9b294c59b39ba82219f3522c,squeezenet1.0-13-qdq,64c397e74ed2f541fa306ca8a1883a69d0a9c255f0c5236e8d1675251623cc97,1325,60,operation_metadata,affected,middle,update,all,4,4860583,300,5,5,0,133ee2597fb2b86d,true,1701
matched,Joggle,da476ab0afe8d44c9b294c59b39ba82219f3522c,squeezenet1.0-13-qdq,64c397e74ed2f541fa306ca8a1883a69d0a9c255f0c5236e8d1675251623cc97,1325,60,operation_metadata,affected,middle,update,all,5,5126833,300,5,5,0,fcd39d10e62a2e02,true,1701
matched,Joggle,da476ab0afe8d44c9b294c59b39ba82219f3522c,squeezenet1.0-13-qdq,64c397e74ed2f541fa306ca8a1883a69d0a9c255f0c5236e8d1675251623cc97,1325,60,operation_metadata,affected,middle,update,all,6,5009000,300,5,5,0,053f703ddaafb438,true,1701
matched,Joggle,da476ab0afe8d44c9b294c59b39ba82219f3522c,squeezenet1.0-13-qdq,64c397e74ed2f541fa306ca8a1883a69d0a9c255f0c5236e8d1675251623cc97,1325,60,operation_metadata,affected,middle,update,all,7,5312958,300,5,5,0,087e042e9105fbab,true,1701
matched,Joggle,da476ab0afe8d44c9b294c59b39ba82219f3522c,squeezenet1.0-13-qdq,64c397e74ed2f541fa306ca8a1883a69d0a9c255f0c5236e8d1675251623cc97,1325,60,operation_metadata,affected,middle,update,all,8,5329667,300,5,5,0,ebe5f0a17838ba86,true,1701
matched,Joggle,da476ab0afe8d44c9b294c59b39ba82219f3522c,squeezenet1.0-13-qdq,64c397e74ed2f541fa306ca8a1883a69d0a9c255f0c5236e8d1675251623cc97,1325,60,operation_metadata,affected,middle,update,all,9,4938667,300,5,5,0,22f02d8e9ce6a1f1,true,1701
matched,Joggle,da476ab0afe8d44c9b294c59b39ba82219f3522c,squeezenet1.0-13-qdq,64c397e74ed2f541fa306ca8a1883a69d0a9c255f0c5236e8d1675251623cc97,1325,60,operation_metadata,unrelated,middle,update,all,0,322709,0,0,5,0,1eca86449c163d9c,true,1701
matched,Joggle,da476ab0afe8d44c9b294c59b39ba82219f3522c,squeezenet1.0-13-qdq,64c397e74ed2f541fa306ca8a1883a69d0a9c255f0c5236e8d1675251623cc97,1325,60,operation_metadata,unrelated,middle,update,all,1,325125,0,0,5,0,1eca86449c163d9c,true,1701
matched,Joggle,da476ab0afe8d44c9b294c59b39ba82219f3522c,squeezenet1.0-13-qdq,64c397e74ed2f541fa306ca8a1883a69d0a9c255f0c5236e8d1675251623cc97,1325,60,operation_metadata,unrelated,middle,update,all,2,327875,0,0,5,0,1eca86449c163d9c,true,1701
matched,Joggle,da476ab0afe8d44c9b294c59b39ba82219f3522c,squeezenet1.0-13-qdq,64c397e74ed2f541fa306ca8a1883a69d0a9c255f0c5236e8d1675251623cc97,1325,60,operation_metadata,unrelated,middle,update,all,3,336792,0,0,5,0,1eca86449c163d9c,true,1701
matched,Joggle,da476ab0afe8d44c9b294c59b39ba82219f3522c,squeezenet1.0-13-qdq,64c397e74ed2f541fa306ca8a1883a69d0a9c255f0c5236e8d1675251623cc97,1325,60,operation_metadata,unrelated,middle,update,all,4,325167,0,0,5,0,1eca86449c163d9c,true,1701
matched,Joggle,da476ab0afe8d44c9b294c59b39ba82219f3522c,squeezenet1.0-13-qdq,64c397e74ed2f541fa306ca8a1883a69d0a9c255f0c5236e8d1675251623cc97,1325,60,operation_metadata,unrelated,middle,update,all,5,324000,0,0,5,0,1eca86449c163d9c,true,1701
matched,Joggle,da476ab0afe8d44c9b294c59b39ba82219f3522c,squeezenet1.0-13-qdq,64c397e74ed2f541fa306ca8a1883a69d0a9c255f0c5236e8d1675251623cc97,1325,60,operation_metadata,unrelated,middle,update,all,6,323208,0,0,5,0,1eca86449c163d9c,true,1701
matched,Joggle,da476ab0afe8d44c9b294c59b39ba82219f3522c,squeezenet1.0-13-qdq,64c397e74ed2f541fa306ca8a1883a69d0a9c255f0c5236e8d1675251623cc97,1325,60,operation_metadata,unrelated,middle,update,all,7,323500,0,0,5,0,1eca86449c163d9c,true,1701
matched,Joggle,da476ab0afe8d44c9b294c59b39ba82219f3522c,squeezenet1.0-13-qdq,64c397e74ed2f541fa306ca8a1883a69d0a9c255f0c5236e8d1675251623cc97,1325,60,operation_metadata,unrelated,middle,update,all,8,323000,0,0,5,0,1eca86449c163d9c,true,1701
matched,Joggle,da476ab0afe8d44c9b294c59b39ba82219f3522c,squeezenet1.0-13-qdq,64c397e74ed2f541fa306ca8a1883a69d0a9c255f0c5236e8d1675251623cc97,1325,60,operation_metadata,unrelated,middle,update,all,9,323042,0,0,5,0,1eca86449c163d9c,true,1701
matched,Joggle,da476ab0afe8d44c9b294c59b39ba82219f3522c,efficientnet-lite4-11-qdq,1deb63f203172bf5412eebd780fa7b6777f973600d22aca7995a1e7839be1777,4318,181,operation_metadata,affected,middle,update,all,0,14886042,905,5,5,0,54bfc0ebdd9a4331,true,1701
matched,Joggle,da476ab0afe8d44c9b294c59b39ba82219f3522c,efficientnet-lite4-11-qdq,1deb63f203172bf5412eebd780fa7b6777f973600d22aca7995a1e7839be1777,4318,181,operation_metadata,affected,middle,update,all,1,15569792,905,5,5,0,9312030c5d93640c,true,1701
matched,Joggle,da476ab0afe8d44c9b294c59b39ba82219f3522c,efficientnet-lite4-11-qdq,1deb63f203172bf5412eebd780fa7b6777f973600d22aca7995a1e7839be1777,4318,181,operation_metadata,affected,middle,update,all,2,15548208,905,5,5,0,470f082403832f7b,true,1701
matched,Joggle,da476ab0afe8d44c9b294c59b39ba82219f3522c,efficientnet-lite4-11-qdq,1deb63f203172bf5412eebd780fa7b6777f973600d22aca7995a1e7839be1777,4318,181,operation_metadata,affected,middle,update,all,3,15303083,905,5,5,0,e04203b7c8756e16,true,1701
matched,Joggle,da476ab0afe8d44c9b294c59b39ba82219f3522c,efficientnet-lite4-11-qdq,1deb63f203172bf5412eebd780fa7b6777f973600d22aca7995a1e7839be1777,4318,181,operation_metadata,affected,middle,update,all,4,15828209,905,5,5,0,8865537d5bc84a0d,true,1701
matched,Joggle,da476ab0afe8d44c9b294c59b39ba82219f3522c,efficientnet-lite4-11-qdq,1deb63f203172bf5412eebd780fa7b6777f973600d22aca7995a1e7839be1777,4318,181,operation_metadata,affected,middle,update,all,5,15364750,905,5,5,0,dc4a2fbf239c4a88,true,1701
matched,Joggle,da476ab0afe8d44c9b294c59b39ba82219f3522c,efficientnet-lite4-11-qdq,1deb63f203172bf5412eebd780fa7b6777f973600d22aca7995a1e7839be1777,4318,181,operation_metadata,affected,middle,update,all,6,15922375,905,5,5,0,c8cb66c1d41e1e0e,true,1701
matched,Joggle,da476ab0afe8d44c9b294c59b39ba82219f3522c,efficientnet-lite4-11-qdq,1deb63f203172bf5412eebd780fa7b6777f973600d22aca7995a1e7839be1777,4318,181,operation_metadata,affected,middle,update,all,7,14727542,905,5,5,0,07428bd4d4847553,true,1701
matched,Joggle,da476ab0afe8d44c9b294c59b39ba82219f3522c,efficientnet-lite4-11-qdq,1deb63f203172bf5412eebd780fa7b6777f973600d22aca7995a1e7839be1777,4318,181,operation_metadata,affected,middle,update,all,8,14665167,905,5,5,0,77479413d9dba4e4,true,1701
matched,Joggle,da476ab0afe8d44c9b294c59b39ba82219f3522c,efficientnet-lite4-11-qdq,1deb63f203172bf5412eebd780fa7b6777f973600d22aca7995a1e7839be1777,4318,181,operation_metadata,affected,middle,update,all,9,15949917,905,5,5,0,eb3018e3fd5e3249,true,1701
matched,Joggle,da476ab0afe8d44c9b294c59b39ba82219f3522c,efficientnet-lite4-11-qdq,1deb63f203172bf5412eebd780fa7b6777f973600d22aca7995a1e7839be1777,4318,181,operation_metadata,unrelated,middle,update,all,0,995417,0,0,5,0,88507f7b3b82bcca,true,1701
matched,Joggle,da476ab0afe8d44c9b294c59b39ba82219f3522c,efficientnet-lite4-11-qdq,1deb63f203172bf5412eebd780fa7b6777f973600d22aca7995a1e7839be1777,4318,181,operation_metadata,unrelated,middle,update,all,1,981416,0,0,5,0,88507f7b3b82bcca,true,1701
matched,Joggle,da476ab0afe8d44c9b294c59b39ba82219f3522c,efficientnet-lite4-11-qdq,1deb63f203172bf5412eebd780fa7b6777f973600d22aca7995a1e7839be1777,4318,181,operation_metadata,unrelated,middle,update,all,2,993042,0,0,5,0,88507f7b3b82bcca,true,1701
matched,Joggle,da476ab0afe8d44c9b294c59b39ba82219f3522c,efficientnet-lite4-11-qdq,1deb63f203172bf5412eebd780fa7b6777f973600d22aca7995a1e7839be1777,4318,181,operation_metadata,unrelated,middle,update,all,3,977500,0,0,5,0,88507f7b3b82bcca,true,1701
matched,Joggle,da476ab0afe8d44c9b294c59b39ba82219f3522c,efficientnet-lite4-11-qdq,1deb63f203172bf5412eebd780fa7b6777f973600d22aca7995a1e7839be1777,4318,181,operation_metadata,unrelated,middle,update,all,4,994875,0,0,5,0,88507f7b3b82bcca,true,1701
matched,Joggle,da476ab0afe8d44c9b294c59b39ba82219f3522c,efficientnet-lite4-11-qdq,1deb63f203172bf5412eebd780fa7b6777f973600d22aca7995a1e7839be1777,4318,181,operation_metadata,unrelated,middle,update,all,5,992708,0,0,5,0,88507f7b3b82bcca,true,1701
matched,Joggle,da476ab0afe8d44c9b294c59b39ba82219f3522c,efficientnet-lite4-11-qdq,1deb63f203172bf5412eebd780fa7b6777f973600d22aca7995a1e7839be1777,4318,181,operation_metadata,unrelated,middle,update,all,6,990292,0,0,5,0,88507f7b3b82bcca,true,1701
matched,Joggle,da476ab0afe8d44c9b294c59b39ba82219f3522c,efficientnet-lite4-11-qdq,1deb63f203172bf5412eebd780fa7b6777f973600d22aca7995a1e7839be1777,4318,181,operation_metadata,unrelated,middle,update,all,7,1001417,0,0,5,0,88507f7b3b82bcca,true,1701
matched,Joggle,da476ab0afe8d44c9b294c59b39ba82219f3522c,efficientnet-lite4-11-qdq,1deb63f203172bf5412eebd780fa7b6777f973600d22aca7995a1e7839be1777,4318,181,operation_metadata,unrelated,middle,update,all,8,1065000,0,0,5,0,88507f7b3b82bcca,true,1701
matched,Joggle,da476ab0afe8d44c9b294c59b39ba82219f3522c,efficientnet-lite4-11-qdq,1deb63f203172bf5412eebd780fa7b6777f973600d22aca7995a1e7839be1777,4318,181,operation_metadata,unrelated,middle,update,all,9,1030292,0,0,5,0,88507f7b3b82bcca,true,1701
matched,Joggle,da476ab0afe8d44c9b294c59b39ba82219f3522c,squeezenet1.0-13-qdq,64c397e74ed2f541fa306ca8a1883a69d0a9c255f0c5236e8d1675251623cc97,1325,1,operation_metadata,affected,late,full,all,0,37702958,6625,5,5,0,9bfb913d34490415,true,1701
matched,Joggle,da476ab0afe8d44c9b294c59b39ba82219f3522c,squeezenet1.0-13-qdq,64c397e74ed2f541fa306ca8a1883a69d0a9c255f0c5236e8d1675251623cc97,1325,1,operation_metadata,affected,late,full,all,1,37183375,6625,5,5,0,f5f21e590ef7f3d4,true,1701
matched,Joggle,da476ab0afe8d44c9b294c59b39ba82219f3522c,squeezenet1.0-13-qdq,64c397e74ed2f541fa306ca8a1883a69d0a9c255f0c5236e8d1675251623cc97,1325,1,operation_metadata,affected,late,full,all,2,38112542,6625,5,5,0,f3e07882c18acc3f,true,1701
matched,Joggle,da476ab0afe8d44c9b294c59b39ba82219f3522c,squeezenet1.0-13-qdq,64c397e74ed2f541fa306ca8a1883a69d0a9c255f0c5236e8d1675251623cc97,1325,1,operation_metadata,affected,late,full,all,3,37583750,6625,5,5,0,84a6167390fc0a46,true,1701
matched,Joggle,da476ab0afe8d44c9b294c59b39ba82219f3522c,squeezenet1.0-13-qdq,64c397e74ed2f541fa306ca8a1883a69d0a9c255f0c5236e8d1675251623cc97,1325,1,operation_metadata,affected,late,full,all,4,37879375,6625,5,5,0,67f5feef8314b151,true,1701
matched,Joggle,da476ab0afe8d44c9b294c59b39ba82219f3522c,squeezenet1.0-13-qdq,64c397e74ed2f541fa306ca8a1883a69d0a9c255f0c5236e8d1675251623cc97,1325,1,operation_metadata,affected,late,full,all,5,38199625,6625,5,5,0,6ecdf0b07f02a0e0,true,1701
matched,Joggle,da476ab0afe8d44c9b294c59b39ba82219f3522c,squeezenet1.0-13-qdq,64c397e74ed2f541fa306ca8a1883a69d0a9c255f0c5236e8d1675251623cc97,1325,1,operation_metadata,affected,late,full,all,6,37540791,6625,5,5,0,ca5e0eadc48c7856,true,1701
matched,Joggle,da476ab0afe8d44c9b294c59b39ba82219f3522c,squeezenet1.0-13-qdq,64c397e74ed2f541fa306ca8a1883a69d0a9c255f0c5236e8d1675251623cc97,1325,1,operation_metadata,affected,late,full,all,7,37537792,6625,5,5,0,0ec5bb3517e2518f,true,1701
matched,Joggle,da476ab0afe8d44c9b294c59b39ba82219f3522c,squeezenet1.0-13-qdq,64c397e74ed2f541fa306ca8a1883a69d0a9c255f0c5236e8d1675251623cc97,1325,1,operation_metadata,affected,late,full,all,8,38244250,6625,5,5,0,76292cd414877424,true,1701
matched,Joggle,da476ab0afe8d44c9b294c59b39ba82219f3522c,squeezenet1.0-13-qdq,64c397e74ed2f541fa306ca8a1883a69d0a9c255f0c5236e8d1675251623cc97,1325,1,operation_metadata,affected,late,full,all,9,37874416,6625,5,5,0,02500d4c355874a5,true,1701
matched,Joggle,da476ab0afe8d44c9b294c59b39ba82219f3522c,squeezenet1.0-13-qdq,64c397e74ed2f541fa306ca8a1883a69d0a9c255f0c5236e8d1675251623cc97,1325,1,operation_metadata,unrelated,late,full,all,0,37330041,6625,5,5,0,590c52d7dd71ccda,true,1701
matched,Joggle,da476ab0afe8d44c9b294c59b39ba82219f3522c,squeezenet1.0-13-qdq,64c397e74ed2f541fa306ca8a1883a69d0a9c255f0c5236e8d1675251623cc97,1325,1,operation_metadata,unrelated,late,full,all,1,37621625,6625,5,5,0,590c52d7dd71ccda,true,1701
matched,Joggle,da476ab0afe8d44c9b294c59b39ba82219f3522c,squeezenet1.0-13-qdq,64c397e74ed2f541fa306ca8a1883a69d0a9c255f0c5236e8d1675251623cc97,1325,1,operation_metadata,unrelated,late,full,all,2,37790542,6625,5,5,0,590c52d7dd71ccda,true,1701
matched,Joggle,da476ab0afe8d44c9b294c59b39ba82219f3522c,squeezenet1.0-13-qdq,64c397e74ed2f541fa306ca8a1883a69d0a9c255f0c5236e8d1675251623cc97,1325,1,operation_metadata,unrelated,late,full,all,3,37441083,6625,5,5,0,590c52d7dd71ccda,true,1701
matched,Joggle,da476ab0afe8d44c9b294c59b39ba82219f3522c,squeezenet1.0-13-qdq,64c397e74ed2f541fa306ca8a1883a69d0a9c255f0c5236e8d1675251623cc97,1325,1,operation_metadata,unrelated,late,full,all,4,38433125,6625,5,5,0,590c52d7dd71ccda,true,1701
matched,Joggle,da476ab0afe8d44c9b294c59b39ba82219f3522c,squeezenet1.0-13-qdq,64c397e74ed2f541fa306ca8a1883a69d0a9c255f0c5236e8d1675251623cc97,1325,1,operation_metadata,unrelated,late,full,all,5,37380625,6625,5,5,0,590c52d7dd71ccda,true,1701
matched,Joggle,da476ab0afe8d44c9b294c59b39ba82219f3522c,squeezenet1.0-13-qdq,64c397e74ed2f541fa306ca8a1883a69d0a9c255f0c5236e8d1675251623cc97,1325,1,operation_metadata,unrelated,late,full,all,6,37039125,6625,5,5,0,590c52d7dd71ccda,true,1701
matched,Joggle,da476ab0afe8d44c9b294c59b39ba82219f3522c,squeezenet1.0-13-qdq,64c397e74ed2f541fa306ca8a1883a69d0a9c255f0c5236e8d1675251623cc97,1325,1,operation_metadata,unrelated,late,full,all,7,37906875,6625,5,5,0,590c52d7dd71ccda,true,1701
matched,Joggle,da476ab0afe8d44c9b294c59b39ba82219f3522c,squeezenet1.0-13-qdq,64c397e74ed2f541fa306ca8a1883a69d0a9c255f0c5236e8d1675251623cc97,1325,1,operation_metadata,unrelated,late,full,all,8,38022209,6625,5,5,0,590c52d7dd71ccda,true,1701
matched,Joggle,da476ab0afe8d44c9b294c59b39ba82219f3522c,squeezenet1.0-13-qdq,64c397e74ed2f541fa306ca8a1883a69d0a9c255f0c5236e8d1675251623cc97,1325,1,operation_metadata,unrelated,late,full,all,9,37533292,6625,5,5,0,590c52d7dd71ccda,true,1701
matched,Joggle,da476ab0afe8d44c9b294c59b39ba82219f3522c,xcit-tiny-12-p8-224-opset17,ea20107b2396adf96ec569e5a1f1fb5443ee31299e5bc01a3d139a3a3564f3f7,3298,1,operation_metadata,affected,late,full,all,0,110324667,16490,5,5,0,de277d00d73e4d13,true,1701
matched,Joggle,da476ab0afe8d44c9b294c59b39ba82219f3522c,xcit-tiny-12-p8-224-opset17,ea20107b2396adf96ec569e5a1f1fb5443ee31299e5bc01a3d139a3a3564f3f7,3298,1,operation_metadata,affected,late,full,all,1,109465042,16490,5,5,0,5385dea131e43e4a,true,1701
matched,Joggle,da476ab0afe8d44c9b294c59b39ba82219f3522c,xcit-tiny-12-p8-224-opset17,ea20107b2396adf96ec569e5a1f1fb5443ee31299e5bc01a3d139a3a3564f3f7,3298,1,operation_metadata,affected,late,full,all,2,109636125,16490,5,5,0,a10090d827f4c059,true,1701
matched,Joggle,da476ab0afe8d44c9b294c59b39ba82219f3522c,xcit-tiny-12-p8-224-opset17,ea20107b2396adf96ec569e5a1f1fb5443ee31299e5bc01a3d139a3a3564f3f7,3298,1,operation_metadata,affected,late,full,all,3,107391250,16490,5,5,0,0581dbfe13baf168,true,1701
matched,Joggle,da476ab0afe8d44c9b294c59b39ba82219f3522c,xcit-tiny-12-p8-224-opset17,ea20107b2396adf96ec569e5a1f1fb5443ee31299e5bc01a3d139a3a3564f3f7,3298,1,operation_metadata,affected,late,full,all,4,110349334,16490,5,5,0,2a5d66d78663d177,true,1701
matched,Joggle,da476ab0afe8d44c9b294c59b39ba82219f3522c,xcit-tiny-12-p8-224-opset17,ea20107b2396adf96ec569e5a1f1fb5443ee31299e5bc01a3d139a3a3564f3f7,3298,1,operation_metadata,affected,late,full,all,5,108603208,16490,5,5,0,dac18372cc4b113e,true,1701
matched,Joggle,da476ab0afe8d44c9b294c59b39ba82219f3522c,xcit-tiny-12-p8-224-opset17,ea20107b2396adf96ec569e5a1f1fb5443ee31299e5bc01a3d139a3a3564f3f7,3298,1,operation_metadata,affected,late,full,all,6,107908000,16490,5,5,0,8660ea43edb6e794,true,1701
matched,Joggle,da476ab0afe8d44c9b294c59b39ba82219f3522c,xcit-tiny-12-p8-224-opset17,ea20107b2396adf96ec569e5a1f1fb5443ee31299e5bc01a3d139a3a3564f3f7,3298,1,operation_metadata,affected,late,full,all,7,109549333,16490,5,5,0,c53935d223007ed5,true,1701
matched,Joggle,da476ab0afe8d44c9b294c59b39ba82219f3522c,xcit-tiny-12-p8-224-opset17,ea20107b2396adf96ec569e5a1f1fb5443ee31299e5bc01a3d139a3a3564f3f7,3298,1,operation_metadata,affected,late,full,all,8,110557250,16490,5,5,0,7dd9f6d7f6861d06,true,1701
matched,Joggle,da476ab0afe8d44c9b294c59b39ba82219f3522c,xcit-tiny-12-p8-224-opset17,ea20107b2396adf96ec569e5a1f1fb5443ee31299e5bc01a3d139a3a3564f3f7,3298,1,operation_metadata,affected,late,full,all,9,112111750,16490,5,5,0,0662fb1f2b6ba4ff,true,1701
matched,Joggle,da476ab0afe8d44c9b294c59b39ba82219f3522c,xcit-tiny-12-p8-224-opset17,ea20107b2396adf96ec569e5a1f1fb5443ee31299e5bc01a3d139a3a3564f3f7,3298,1,operation_metadata,unrelated,late,full,all,0,109870042,16490,5,5,0,69118f7b801fe880,true,1701
matched,Joggle,da476ab0afe8d44c9b294c59b39ba82219f3522c,xcit-tiny-12-p8-224-opset17,ea20107b2396adf96ec569e5a1f1fb5443ee31299e5bc01a3d139a3a3564f3f7,3298,1,operation_metadata,unrelated,late,full,all,1,109439083,16490,5,5,0,69118f7b801fe880,true,1701
matched,Joggle,da476ab0afe8d44c9b294c59b39ba82219f3522c,xcit-tiny-12-p8-224-opset17,ea20107b2396adf96ec569e5a1f1fb5443ee31299e5bc01a3d139a3a3564f3f7,3298,1,operation_metadata,unrelated,late,full,all,2,110231000,16490,5,5,0,69118f7b801fe880,true,1701
matched,Joggle,da476ab0afe8d44c9b294c59b39ba82219f3522c,xcit-tiny-12-p8-224-opset17,ea20107b2396adf96ec569e5a1f1fb5443ee31299e5bc01a3d139a3a3564f3f7,3298,1,operation_metadata,unrelated,late,full,all,3,110045291,16490,5,5,0,69118f7b801fe880,true,1701
matched,Joggle,da476ab0afe8d44c9b294c59b39ba82219f3522c,xcit-tiny-12-p8-224-opset17,ea20107b2396adf96ec569e5a1f1fb5443ee31299e5bc01a3d139a3a3564f3f7,3298,1,operation_metadata,unrelated,late,full,all,4,111112709,16490,5,5,0,69118f7b801fe880,true,1701
matched,Joggle,da476ab0afe8d44c9b294c59b39ba82219f3522c,xcit-tiny-12-p8-224-opset17,ea20107b2396adf96ec569e5a1f1fb5443ee31299e5bc01a3d139a3a3564f3f7,3298,1,operation_metadata,unrelated,late,full,all,5,108188375,16490,5,5,0,69118f7b801fe880,true,1701
matched,Joggle,da476ab0afe8d44c9b294c59b39ba82219f3522c,xcit-tiny-12-p8-224-opset17,ea20107b2396adf96ec569e5a1f1fb5443ee31299e5bc01a3d139a3a3564f3f7,3298,1,operation_metadata,unrelated,late,full,all,6,110977958,16490,5,5,0,69118f7b801fe880,true,1701
matched,Joggle,da476ab0afe8d44c9b294c59b39ba82219f3522c,xcit-tiny-12-p8-224-opset17,ea20107b2396adf96ec569e5a1f1fb5443ee31299e5bc01a3d139a3a3564f3f7,3298,1,operation_metadata,unrelated,late,full,all,7,109261583,16490,5,5,0,69118f7b801fe880,true,1701
matched,Joggle,da476ab0afe8d44c9b294c59b39ba82219f3522c,xcit-tiny-12-p8-224-opset17,ea20107b2396adf96ec569e5a1f1fb5443ee31299e5bc01a3d139a3a3564f3f7,3298,1,operation_metadata,unrelated,late,full,all,8,110316750,16490,5,5,0,69118f7b801fe880,true,1701
matched,Joggle,da476ab0afe8d44c9b294c59b39ba82219f3522c,xcit-tiny-12-p8-224-opset17,ea20107b2396adf96ec569e5a1f1fb5443ee31299e5bc01a3d139a3a3564f3f7,3298,1,operation_metadata,unrelated,late,full,all,9,111169334,16490,5,5,0,69118f7b801fe880,true,1701
matched,Joggle,da476ab0afe8d44c9b294c59b39ba82219f3522c,tinyyolov2-8,867df52f413aae895af9b80a5526d865a8648e90765647a28cda9c6f8d31062f,285,1,operation_metadata,affected,late,update,all,0,165709,5,5,5,0,ede1b26359c32b59,true,1701
matched,Joggle,da476ab0afe8d44c9b294c59b39ba82219f3522c,tinyyolov2-8,867df52f413aae895af9b80a5526d865a8648e90765647a28cda9c6f8d31062f,285,1,operation_metadata,affected,late,update,all,1,166416,5,5,5,0,5262fd8945895c68,true,1701
matched,Joggle,da476ab0afe8d44c9b294c59b39ba82219f3522c,tinyyolov2-8,867df52f413aae895af9b80a5526d865a8648e90765647a28cda9c6f8d31062f,285,1,operation_metadata,affected,late,update,all,2,161709,5,5,5,0,2b089e8c090cb813,true,1701
matched,Joggle,da476ab0afe8d44c9b294c59b39ba82219f3522c,tinyyolov2-8,867df52f413aae895af9b80a5526d865a8648e90765647a28cda9c6f8d31062f,285,1,operation_metadata,affected,late,update,all,3,151500,5,5,5,0,a067002c63b2a94a,true,1701
matched,Joggle,da476ab0afe8d44c9b294c59b39ba82219f3522c,tinyyolov2-8,867df52f413aae895af9b80a5526d865a8648e90765647a28cda9c6f8d31062f,285,1,operation_metadata,affected,late,update,all,4,163750,5,5,5,0,33ea9e63b33efa6d,true,1701
matched,Joggle,da476ab0afe8d44c9b294c59b39ba82219f3522c,tinyyolov2-8,867df52f413aae895af9b80a5526d865a8648e90765647a28cda9c6f8d31062f,285,1,operation_metadata,affected,late,update,all,5,156667,5,5,5,0,e24a7bdfae4ff28c,true,1701
matched,Joggle,da476ab0afe8d44c9b294c59b39ba82219f3522c,tinyyolov2-8,867df52f413aae895af9b80a5526d865a8648e90765647a28cda9c6f8d31062f,285,1,operation_metadata,affected,late,update,all,6,154084,5,5,5,0,26bb7ed661a04f22,true,1701
matched,Joggle,da476ab0afe8d44c9b294c59b39ba82219f3522c,tinyyolov2-8,867df52f413aae895af9b80a5526d865a8648e90765647a28cda9c6f8d31062f,285,1,operation_metadata,affected,late,update,all,7,158167,5,5,5,0,1585cab8d98cd34b,true,1701
matched,Joggle,da476ab0afe8d44c9b294c59b39ba82219f3522c,tinyyolov2-8,867df52f413aae895af9b80a5526d865a8648e90765647a28cda9c6f8d31062f,285,1,operation_metadata,affected,late,update,all,8,309750,5,5,5,0,657e7b02aa47d5a0,true,1701
matched,Joggle,da476ab0afe8d44c9b294c59b39ba82219f3522c,tinyyolov2-8,867df52f413aae895af9b80a5526d865a8648e90765647a28cda9c6f8d31062f,285,1,operation_metadata,affected,late,update,all,9,206583,5,5,5,0,6e3b9984e973b711,true,1701
matched,Joggle,da476ab0afe8d44c9b294c59b39ba82219f3522c,tinyyolov2-8,867df52f413aae895af9b80a5526d865a8648e90765647a28cda9c6f8d31062f,285,1,operation_metadata,unrelated,late,update,all,0,13667,0,0,5,0,b3202ff35ea58986,true,1701
matched,Joggle,da476ab0afe8d44c9b294c59b39ba82219f3522c,tinyyolov2-8,867df52f413aae895af9b80a5526d865a8648e90765647a28cda9c6f8d31062f,285,1,operation_metadata,unrelated,late,update,all,1,14167,0,0,5,0,b3202ff35ea58986,true,1701
matched,Joggle,da476ab0afe8d44c9b294c59b39ba82219f3522c,tinyyolov2-8,867df52f413aae895af9b80a5526d865a8648e90765647a28cda9c6f8d31062f,285,1,operation_metadata,unrelated,late,update,all,2,13792,0,0,5,0,b3202ff35ea58986,true,1701
matched,Joggle,da476ab0afe8d44c9b294c59b39ba82219f3522c,tinyyolov2-8,867df52f413aae895af9b80a5526d865a8648e90765647a28cda9c6f8d31062f,285,1,operation_metadata,unrelated,late,update,all,3,13875,0,0,5,0,b3202ff35ea58986,true,1701
matched,Joggle,da476ab0afe8d44c9b294c59b39ba82219f3522c,tinyyolov2-8,867df52f413aae895af9b80a5526d865a8648e90765647a28cda9c6f8d31062f,285,1,operation_metadata,unrelated,late,update,all,4,15792,0,0,5,0,b3202ff35ea58986,true,1701
matched,Joggle,da476ab0afe8d44c9b294c59b39ba82219f3522c,tinyyolov2-8,867df52f413aae895af9b80a5526d865a8648e90765647a28cda9c6f8d31062f,285,1,operation_metadata,unrelated,late,update,all,5,13083,0,0,5,0,b3202ff35ea58986,true,1701
matched,Joggle,da476ab0afe8d44c9b294c59b39ba82219f3522c,tinyyolov2-8,867df52f413aae895af9b80a5526d865a8648e90765647a28cda9c6f8d31062f,285,1,operation_metadata,unrelated,late,update,all,6,12750,0,0,5,0,b3202ff35ea58986,true,1701
matched,Joggle,da476ab0afe8d44c9b294c59b39ba82219f3522c,tinyyolov2-8,867df52f413aae895af9b80a5526d865a8648e90765647a28cda9c6f8d31062f,285,1,operation_metadata,unrelated,late,update,all,7,12583,0,0,5,0,b3202ff35ea58986,true,1701
matched,Joggle,da476ab0afe8d44c9b294c59b39ba82219f3522c,tinyyolov2-8,867df52f413aae895af9b80a5526d865a8648e90765647a28cda9c6f8d31062f,285,1,operation_metadata,unrelated,late,update,all,8,12833,0,0,5,0,b3202ff35ea58986,true,1701
matched,Joggle,da476ab0afe8d44c9b294c59b39ba82219f3522c,tinyyolov2-8,867df52f413aae895af9b80a5526d865a8648e90765647a28cda9c6f8d31062f,285,1,operation_metadata,unrelated,late,update,all,9,12542,0,0,5,0,b3202ff35ea58986,true,1701
matched,Joggle,da476ab0afe8d44c9b294c59b39ba82219f3522c,efficientnet-lite4-11-qdq,1deb63f203172bf5412eebd780fa7b6777f973600d22aca7995a1e7839be1777,4318,1,operation_metadata,affected,late,full,all,0,125655916,21590,5,5,0,de277d00d73e4d13,true,1701
matched,Joggle,da476ab0afe8d44c9b294c59b39ba82219f3522c,efficientnet-lite4-11-qdq,1deb63f203172bf5412eebd780fa7b6777f973600d22aca7995a1e7839be1777,4318,1,operation_metadata,affected,late,full,all,1,125834833,21590,5,5,0,5385dea131e43e4a,true,1701
matched,Joggle,da476ab0afe8d44c9b294c59b39ba82219f3522c,efficientnet-lite4-11-qdq,1deb63f203172bf5412eebd780fa7b6777f973600d22aca7995a1e7839be1777,4318,1,operation_metadata,affected,late,full,all,2,127232625,21590,5,5,0,a10090d827f4c059,true,1701
matched,Joggle,da476ab0afe8d44c9b294c59b39ba82219f3522c,efficientnet-lite4-11-qdq,1deb63f203172bf5412eebd780fa7b6777f973600d22aca7995a1e7839be1777,4318,1,operation_metadata,affected,late,full,all,3,125063417,21590,5,5,0,0581dbfe13baf168,true,1701
matched,Joggle,da476ab0afe8d44c9b294c59b39ba82219f3522c,efficientnet-lite4-11-qdq,1deb63f203172bf5412eebd780fa7b6777f973600d22aca7995a1e7839be1777,4318,1,operation_metadata,affected,late,full,all,4,125783625,21590,5,5,0,2a5d66d78663d177,true,1701
matched,Joggle,da476ab0afe8d44c9b294c59b39ba82219f3522c,efficientnet-lite4-11-qdq,1deb63f203172bf5412eebd780fa7b6777f973600d22aca7995a1e7839be1777,4318,1,operation_metadata,affected,late,full,all,5,125037250,21590,5,5,0,dac18372cc4b113e,true,1701
matched,Joggle,da476ab0afe8d44c9b294c59b39ba82219f3522c,efficientnet-lite4-11-qdq,1deb63f203172bf5412eebd780fa7b6777f973600d22aca7995a1e7839be1777,4318,1,operation_metadata,affected,late,full,all,6,123996459,21590,5,5,0,8660ea43edb6e794,true,1701
matched,Joggle,da476ab0afe8d44c9b294c59b39ba82219f3522c,efficientnet-lite4-11-qdq,1deb63f203172bf5412eebd780fa7b6777f973600d22aca7995a1e7839be1777,4318,1,operation_metadata,affected,late,full,all,7,126923208,21590,5,5,0,c53935d223007ed5,true,1701
matched,Joggle,da476ab0afe8d44c9b294c59b39ba82219f3522c,efficientnet-lite4-11-qdq,1deb63f203172bf5412eebd780fa7b6777f973600d22aca7995a1e7839be1777,4318,1,operation_metadata,affected,late,full,all,8,125086541,21590,5,5,0,7dd9f6d7f6861d06,true,1701
matched,Joggle,da476ab0afe8d44c9b294c59b39ba82219f3522c,efficientnet-lite4-11-qdq,1deb63f203172bf5412eebd780fa7b6777f973600d22aca7995a1e7839be1777,4318,1,operation_metadata,affected,late,full,all,9,127142292,21590,5,5,0,0662fb1f2b6ba4ff,true,1701
matched,Joggle,da476ab0afe8d44c9b294c59b39ba82219f3522c,efficientnet-lite4-11-qdq,1deb63f203172bf5412eebd780fa7b6777f973600d22aca7995a1e7839be1777,4318,1,operation_metadata,unrelated,late,full,all,0,129676875,21590,5,5,0,69118f7b801fe880,true,1701
matched,Joggle,da476ab0afe8d44c9b294c59b39ba82219f3522c,efficientnet-lite4-11-qdq,1deb63f203172bf5412eebd780fa7b6777f973600d22aca7995a1e7839be1777,4318,1,operation_metadata,unrelated,late,full,all,1,127252416,21590,5,5,0,69118f7b801fe880,true,1701
matched,Joggle,da476ab0afe8d44c9b294c59b39ba82219f3522c,efficientnet-lite4-11-qdq,1deb63f203172bf5412eebd780fa7b6777f973600d22aca7995a1e7839be1777,4318,1,operation_metadata,unrelated,late,full,all,2,126719375,21590,5,5,0,69118f7b801fe880,true,1701
matched,Joggle,da476ab0afe8d44c9b294c59b39ba82219f3522c,efficientnet-lite4-11-qdq,1deb63f203172bf5412eebd780fa7b6777f973600d22aca7995a1e7839be1777,4318,1,operation_metadata,unrelated,late,full,all,3,126011584,21590,5,5,0,69118f7b801fe880,true,1701
matched,Joggle,da476ab0afe8d44c9b294c59b39ba82219f3522c,efficientnet-lite4-11-qdq,1deb63f203172bf5412eebd780fa7b6777f973600d22aca7995a1e7839be1777,4318,1,operation_metadata,unrelated,late,full,all,4,124951375,21590,5,5,0,69118f7b801fe880,true,1701
matched,Joggle,da476ab0afe8d44c9b294c59b39ba82219f3522c,efficientnet-lite4-11-qdq,1deb63f203172bf5412eebd780fa7b6777f973600d22aca7995a1e7839be1777,4318,1,operation_metadata,unrelated,late,full,all,5,126052792,21590,5,5,0,69118f7b801fe880,true,1701
matched,Joggle,da476ab0afe8d44c9b294c59b39ba82219f3522c,efficientnet-lite4-11-qdq,1deb63f203172bf5412eebd780fa7b6777f973600d22aca7995a1e7839be1777,4318,1,operation_metadata,unrelated,late,full,all,6,126654792,21590,5,5,0,69118f7b801fe880,true,1701
matched,Joggle,da476ab0afe8d44c9b294c59b39ba82219f3522c,efficientnet-lite4-11-qdq,1deb63f203172bf5412eebd780fa7b6777f973600d22aca7995a1e7839be1777,4318,1,operation_metadata,unrelated,late,full,all,7,127535500,21590,5,5,0,69118f7b801fe880,true,1701
matched,Joggle,da476ab0afe8d44c9b294c59b39ba82219f3522c,efficientnet-lite4-11-qdq,1deb63f203172bf5412eebd780fa7b6777f973600d22aca7995a1e7839be1777,4318,1,operation_metadata,unrelated,late,full,all,8,126181792,21590,5,5,0,69118f7b801fe880,true,1701
matched,Joggle,da476ab0afe8d44c9b294c59b39ba82219f3522c,efficientnet-lite4-11-qdq,1deb63f203172bf5412eebd780fa7b6777f973600d22aca7995a1e7839be1777,4318,1,operation_metadata,unrelated,late,full,all,9,126415542,21590,5,5,0,69118f7b801fe880,true,1701
matched,Joggle,da476ab0afe8d44c9b294c59b39ba82219f3522c,densenet-12,0294e7e88e5b3360de9b0fdc321baf9e6ef18b7f058c4536caae3b9f18ed9ed5,5516,1,operation_metadata,affected,late,update,all,0,232500,5,5,5,0,9bfb913d34490415,true,1701
matched,Joggle,da476ab0afe8d44c9b294c59b39ba82219f3522c,densenet-12,0294e7e88e5b3360de9b0fdc321baf9e6ef18b7f058c4536caae3b9f18ed9ed5,5516,1,operation_metadata,affected,late,update,all,1,363833,5,5,5,0,f5f21e590ef7f3d4,true,1701
matched,Joggle,da476ab0afe8d44c9b294c59b39ba82219f3522c,densenet-12,0294e7e88e5b3360de9b0fdc321baf9e6ef18b7f058c4536caae3b9f18ed9ed5,5516,1,operation_metadata,affected,late,update,all,2,249833,5,5,5,0,f3e07882c18acc3f,true,1701
matched,Joggle,da476ab0afe8d44c9b294c59b39ba82219f3522c,densenet-12,0294e7e88e5b3360de9b0fdc321baf9e6ef18b7f058c4536caae3b9f18ed9ed5,5516,1,operation_metadata,affected,late,update,all,3,223709,5,5,5,0,84a6167390fc0a46,true,1701
matched,Joggle,da476ab0afe8d44c9b294c59b39ba82219f3522c,densenet-12,0294e7e88e5b3360de9b0fdc321baf9e6ef18b7f058c4536caae3b9f18ed9ed5,5516,1,operation_metadata,affected,late,update,all,4,208250,5,5,5,0,67f5feef8314b151,true,1701
matched,Joggle,da476ab0afe8d44c9b294c59b39ba82219f3522c,densenet-12,0294e7e88e5b3360de9b0fdc321baf9e6ef18b7f058c4536caae3b9f18ed9ed5,5516,1,operation_metadata,affected,late,update,all,5,211416,5,5,5,0,6ecdf0b07f02a0e0,true,1701
matched,Joggle,da476ab0afe8d44c9b294c59b39ba82219f3522c,densenet-12,0294e7e88e5b3360de9b0fdc321baf9e6ef18b7f058c4536caae3b9f18ed9ed5,5516,1,operation_metadata,affected,late,update,all,6,201166,5,5,5,0,ca5e0eadc48c7856,true,1701
matched,Joggle,da476ab0afe8d44c9b294c59b39ba82219f3522c,densenet-12,0294e7e88e5b3360de9b0fdc321baf9e6ef18b7f058c4536caae3b9f18ed9ed5,5516,1,operation_metadata,affected,late,update,all,7,201958,5,5,5,0,0ec5bb3517e2518f,true,1701
matched,Joggle,da476ab0afe8d44c9b294c59b39ba82219f3522c,densenet-12,0294e7e88e5b3360de9b0fdc321baf9e6ef18b7f058c4536caae3b9f18ed9ed5,5516,1,operation_metadata,affected,late,update,all,8,198542,5,5,5,0,76292cd414877424,true,1701
matched,Joggle,da476ab0afe8d44c9b294c59b39ba82219f3522c,densenet-12,0294e7e88e5b3360de9b0fdc321baf9e6ef18b7f058c4536caae3b9f18ed9ed5,5516,1,operation_metadata,affected,late,update,all,9,198667,5,5,5,0,02500d4c355874a5,true,1701
matched,Joggle,da476ab0afe8d44c9b294c59b39ba82219f3522c,densenet-12,0294e7e88e5b3360de9b0fdc321baf9e6ef18b7f058c4536caae3b9f18ed9ed5,5516,1,operation_metadata,unrelated,late,update,all,0,13458,0,0,5,0,590c52d7dd71ccda,true,1701
matched,Joggle,da476ab0afe8d44c9b294c59b39ba82219f3522c,densenet-12,0294e7e88e5b3360de9b0fdc321baf9e6ef18b7f058c4536caae3b9f18ed9ed5,5516,1,operation_metadata,unrelated,late,update,all,1,13292,0,0,5,0,590c52d7dd71ccda,true,1701
matched,Joggle,da476ab0afe8d44c9b294c59b39ba82219f3522c,densenet-12,0294e7e88e5b3360de9b0fdc321baf9e6ef18b7f058c4536caae3b9f18ed9ed5,5516,1,operation_metadata,unrelated,late,update,all,2,13000,0,0,5,0,590c52d7dd71ccda,true,1701
matched,Joggle,da476ab0afe8d44c9b294c59b39ba82219f3522c,densenet-12,0294e7e88e5b3360de9b0fdc321baf9e6ef18b7f058c4536caae3b9f18ed9ed5,5516,1,operation_metadata,unrelated,late,update,all,3,12834,0,0,5,0,590c52d7dd71ccda,true,1701
matched,Joggle,da476ab0afe8d44c9b294c59b39ba82219f3522c,densenet-12,0294e7e88e5b3360de9b0fdc321baf9e6ef18b7f058c4536caae3b9f18ed9ed5,5516,1,operation_metadata,unrelated,late,update,all,4,14458,0,0,5,0,590c52d7dd71ccda,true,1701
matched,Joggle,da476ab0afe8d44c9b294c59b39ba82219f3522c,densenet-12,0294e7e88e5b3360de9b0fdc321baf9e6ef18b7f058c4536caae3b9f18ed9ed5,5516,1,operation_metadata,unrelated,late,update,all,5,12458,0,0,5,0,590c52d7dd71ccda,true,1701
matched,Joggle,da476ab0afe8d44c9b294c59b39ba82219f3522c,densenet-12,0294e7e88e5b3360de9b0fdc321baf9e6ef18b7f058c4536caae3b9f18ed9ed5,5516,1,operation_metadata,unrelated,late,update,all,6,12291,0,0,5,0,590c52d7dd71ccda,true,1701
matched,Joggle,da476ab0afe8d44c9b294c59b39ba82219f3522c,densenet-12,0294e7e88e5b3360de9b0fdc321baf9e6ef18b7f058c4536caae3b9f18ed9ed5,5516,1,operation_metadata,unrelated,late,update,all,7,12584,0,0,5,0,590c52d7dd71ccda,true,1701
matched,Joggle,da476ab0afe8d44c9b294c59b39ba82219f3522c,densenet-12,0294e7e88e5b3360de9b0fdc321baf9e6ef18b7f058c4536caae3b9f18ed9ed5,5516,1,operation_metadata,unrelated,late,update,all,8,12958,0,0,5,0,590c52d7dd71ccda,true,1701
matched,Joggle,da476ab0afe8d44c9b294c59b39ba82219f3522c,densenet-12,0294e7e88e5b3360de9b0fdc321baf9e6ef18b7f058c4536caae3b9f18ed9ed5,5516,1,operation_metadata,unrelated,late,update,all,9,12958,0,0,5,0,590c52d7dd71ccda,true,1701
matched,Joggle,da476ab0afe8d44c9b294c59b39ba82219f3522c,efficientnet-lite4-11-qdq,1deb63f203172bf5412eebd780fa7b6777f973600d22aca7995a1e7839be1777,4318,1,operation_metadata,affected,late,update,all,0,191333,5,5,5,0,de277d00d73e4d13,true,1701
matched,Joggle,da476ab0afe8d44c9b294c59b39ba82219f3522c,efficientnet-lite4-11-qdq,1deb63f203172bf5412eebd780fa7b6777f973600d22aca7995a1e7839be1777,4318,1,operation_metadata,affected,late,update,all,1,193834,5,5,5,0,5385dea131e43e4a,true,1701
matched,Joggle,da476ab0afe8d44c9b294c59b39ba82219f3522c,efficientnet-lite4-11-qdq,1deb63f203172bf5412eebd780fa7b6777f973600d22aca7995a1e7839be1777,4318,1,operation_metadata,affected,late,update,all,2,187667,5,5,5,0,a10090d827f4c059,true,1701
matched,Joggle,da476ab0afe8d44c9b294c59b39ba82219f3522c,efficientnet-lite4-11-qdq,1deb63f203172bf5412eebd780fa7b6777f973600d22aca7995a1e7839be1777,4318,1,operation_metadata,affected,late,update,all,3,189959,5,5,5,0,0581dbfe13baf168,true,1701
matched,Joggle,da476ab0afe8d44c9b294c59b39ba82219f3522c,efficientnet-lite4-11-qdq,1deb63f203172bf5412eebd780fa7b6777f973600d22aca7995a1e7839be1777,4318,1,operation_metadata,affected,late,update,all,4,203375,5,5,5,0,2a5d66d78663d177,true,1701
matched,Joggle,da476ab0afe8d44c9b294c59b39ba82219f3522c,efficientnet-lite4-11-qdq,1deb63f203172bf5412eebd780fa7b6777f973600d22aca7995a1e7839be1777,4318,1,operation_metadata,affected,late,update,all,5,188000,5,5,5,0,dac18372cc4b113e,true,1701
matched,Joggle,da476ab0afe8d44c9b294c59b39ba82219f3522c,efficientnet-lite4-11-qdq,1deb63f203172bf5412eebd780fa7b6777f973600d22aca7995a1e7839be1777,4318,1,operation_metadata,affected,late,update,all,6,185541,5,5,5,0,8660ea43edb6e794,true,1701
matched,Joggle,da476ab0afe8d44c9b294c59b39ba82219f3522c,efficientnet-lite4-11-qdq,1deb63f203172bf5412eebd780fa7b6777f973600d22aca7995a1e7839be1777,4318,1,operation_metadata,affected,late,update,all,7,186917,5,5,5,0,c53935d223007ed5,true,1701
matched,Joggle,da476ab0afe8d44c9b294c59b39ba82219f3522c,efficientnet-lite4-11-qdq,1deb63f203172bf5412eebd780fa7b6777f973600d22aca7995a1e7839be1777,4318,1,operation_metadata,affected,late,update,all,8,183625,5,5,5,0,7dd9f6d7f6861d06,true,1701
matched,Joggle,da476ab0afe8d44c9b294c59b39ba82219f3522c,efficientnet-lite4-11-qdq,1deb63f203172bf5412eebd780fa7b6777f973600d22aca7995a1e7839be1777,4318,1,operation_metadata,affected,late,update,all,9,195000,5,5,5,0,0662fb1f2b6ba4ff,true,1701
matched,Joggle,da476ab0afe8d44c9b294c59b39ba82219f3522c,efficientnet-lite4-11-qdq,1deb63f203172bf5412eebd780fa7b6777f973600d22aca7995a1e7839be1777,4318,1,operation_metadata,unrelated,late,update,all,0,13834,0,0,5,0,69118f7b801fe880,true,1701
matched,Joggle,da476ab0afe8d44c9b294c59b39ba82219f3522c,efficientnet-lite4-11-qdq,1deb63f203172bf5412eebd780fa7b6777f973600d22aca7995a1e7839be1777,4318,1,operation_metadata,unrelated,late,update,all,1,13709,0,0,5,0,69118f7b801fe880,true,1701
matched,Joggle,da476ab0afe8d44c9b294c59b39ba82219f3522c,efficientnet-lite4-11-qdq,1deb63f203172bf5412eebd780fa7b6777f973600d22aca7995a1e7839be1777,4318,1,operation_metadata,unrelated,late,update,all,2,13083,0,0,5,0,69118f7b801fe880,true,1701
matched,Joggle,da476ab0afe8d44c9b294c59b39ba82219f3522c,efficientnet-lite4-11-qdq,1deb63f203172bf5412eebd780fa7b6777f973600d22aca7995a1e7839be1777,4318,1,operation_metadata,unrelated,late,update,all,3,14208,0,0,5,0,69118f7b801fe880,true,1701
matched,Joggle,da476ab0afe8d44c9b294c59b39ba82219f3522c,efficientnet-lite4-11-qdq,1deb63f203172bf5412eebd780fa7b6777f973600d22aca7995a1e7839be1777,4318,1,operation_metadata,unrelated,late,update,all,4,13000,0,0,5,0,69118f7b801fe880,true,1701
matched,Joggle,da476ab0afe8d44c9b294c59b39ba82219f3522c,efficientnet-lite4-11-qdq,1deb63f203172bf5412eebd780fa7b6777f973600d22aca7995a1e7839be1777,4318,1,operation_metadata,unrelated,late,update,all,5,12958,0,0,5,0,69118f7b801fe880,true,1701
matched,Joggle,da476ab0afe8d44c9b294c59b39ba82219f3522c,efficientnet-lite4-11-qdq,1deb63f203172bf5412eebd780fa7b6777f973600d22aca7995a1e7839be1777,4318,1,operation_metadata,unrelated,late,update,all,6,12833,0,0,5,0,69118f7b801fe880,true,1701
matched,Joggle,da476ab0afe8d44c9b294c59b39ba82219f3522c,efficientnet-lite4-11-qdq,1deb63f203172bf5412eebd780fa7b6777f973600d22aca7995a1e7839be1777,4318,1,operation_metadata,unrelated,late,update,all,7,13375,0,0,5,0,69118f7b801fe880,true,1701
matched,Joggle,da476ab0afe8d44c9b294c59b39ba82219f3522c,efficientnet-lite4-11-qdq,1deb63f203172bf5412eebd780fa7b6777f973600d22aca7995a1e7839be1777,4318,1,operation_metadata,unrelated,late,update,all,8,13167,0,0,5,0,69118f7b801fe880,true,1701
matched,Joggle,da476ab0afe8d44c9b294c59b39ba82219f3522c,efficientnet-lite4-11-qdq,1deb63f203172bf5412eebd780fa7b6777f973600d22aca7995a1e7839be1777,4318,1,operation_metadata,unrelated,late,update,all,9,13459,0,0,5,0,69118f7b801fe880,true,1701
matched,Joggle,da476ab0afe8d44c9b294c59b39ba82219f3522c,mobilenetv2-7,8f78e569922a964ef0c303e08cf82f01d4891f97a2ac87fa6061f8a987924a5a,1655,155,operation_metadata,affected,early,update,all,0,13565667,775,5,5,0,9e321b0c07d33876,true,1701
matched,Joggle,da476ab0afe8d44c9b294c59b39ba82219f3522c,mobilenetv2-7,8f78e569922a964ef0c303e08cf82f01d4891f97a2ac87fa6061f8a987924a5a,1655,155,operation_metadata,affected,early,update,all,1,11827666,775,5,5,0,33abc3be82815ac7,true,1701
matched,Joggle,da476ab0afe8d44c9b294c59b39ba82219f3522c,mobilenetv2-7,8f78e569922a964ef0c303e08cf82f01d4891f97a2ac87fa6061f8a987924a5a,1655,155,operation_metadata,affected,early,update,all,2,11953500,775,5,5,0,c7162ecb26848acc,true,1701
matched,Joggle,da476ab0afe8d44c9b294c59b39ba82219f3522c,mobilenetv2-7,8f78e569922a964ef0c303e08cf82f01d4891f97a2ac87fa6061f8a987924a5a,1655,155,operation_metadata,affected,early,update,all,3,12105083,775,5,5,0,f86d0f7ed3a0b69d,true,1701
matched,Joggle,da476ab0afe8d44c9b294c59b39ba82219f3522c,mobilenetv2-7,8f78e569922a964ef0c303e08cf82f01d4891f97a2ac87fa6061f8a987924a5a,1655,155,operation_metadata,affected,early,update,all,4,11599792,775,5,5,0,4a489502e51313b2,true,1701
matched,Joggle,da476ab0afe8d44c9b294c59b39ba82219f3522c,mobilenetv2-7,8f78e569922a964ef0c303e08cf82f01d4891f97a2ac87fa6061f8a987924a5a,1655,155,operation_metadata,affected,early,update,all,5,13093250,775,5,5,0,0f10bbf5c13f3923,true,1701
matched,Joggle,da476ab0afe8d44c9b294c59b39ba82219f3522c,mobilenetv2-7,8f78e569922a964ef0c303e08cf82f01d4891f97a2ac87fa6061f8a987924a5a,1655,155,operation_metadata,affected,early,update,all,6,11864375,775,5,5,0,df2b444fc8d25381,true,1701
matched,Joggle,da476ab0afe8d44c9b294c59b39ba82219f3522c,mobilenetv2-7,8f78e569922a964ef0c303e08cf82f01d4891f97a2ac87fa6061f8a987924a5a,1655,155,operation_metadata,affected,early,update,all,7,12423334,775,5,5,0,12dccca6b988b540,true,1701
matched,Joggle,da476ab0afe8d44c9b294c59b39ba82219f3522c,mobilenetv2-7,8f78e569922a964ef0c303e08cf82f01d4891f97a2ac87fa6061f8a987924a5a,1655,155,operation_metadata,affected,early,update,all,8,12531750,775,5,5,0,79e2f35f0f23560b,true,1701
matched,Joggle,da476ab0afe8d44c9b294c59b39ba82219f3522c,mobilenetv2-7,8f78e569922a964ef0c303e08cf82f01d4891f97a2ac87fa6061f8a987924a5a,1655,155,operation_metadata,affected,early,update,all,9,12352875,775,5,5,0,77412bc8b41ace5a,true,1701
matched,Joggle,da476ab0afe8d44c9b294c59b39ba82219f3522c,mobilenetv2-7,8f78e569922a964ef0c303e08cf82f01d4891f97a2ac87fa6061f8a987924a5a,1655,155,operation_metadata,unrelated,early,update,all,0,903375,0,0,5,0,95f79393372086ed,true,1701
matched,Joggle,da476ab0afe8d44c9b294c59b39ba82219f3522c,mobilenetv2-7,8f78e569922a964ef0c303e08cf82f01d4891f97a2ac87fa6061f8a987924a5a,1655,155,operation_metadata,unrelated,early,update,all,1,900083,0,0,5,0,95f79393372086ed,true,1701
matched,Joggle,da476ab0afe8d44c9b294c59b39ba82219f3522c,mobilenetv2-7,8f78e569922a964ef0c303e08cf82f01d4891f97a2ac87fa6061f8a987924a5a,1655,155,operation_metadata,unrelated,early,update,all,2,894542,0,0,5,0,95f79393372086ed,true,1701
matched,Joggle,da476ab0afe8d44c9b294c59b39ba82219f3522c,mobilenetv2-7,8f78e569922a964ef0c303e08cf82f01d4891f97a2ac87fa6061f8a987924a5a,1655,155,operation_metadata,unrelated,early,update,all,3,965208,0,0,5,0,95f79393372086ed,true,1701
matched,Joggle,da476ab0afe8d44c9b294c59b39ba82219f3522c,mobilenetv2-7,8f78e569922a964ef0c303e08cf82f01d4891f97a2ac87fa6061f8a987924a5a,1655,155,operation_metadata,unrelated,early,update,all,4,889875,0,0,5,0,95f79393372086ed,true,1701
matched,Joggle,da476ab0afe8d44c9b294c59b39ba82219f3522c,mobilenetv2-7,8f78e569922a964ef0c303e08cf82f01d4891f97a2ac87fa6061f8a987924a5a,1655,155,operation_metadata,unrelated,early,update,all,5,914458,0,0,5,0,95f79393372086ed,true,1701
matched,Joggle,da476ab0afe8d44c9b294c59b39ba82219f3522c,mobilenetv2-7,8f78e569922a964ef0c303e08cf82f01d4891f97a2ac87fa6061f8a987924a5a,1655,155,operation_metadata,unrelated,early,update,all,6,916708,0,0,5,0,95f79393372086ed,true,1701
matched,Joggle,da476ab0afe8d44c9b294c59b39ba82219f3522c,mobilenetv2-7,8f78e569922a964ef0c303e08cf82f01d4891f97a2ac87fa6061f8a987924a5a,1655,155,operation_metadata,unrelated,early,update,all,7,895834,0,0,5,0,95f79393372086ed,true,1701
matched,Joggle,da476ab0afe8d44c9b294c59b39ba82219f3522c,mobilenetv2-7,8f78e569922a964ef0c303e08cf82f01d4891f97a2ac87fa6061f8a987924a5a,1655,155,operation_metadata,unrelated,early,update,all,8,887000,0,0,5,0,95f79393372086ed,true,1701
matched,Joggle,da476ab0afe8d44c9b294c59b39ba82219f3522c,mobilenetv2-7,8f78e569922a964ef0c303e08cf82f01d4891f97a2ac87fa6061f8a987924a5a,1655,155,operation_metadata,unrelated,early,update,all,9,893083,0,0,5,0,95f79393372086ed,true,1701
matched,Joggle,da476ab0afe8d44c9b294c59b39ba82219f3522c,squeezenet1.0-13-qdq,64c397e74ed2f541fa306ca8a1883a69d0a9c255f0c5236e8d1675251623cc97,1325,60,operation_metadata,affected,middle,full,all,0,38308542,6625,5,5,0,96c485e7d18328c9,true,1701
matched,Joggle,da476ab0afe8d44c9b294c59b39ba82219f3522c,squeezenet1.0-13-qdq,64c397e74ed2f541fa306ca8a1883a69d0a9c255f0c5236e8d1675251623cc97,1325,60,operation_metadata,affected,middle,full,all,1,37911833,6625,5,5,0,c2e20900e0a7d6be,true,1701
matched,Joggle,da476ab0afe8d44c9b294c59b39ba82219f3522c,squeezenet1.0-13-qdq,64c397e74ed2f541fa306ca8a1883a69d0a9c255f0c5236e8d1675251623cc97,1325,60,operation_metadata,affected,middle,full,all,2,37665750,6625,5,5,0,8bee461d96d1a583,true,1701
matched,Joggle,da476ab0afe8d44c9b294c59b39ba82219f3522c,squeezenet1.0-13-qdq,64c397e74ed2f541fa306ca8a1883a69d0a9c255f0c5236e8d1675251623cc97,1325,60,operation_metadata,affected,middle,full,all,3,36899500,6625,5,5,0,a36762b2b2e55650,true,1701
matched,Joggle,da476ab0afe8d44c9b294c59b39ba82219f3522c,squeezenet1.0-13-qdq,64c397e74ed2f541fa306ca8a1883a69d0a9c255f0c5236e8d1675251623cc97,1325,60,operation_metadata,affected,middle,full,all,4,36965958,6625,5,5,0,133ee2597fb2b86d,true,1701
matched,Joggle,da476ab0afe8d44c9b294c59b39ba82219f3522c,squeezenet1.0-13-qdq,64c397e74ed2f541fa306ca8a1883a69d0a9c255f0c5236e8d1675251623cc97,1325,60,operation_metadata,affected,middle,full,all,5,37795375,6625,5,5,0,fcd39d10e62a2e02,true,1701
matched,Joggle,da476ab0afe8d44c9b294c59b39ba82219f3522c,squeezenet1.0-13-qdq,64c397e74ed2f541fa306ca8a1883a69d0a9c255f0c5236e8d1675251623cc97,1325,60,operation_metadata,affected,middle,full,all,6,37132417,6625,5,5,0,053f703ddaafb438,true,1701
matched,Joggle,da476ab0afe8d44c9b294c59b39ba82219f3522c,squeezenet1.0-13-qdq,64c397e74ed2f541fa306ca8a1883a69d0a9c255f0c5236e8d1675251623cc97,1325,60,operation_metadata,affected,middle,full,all,7,37420000,6625,5,5,0,087e042e9105fbab,true,1701
matched,Joggle,da476ab0afe8d44c9b294c59b39ba82219f3522c,squeezenet1.0-13-qdq,64c397e74ed2f541fa306ca8a1883a69d0a9c255f0c5236e8d1675251623cc97,1325,60,operation_metadata,affected,middle,full,all,8,37373417,6625,5,5,0,ebe5f0a17838ba86,true,1701
matched,Joggle,da476ab0afe8d44c9b294c59b39ba82219f3522c,squeezenet1.0-13-qdq,64c397e74ed2f541fa306ca8a1883a69d0a9c255f0c5236e8d1675251623cc97,1325,60,operation_metadata,affected,middle,full,all,9,37446667,6625,5,5,0,22f02d8e9ce6a1f1,true,1701
matched,Joggle,da476ab0afe8d44c9b294c59b39ba82219f3522c,squeezenet1.0-13-qdq,64c397e74ed2f541fa306ca8a1883a69d0a9c255f0c5236e8d1675251623cc97,1325,60,operation_metadata,unrelated,middle,full,all,0,37258917,6625,5,5,0,1eca86449c163d9c,true,1701
matched,Joggle,da476ab0afe8d44c9b294c59b39ba82219f3522c,squeezenet1.0-13-qdq,64c397e74ed2f541fa306ca8a1883a69d0a9c255f0c5236e8d1675251623cc97,1325,60,operation_metadata,unrelated,middle,full,all,1,37327000,6625,5,5,0,1eca86449c163d9c,true,1701
matched,Joggle,da476ab0afe8d44c9b294c59b39ba82219f3522c,squeezenet1.0-13-qdq,64c397e74ed2f541fa306ca8a1883a69d0a9c255f0c5236e8d1675251623cc97,1325,60,operation_metadata,unrelated,middle,full,all,2,37331667,6625,5,5,0,1eca86449c163d9c,true,1701
matched,Joggle,da476ab0afe8d44c9b294c59b39ba82219f3522c,squeezenet1.0-13-qdq,64c397e74ed2f541fa306ca8a1883a69d0a9c255f0c5236e8d1675251623cc97,1325,60,operation_metadata,unrelated,middle,full,all,3,38153000,6625,5,5,0,1eca86449c163d9c,true,1701
matched,Joggle,da476ab0afe8d44c9b294c59b39ba82219f3522c,squeezenet1.0-13-qdq,64c397e74ed2f541fa306ca8a1883a69d0a9c255f0c5236e8d1675251623cc97,1325,60,operation_metadata,unrelated,middle,full,all,4,37612333,6625,5,5,0,1eca86449c163d9c,true,1701
matched,Joggle,da476ab0afe8d44c9b294c59b39ba82219f3522c,squeezenet1.0-13-qdq,64c397e74ed2f541fa306ca8a1883a69d0a9c255f0c5236e8d1675251623cc97,1325,60,operation_metadata,unrelated,middle,full,all,5,37727625,6625,5,5,0,1eca86449c163d9c,true,1701
matched,Joggle,da476ab0afe8d44c9b294c59b39ba82219f3522c,squeezenet1.0-13-qdq,64c397e74ed2f541fa306ca8a1883a69d0a9c255f0c5236e8d1675251623cc97,1325,60,operation_metadata,unrelated,middle,full,all,6,36816166,6625,5,5,0,1eca86449c163d9c,true,1701
matched,Joggle,da476ab0afe8d44c9b294c59b39ba82219f3522c,squeezenet1.0-13-qdq,64c397e74ed2f541fa306ca8a1883a69d0a9c255f0c5236e8d1675251623cc97,1325,60,operation_metadata,unrelated,middle,full,all,7,37169458,6625,5,5,0,1eca86449c163d9c,true,1701
matched,Joggle,da476ab0afe8d44c9b294c59b39ba82219f3522c,squeezenet1.0-13-qdq,64c397e74ed2f541fa306ca8a1883a69d0a9c255f0c5236e8d1675251623cc97,1325,60,operation_metadata,unrelated,middle,full,all,8,37033208,6625,5,5,0,1eca86449c163d9c,true,1701
matched,Joggle,da476ab0afe8d44c9b294c59b39ba82219f3522c,squeezenet1.0-13-qdq,64c397e74ed2f541fa306ca8a1883a69d0a9c255f0c5236e8d1675251623cc97,1325,60,operation_metadata,unrelated,middle,full,all,9,37320500,6625,5,5,0,1eca86449c163d9c,true,1701
matched,Joggle,da476ab0afe8d44c9b294c59b39ba82219f3522c,tinyyolov2-8,867df52f413aae895af9b80a5526d865a8648e90765647a28cda9c6f8d31062f,285,33,operation_metadata,affected,early,update,all,0,2746666,165,5,5,0,4641317c81988ddd,true,1701
matched,Joggle,da476ab0afe8d44c9b294c59b39ba82219f3522c,tinyyolov2-8,867df52f413aae895af9b80a5526d865a8648e90765647a28cda9c6f8d31062f,285,33,operation_metadata,affected,early,update,all,1,2793541,165,5,5,0,6d2c96d419cdb3a6,true,1701
matched,Joggle,da476ab0afe8d44c9b294c59b39ba82219f3522c,tinyyolov2-8,867df52f413aae895af9b80a5526d865a8648e90765647a28cda9c6f8d31062f,285,33,operation_metadata,affected,early,update,all,2,2903083,165,5,5,0,03ef257349af0ddf,true,1701
matched,Joggle,da476ab0afe8d44c9b294c59b39ba82219f3522c,tinyyolov2-8,867df52f413aae895af9b80a5526d865a8648e90765647a28cda9c6f8d31062f,285,33,operation_metadata,affected,early,update,all,3,2778125,165,5,5,0,f29014b0c2e6da60,true,1701
matched,Joggle,da476ab0afe8d44c9b294c59b39ba82219f3522c,tinyyolov2-8,867df52f413aae895af9b80a5526d865a8648e90765647a28cda9c6f8d31062f,285,33,operation_metadata,affected,early,update,all,4,2901500,165,5,5,0,fed2c61d75a18c81,true,1701
matched,Joggle,da476ab0afe8d44c9b294c59b39ba82219f3522c,tinyyolov2-8,867df52f413aae895af9b80a5526d865a8648e90765647a28cda9c6f8d31062f,285,33,operation_metadata,affected,early,update,all,5,2858750,165,5,5,0,a56639227252838a,true,1701
matched,Joggle,da476ab0afe8d44c9b294c59b39ba82219f3522c,tinyyolov2-8,867df52f413aae895af9b80a5526d865a8648e90765647a28cda9c6f8d31062f,285,33,operation_metadata,affected,early,update,all,6,2930333,165,5,5,0,d82b9f80577b4d90,true,1701
matched,Joggle,da476ab0afe8d44c9b294c59b39ba82219f3522c,tinyyolov2-8,867df52f413aae895af9b80a5526d865a8648e90765647a28cda9c6f8d31062f,285,33,operation_metadata,affected,early,update,all,7,3010792,165,5,5,0,fb0f6a8ddc9202cf,true,1701
matched,Joggle,da476ab0afe8d44c9b294c59b39ba82219f3522c,tinyyolov2-8,867df52f413aae895af9b80a5526d865a8648e90765647a28cda9c6f8d31062f,285,33,operation_metadata,affected,early,update,all,8,2901625,165,5,5,0,19e5025cc73bccd6,true,1701
matched,Joggle,da476ab0afe8d44c9b294c59b39ba82219f3522c,tinyyolov2-8,867df52f413aae895af9b80a5526d865a8648e90765647a28cda9c6f8d31062f,285,33,operation_metadata,affected,early,update,all,9,2817208,165,5,5,0,e1d4d0cff68e88cd,true,1701
matched,Joggle,da476ab0afe8d44c9b294c59b39ba82219f3522c,tinyyolov2-8,867df52f413aae895af9b80a5526d865a8648e90765647a28cda9c6f8d31062f,285,33,operation_metadata,unrelated,early,update,all,0,187458,0,0,5,0,92bbb9aaaaed5912,true,1701
matched,Joggle,da476ab0afe8d44c9b294c59b39ba82219f3522c,tinyyolov2-8,867df52f413aae895af9b80a5526d865a8648e90765647a28cda9c6f8d31062f,285,33,operation_metadata,unrelated,early,update,all,1,189083,0,0,5,0,92bbb9aaaaed5912,true,1701
matched,Joggle,da476ab0afe8d44c9b294c59b39ba82219f3522c,tinyyolov2-8,867df52f413aae895af9b80a5526d865a8648e90765647a28cda9c6f8d31062f,285,33,operation_metadata,unrelated,early,update,all,2,186084,0,0,5,0,92bbb9aaaaed5912,true,1701
matched,Joggle,da476ab0afe8d44c9b294c59b39ba82219f3522c,tinyyolov2-8,867df52f413aae895af9b80a5526d865a8648e90765647a28cda9c6f8d31062f,285,33,operation_metadata,unrelated,early,update,all,3,187458,0,0,5,0,92bbb9aaaaed5912,true,1701
matched,Joggle,da476ab0afe8d44c9b294c59b39ba82219f3522c,tinyyolov2-8,867df52f413aae895af9b80a5526d865a8648e90765647a28cda9c6f8d31062f,285,33,operation_metadata,unrelated,early,update,all,4,190042,0,0,5,0,92bbb9aaaaed5912,true,1701
matched,Joggle,da476ab0afe8d44c9b294c59b39ba82219f3522c,tinyyolov2-8,867df52f413aae895af9b80a5526d865a8648e90765647a28cda9c6f8d31062f,285,33,operation_metadata,unrelated,early,update,all,5,195250,0,0,5,0,92bbb9aaaaed5912,true,1701
matched,Joggle,da476ab0afe8d44c9b294c59b39ba82219f3522c,tinyyolov2-8,867df52f413aae895af9b80a5526d865a8648e90765647a28cda9c6f8d31062f,285,33,operation_metadata,unrelated,early,update,all,6,184583,0,0,5,0,92bbb9aaaaed5912,true,1701
matched,Joggle,da476ab0afe8d44c9b294c59b39ba82219f3522c,tinyyolov2-8,867df52f413aae895af9b80a5526d865a8648e90765647a28cda9c6f8d31062f,285,33,operation_metadata,unrelated,early,update,all,7,183958,0,0,5,0,92bbb9aaaaed5912,true,1701
matched,Joggle,da476ab0afe8d44c9b294c59b39ba82219f3522c,tinyyolov2-8,867df52f413aae895af9b80a5526d865a8648e90765647a28cda9c6f8d31062f,285,33,operation_metadata,unrelated,early,update,all,8,183875,0,0,5,0,92bbb9aaaaed5912,true,1701
matched,Joggle,da476ab0afe8d44c9b294c59b39ba82219f3522c,tinyyolov2-8,867df52f413aae895af9b80a5526d865a8648e90765647a28cda9c6f8d31062f,285,33,operation_metadata,unrelated,early,update,all,9,184209,0,0,5,0,92bbb9aaaaed5912,true,1701
matched,Joggle,da476ab0afe8d44c9b294c59b39ba82219f3522c,squeezenet1.1-7,098e8952d72d64cae5ede757aa8ade3d40ece99f33daa459a76ef2f138395382,412,66,operation_metadata,affected,early,update,all,0,5198417,330,5,5,0,c5c96db9d360d4e7,true,1701
matched,Joggle,da476ab0afe8d44c9b294c59b39ba82219f3522c,squeezenet1.1-7,098e8952d72d64cae5ede757aa8ade3d40ece99f33daa459a76ef2f138395382,412,66,operation_metadata,affected,early,update,all,1,5153167,330,5,5,0,9824bfb50e0e4f4c,true,1701
matched,Joggle,da476ab0afe8d44c9b294c59b39ba82219f3522c,squeezenet1.1-7,098e8952d72d64cae5ede757aa8ade3d40ece99f33daa459a76ef2f138395382,412,66,operation_metadata,affected,early,update,all,2,5389875,330,5,5,0,0c46d849e390ce15,true,1701
matched,Joggle,da476ab0afe8d44c9b294c59b39ba82219f3522c,squeezenet1.1-7,098e8952d72d64cae5ede757aa8ade3d40ece99f33daa459a76ef2f138395382,412,66,operation_metadata,affected,early,update,all,3,5683375,330,5,5,0,79d65a18773c0c9a,true,1701
matched,Joggle,da476ab0afe8d44c9b294c59b39ba82219f3522c,squeezenet1.1-7,098e8952d72d64cae5ede757aa8ade3d40ece99f33daa459a76ef2f138395382,412,66,operation_metadata,affected,early,update,all,4,5699583,330,5,5,0,b1e2ce0e2429e11b,true,1701
matched,Joggle,da476ab0afe8d44c9b294c59b39ba82219f3522c,squeezenet1.1-7,098e8952d72d64cae5ede757aa8ade3d40ece99f33daa459a76ef2f138395382,412,66,operation_metadata,affected,early,update,all,5,5730500,330,5,5,0,fe8f4430fa275820,true,1701
matched,Joggle,da476ab0afe8d44c9b294c59b39ba82219f3522c,squeezenet1.1-7,098e8952d72d64cae5ede757aa8ade3d40ece99f33daa459a76ef2f138395382,412,66,operation_metadata,affected,early,update,all,6,5628791,330,5,5,0,9f63b9aa7a19f606,true,1701
matched,Joggle,da476ab0afe8d44c9b294c59b39ba82219f3522c,squeezenet1.1-7,098e8952d72d64cae5ede757aa8ade3d40ece99f33daa459a76ef2f138395382,412,66,operation_metadata,affected,early,update,all,7,5711292,330,5,5,0,b99ad5e1910e0781,true,1701
matched,Joggle,da476ab0afe8d44c9b294c59b39ba82219f3522c,squeezenet1.1-7,098e8952d72d64cae5ede757aa8ade3d40ece99f33daa459a76ef2f138395382,412,66,operation_metadata,affected,early,update,all,8,5505666,330,5,5,0,fd0b9c1fb0c4c2c8,true,1701
matched,Joggle,da476ab0afe8d44c9b294c59b39ba82219f3522c,squeezenet1.1-7,098e8952d72d64cae5ede757aa8ade3d40ece99f33daa459a76ef2f138395382,412,66,operation_metadata,affected,early,update,all,9,5698667,330,5,5,0,97e3f7b386a362a3,true,1701
matched,Joggle,da476ab0afe8d44c9b294c59b39ba82219f3522c,squeezenet1.1-7,098e8952d72d64cae5ede757aa8ade3d40ece99f33daa459a76ef2f138395382,412,66,operation_metadata,unrelated,early,update,all,0,348000,0,0,5,0,9e78905df6307d80,true,1701
matched,Joggle,da476ab0afe8d44c9b294c59b39ba82219f3522c,squeezenet1.1-7,098e8952d72d64cae5ede757aa8ade3d40ece99f33daa459a76ef2f138395382,412,66,operation_metadata,unrelated,early,update,all,1,355000,0,0,5,0,9e78905df6307d80,true,1701
matched,Joggle,da476ab0afe8d44c9b294c59b39ba82219f3522c,squeezenet1.1-7,098e8952d72d64cae5ede757aa8ade3d40ece99f33daa459a76ef2f138395382,412,66,operation_metadata,unrelated,early,update,all,2,350666,0,0,5,0,9e78905df6307d80,true,1701
matched,Joggle,da476ab0afe8d44c9b294c59b39ba82219f3522c,squeezenet1.1-7,098e8952d72d64cae5ede757aa8ade3d40ece99f33daa459a76ef2f138395382,412,66,operation_metadata,unrelated,early,update,all,3,354542,0,0,5,0,9e78905df6307d80,true,1701
matched,Joggle,da476ab0afe8d44c9b294c59b39ba82219f3522c,squeezenet1.1-7,098e8952d72d64cae5ede757aa8ade3d40ece99f33daa459a76ef2f138395382,412,66,operation_metadata,unrelated,early,update,all,4,348292,0,0,5,0,9e78905df6307d80,true,1701
matched,Joggle,da476ab0afe8d44c9b294c59b39ba82219f3522c,squeezenet1.1-7,098e8952d72d64cae5ede757aa8ade3d40ece99f33daa459a76ef2f138395382,412,66,operation_metadata,unrelated,early,update,all,5,349750,0,0,5,0,9e78905df6307d80,true,1701
matched,Joggle,da476ab0afe8d44c9b294c59b39ba82219f3522c,squeezenet1.1-7,098e8952d72d64cae5ede757aa8ade3d40ece99f33daa459a76ef2f138395382,412,66,operation_metadata,unrelated,early,update,all,6,343625,0,0,5,0,9e78905df6307d80,true,1701
matched,Joggle,da476ab0afe8d44c9b294c59b39ba82219f3522c,squeezenet1.1-7,098e8952d72d64cae5ede757aa8ade3d40ece99f33daa459a76ef2f138395382,412,66,operation_metadata,unrelated,early,update,all,7,359333,0,0,5,0,9e78905df6307d80,true,1701
matched,Joggle,da476ab0afe8d44c9b294c59b39ba82219f3522c,squeezenet1.1-7,098e8952d72d64cae5ede757aa8ade3d40ece99f33daa459a76ef2f138395382,412,66,operation_metadata,unrelated,early,update,all,8,352500,0,0,5,0,9e78905df6307d80,true,1701
matched,Joggle,da476ab0afe8d44c9b294c59b39ba82219f3522c,squeezenet1.1-7,098e8952d72d64cae5ede757aa8ade3d40ece99f33daa459a76ef2f138395382,412,66,operation_metadata,unrelated,early,update,all,9,351292,0,0,5,0,9e78905df6307d80,true,1701
matched,Joggle,da476ab0afe8d44c9b294c59b39ba82219f3522c,efficientnet-lite4-11-int8,910b599a335fdb006b4687e8fbbc9b898df9dafd51b64675e8627a1c639a47b9,3679,116,operation_metadata,affected,middle,update,all,0,9230458,580,5,5,0,8d65ffcc2a2ae532,true,1701
matched,Joggle,da476ab0afe8d44c9b294c59b39ba82219f3522c,efficientnet-lite4-11-int8,910b599a335fdb006b4687e8fbbc9b898df9dafd51b64675e8627a1c639a47b9,3679,116,operation_metadata,affected,middle,update,all,1,9787417,580,5,5,0,3d4c60a7ab8afc35,true,1701
matched,Joggle,da476ab0afe8d44c9b294c59b39ba82219f3522c,efficientnet-lite4-11-int8,910b599a335fdb006b4687e8fbbc9b898df9dafd51b64675e8627a1c639a47b9,3679,116,operation_metadata,affected,middle,update,all,2,10258625,580,5,5,0,f52060517f01decc,true,1701
matched,Joggle,da476ab0afe8d44c9b294c59b39ba82219f3522c,efficientnet-lite4-11-int8,910b599a335fdb006b4687e8fbbc9b898df9dafd51b64675e8627a1c639a47b9,3679,116,operation_metadata,affected,middle,update,all,3,9674334,580,5,5,0,e75683f56c05f7cf,true,1701
matched,Joggle,da476ab0afe8d44c9b294c59b39ba82219f3522c,efficientnet-lite4-11-int8,910b599a335fdb006b4687e8fbbc9b898df9dafd51b64675e8627a1c639a47b9,3679,116,operation_metadata,affected,middle,update,all,4,10383583,580,5,5,0,fee621faf77f00be,true,1701
matched,Joggle,da476ab0afe8d44c9b294c59b39ba82219f3522c,efficientnet-lite4-11-int8,910b599a335fdb006b4687e8fbbc9b898df9dafd51b64675e8627a1c639a47b9,3679,116,operation_metadata,affected,middle,update,all,5,10074250,580,5,5,0,d459a8e9eb1a2111,true,1701
matched,Joggle,da476ab0afe8d44c9b294c59b39ba82219f3522c,efficientnet-lite4-11-int8,910b599a335fdb006b4687e8fbbc9b898df9dafd51b64675e8627a1c639a47b9,3679,116,operation_metadata,affected,middle,update,all,6,9097208,580,5,5,0,c0be9c3d2f638ba7,true,1701
matched,Joggle,da476ab0afe8d44c9b294c59b39ba82219f3522c,efficientnet-lite4-11-int8,910b599a335fdb006b4687e8fbbc9b898df9dafd51b64675e8627a1c639a47b9,3679,116,operation_metadata,affected,middle,update,all,7,9364375,580,5,5,0,f15753ce7f8e8164,true,1701
matched,Joggle,da476ab0afe8d44c9b294c59b39ba82219f3522c,efficientnet-lite4-11-int8,910b599a335fdb006b4687e8fbbc9b898df9dafd51b64675e8627a1c639a47b9,3679,116,operation_metadata,affected,middle,update,all,8,8390667,580,5,5,0,ffddb85cf16ce8ed,true,1701
matched,Joggle,da476ab0afe8d44c9b294c59b39ba82219f3522c,efficientnet-lite4-11-int8,910b599a335fdb006b4687e8fbbc9b898df9dafd51b64675e8627a1c639a47b9,3679,116,operation_metadata,affected,middle,update,all,9,9299041,580,5,5,0,47c7da6e37a4aaea,true,1701
matched,Joggle,da476ab0afe8d44c9b294c59b39ba82219f3522c,efficientnet-lite4-11-int8,910b599a335fdb006b4687e8fbbc9b898df9dafd51b64675e8627a1c639a47b9,3679,116,operation_metadata,unrelated,middle,update,all,0,654125,0,0,5,0,49a3f315afb977c3,true,1701
matched,Joggle,da476ab0afe8d44c9b294c59b39ba82219f3522c,efficientnet-lite4-11-int8,910b599a335fdb006b4687e8fbbc9b898df9dafd51b64675e8627a1c639a47b9,3679,116,operation_metadata,unrelated,middle,update,all,1,635458,0,0,5,0,49a3f315afb977c3,true,1701
matched,Joggle,da476ab0afe8d44c9b294c59b39ba82219f3522c,efficientnet-lite4-11-int8,910b599a335fdb006b4687e8fbbc9b898df9dafd51b64675e8627a1c639a47b9,3679,116,operation_metadata,unrelated,middle,update,all,2,629500,0,0,5,0,49a3f315afb977c3,true,1701
matched,Joggle,da476ab0afe8d44c9b294c59b39ba82219f3522c,efficientnet-lite4-11-int8,910b599a335fdb006b4687e8fbbc9b898df9dafd51b64675e8627a1c639a47b9,3679,116,operation_metadata,unrelated,middle,update,all,3,727166,0,0,5,0,49a3f315afb977c3,true,1701
matched,Joggle,da476ab0afe8d44c9b294c59b39ba82219f3522c,efficientnet-lite4-11-int8,910b599a335fdb006b4687e8fbbc9b898df9dafd51b64675e8627a1c639a47b9,3679,116,operation_metadata,unrelated,middle,update,all,4,689417,0,0,5,0,49a3f315afb977c3,true,1701
matched,Joggle,da476ab0afe8d44c9b294c59b39ba82219f3522c,efficientnet-lite4-11-int8,910b599a335fdb006b4687e8fbbc9b898df9dafd51b64675e8627a1c639a47b9,3679,116,operation_metadata,unrelated,middle,update,all,5,661916,0,0,5,0,49a3f315afb977c3,true,1701
matched,Joggle,da476ab0afe8d44c9b294c59b39ba82219f3522c,efficientnet-lite4-11-int8,910b599a335fdb006b4687e8fbbc9b898df9dafd51b64675e8627a1c639a47b9,3679,116,operation_metadata,unrelated,middle,update,all,6,691375,0,0,5,0,49a3f315afb977c3,true,1701
matched,Joggle,da476ab0afe8d44c9b294c59b39ba82219f3522c,efficientnet-lite4-11-int8,910b599a335fdb006b4687e8fbbc9b898df9dafd51b64675e8627a1c639a47b9,3679,116,operation_metadata,unrelated,middle,update,all,7,661500,0,0,5,0,49a3f315afb977c3,true,1701
matched,Joggle,da476ab0afe8d44c9b294c59b39ba82219f3522c,efficientnet-lite4-11-int8,910b599a335fdb006b4687e8fbbc9b898df9dafd51b64675e8627a1c639a47b9,3679,116,operation_metadata,unrelated,middle,update,all,8,662167,0,0,5,0,49a3f315afb977c3,true,1701
matched,Joggle,da476ab0afe8d44c9b294c59b39ba82219f3522c,efficientnet-lite4-11-int8,910b599a335fdb006b4687e8fbbc9b898df9dafd51b64675e8627a1c639a47b9,3679,116,operation_metadata,unrelated,middle,update,all,9,667291,0,0,5,0,49a3f315afb977c3,true,1701
matched,Joggle,da476ab0afe8d44c9b294c59b39ba82219f3522c,densenet-12,0294e7e88e5b3360de9b0fdc321baf9e6ef18b7f058c4536caae3b9f18ed9ed5,5516,668,operation_metadata,affected,early,update,all,0,52114625,3340,5,5,0,df288cdd0e2b254c,true,1701
matched,Joggle,da476ab0afe8d44c9b294c59b39ba82219f3522c,densenet-12,0294e7e88e5b3360de9b0fdc321baf9e6ef18b7f058c4536caae3b9f18ed9ed5,5516,668,operation_metadata,affected,early,update,all,1,54428167,3340,5,5,0,f5e1d6ac8c2000f5,true,1701
matched,Joggle,da476ab0afe8d44c9b294c59b39ba82219f3522c,densenet-12,0294e7e88e5b3360de9b0fdc321baf9e6ef18b7f058c4536caae3b9f18ed9ed5,5516,668,operation_metadata,affected,early,update,all,2,50530459,3340,5,5,0,85e3b965bc803352,true,1701
matched,Joggle,da476ab0afe8d44c9b294c59b39ba82219f3522c,densenet-12,0294e7e88e5b3360de9b0fdc321baf9e6ef18b7f058c4536caae3b9f18ed9ed5,5516,668,operation_metadata,affected,early,update,all,3,53376833,3340,5,5,0,bc26416fafc2641b,true,1701
matched,Joggle,da476ab0afe8d44c9b294c59b39ba82219f3522c,densenet-12,0294e7e88e5b3360de9b0fdc321baf9e6ef18b7f058c4536caae3b9f18ed9ed5,5516,668,operation_metadata,affected,early,update,all,4,53700750,3340,5,5,0,9ae1e380757c5c30,true,1701
matched,Joggle,da476ab0afe8d44c9b294c59b39ba82219f3522c,densenet-12,0294e7e88e5b3360de9b0fdc321baf9e6ef18b7f058c4536caae3b9f18ed9ed5,5516,668,operation_metadata,affected,early,update,all,5,49857750,3340,5,5,0,5d578ba6bec8a489,true,1701
matched,Joggle,da476ab0afe8d44c9b294c59b39ba82219f3522c,densenet-12,0294e7e88e5b3360de9b0fdc321baf9e6ef18b7f058c4536caae3b9f18ed9ed5,5516,668,operation_metadata,affected,early,update,all,6,51605791,3340,5,5,0,47f52d7dc8ed66d3,true,1701
matched,Joggle,da476ab0afe8d44c9b294c59b39ba82219f3522c,densenet-12,0294e7e88e5b3360de9b0fdc321baf9e6ef18b7f058c4536caae3b9f18ed9ed5,5516,668,operation_metadata,affected,early,update,all,7,52522000,3340,5,5,0,536deafc461b352a,true,1701
matched,Joggle,da476ab0afe8d44c9b294c59b39ba82219f3522c,densenet-12,0294e7e88e5b3360de9b0fdc321baf9e6ef18b7f058c4536caae3b9f18ed9ed5,5516,668,operation_metadata,affected,early,update,all,8,52694750,3340,5,5,0,8b7540fc72a7648d,true,1701
matched,Joggle,da476ab0afe8d44c9b294c59b39ba82219f3522c,densenet-12,0294e7e88e5b3360de9b0fdc321baf9e6ef18b7f058c4536caae3b9f18ed9ed5,5516,668,operation_metadata,affected,early,update,all,9,52915750,3340,5,5,0,3dd0cbd7d0deade4,true,1701
matched,Joggle,da476ab0afe8d44c9b294c59b39ba82219f3522c,densenet-12,0294e7e88e5b3360de9b0fdc321baf9e6ef18b7f058c4536caae3b9f18ed9ed5,5516,668,operation_metadata,unrelated,early,update,all,0,4197042,0,0,5,0,9336b53a91c68641,true,1701
matched,Joggle,da476ab0afe8d44c9b294c59b39ba82219f3522c,densenet-12,0294e7e88e5b3360de9b0fdc321baf9e6ef18b7f058c4536caae3b9f18ed9ed5,5516,668,operation_metadata,unrelated,early,update,all,1,3830750,0,0,5,0,9336b53a91c68641,true,1701
matched,Joggle,da476ab0afe8d44c9b294c59b39ba82219f3522c,densenet-12,0294e7e88e5b3360de9b0fdc321baf9e6ef18b7f058c4536caae3b9f18ed9ed5,5516,668,operation_metadata,unrelated,early,update,all,2,3909458,0,0,5,0,9336b53a91c68641,true,1701
matched,Joggle,da476ab0afe8d44c9b294c59b39ba82219f3522c,densenet-12,0294e7e88e5b3360de9b0fdc321baf9e6ef18b7f058c4536caae3b9f18ed9ed5,5516,668,operation_metadata,unrelated,early,update,all,3,4559250,0,0,5,0,9336b53a91c68641,true,1701
matched,Joggle,da476ab0afe8d44c9b294c59b39ba82219f3522c,densenet-12,0294e7e88e5b3360de9b0fdc321baf9e6ef18b7f058c4536caae3b9f18ed9ed5,5516,668,operation_metadata,unrelated,early,update,all,4,3930042,0,0,5,0,9336b53a91c68641,true,1701
matched,Joggle,da476ab0afe8d44c9b294c59b39ba82219f3522c,densenet-12,0294e7e88e5b3360de9b0fdc321baf9e6ef18b7f058c4536caae3b9f18ed9ed5,5516,668,operation_metadata,unrelated,early,update,all,5,4199917,0,0,5,0,9336b53a91c68641,true,1701
matched,Joggle,da476ab0afe8d44c9b294c59b39ba82219f3522c,densenet-12,0294e7e88e5b3360de9b0fdc321baf9e6ef18b7f058c4536caae3b9f18ed9ed5,5516,668,operation_metadata,unrelated,early,update,all,6,3831417,0,0,5,0,9336b53a91c68641,true,1701
matched,Joggle,da476ab0afe8d44c9b294c59b39ba82219f3522c,densenet-12,0294e7e88e5b3360de9b0fdc321baf9e6ef18b7f058c4536caae3b9f18ed9ed5,5516,668,operation_metadata,unrelated,early,update,all,7,3856375,0,0,5,0,9336b53a91c68641,true,1701
matched,Joggle,da476ab0afe8d44c9b294c59b39ba82219f3522c,densenet-12,0294e7e88e5b3360de9b0fdc321baf9e6ef18b7f058c4536caae3b9f18ed9ed5,5516,668,operation_metadata,unrelated,early,update,all,8,4149333,0,0,5,0,9336b53a91c68641,true,1701
matched,Joggle,da476ab0afe8d44c9b294c59b39ba82219f3522c,densenet-12,0294e7e88e5b3360de9b0fdc321baf9e6ef18b7f058c4536caae3b9f18ed9ed5,5516,668,operation_metadata,unrelated,early,update,all,9,3815125,0,0,5,0,9336b53a91c68641,true,1701
matched,Joggle,da476ab0afe8d44c9b294c59b39ba82219f3522c,shufflenet-v2-12,2970f92c12a3a9105acd03839fe3abe1db8888e293454f120028345af5457dcb,1843,1,operation_metadata,affected,late,update,all,0,168958,5,5,5,0,de277d00d73e4d13,true,1701
matched,Joggle,da476ab0afe8d44c9b294c59b39ba82219f3522c,shufflenet-v2-12,2970f92c12a3a9105acd03839fe3abe1db8888e293454f120028345af5457dcb,1843,1,operation_metadata,affected,late,update,all,1,170292,5,5,5,0,5385dea131e43e4a,true,1701
matched,Joggle,da476ab0afe8d44c9b294c59b39ba82219f3522c,shufflenet-v2-12,2970f92c12a3a9105acd03839fe3abe1db8888e293454f120028345af5457dcb,1843,1,operation_metadata,affected,late,update,all,2,169709,5,5,5,0,a10090d827f4c059,true,1701
matched,Joggle,da476ab0afe8d44c9b294c59b39ba82219f3522c,shufflenet-v2-12,2970f92c12a3a9105acd03839fe3abe1db8888e293454f120028345af5457dcb,1843,1,operation_metadata,affected,late,update,all,3,177042,5,5,5,0,0581dbfe13baf168,true,1701
matched,Joggle,da476ab0afe8d44c9b294c59b39ba82219f3522c,shufflenet-v2-12,2970f92c12a3a9105acd03839fe3abe1db8888e293454f120028345af5457dcb,1843,1,operation_metadata,affected,late,update,all,4,164708,5,5,5,0,2a5d66d78663d177,true,1701
matched,Joggle,da476ab0afe8d44c9b294c59b39ba82219f3522c,shufflenet-v2-12,2970f92c12a3a9105acd03839fe3abe1db8888e293454f120028345af5457dcb,1843,1,operation_metadata,affected,late,update,all,5,165709,5,5,5,0,dac18372cc4b113e,true,1701
matched,Joggle,da476ab0afe8d44c9b294c59b39ba82219f3522c,shufflenet-v2-12,2970f92c12a3a9105acd03839fe3abe1db8888e293454f120028345af5457dcb,1843,1,operation_metadata,affected,late,update,all,6,166459,5,5,5,0,8660ea43edb6e794,true,1701
matched,Joggle,da476ab0afe8d44c9b294c59b39ba82219f3522c,shufflenet-v2-12,2970f92c12a3a9105acd03839fe3abe1db8888e293454f120028345af5457dcb,1843,1,operation_metadata,affected,late,update,all,7,165292,5,5,5,0,c53935d223007ed5,true,1701
matched,Joggle,da476ab0afe8d44c9b294c59b39ba82219f3522c,shufflenet-v2-12,2970f92c12a3a9105acd03839fe3abe1db8888e293454f120028345af5457dcb,1843,1,operation_metadata,affected,late,update,all,8,166792,5,5,5,0,7dd9f6d7f6861d06,true,1701
matched,Joggle,da476ab0afe8d44c9b294c59b39ba82219f3522c,shufflenet-v2-12,2970f92c12a3a9105acd03839fe3abe1db8888e293454f120028345af5457dcb,1843,1,operation_metadata,affected,late,update,all,9,166375,5,5,5,0,0662fb1f2b6ba4ff,true,1701
matched,Joggle,da476ab0afe8d44c9b294c59b39ba82219f3522c,shufflenet-v2-12,2970f92c12a3a9105acd03839fe3abe1db8888e293454f120028345af5457dcb,1843,1,operation_metadata,unrelated,late,update,all,0,13458,0,0,5,0,69118f7b801fe880,true,1701
matched,Joggle,da476ab0afe8d44c9b294c59b39ba82219f3522c,shufflenet-v2-12,2970f92c12a3a9105acd03839fe3abe1db8888e293454f120028345af5457dcb,1843,1,operation_metadata,unrelated,late,update,all,1,13458,0,0,5,0,69118f7b801fe880,true,1701
matched,Joggle,da476ab0afe8d44c9b294c59b39ba82219f3522c,shufflenet-v2-12,2970f92c12a3a9105acd03839fe3abe1db8888e293454f120028345af5457dcb,1843,1,operation_metadata,unrelated,late,update,all,2,13084,0,0,5,0,69118f7b801fe880,true,1701
matched,Joggle,da476ab0afe8d44c9b294c59b39ba82219f3522c,shufflenet-v2-12,2970f92c12a3a9105acd03839fe3abe1db8888e293454f120028345af5457dcb,1843,1,operation_metadata,unrelated,late,update,all,3,14458,0,0,5,0,69118f7b801fe880,true,1701
matched,Joggle,da476ab0afe8d44c9b294c59b39ba82219f3522c,shufflenet-v2-12,2970f92c12a3a9105acd03839fe3abe1db8888e293454f120028345af5457dcb,1843,1,operation_metadata,unrelated,late,update,all,4,13292,0,0,5,0,69118f7b801fe880,true,1701
matched,Joggle,da476ab0afe8d44c9b294c59b39ba82219f3522c,shufflenet-v2-12,2970f92c12a3a9105acd03839fe3abe1db8888e293454f120028345af5457dcb,1843,1,operation_metadata,unrelated,late,update,all,5,13000,0,0,5,0,69118f7b801fe880,true,1701
matched,Joggle,da476ab0afe8d44c9b294c59b39ba82219f3522c,shufflenet-v2-12,2970f92c12a3a9105acd03839fe3abe1db8888e293454f120028345af5457dcb,1843,1,operation_metadata,unrelated,late,update,all,6,13041,0,0,5,0,69118f7b801fe880,true,1701
matched,Joggle,da476ab0afe8d44c9b294c59b39ba82219f3522c,shufflenet-v2-12,2970f92c12a3a9105acd03839fe3abe1db8888e293454f120028345af5457dcb,1843,1,operation_metadata,unrelated,late,update,all,7,13125,0,0,5,0,69118f7b801fe880,true,1701
matched,Joggle,da476ab0afe8d44c9b294c59b39ba82219f3522c,shufflenet-v2-12,2970f92c12a3a9105acd03839fe3abe1db8888e293454f120028345af5457dcb,1843,1,operation_metadata,unrelated,late,update,all,8,13167,0,0,5,0,69118f7b801fe880,true,1701
matched,Joggle,da476ab0afe8d44c9b294c59b39ba82219f3522c,shufflenet-v2-12,2970f92c12a3a9105acd03839fe3abe1db8888e293454f120028345af5457dcb,1843,1,operation_metadata,unrelated,late,update,all,9,13209,0,0,5,0,69118f7b801fe880,true,1701
matched,Joggle,da476ab0afe8d44c9b294c59b39ba82219f3522c,ssd-mobilenetv1-12,3d69b3dced4b3dc38f4348402bb75df145ab5f8bf11831f1af01b3459b31b017,13863,277,operation_metadata,affected,early,full,all,0,112167167,11095,5,5,0,9ef9b9efef32c9d0,true,1701
matched,Joggle,da476ab0afe8d44c9b294c59b39ba82219f3522c,ssd-mobilenetv1-12,3d69b3dced4b3dc38f4348402bb75df145ab5f8bf11831f1af01b3459b31b017,13863,277,operation_metadata,affected,early,full,all,1,112084666,11095,5,5,0,cb66dc598de4334d,true,1701
matched,Joggle,da476ab0afe8d44c9b294c59b39ba82219f3522c,ssd-mobilenetv1-12,3d69b3dced4b3dc38f4348402bb75df145ab5f8bf11831f1af01b3459b31b017,13863,277,operation_metadata,affected,early,full,all,2,113279750,11095,5,5,0,2c4091fcd3341322,true,1701
matched,Joggle,da476ab0afe8d44c9b294c59b39ba82219f3522c,ssd-mobilenetv1-12,3d69b3dced4b3dc38f4348402bb75df145ab5f8bf11831f1af01b3459b31b017,13863,277,operation_metadata,affected,early,full,all,3,112715959,11095,5,5,0,28beafb81352ecaf,true,1701
matched,Joggle,da476ab0afe8d44c9b294c59b39ba82219f3522c,ssd-mobilenetv1-12,3d69b3dced4b3dc38f4348402bb75df145ab5f8bf11831f1af01b3459b31b017,13863,277,operation_metadata,affected,early,full,all,4,112281000,11095,5,5,0,f50e48015c797ef4,true,1701
matched,Joggle,da476ab0afe8d44c9b294c59b39ba82219f3522c,ssd-mobilenetv1-12,3d69b3dced4b3dc38f4348402bb75df145ab5f8bf11831f1af01b3459b31b017,13863,277,operation_metadata,affected,early,full,all,5,114032875,11095,5,5,0,ddfc9ab410921ae1,true,1701
matched,Joggle,da476ab0afe8d44c9b294c59b39ba82219f3522c,ssd-mobilenetv1-12,3d69b3dced4b3dc38f4348402bb75df145ab5f8bf11831f1af01b3459b31b017,13863,277,operation_metadata,affected,early,full,all,6,114679625,11095,5,5,0,ea00c98cae01671b,true,1701
matched,Joggle,da476ab0afe8d44c9b294c59b39ba82219f3522c,ssd-mobilenetv1-12,3d69b3dced4b3dc38f4348402bb75df145ab5f8bf11831f1af01b3459b31b017,13863,277,operation_metadata,affected,early,full,all,7,115080000,11095,5,5,0,d2e71ef158327cde,true,1701
matched,Joggle,da476ab0afe8d44c9b294c59b39ba82219f3522c,ssd-mobilenetv1-12,3d69b3dced4b3dc38f4348402bb75df145ab5f8bf11831f1af01b3459b31b017,13863,277,operation_metadata,affected,early,full,all,8,113618916,11095,5,5,0,72c2bff2253e3f59,true,1701
matched,Joggle,da476ab0afe8d44c9b294c59b39ba82219f3522c,ssd-mobilenetv1-12,3d69b3dced4b3dc38f4348402bb75df145ab5f8bf11831f1af01b3459b31b017,13863,277,operation_metadata,affected,early,full,all,9,113345792,11095,5,5,0,7278390cc44dbb8c,true,1701
matched,Joggle,da476ab0afe8d44c9b294c59b39ba82219f3522c,ssd-mobilenetv1-12,3d69b3dced4b3dc38f4348402bb75df145ab5f8bf11831f1af01b3459b31b017,13863,277,operation_metadata,unrelated,early,full,all,0,113177208,11095,5,5,0,a47918476dad1901,true,1701
matched,Joggle,da476ab0afe8d44c9b294c59b39ba82219f3522c,ssd-mobilenetv1-12,3d69b3dced4b3dc38f4348402bb75df145ab5f8bf11831f1af01b3459b31b017,13863,277,operation_metadata,unrelated,early,full,all,1,113319958,11095,5,5,0,a47918476dad1901,true,1701
matched,Joggle,da476ab0afe8d44c9b294c59b39ba82219f3522c,ssd-mobilenetv1-12,3d69b3dced4b3dc38f4348402bb75df145ab5f8bf11831f1af01b3459b31b017,13863,277,operation_metadata,unrelated,early,full,all,2,114034833,11095,5,5,0,a47918476dad1901,true,1701
matched,Joggle,da476ab0afe8d44c9b294c59b39ba82219f3522c,ssd-mobilenetv1-12,3d69b3dced4b3dc38f4348402bb75df145ab5f8bf11831f1af01b3459b31b017,13863,277,operation_metadata,unrelated,early,full,all,3,112305959,11095,5,5,0,a47918476dad1901,true,1701
matched,Joggle,da476ab0afe8d44c9b294c59b39ba82219f3522c,ssd-mobilenetv1-12,3d69b3dced4b3dc38f4348402bb75df145ab5f8bf11831f1af01b3459b31b017,13863,277,operation_metadata,unrelated,early,full,all,4,115015042,11095,5,5,0,a47918476dad1901,true,1701
matched,Joggle,da476ab0afe8d44c9b294c59b39ba82219f3522c,ssd-mobilenetv1-12,3d69b3dced4b3dc38f4348402bb75df145ab5f8bf11831f1af01b3459b31b017,13863,277,operation_metadata,unrelated,early,full,all,5,112776625,11095,5,5,0,a47918476dad1901,true,1701
matched,Joggle,da476ab0afe8d44c9b294c59b39ba82219f3522c,ssd-mobilenetv1-12,3d69b3dced4b3dc38f4348402bb75df145ab5f8bf11831f1af01b3459b31b017,13863,277,operation_metadata,unrelated,early,full,all,6,112589625,11095,5,5,0,a47918476dad1901,true,1701
matched,Joggle,da476ab0afe8d44c9b294c59b39ba82219f3522c,ssd-mobilenetv1-12,3d69b3dced4b3dc38f4348402bb75df145ab5f8bf11831f1af01b3459b31b017,13863,277,operation_metadata,unrelated,early,full,all,7,112701625,11095,5,5,0,a47918476dad1901,true,1701
matched,Joggle,da476ab0afe8d44c9b294c59b39ba82219f3522c,ssd-mobilenetv1-12,3d69b3dced4b3dc38f4348402bb75df145ab5f8bf11831f1af01b3459b31b017,13863,277,operation_metadata,unrelated,early,full,all,8,111058417,11095,5,5,0,a47918476dad1901,true,1701
matched,Joggle,da476ab0afe8d44c9b294c59b39ba82219f3522c,ssd-mobilenetv1-12,3d69b3dced4b3dc38f4348402bb75df145ab5f8bf11831f1af01b3459b31b017,13863,277,operation_metadata,unrelated,early,full,all,9,113164250,11095,5,5,0,a47918476dad1901,true,1701
matched,Joggle,da476ab0afe8d44c9b294c59b39ba82219f3522c,densenet-12,0294e7e88e5b3360de9b0fdc321baf9e6ef18b7f058c4536caae3b9f18ed9ed5,5516,335,operation_metadata,affected,middle,full,all,0,166258583,27580,5,5,0,52ad5c9ece63d2bd,true,1701
matched,Joggle,da476ab0afe8d44c9b294c59b39ba82219f3522c,densenet-12,0294e7e88e5b3360de9b0fdc321baf9e6ef18b7f058c4536caae3b9f18ed9ed5,5516,335,operation_metadata,affected,middle,full,all,1,167582000,27580,5,5,0,9d9cd43830dcb450,true,1701
matched,Joggle,da476ab0afe8d44c9b294c59b39ba82219f3522c,densenet-12,0294e7e88e5b3360de9b0fdc321baf9e6ef18b7f058c4536caae3b9f18ed9ed5,5516,335,operation_metadata,affected,middle,full,all,2,166831917,27580,5,5,0,8a86f21a1462e7b3,true,1701
matched,Joggle,da476ab0afe8d44c9b294c59b39ba82219f3522c,densenet-12,0294e7e88e5b3360de9b0fdc321baf9e6ef18b7f058c4536caae3b9f18ed9ed5,5516,335,operation_metadata,affected,middle,full,all,3,167555375,27580,5,5,0,6c0f791c1b3a6466,true,1701
matched,Joggle,da476ab0afe8d44c9b294c59b39ba82219f3522c,densenet-12,0294e7e88e5b3360de9b0fdc321baf9e6ef18b7f058c4536caae3b9f18ed9ed5,5516,335,operation_metadata,affected,middle,full,all,4,169721250,27580,5,5,0,b9d76ca1db43a939,true,1701
matched,Joggle,da476ab0afe8d44c9b294c59b39ba82219f3522c,densenet-12,0294e7e88e5b3360de9b0fdc321baf9e6ef18b7f058c4536caae3b9f18ed9ed5,5516,335,operation_metadata,affected,middle,full,all,5,200705625,27580,5,5,0,48fa5f27e89a789c,true,1701
matched,Joggle,da476ab0afe8d44c9b294c59b39ba82219f3522c,densenet-12,0294e7e88e5b3360de9b0fdc321baf9e6ef18b7f058c4536caae3b9f18ed9ed5,5516,335,operation_metadata,affected,middle,full,all,6,161601416,27580,5,5,0,79cd7a18a5ae0f3e,true,1701
matched,Joggle,da476ab0afe8d44c9b294c59b39ba82219f3522c,densenet-12,0294e7e88e5b3360de9b0fdc321baf9e6ef18b7f058c4536caae3b9f18ed9ed5,5516,335,operation_metadata,affected,middle,full,all,7,162747208,27580,5,5,0,10c198bc051556eb,true,1701
matched,Joggle,da476ab0afe8d44c9b294c59b39ba82219f3522c,densenet-12,0294e7e88e5b3360de9b0fdc321baf9e6ef18b7f058c4536caae3b9f18ed9ed5,5516,335,operation_metadata,affected,middle,full,all,8,163633750,27580,5,5,0,aa79fe277c064ea8,true,1701
matched,Joggle,da476ab0afe8d44c9b294c59b39ba82219f3522c,densenet-12,0294e7e88e5b3360de9b0fdc321baf9e6ef18b7f058c4536caae3b9f18ed9ed5,5516,335,operation_metadata,affected,middle,full,all,9,162873417,27580,5,5,0,d5fb711960a33295,true,1701
matched,Joggle,da476ab0afe8d44c9b294c59b39ba82219f3522c,densenet-12,0294e7e88e5b3360de9b0fdc321baf9e6ef18b7f058c4536caae3b9f18ed9ed5,5516,335,operation_metadata,unrelated,middle,full,all,0,164741291,27580,5,5,0,a2763650d657474a,true,1701
matched,Joggle,da476ab0afe8d44c9b294c59b39ba82219f3522c,densenet-12,0294e7e88e5b3360de9b0fdc321baf9e6ef18b7f058c4536caae3b9f18ed9ed5,5516,335,operation_metadata,unrelated,middle,full,all,1,165134709,27580,5,5,0,a2763650d657474a,true,1701
matched,Joggle,da476ab0afe8d44c9b294c59b39ba82219f3522c,densenet-12,0294e7e88e5b3360de9b0fdc321baf9e6ef18b7f058c4536caae3b9f18ed9ed5,5516,335,operation_metadata,unrelated,middle,full,all,2,165632708,27580,5,5,0,a2763650d657474a,true,1701
matched,Joggle,da476ab0afe8d44c9b294c59b39ba82219f3522c,densenet-12,0294e7e88e5b3360de9b0fdc321baf9e6ef18b7f058c4536caae3b9f18ed9ed5,5516,335,operation_metadata,unrelated,middle,full,all,3,165458458,27580,5,5,0,a2763650d657474a,true,1701
matched,Joggle,da476ab0afe8d44c9b294c59b39ba82219f3522c,densenet-12,0294e7e88e5b3360de9b0fdc321baf9e6ef18b7f058c4536caae3b9f18ed9ed5,5516,335,operation_metadata,unrelated,middle,full,all,4,163633375,27580,5,5,0,a2763650d657474a,true,1701
matched,Joggle,da476ab0afe8d44c9b294c59b39ba82219f3522c,densenet-12,0294e7e88e5b3360de9b0fdc321baf9e6ef18b7f058c4536caae3b9f18ed9ed5,5516,335,operation_metadata,unrelated,middle,full,all,5,162636875,27580,5,5,0,a2763650d657474a,true,1701
matched,Joggle,da476ab0afe8d44c9b294c59b39ba82219f3522c,densenet-12,0294e7e88e5b3360de9b0fdc321baf9e6ef18b7f058c4536caae3b9f18ed9ed5,5516,335,operation_metadata,unrelated,middle,full,all,6,161235125,27580,5,5,0,a2763650d657474a,true,1701
matched,Joggle,da476ab0afe8d44c9b294c59b39ba82219f3522c,densenet-12,0294e7e88e5b3360de9b0fdc321baf9e6ef18b7f058c4536caae3b9f18ed9ed5,5516,335,operation_metadata,unrelated,middle,full,all,7,163276416,27580,5,5,0,a2763650d657474a,true,1701
matched,Joggle,da476ab0afe8d44c9b294c59b39ba82219f3522c,densenet-12,0294e7e88e5b3360de9b0fdc321baf9e6ef18b7f058c4536caae3b9f18ed9ed5,5516,335,operation_metadata,unrelated,middle,full,all,8,162631500,27580,5,5,0,a2763650d657474a,true,1701
matched,Joggle,da476ab0afe8d44c9b294c59b39ba82219f3522c,densenet-12,0294e7e88e5b3360de9b0fdc321baf9e6ef18b7f058c4536caae3b9f18ed9ed5,5516,335,operation_metadata,unrelated,middle,full,all,9,164013500,27580,5,5,0,a2763650d657474a,true,1701
